2025-04-28 14:45:55-320 [main] INFO  c.b.e.a.ExchangeBootcoinApiApplication - Starting ExchangeBootcoinApiApplication using Java 17.0.12 with PID 1472 (C:\Users\mgarcsar\Documents\Bootcamp\etregables\BootCoin\exchange-bootcoin-api\target\classes started by mgarcsar in C:\Users\mgarcsar\Documents\Bootcamp\etregables\BootCoin) 
2025-04-28 14:45:55-327 [main] INFO  c.b.e.a.ExchangeBootcoinApiApplication - The following 1 profile is active: "dev" 
2025-04-28 14:45:55-390 [main] INFO  o.s.c.c.c.ConfigServerConfigDataLoader - Fetching config from server at : http://config-server-bc:8888 
2025-04-28 14:45:55-391 [main] INFO  o.s.c.c.c.ConfigServerConfigDataLoader - Exception on Url - http://config-server-bc:8888:org.springframework.web.client.ResourceAccessException: I/O error on GET request for "http://config-server-bc:8888/exchange-bootcoin-api/default": config-server-bc. Will be trying the next url if available 
2025-04-28 14:45:55-391 [main] WARN  o.s.c.c.c.ConfigServerConfigDataLoader - Could not locate PropertySource ([ConfigServerConfigDataResource@27d57a2c uris = array<String>['http://config-server-bc:8888'], optional = true, profiles = 'default']): I/O error on GET request for "http://config-server-bc:8888/exchange-bootcoin-api/default": config-server-bc 
2025-04-28 14:45:55-391 [main] INFO  o.s.c.c.c.ConfigServerConfigDataLoader - Fetching config from server at : http://config-server-bc:8888 
2025-04-28 14:45:55-391 [main] INFO  o.s.c.c.c.ConfigServerConfigDataLoader - Exception on Url - http://config-server-bc:8888:org.springframework.web.client.ResourceAccessException: I/O error on GET request for "http://config-server-bc:8888/exchange-bootcoin-api/dev": config-server-bc. Will be trying the next url if available 
2025-04-28 14:45:55-391 [main] WARN  o.s.c.c.c.ConfigServerConfigDataLoader - Could not locate PropertySource ([ConfigServerConfigDataResource@1dc2de84 uris = array<String>['http://config-server-bc:8888'], optional = true, profiles = 'dev']): I/O error on GET request for "http://config-server-bc:8888/exchange-bootcoin-api/dev": config-server-bc 
2025-04-28 14:45:55-391 [main] INFO  o.s.c.c.c.ConfigServerConfigDataLoader - Fetching config from server at : http://config-server-bc:8888 
2025-04-28 14:45:55-391 [main] INFO  o.s.c.c.c.ConfigServerConfigDataLoader - Exception on Url - http://config-server-bc:8888:org.springframework.web.client.ResourceAccessException: I/O error on GET request for "http://config-server-bc:8888/exchange-bootcoin-api/default": config-server-bc. Will be trying the next url if available 
2025-04-28 14:45:55-391 [main] WARN  o.s.c.c.c.ConfigServerConfigDataLoader - Could not locate PropertySource ([ConfigServerConfigDataResource@6a0659ac uris = array<String>['http://config-server-bc:8888'], optional = true, profiles = 'default']): I/O error on GET request for "http://config-server-bc:8888/exchange-bootcoin-api/default": config-server-bc 
2025-04-28 14:45:57-575 [main] INFO  o.s.d.r.c.RepositoryConfigurationDelegate - Bootstrapping Spring Data Reactive MongoDB repositories in DEFAULT mode. 
2025-04-28 14:45:58-083 [main] INFO  o.s.d.r.c.RepositoryConfigurationDelegate - Finished Spring Data repository scanning in 495 ms. Found 1 Reactive MongoDB repository interface. 
2025-04-28 14:45:58-396 [main] INFO  o.s.cloud.context.scope.GenericScope - BeanFactory id=570c8828-cbe2-376a-a9d1-6c8f1a6bf6bb 
2025-04-28 14:45:59-316 [main] INFO  org.mongodb.driver.client - MongoClient with metadata {"driver": {"name": "mongo-java-driver|reactive-streams|spring-boot", "version": "5.2.1"}, "os": {"type": "Windows", "name": "Windows 10", "architecture": "amd64", "version": "10.0"}, "platform": "Java/Oracle Corporation/17.0.12+8-LTS-286"} created with settings MongoClientSettings{readPreference=primary, writeConcern=WriteConcern{w=null, wTimeout=null ms, journal=null}, retryWrites=true, retryReads=true, readConcern=ReadConcern{level=null}, credential=null, transportSettings=NettyTransportSettings{eventLoopGroup=io.netty.channel.nio.NioEventLoopGroup@1bcb8599, socketChannelClass=null, allocator=null, sslContext=null}, commandListeners=[io.micrometer.core.instrument.binder.mongodb.MongoMetricsCommandListener@b671dda], codecRegistry=ProvidersCodecRegistry{codecProviders=[ValueCodecProvider{}, BsonValueCodecProvider{}, DBRefCodecProvider{}, DBObjectCodecProvider{}, DocumentCodecProvider{}, CollectionCodecProvider{}, IterableCodecProvider{}, MapCodecProvider{}, GeoJsonCodecProvider{}, GridFSFileCodecProvider{}, Jsr310CodecProvider{}, JsonObjectCodecProvider{}, BsonCodecProvider{}, EnumCodecProvider{}, com.mongodb.client.model.mql.ExpressionCodecProvider@25b20860, com.mongodb.Jep395RecordCodecProvider@5ba63110, com.mongodb.KotlinCodecProvider@1c0680b0]}, loggerSettings=LoggerSettings{maxDocumentLength=1000}, clusterSettings={hosts=[localhost:27017], srvServiceName=mongodb, mode=SINGLE, requiredClusterType=UNKNOWN, requiredReplicaSetName='null', serverSelector='null', clusterListeners='[]', serverSelectionTimeout='30000 ms', localThreshold='15 ms'}, socketSettings=SocketSettings{connectTimeoutMS=10000, readTimeoutMS=0, receiveBufferSize=0, proxySettings=ProxySettings{host=null, port=null, username=null, password=null}}, heartbeatSocketSettings=SocketSettings{connectTimeoutMS=10000, readTimeoutMS=10000, receiveBufferSize=0, proxySettings=ProxySettings{host=null, port=null, username=null, password=null}}, connectionPoolSettings=ConnectionPoolSettings{maxSize=100, minSize=0, maxWaitTimeMS=120000, maxConnectionLifeTimeMS=0, maxConnectionIdleTimeMS=0, maintenanceInitialDelayMS=0, maintenanceFrequencyMS=60000, connectionPoolListeners=[io.micrometer.core.instrument.binder.mongodb.MongoMetricsConnectionPoolListener@2f3cd727], maxConnecting=2}, serverSettings=ServerSettings{heartbeatFrequencyMS=10000, minHeartbeatFrequencyMS=500, serverMonitoringMode=AUTO, serverListeners='[]', serverMonitorListeners='[]'}, sslSettings=SslSettings{enabled=false, invalidHostNameAllowed=false, context=null}, applicationName='null', compressorList=[], uuidRepresentation=JAVA_LEGACY, serverApi=null, autoEncryptionSettings=null, dnsClient=null, inetAddressResolver=null, contextProvider=null, timeoutMS=null} 
2025-04-28 14:45:59-552 [cluster-ClusterId{value='680fdaf7e0ad8e5fb5da46c0', description='null'}-localhost:27017] INFO  org.mongodb.driver.cluster - Monitor thread successfully connected to server with description ServerDescription{address=localhost:27017, type=STANDALONE, cryptd=false, state=CONNECTED, ok=true, minWireVersion=0, maxWireVersion=25, maxDocumentSize=16777216, logicalSessionTimeoutMinutes=30, roundTripTimeNanos=118521300, minRoundTripTimeNanos=0} 
2025-04-28 14:46:03-784 [main] INFO  o.s.v.b.OptionalValidatorFactoryBean - Failed to set up a Bean Validation provider: jakarta.validation.NoProviderFoundException: Unable to create a Configuration, because no Jakarta Bean Validation provider could be found. Add a provider like Hibernate Validator (RI) to your classpath. 
2025-04-28 14:46:11-822 [main] INFO  o.s.b.a.e.web.EndpointLinksResolver - Exposing 2 endpoints beneath base path '/actuator' 
2025-04-28 14:46:13-439 [main] INFO  o.s.c.n.e.c.DiscoveryClientOptionalArgsConfiguration - Eureka HTTP Client uses RestTemplate. 
2025-04-28 14:46:13-543 [main] WARN  o.s.c.l.c.LoadBalancerCacheAutoConfiguration$LoadBalancerCaffeineWarnLogger - Spring Cloud LoadBalancer is currently working with the default cache. While this cache implementation is useful for development and tests, it's recommended to use Caffeine cache in production.You can switch to using Caffeine cache, by adding it and org.springframework.cache.caffeine.CaffeineCacheManager to the classpath. 
2025-04-28 14:46:13-771 [main] INFO  o.a.k.c.consumer.ConsumerConfig - ConsumerConfig values: 
	allow.auto.create.topics = true
	auto.commit.interval.ms = 5000
	auto.include.jmx.reporter = true
	auto.offset.reset = latest
	bootstrap.servers = [localhost:29092]
	check.crcs = true
	client.dns.lookup = use_all_dns_ips
	client.id = consumer-bootcoin-group-1
	client.rack = 
	connections.max.idle.ms = 540000
	default.api.timeout.ms = 60000
	enable.auto.commit = false
	enable.metrics.push = true
	exclude.internal.topics = true
	fetch.max.bytes = 52428800
	fetch.max.wait.ms = 500
	fetch.min.bytes = 1
	group.id = bootcoin-group
	group.instance.id = null
	group.protocol = classic
	group.remote.assignor = null
	heartbeat.interval.ms = 3000
	interceptor.classes = []
	internal.leave.group.on.close = true
	internal.throw.on.fetch.stable.offset.unsupported = false
	isolation.level = read_uncommitted
	key.deserializer = class org.apache.kafka.common.serialization.StringDeserializer
	max.partition.fetch.bytes = 1048576
	max.poll.interval.ms = 300000
	max.poll.records = 500
	metadata.max.age.ms = 300000
	metadata.recovery.strategy = none
	metric.reporters = []
	metrics.num.samples = 2
	metrics.recording.level = INFO
	metrics.sample.window.ms = 30000
	partition.assignment.strategy = [class org.apache.kafka.clients.consumer.RangeAssignor, class org.apache.kafka.clients.consumer.CooperativeStickyAssignor]
	receive.buffer.bytes = 65536
	reconnect.backoff.max.ms = 1000
	reconnect.backoff.ms = 50
	request.timeout.ms = 30000
	retry.backoff.max.ms = 1000
	retry.backoff.ms = 100
	sasl.client.callback.handler.class = null
	sasl.jaas.config = null
	sasl.kerberos.kinit.cmd = /usr/bin/kinit
	sasl.kerberos.min.time.before.relogin = 60000
	sasl.kerberos.service.name = null
	sasl.kerberos.ticket.renew.jitter = 0.05
	sasl.kerberos.ticket.renew.window.factor = 0.8
	sasl.login.callback.handler.class = null
	sasl.login.class = null
	sasl.login.connect.timeout.ms = null
	sasl.login.read.timeout.ms = null
	sasl.login.refresh.buffer.seconds = 300
	sasl.login.refresh.min.period.seconds = 60
	sasl.login.refresh.window.factor = 0.8
	sasl.login.refresh.window.jitter = 0.05
	sasl.login.retry.backoff.max.ms = 10000
	sasl.login.retry.backoff.ms = 100
	sasl.mechanism = GSSAPI
	sasl.oauthbearer.clock.skew.seconds = 30
	sasl.oauthbearer.expected.audience = null
	sasl.oauthbearer.expected.issuer = null
	sasl.oauthbearer.jwks.endpoint.refresh.ms = 3600000
	sasl.oauthbearer.jwks.endpoint.retry.backoff.max.ms = 10000
	sasl.oauthbearer.jwks.endpoint.retry.backoff.ms = 100
	sasl.oauthbearer.jwks.endpoint.url = null
	sasl.oauthbearer.scope.claim.name = scope
	sasl.oauthbearer.sub.claim.name = sub
	sasl.oauthbearer.token.endpoint.url = null
	security.protocol = PLAINTEXT
	security.providers = null
	send.buffer.bytes = 131072
	session.timeout.ms = 45000
	socket.connection.setup.timeout.max.ms = 30000
	socket.connection.setup.timeout.ms = 10000
	ssl.cipher.suites = null
	ssl.enabled.protocols = [TLSv1.2, TLSv1.3]
	ssl.endpoint.identification.algorithm = https
	ssl.engine.factory.class = null
	ssl.key.password = null
	ssl.keymanager.algorithm = SunX509
	ssl.keystore.certificate.chain = null
	ssl.keystore.key = null
	ssl.keystore.location = null
	ssl.keystore.password = null
	ssl.keystore.type = JKS
	ssl.protocol = TLSv1.3
	ssl.provider = null
	ssl.secure.random.implementation = null
	ssl.trustmanager.algorithm = PKIX
	ssl.truststore.certificates = null
	ssl.truststore.location = null
	ssl.truststore.password = null
	ssl.truststore.type = JKS
	value.deserializer = class org.apache.kafka.common.serialization.StringDeserializer
 
2025-04-28 14:46:13-862 [main] INFO  o.a.k.c.t.i.KafkaMetricsCollector - initializing Kafka metrics collector 
2025-04-28 14:46:14-016 [main] INFO  o.a.kafka.common.utils.AppInfoParser - Kafka version: 3.8.1 
2025-04-28 14:46:14-019 [main] INFO  o.a.kafka.common.utils.AppInfoParser - Kafka commitId: 70d6ff42debf7e17 
2025-04-28 14:46:14-019 [main] INFO  o.a.kafka.common.utils.AppInfoParser - Kafka startTimeMs: 1745869574013 
2025-04-28 14:46:14-026 [main] INFO  o.a.k.c.c.i.LegacyKafkaConsumer - [Consumer clientId=consumer-bootcoin-group-1, groupId=bootcoin-group] Subscribed to topic(s): exchange-response 
2025-04-28 14:46:14-084 [main] INFO  o.s.c.n.eureka.InstanceInfoFactory - Setting initial instance status as: STARTING 
2025-04-28 14:46:14-132 [main] INFO  c.netflix.discovery.DiscoveryClient - Initializing Eureka in region us-east-1 
2025-04-28 14:46:14-139 [main] INFO  c.n.d.s.r.aws.ConfigClusterResolver - Resolving eureka endpoints via configuration 
2025-04-28 14:46:14-156 [main] INFO  c.netflix.discovery.DiscoveryClient - Disable delta property : false 
2025-04-28 14:46:14-156 [main] INFO  c.netflix.discovery.DiscoveryClient - Single vip registry refresh property : null 
2025-04-28 14:46:14-157 [main] INFO  c.netflix.discovery.DiscoveryClient - Force full registry fetch : false 
2025-04-28 14:46:14-157 [main] INFO  c.netflix.discovery.DiscoveryClient - Application is null : false 
2025-04-28 14:46:14-157 [main] INFO  c.netflix.discovery.DiscoveryClient - Registered Applications size is zero : true 
2025-04-28 14:46:14-157 [main] INFO  c.netflix.discovery.DiscoveryClient - Application version is -1: true 
2025-04-28 14:46:14-157 [main] INFO  c.netflix.discovery.DiscoveryClient - Getting all instance registry info from the eureka server 
2025-04-28 14:46:14-790 [main] INFO  c.netflix.discovery.DiscoveryClient - The response status is 200 
2025-04-28 14:46:14-795 [main] INFO  c.netflix.discovery.DiscoveryClient - Starting heartbeat executor: renew interval is: 30 
2025-04-28 14:46:14-800 [main] INFO  c.n.discovery.InstanceInfoReplicator - InstanceInfoReplicator onDemand update allowed rate per min is 4 
2025-04-28 14:46:14-803 [main] INFO  c.netflix.discovery.DiscoveryClient - Discovery Client initialized at timestamp 1745869574802 with initial instances count: 3 
2025-04-28 14:46:14-810 [main] INFO  o.s.c.n.e.s.EurekaServiceRegistry - Registering application EXCHANGE-BOOTCOIN-API with eureka with status UP 
2025-04-28 14:46:14-811 [main] INFO  c.netflix.discovery.DiscoveryClient - Saw local status change event StatusChangeEvent [timestamp=1745869574811, current=UP, previous=STARTING] 
2025-04-28 14:46:14-815 [DiscoveryClient-InstanceInfoReplicator-%d] INFO  c.netflix.discovery.DiscoveryClient - DiscoveryClient_EXCHANGE-BOOTCOIN-API/exchange-bootcoin-api:8809: registering service... 
2025-04-28 14:46:14-815 [repliesContainer-0-C-1] WARN  o.apache.kafka.clients.NetworkClient - [Consumer clientId=consumer-bootcoin-group-1, groupId=bootcoin-group] Error while fetching metadata with correlation id 2 : {exchange-response=LEADER_NOT_AVAILABLE} 
2025-04-28 14:46:14-817 [repliesContainer-0-C-1] INFO  org.apache.kafka.clients.Metadata - [Consumer clientId=consumer-bootcoin-group-1, groupId=bootcoin-group] Cluster ID: yc-UztFjR-GeZo8EA-lfWg 
2025-04-28 14:46:14-913 [DiscoveryClient-InstanceInfoReplicator-%d] INFO  c.netflix.discovery.DiscoveryClient - DiscoveryClient_EXCHANGE-BOOTCOIN-API/exchange-bootcoin-api:8809 - registration status: 204 
2025-04-28 14:46:14-936 [repliesContainer-0-C-1] WARN  o.apache.kafka.clients.NetworkClient - [Consumer clientId=consumer-bootcoin-group-1, groupId=bootcoin-group] Error while fetching metadata with correlation id 5 : {exchange-response=LEADER_NOT_AVAILABLE} 
2025-04-28 14:46:15-183 [repliesContainer-0-C-1] INFO  o.a.k.c.c.i.ConsumerCoordinator - [Consumer clientId=consumer-bootcoin-group-1, groupId=bootcoin-group] Resetting generation and member id due to: consumer pro-actively leaving the group 
2025-04-28 14:46:15-184 [repliesContainer-0-C-1] INFO  o.a.k.c.c.i.ConsumerCoordinator - [Consumer clientId=consumer-bootcoin-group-1, groupId=bootcoin-group] Request joining group due to: consumer pro-actively leaving the group 
2025-04-28 14:46:15-184 [repliesContainer-0-C-1] INFO  o.a.k.c.c.i.LegacyKafkaConsumer - [Consumer clientId=consumer-bootcoin-group-1, groupId=bootcoin-group] Unsubscribed all topics or patterns and assigned partitions 
2025-04-28 14:46:15-186 [repliesContainer-0-C-1] INFO  o.a.k.c.c.i.ConsumerCoordinator - [Consumer clientId=consumer-bootcoin-group-1, groupId=bootcoin-group] Resetting generation and member id due to: consumer pro-actively leaving the group 
2025-04-28 14:46:15-186 [repliesContainer-0-C-1] INFO  o.a.k.c.c.i.ConsumerCoordinator - [Consumer clientId=consumer-bootcoin-group-1, groupId=bootcoin-group] Request joining group due to: consumer pro-actively leaving the group 
2025-04-28 14:46:15-192 [repliesContainer-0-C-1] INFO  o.a.kafka.common.metrics.Metrics - Metrics scheduler closed 
2025-04-28 14:46:15-193 [repliesContainer-0-C-1] INFO  o.a.kafka.common.metrics.Metrics - Closing reporter org.apache.kafka.common.metrics.JmxReporter 
2025-04-28 14:46:15-193 [repliesContainer-0-C-1] INFO  o.a.kafka.common.metrics.Metrics - Closing reporter org.apache.kafka.common.telemetry.internals.ClientTelemetryReporter 
2025-04-28 14:46:15-193 [repliesContainer-0-C-1] INFO  o.a.kafka.common.metrics.Metrics - Metrics reporters closed 
2025-04-28 14:46:15-202 [repliesContainer-0-C-1] INFO  o.a.kafka.common.utils.AppInfoParser - App info kafka.consumer for consumer-bootcoin-group-1 unregistered 
2025-04-28 14:46:15-203 [repliesContainer-0-C-1] INFO  o.s.k.l.KafkaMessageListenerContainer - bootcoin-group: Consumer stopped 
2025-04-28 14:46:17-270 [main] INFO  o.s.c.n.e.s.EurekaServiceRegistry - Unregistering application EXCHANGE-BOOTCOIN-API with eureka with status DOWN 
2025-04-28 14:46:17-270 [main] INFO  c.netflix.discovery.DiscoveryClient - Saw local status change event StatusChangeEvent [timestamp=1745869577270, current=DOWN, previous=UP] 
2025-04-28 14:46:17-270 [DiscoveryClient-InstanceInfoReplicator-%d] INFO  c.netflix.discovery.DiscoveryClient - DiscoveryClient_EXCHANGE-BOOTCOIN-API/exchange-bootcoin-api:8809: registering service... 
2025-04-28 14:46:17-271 [main] WARN  o.s.b.w.r.c.AnnotationConfigReactiveWebServerApplicationContext - Exception encountered during context initialization - cancelling refresh attempt: org.springframework.context.ApplicationContextException: Failed to start bean 'webServerStartStop' 
2025-04-28 14:46:17-288 [DiscoveryClient-InstanceInfoReplicator-%d] INFO  c.netflix.discovery.DiscoveryClient - DiscoveryClient_EXCHANGE-BOOTCOIN-API/exchange-bootcoin-api:8809 - registration status: 204 
2025-04-28 14:46:19-351 [main] INFO  c.netflix.discovery.DiscoveryClient - Shutting down DiscoveryClient ... 
2025-04-28 14:46:22-355 [main] INFO  c.netflix.discovery.DiscoveryClient - Unregistering ... 
2025-04-28 14:46:22-374 [main] INFO  c.netflix.discovery.DiscoveryClient - DiscoveryClient_EXCHANGE-BOOTCOIN-API/exchange-bootcoin-api:8809 - deregister  status: 200 
2025-04-28 14:46:22-375 [main] INFO  c.netflix.discovery.DiscoveryClient - Completed shut down of DiscoveryClient 
2025-04-28 14:46:22-393 [main] INFO  o.s.b.a.l.ConditionEvaluationReportLogger - 

Error starting ApplicationContext. To display the condition evaluation report re-run your application with 'debug' enabled. 
2025-04-28 14:46:22-417 [main] ERROR o.s.b.d.LoggingFailureAnalysisReporter - 

***************************
APPLICATION FAILED TO START
***************************

Description:

Web server failed to start. Port 8809 was already in use.

Action:

Identify and stop the process that's listening on port 8809 or configure this application to listen on another port.
 
2025-04-28 14:48:13-458 [main] INFO  c.b.e.a.ExchangeBootcoinApiApplication - Starting ExchangeBootcoinApiApplication using Java 17.0.12 with PID 16252 (C:\Users\mgarcsar\Documents\Bootcamp\etregables\BootCoin\exchange-bootcoin-api\target\classes started by mgarcsar in C:\Users\mgarcsar\Documents\Bootcamp\etregables\BootCoin) 
2025-04-28 14:48:13-460 [main] INFO  c.b.e.a.ExchangeBootcoinApiApplication - The following 1 profile is active: "dev" 
2025-04-28 14:48:13-515 [main] INFO  o.s.c.c.c.ConfigServerConfigDataLoader - Fetching config from server at : http://config-server-bc:8888 
2025-04-28 14:48:13-515 [main] INFO  o.s.c.c.c.ConfigServerConfigDataLoader - Exception on Url - http://config-server-bc:8888:org.springframework.web.client.ResourceAccessException: I/O error on GET request for "http://config-server-bc:8888/exchange-bootcoin-api/default": config-server-bc. Will be trying the next url if available 
2025-04-28 14:48:13-515 [main] WARN  o.s.c.c.c.ConfigServerConfigDataLoader - Could not locate PropertySource ([ConfigServerConfigDataResource@3eee3e2b uris = array<String>['http://config-server-bc:8888'], optional = true, profiles = 'default']): I/O error on GET request for "http://config-server-bc:8888/exchange-bootcoin-api/default": config-server-bc 
2025-04-28 14:48:13-516 [main] INFO  o.s.c.c.c.ConfigServerConfigDataLoader - Fetching config from server at : http://config-server-bc:8888 
2025-04-28 14:48:13-516 [main] INFO  o.s.c.c.c.ConfigServerConfigDataLoader - Exception on Url - http://config-server-bc:8888:org.springframework.web.client.ResourceAccessException: I/O error on GET request for "http://config-server-bc:8888/exchange-bootcoin-api/dev": config-server-bc. Will be trying the next url if available 
2025-04-28 14:48:13-516 [main] WARN  o.s.c.c.c.ConfigServerConfigDataLoader - Could not locate PropertySource ([ConfigServerConfigDataResource@369c9bb uris = array<String>['http://config-server-bc:8888'], optional = true, profiles = 'dev']): I/O error on GET request for "http://config-server-bc:8888/exchange-bootcoin-api/dev": config-server-bc 
2025-04-28 14:48:13-516 [main] INFO  o.s.c.c.c.ConfigServerConfigDataLoader - Fetching config from server at : http://config-server-bc:8888 
2025-04-28 14:48:13-516 [main] INFO  o.s.c.c.c.ConfigServerConfigDataLoader - Exception on Url - http://config-server-bc:8888:org.springframework.web.client.ResourceAccessException: I/O error on GET request for "http://config-server-bc:8888/exchange-bootcoin-api/default": config-server-bc. Will be trying the next url if available 
2025-04-28 14:48:13-516 [main] WARN  o.s.c.c.c.ConfigServerConfigDataLoader - Could not locate PropertySource ([ConfigServerConfigDataResource@76d05cc9 uris = array<String>['http://config-server-bc:8888'], optional = true, profiles = 'default']): I/O error on GET request for "http://config-server-bc:8888/exchange-bootcoin-api/default": config-server-bc 
2025-04-28 14:48:15-704 [main] INFO  o.s.d.r.c.RepositoryConfigurationDelegate - Bootstrapping Spring Data Reactive MongoDB repositories in DEFAULT mode. 
2025-04-28 14:48:16-127 [main] INFO  o.s.d.r.c.RepositoryConfigurationDelegate - Finished Spring Data repository scanning in 411 ms. Found 1 Reactive MongoDB repository interface. 
2025-04-28 14:48:16-413 [main] INFO  o.s.cloud.context.scope.GenericScope - BeanFactory id=570c8828-cbe2-376a-a9d1-6c8f1a6bf6bb 
2025-04-28 14:48:17-179 [main] INFO  org.mongodb.driver.client - MongoClient with metadata {"driver": {"name": "mongo-java-driver|reactive-streams|spring-boot", "version": "5.2.1"}, "os": {"type": "Windows", "name": "Windows 10", "architecture": "amd64", "version": "10.0"}, "platform": "Java/Oracle Corporation/17.0.12+8-LTS-286"} created with settings MongoClientSettings{readPreference=primary, writeConcern=WriteConcern{w=null, wTimeout=null ms, journal=null}, retryWrites=true, retryReads=true, readConcern=ReadConcern{level=null}, credential=null, transportSettings=NettyTransportSettings{eventLoopGroup=io.netty.channel.nio.NioEventLoopGroup@2f262474, socketChannelClass=null, allocator=null, sslContext=null}, commandListeners=[io.micrometer.core.instrument.binder.mongodb.MongoMetricsCommandListener@7c03f9d0], codecRegistry=ProvidersCodecRegistry{codecProviders=[ValueCodecProvider{}, BsonValueCodecProvider{}, DBRefCodecProvider{}, DBObjectCodecProvider{}, DocumentCodecProvider{}, CollectionCodecProvider{}, IterableCodecProvider{}, MapCodecProvider{}, GeoJsonCodecProvider{}, GridFSFileCodecProvider{}, Jsr310CodecProvider{}, JsonObjectCodecProvider{}, BsonCodecProvider{}, EnumCodecProvider{}, com.mongodb.client.model.mql.ExpressionCodecProvider@6ad3fbe4, com.mongodb.Jep395RecordCodecProvider@17189618, com.mongodb.KotlinCodecProvider@983050b]}, loggerSettings=LoggerSettings{maxDocumentLength=1000}, clusterSettings={hosts=[localhost:27017], srvServiceName=mongodb, mode=SINGLE, requiredClusterType=UNKNOWN, requiredReplicaSetName='null', serverSelector='null', clusterListeners='[]', serverSelectionTimeout='30000 ms', localThreshold='15 ms'}, socketSettings=SocketSettings{connectTimeoutMS=10000, readTimeoutMS=0, receiveBufferSize=0, proxySettings=ProxySettings{host=null, port=null, username=null, password=null}}, heartbeatSocketSettings=SocketSettings{connectTimeoutMS=10000, readTimeoutMS=10000, receiveBufferSize=0, proxySettings=ProxySettings{host=null, port=null, username=null, password=null}}, connectionPoolSettings=ConnectionPoolSettings{maxSize=100, minSize=0, maxWaitTimeMS=120000, maxConnectionLifeTimeMS=0, maxConnectionIdleTimeMS=0, maintenanceInitialDelayMS=0, maintenanceFrequencyMS=60000, connectionPoolListeners=[io.micrometer.core.instrument.binder.mongodb.MongoMetricsConnectionPoolListener@6aadb092], maxConnecting=2}, serverSettings=ServerSettings{heartbeatFrequencyMS=10000, minHeartbeatFrequencyMS=500, serverMonitoringMode=AUTO, serverListeners='[]', serverMonitorListeners='[]'}, sslSettings=SslSettings{enabled=false, invalidHostNameAllowed=false, context=null}, applicationName='null', compressorList=[], uuidRepresentation=JAVA_LEGACY, serverApi=null, autoEncryptionSettings=null, dnsClient=null, inetAddressResolver=null, contextProvider=null, timeoutMS=null} 
2025-04-28 14:48:17-311 [cluster-ClusterId{value='680fdb81e393e5056e06e08f', description='null'}-localhost:27017] INFO  org.mongodb.driver.cluster - Monitor thread successfully connected to server with description ServerDescription{address=localhost:27017, type=STANDALONE, cryptd=false, state=CONNECTED, ok=true, minWireVersion=0, maxWireVersion=25, maxDocumentSize=16777216, logicalSessionTimeoutMinutes=30, roundTripTimeNanos=60239500, minRoundTripTimeNanos=0} 
2025-04-28 14:48:18-096 [main] INFO  o.s.v.b.OptionalValidatorFactoryBean - Failed to set up a Bean Validation provider: jakarta.validation.NoProviderFoundException: Unable to create a Configuration, because no Jakarta Bean Validation provider could be found. Add a provider like Hibernate Validator (RI) to your classpath. 
2025-04-28 14:48:20-199 [main] INFO  o.s.b.a.e.web.EndpointLinksResolver - Exposing 2 endpoints beneath base path '/actuator' 
2025-04-28 14:48:20-689 [main] INFO  o.s.c.n.e.c.DiscoveryClientOptionalArgsConfiguration - Eureka HTTP Client uses RestTemplate. 
2025-04-28 14:48:20-732 [main] WARN  o.s.c.l.c.LoadBalancerCacheAutoConfiguration$LoadBalancerCaffeineWarnLogger - Spring Cloud LoadBalancer is currently working with the default cache. While this cache implementation is useful for development and tests, it's recommended to use Caffeine cache in production.You can switch to using Caffeine cache, by adding it and org.springframework.cache.caffeine.CaffeineCacheManager to the classpath. 
2025-04-28 14:48:20-850 [main] INFO  o.a.k.c.consumer.ConsumerConfig - ConsumerConfig values: 
	allow.auto.create.topics = true
	auto.commit.interval.ms = 5000
	auto.include.jmx.reporter = true
	auto.offset.reset = latest
	bootstrap.servers = [localhost:29092]
	check.crcs = true
	client.dns.lookup = use_all_dns_ips
	client.id = consumer-bootcoin-group-1
	client.rack = 
	connections.max.idle.ms = 540000
	default.api.timeout.ms = 60000
	enable.auto.commit = false
	enable.metrics.push = true
	exclude.internal.topics = true
	fetch.max.bytes = 52428800
	fetch.max.wait.ms = 500
	fetch.min.bytes = 1
	group.id = bootcoin-group
	group.instance.id = null
	group.protocol = classic
	group.remote.assignor = null
	heartbeat.interval.ms = 3000
	interceptor.classes = []
	internal.leave.group.on.close = true
	internal.throw.on.fetch.stable.offset.unsupported = false
	isolation.level = read_uncommitted
	key.deserializer = class org.apache.kafka.common.serialization.StringDeserializer
	max.partition.fetch.bytes = 1048576
	max.poll.interval.ms = 300000
	max.poll.records = 500
	metadata.max.age.ms = 300000
	metadata.recovery.strategy = none
	metric.reporters = []
	metrics.num.samples = 2
	metrics.recording.level = INFO
	metrics.sample.window.ms = 30000
	partition.assignment.strategy = [class org.apache.kafka.clients.consumer.RangeAssignor, class org.apache.kafka.clients.consumer.CooperativeStickyAssignor]
	receive.buffer.bytes = 65536
	reconnect.backoff.max.ms = 1000
	reconnect.backoff.ms = 50
	request.timeout.ms = 30000
	retry.backoff.max.ms = 1000
	retry.backoff.ms = 100
	sasl.client.callback.handler.class = null
	sasl.jaas.config = null
	sasl.kerberos.kinit.cmd = /usr/bin/kinit
	sasl.kerberos.min.time.before.relogin = 60000
	sasl.kerberos.service.name = null
	sasl.kerberos.ticket.renew.jitter = 0.05
	sasl.kerberos.ticket.renew.window.factor = 0.8
	sasl.login.callback.handler.class = null
	sasl.login.class = null
	sasl.login.connect.timeout.ms = null
	sasl.login.read.timeout.ms = null
	sasl.login.refresh.buffer.seconds = 300
	sasl.login.refresh.min.period.seconds = 60
	sasl.login.refresh.window.factor = 0.8
	sasl.login.refresh.window.jitter = 0.05
	sasl.login.retry.backoff.max.ms = 10000
	sasl.login.retry.backoff.ms = 100
	sasl.mechanism = GSSAPI
	sasl.oauthbearer.clock.skew.seconds = 30
	sasl.oauthbearer.expected.audience = null
	sasl.oauthbearer.expected.issuer = null
	sasl.oauthbearer.jwks.endpoint.refresh.ms = 3600000
	sasl.oauthbearer.jwks.endpoint.retry.backoff.max.ms = 10000
	sasl.oauthbearer.jwks.endpoint.retry.backoff.ms = 100
	sasl.oauthbearer.jwks.endpoint.url = null
	sasl.oauthbearer.scope.claim.name = scope
	sasl.oauthbearer.sub.claim.name = sub
	sasl.oauthbearer.token.endpoint.url = null
	security.protocol = PLAINTEXT
	security.providers = null
	send.buffer.bytes = 131072
	session.timeout.ms = 45000
	socket.connection.setup.timeout.max.ms = 30000
	socket.connection.setup.timeout.ms = 10000
	ssl.cipher.suites = null
	ssl.enabled.protocols = [TLSv1.2, TLSv1.3]
	ssl.endpoint.identification.algorithm = https
	ssl.engine.factory.class = null
	ssl.key.password = null
	ssl.keymanager.algorithm = SunX509
	ssl.keystore.certificate.chain = null
	ssl.keystore.key = null
	ssl.keystore.location = null
	ssl.keystore.password = null
	ssl.keystore.type = JKS
	ssl.protocol = TLSv1.3
	ssl.provider = null
	ssl.secure.random.implementation = null
	ssl.trustmanager.algorithm = PKIX
	ssl.truststore.certificates = null
	ssl.truststore.location = null
	ssl.truststore.password = null
	ssl.truststore.type = JKS
	value.deserializer = class org.apache.kafka.common.serialization.StringDeserializer
 
2025-04-28 14:48:20-900 [main] INFO  o.a.k.c.t.i.KafkaMetricsCollector - initializing Kafka metrics collector 
2025-04-28 14:48:21-009 [main] INFO  o.a.kafka.common.utils.AppInfoParser - Kafka version: 3.8.1 
2025-04-28 14:48:21-011 [main] INFO  o.a.kafka.common.utils.AppInfoParser - Kafka commitId: 70d6ff42debf7e17 
2025-04-28 14:48:21-011 [main] INFO  o.a.kafka.common.utils.AppInfoParser - Kafka startTimeMs: 1745869701007 
2025-04-28 14:48:21-016 [main] INFO  o.a.k.c.c.i.LegacyKafkaConsumer - [Consumer clientId=consumer-bootcoin-group-1, groupId=bootcoin-group] Subscribed to topic(s): exchange-response 
2025-04-28 14:48:21-053 [main] INFO  o.s.c.n.eureka.InstanceInfoFactory - Setting initial instance status as: STARTING 
2025-04-28 14:48:21-084 [main] INFO  c.netflix.discovery.DiscoveryClient - Initializing Eureka in region us-east-1 
2025-04-28 14:48:21-089 [main] INFO  c.n.d.s.r.aws.ConfigClusterResolver - Resolving eureka endpoints via configuration 
2025-04-28 14:48:21-100 [main] INFO  c.netflix.discovery.DiscoveryClient - Disable delta property : false 
2025-04-28 14:48:21-100 [main] INFO  c.netflix.discovery.DiscoveryClient - Single vip registry refresh property : null 
2025-04-28 14:48:21-100 [main] INFO  c.netflix.discovery.DiscoveryClient - Force full registry fetch : false 
2025-04-28 14:48:21-100 [main] INFO  c.netflix.discovery.DiscoveryClient - Application is null : false 
2025-04-28 14:48:21-100 [main] INFO  c.netflix.discovery.DiscoveryClient - Registered Applications size is zero : true 
2025-04-28 14:48:21-100 [main] INFO  c.netflix.discovery.DiscoveryClient - Application version is -1: true 
2025-04-28 14:48:21-100 [main] INFO  c.netflix.discovery.DiscoveryClient - Getting all instance registry info from the eureka server 
2025-04-28 14:48:21-489 [main] INFO  c.netflix.discovery.DiscoveryClient - The response status is 200 
2025-04-28 14:48:21-493 [main] INFO  c.netflix.discovery.DiscoveryClient - Starting heartbeat executor: renew interval is: 30 
2025-04-28 14:48:21-496 [main] INFO  c.n.discovery.InstanceInfoReplicator - InstanceInfoReplicator onDemand update allowed rate per min is 4 
2025-04-28 14:48:21-498 [main] INFO  c.netflix.discovery.DiscoveryClient - Discovery Client initialized at timestamp 1745869701498 with initial instances count: 3 
2025-04-28 14:48:21-502 [main] INFO  o.s.c.n.e.s.EurekaServiceRegistry - Registering application EXCHANGE-BOOTCOIN-API with eureka with status UP 
2025-04-28 14:48:21-503 [main] INFO  c.netflix.discovery.DiscoveryClient - Saw local status change event StatusChangeEvent [timestamp=1745869701503, current=UP, previous=STARTING] 
2025-04-28 14:48:21-505 [DiscoveryClient-InstanceInfoReplicator-%d] INFO  c.netflix.discovery.DiscoveryClient - DiscoveryClient_EXCHANGE-BOOTCOIN-API/exchange-bootcoin-api:8809: registering service... 
2025-04-28 14:48:21-567 [repliesContainer-0-C-1] WARN  o.apache.kafka.clients.NetworkClient - [Consumer clientId=consumer-bootcoin-group-1, groupId=bootcoin-group] Error while fetching metadata with correlation id 2 : {exchange-response=LEADER_NOT_AVAILABLE} 
2025-04-28 14:48:21-569 [repliesContainer-0-C-1] INFO  org.apache.kafka.clients.Metadata - [Consumer clientId=consumer-bootcoin-group-1, groupId=bootcoin-group] Cluster ID: yc-UztFjR-GeZo8EA-lfWg 
2025-04-28 14:48:21-583 [DiscoveryClient-InstanceInfoReplicator-%d] INFO  c.netflix.discovery.DiscoveryClient - DiscoveryClient_EXCHANGE-BOOTCOIN-API/exchange-bootcoin-api:8809 - registration status: 204 
2025-04-28 14:48:22-472 [repliesContainer-0-C-1] WARN  o.apache.kafka.clients.NetworkClient - [Consumer clientId=consumer-bootcoin-group-1, groupId=bootcoin-group] Error while fetching metadata with correlation id 5 : {exchange-response=LEADER_NOT_AVAILABLE} 
2025-04-28 14:48:22-482 [main] INFO  o.s.b.w.e.netty.NettyWebServer - Netty started on port 8809 (http) 
2025-04-28 14:48:22-485 [main] INFO  o.s.c.n.e.s.EurekaAutoServiceRegistration - Updating port to 8809 
2025-04-28 14:48:22-714 [repliesContainer-0-C-1] WARN  o.apache.kafka.clients.NetworkClient - [Consumer clientId=consumer-bootcoin-group-1, groupId=bootcoin-group] Error while fetching metadata with correlation id 7 : {exchange-response=LEADER_NOT_AVAILABLE} 
2025-04-28 14:48:23-028 [main] INFO  o.a.k.c.consumer.ConsumerConfig - ConsumerConfig values: 
	allow.auto.create.topics = true
	auto.commit.interval.ms = 5000
	auto.include.jmx.reporter = true
	auto.offset.reset = latest
	bootstrap.servers = [localhost:29092]
	check.crcs = true
	client.dns.lookup = use_all_dns_ips
	client.id = consumer-bootcoin-group-2
	client.rack = 
	connections.max.idle.ms = 540000
	default.api.timeout.ms = 60000
	enable.auto.commit = false
	enable.metrics.push = true
	exclude.internal.topics = true
	fetch.max.bytes = 52428800
	fetch.max.wait.ms = 500
	fetch.min.bytes = 1
	group.id = bootcoin-group
	group.instance.id = null
	group.protocol = classic
	group.remote.assignor = null
	heartbeat.interval.ms = 3000
	interceptor.classes = []
	internal.leave.group.on.close = true
	internal.throw.on.fetch.stable.offset.unsupported = false
	isolation.level = read_uncommitted
	key.deserializer = class org.apache.kafka.common.serialization.StringDeserializer
	max.partition.fetch.bytes = 1048576
	max.poll.interval.ms = 300000
	max.poll.records = 500
	metadata.max.age.ms = 300000
	metadata.recovery.strategy = none
	metric.reporters = []
	metrics.num.samples = 2
	metrics.recording.level = INFO
	metrics.sample.window.ms = 30000
	partition.assignment.strategy = [class org.apache.kafka.clients.consumer.RangeAssignor, class org.apache.kafka.clients.consumer.CooperativeStickyAssignor]
	receive.buffer.bytes = 65536
	reconnect.backoff.max.ms = 1000
	reconnect.backoff.ms = 50
	request.timeout.ms = 30000
	retry.backoff.max.ms = 1000
	retry.backoff.ms = 100
	sasl.client.callback.handler.class = null
	sasl.jaas.config = null
	sasl.kerberos.kinit.cmd = /usr/bin/kinit
	sasl.kerberos.min.time.before.relogin = 60000
	sasl.kerberos.service.name = null
	sasl.kerberos.ticket.renew.jitter = 0.05
	sasl.kerberos.ticket.renew.window.factor = 0.8
	sasl.login.callback.handler.class = null
	sasl.login.class = null
	sasl.login.connect.timeout.ms = null
	sasl.login.read.timeout.ms = null
	sasl.login.refresh.buffer.seconds = 300
	sasl.login.refresh.min.period.seconds = 60
	sasl.login.refresh.window.factor = 0.8
	sasl.login.refresh.window.jitter = 0.05
	sasl.login.retry.backoff.max.ms = 10000
	sasl.login.retry.backoff.ms = 100
	sasl.mechanism = GSSAPI
	sasl.oauthbearer.clock.skew.seconds = 30
	sasl.oauthbearer.expected.audience = null
	sasl.oauthbearer.expected.issuer = null
	sasl.oauthbearer.jwks.endpoint.refresh.ms = 3600000
	sasl.oauthbearer.jwks.endpoint.retry.backoff.max.ms = 10000
	sasl.oauthbearer.jwks.endpoint.retry.backoff.ms = 100
	sasl.oauthbearer.jwks.endpoint.url = null
	sasl.oauthbearer.scope.claim.name = scope
	sasl.oauthbearer.sub.claim.name = sub
	sasl.oauthbearer.token.endpoint.url = null
	security.protocol = PLAINTEXT
	security.providers = null
	send.buffer.bytes = 131072
	session.timeout.ms = 45000
	socket.connection.setup.timeout.max.ms = 30000
	socket.connection.setup.timeout.ms = 10000
	ssl.cipher.suites = null
	ssl.enabled.protocols = [TLSv1.2, TLSv1.3]
	ssl.endpoint.identification.algorithm = https
	ssl.engine.factory.class = null
	ssl.key.password = null
	ssl.keymanager.algorithm = SunX509
	ssl.keystore.certificate.chain = null
	ssl.keystore.key = null
	ssl.keystore.location = null
	ssl.keystore.password = null
	ssl.keystore.type = JKS
	ssl.protocol = TLSv1.3
	ssl.provider = null
	ssl.secure.random.implementation = null
	ssl.trustmanager.algorithm = PKIX
	ssl.truststore.certificates = null
	ssl.truststore.location = null
	ssl.truststore.password = null
	ssl.truststore.type = JKS
	value.deserializer = class org.apache.kafka.common.serialization.StringDeserializer
 
2025-04-28 14:48:23-029 [main] INFO  o.a.k.c.t.i.KafkaMetricsCollector - initializing Kafka metrics collector 
2025-04-28 14:48:23-044 [main] INFO  o.a.kafka.common.utils.AppInfoParser - Kafka version: 3.8.1 
2025-04-28 14:48:23-044 [main] INFO  o.a.kafka.common.utils.AppInfoParser - Kafka commitId: 70d6ff42debf7e17 
2025-04-28 14:48:23-045 [main] INFO  o.a.kafka.common.utils.AppInfoParser - Kafka startTimeMs: 1745869703044 
2025-04-28 14:48:23-045 [main] INFO  o.a.k.c.c.i.LegacyKafkaConsumer - [Consumer clientId=consumer-bootcoin-group-2, groupId=bootcoin-group] Subscribed to topic(s): exchange-request 
2025-04-28 14:48:23-051 [main] INFO  o.a.k.c.consumer.ConsumerConfig - ConsumerConfig values: 
	allow.auto.create.topics = true
	auto.commit.interval.ms = 5000
	auto.include.jmx.reporter = true
	auto.offset.reset = latest
	bootstrap.servers = [localhost:29092]
	check.crcs = true
	client.dns.lookup = use_all_dns_ips
	client.id = consumer-bootcoin-group-3
	client.rack = 
	connections.max.idle.ms = 540000
	default.api.timeout.ms = 60000
	enable.auto.commit = false
	enable.metrics.push = true
	exclude.internal.topics = true
	fetch.max.bytes = 52428800
	fetch.max.wait.ms = 500
	fetch.min.bytes = 1
	group.id = bootcoin-group
	group.instance.id = null
	group.protocol = classic
	group.remote.assignor = null
	heartbeat.interval.ms = 3000
	interceptor.classes = []
	internal.leave.group.on.close = true
	internal.throw.on.fetch.stable.offset.unsupported = false
	isolation.level = read_uncommitted
	key.deserializer = class org.apache.kafka.common.serialization.StringDeserializer
	max.partition.fetch.bytes = 1048576
	max.poll.interval.ms = 300000
	max.poll.records = 500
	metadata.max.age.ms = 300000
	metadata.recovery.strategy = none
	metric.reporters = []
	metrics.num.samples = 2
	metrics.recording.level = INFO
	metrics.sample.window.ms = 30000
	partition.assignment.strategy = [class org.apache.kafka.clients.consumer.RangeAssignor, class org.apache.kafka.clients.consumer.CooperativeStickyAssignor]
	receive.buffer.bytes = 65536
	reconnect.backoff.max.ms = 1000
	reconnect.backoff.ms = 50
	request.timeout.ms = 30000
	retry.backoff.max.ms = 1000
	retry.backoff.ms = 100
	sasl.client.callback.handler.class = null
	sasl.jaas.config = null
	sasl.kerberos.kinit.cmd = /usr/bin/kinit
	sasl.kerberos.min.time.before.relogin = 60000
	sasl.kerberos.service.name = null
	sasl.kerberos.ticket.renew.jitter = 0.05
	sasl.kerberos.ticket.renew.window.factor = 0.8
	sasl.login.callback.handler.class = null
	sasl.login.class = null
	sasl.login.connect.timeout.ms = null
	sasl.login.read.timeout.ms = null
	sasl.login.refresh.buffer.seconds = 300
	sasl.login.refresh.min.period.seconds = 60
	sasl.login.refresh.window.factor = 0.8
	sasl.login.refresh.window.jitter = 0.05
	sasl.login.retry.backoff.max.ms = 10000
	sasl.login.retry.backoff.ms = 100
	sasl.mechanism = GSSAPI
	sasl.oauthbearer.clock.skew.seconds = 30
	sasl.oauthbearer.expected.audience = null
	sasl.oauthbearer.expected.issuer = null
	sasl.oauthbearer.jwks.endpoint.refresh.ms = 3600000
	sasl.oauthbearer.jwks.endpoint.retry.backoff.max.ms = 10000
	sasl.oauthbearer.jwks.endpoint.retry.backoff.ms = 100
	sasl.oauthbearer.jwks.endpoint.url = null
	sasl.oauthbearer.scope.claim.name = scope
	sasl.oauthbearer.sub.claim.name = sub
	sasl.oauthbearer.token.endpoint.url = null
	security.protocol = PLAINTEXT
	security.providers = null
	send.buffer.bytes = 131072
	session.timeout.ms = 45000
	socket.connection.setup.timeout.max.ms = 30000
	socket.connection.setup.timeout.ms = 10000
	ssl.cipher.suites = null
	ssl.enabled.protocols = [TLSv1.2, TLSv1.3]
	ssl.endpoint.identification.algorithm = https
	ssl.engine.factory.class = null
	ssl.key.password = null
	ssl.keymanager.algorithm = SunX509
	ssl.keystore.certificate.chain = null
	ssl.keystore.key = null
	ssl.keystore.location = null
	ssl.keystore.password = null
	ssl.keystore.type = JKS
	ssl.protocol = TLSv1.3
	ssl.provider = null
	ssl.secure.random.implementation = null
	ssl.trustmanager.algorithm = PKIX
	ssl.truststore.certificates = null
	ssl.truststore.location = null
	ssl.truststore.password = null
	ssl.truststore.type = JKS
	value.deserializer = class org.apache.kafka.common.serialization.StringDeserializer
 
2025-04-28 14:48:23-052 [main] INFO  o.a.k.c.t.i.KafkaMetricsCollector - initializing Kafka metrics collector 
2025-04-28 14:48:23-067 [org.springframework.kafka.KafkaListenerEndpointContainer#0-0-C-1] WARN  o.apache.kafka.clients.NetworkClient - [Consumer clientId=consumer-bootcoin-group-2, groupId=bootcoin-group] Error while fetching metadata with correlation id 2 : {exchange-request=LEADER_NOT_AVAILABLE} 
2025-04-28 14:48:23-068 [org.springframework.kafka.KafkaListenerEndpointContainer#0-0-C-1] INFO  org.apache.kafka.clients.Metadata - [Consumer clientId=consumer-bootcoin-group-2, groupId=bootcoin-group] Cluster ID: yc-UztFjR-GeZo8EA-lfWg 
2025-04-28 14:48:23-074 [main] INFO  o.a.kafka.common.utils.AppInfoParser - Kafka version: 3.8.1 
2025-04-28 14:48:23-074 [main] INFO  o.a.kafka.common.utils.AppInfoParser - Kafka commitId: 70d6ff42debf7e17 
2025-04-28 14:48:23-074 [main] INFO  o.a.kafka.common.utils.AppInfoParser - Kafka startTimeMs: 1745869703074 
2025-04-28 14:48:23-075 [main] INFO  o.a.k.c.c.i.LegacyKafkaConsumer - [Consumer clientId=consumer-bootcoin-group-3, groupId=bootcoin-group] Subscribed to topic(s): exchange-rate 
2025-04-28 14:48:23-093 [org.springframework.kafka.KafkaListenerEndpointContainer#1-0-C-1] WARN  o.apache.kafka.clients.NetworkClient - [Consumer clientId=consumer-bootcoin-group-3, groupId=bootcoin-group] Error while fetching metadata with correlation id 2 : {exchange-rate=LEADER_NOT_AVAILABLE} 
2025-04-28 14:48:23-094 [org.springframework.kafka.KafkaListenerEndpointContainer#1-0-C-1] INFO  org.apache.kafka.clients.Metadata - [Consumer clientId=consumer-bootcoin-group-3, groupId=bootcoin-group] Cluster ID: yc-UztFjR-GeZo8EA-lfWg 
2025-04-28 14:48:23-110 [main] INFO  c.b.e.a.ExchangeBootcoinApiApplication - Started ExchangeBootcoinApiApplication in 12.817 seconds (process running for 19.846) 
2025-04-28 14:48:23-180 [repliesContainer-0-C-1] WARN  o.apache.kafka.clients.NetworkClient - [Consumer clientId=consumer-bootcoin-group-1, groupId=bootcoin-group] Error while fetching metadata with correlation id 9 : {exchange-response=LEADER_NOT_AVAILABLE} 
2025-04-28 14:48:23-223 [org.springframework.kafka.KafkaListenerEndpointContainer#0-0-C-1] WARN  o.apache.kafka.clients.NetworkClient - [Consumer clientId=consumer-bootcoin-group-2, groupId=bootcoin-group] Error while fetching metadata with correlation id 5 : {exchange-request=LEADER_NOT_AVAILABLE} 
2025-04-28 14:48:23-231 [org.springframework.kafka.KafkaListenerEndpointContainer#1-0-C-1] WARN  o.apache.kafka.clients.NetworkClient - [Consumer clientId=consumer-bootcoin-group-3, groupId=bootcoin-group] Error while fetching metadata with correlation id 5 : {exchange-rate=LEADER_NOT_AVAILABLE} 
2025-04-28 14:48:23-426 [org.springframework.kafka.KafkaListenerEndpointContainer#0-0-C-1] WARN  o.apache.kafka.clients.NetworkClient - [Consumer clientId=consumer-bootcoin-group-2, groupId=bootcoin-group] Error while fetching metadata with correlation id 7 : {exchange-request=LEADER_NOT_AVAILABLE} 
2025-04-28 14:48:23-485 [org.springframework.kafka.KafkaListenerEndpointContainer#1-0-C-1] WARN  o.apache.kafka.clients.NetworkClient - [Consumer clientId=consumer-bootcoin-group-3, groupId=bootcoin-group] Error while fetching metadata with correlation id 7 : {exchange-rate=LEADER_NOT_AVAILABLE} 
2025-04-28 14:48:24-318 [org.springframework.kafka.KafkaListenerEndpointContainer#0-0-C-1] WARN  o.apache.kafka.clients.NetworkClient - [Consumer clientId=consumer-bootcoin-group-2, groupId=bootcoin-group] Error while fetching metadata with correlation id 9 : {exchange-request=LEADER_NOT_AVAILABLE} 
2025-04-28 14:48:24-332 [repliesContainer-0-C-1] WARN  o.apache.kafka.clients.NetworkClient - [Consumer clientId=consumer-bootcoin-group-1, groupId=bootcoin-group] Error while fetching metadata with correlation id 11 : {exchange-response=LEADER_NOT_AVAILABLE} 
2025-04-28 14:48:24-652 [org.springframework.kafka.KafkaListenerEndpointContainer#1-0-C-1] WARN  o.apache.kafka.clients.NetworkClient - [Consumer clientId=consumer-bootcoin-group-3, groupId=bootcoin-group] Error while fetching metadata with correlation id 9 : {exchange-rate=LEADER_NOT_AVAILABLE} 
2025-04-28 14:48:25-526 [repliesContainer-0-C-1] WARN  o.apache.kafka.clients.NetworkClient - [Consumer clientId=consumer-bootcoin-group-1, groupId=bootcoin-group] Error while fetching metadata with correlation id 13 : {exchange-response=LEADER_NOT_AVAILABLE} 
2025-04-28 14:48:25-526 [org.springframework.kafka.KafkaListenerEndpointContainer#0-0-C-1] WARN  o.apache.kafka.clients.NetworkClient - [Consumer clientId=consumer-bootcoin-group-2, groupId=bootcoin-group] Error while fetching metadata with correlation id 11 : {exchange-request=LEADER_NOT_AVAILABLE} 
2025-04-28 14:48:25-605 [org.springframework.kafka.KafkaListenerEndpointContainer#1-0-C-1] WARN  o.apache.kafka.clients.NetworkClient - [Consumer clientId=consumer-bootcoin-group-3, groupId=bootcoin-group] Error while fetching metadata with correlation id 11 : {exchange-rate=LEADER_NOT_AVAILABLE} 
2025-04-28 14:48:26-545 [org.springframework.kafka.KafkaListenerEndpointContainer#0-0-C-1] WARN  o.apache.kafka.clients.NetworkClient - [Consumer clientId=consumer-bootcoin-group-2, groupId=bootcoin-group] Error while fetching metadata with correlation id 13 : {exchange-request=LEADER_NOT_AVAILABLE} 
2025-04-28 14:48:26-555 [repliesContainer-0-C-1] WARN  o.apache.kafka.clients.NetworkClient - [Consumer clientId=consumer-bootcoin-group-1, groupId=bootcoin-group] Error while fetching metadata with correlation id 16 : {exchange-response=LEADER_NOT_AVAILABLE} 
2025-04-28 14:48:26-614 [org.springframework.kafka.KafkaListenerEndpointContainer#1-0-C-1] WARN  o.apache.kafka.clients.NetworkClient - [Consumer clientId=consumer-bootcoin-group-3, groupId=bootcoin-group] Error while fetching metadata with correlation id 13 : {exchange-rate=LEADER_NOT_AVAILABLE} 
2025-04-28 14:48:27-426 [repliesContainer-0-C-1] WARN  o.apache.kafka.clients.NetworkClient - [Consumer clientId=consumer-bootcoin-group-1, groupId=bootcoin-group] Error while fetching metadata with correlation id 18 : {exchange-response=LEADER_NOT_AVAILABLE} 
2025-04-28 14:48:27-459 [org.springframework.kafka.KafkaListenerEndpointContainer#0-0-C-1] WARN  o.apache.kafka.clients.NetworkClient - [Consumer clientId=consumer-bootcoin-group-2, groupId=bootcoin-group] Error while fetching metadata with correlation id 15 : {exchange-request=LEADER_NOT_AVAILABLE} 
2025-04-28 14:48:27-551 [org.springframework.kafka.KafkaListenerEndpointContainer#1-0-C-1] WARN  o.apache.kafka.clients.NetworkClient - [Consumer clientId=consumer-bootcoin-group-3, groupId=bootcoin-group] Error while fetching metadata with correlation id 15 : {exchange-rate=LEADER_NOT_AVAILABLE} 
2025-04-28 14:48:28-364 [repliesContainer-0-C-1] WARN  o.apache.kafka.clients.NetworkClient - [Consumer clientId=consumer-bootcoin-group-1, groupId=bootcoin-group] Error while fetching metadata with correlation id 20 : {exchange-response=LEADER_NOT_AVAILABLE} 
2025-04-28 14:48:28-467 [org.springframework.kafka.KafkaListenerEndpointContainer#0-0-C-1] WARN  o.apache.kafka.clients.NetworkClient - [Consumer clientId=consumer-bootcoin-group-2, groupId=bootcoin-group] Error while fetching metadata with correlation id 18 : {exchange-request=LEADER_NOT_AVAILABLE} 
2025-04-28 14:48:28-557 [org.springframework.kafka.KafkaListenerEndpointContainer#1-0-C-1] WARN  o.apache.kafka.clients.NetworkClient - [Consumer clientId=consumer-bootcoin-group-3, groupId=bootcoin-group] Error while fetching metadata with correlation id 18 : {exchange-rate=LEADER_NOT_AVAILABLE} 
2025-04-28 14:48:29-386 [repliesContainer-0-C-1] WARN  o.apache.kafka.clients.NetworkClient - [Consumer clientId=consumer-bootcoin-group-1, groupId=bootcoin-group] Error while fetching metadata with correlation id 22 : {exchange-response=LEADER_NOT_AVAILABLE} 
2025-04-28 14:48:29-474 [org.springframework.kafka.KafkaListenerEndpointContainer#0-0-C-1] WARN  o.apache.kafka.clients.NetworkClient - [Consumer clientId=consumer-bootcoin-group-2, groupId=bootcoin-group] Error while fetching metadata with correlation id 20 : {exchange-request=LEADER_NOT_AVAILABLE} 
2025-04-28 14:48:30-042 [org.springframework.kafka.KafkaListenerEndpointContainer#1-0-C-1] WARN  o.apache.kafka.clients.NetworkClient - [Consumer clientId=consumer-bootcoin-group-3, groupId=bootcoin-group] Error while fetching metadata with correlation id 20 : {exchange-rate=LEADER_NOT_AVAILABLE} 
2025-04-28 14:48:30-398 [repliesContainer-0-C-1] WARN  o.apache.kafka.clients.NetworkClient - [Consumer clientId=consumer-bootcoin-group-1, groupId=bootcoin-group] Error while fetching metadata with correlation id 24 : {exchange-response=LEADER_NOT_AVAILABLE} 
2025-04-28 14:48:30-480 [org.springframework.kafka.KafkaListenerEndpointContainer#0-0-C-1] WARN  o.apache.kafka.clients.NetworkClient - [Consumer clientId=consumer-bootcoin-group-2, groupId=bootcoin-group] Error while fetching metadata with correlation id 22 : {exchange-request=LEADER_NOT_AVAILABLE} 
2025-04-28 14:48:31-280 [org.springframework.kafka.KafkaListenerEndpointContainer#1-0-C-1] WARN  o.apache.kafka.clients.NetworkClient - [Consumer clientId=consumer-bootcoin-group-3, groupId=bootcoin-group] Error while fetching metadata with correlation id 22 : {exchange-rate=LEADER_NOT_AVAILABLE} 
2025-04-28 14:48:31-370 [repliesContainer-0-C-1] WARN  o.apache.kafka.clients.NetworkClient - [Consumer clientId=consumer-bootcoin-group-1, groupId=bootcoin-group] Error while fetching metadata with correlation id 27 : {exchange-response=LEADER_NOT_AVAILABLE} 
2025-04-28 14:48:31-486 [org.springframework.kafka.KafkaListenerEndpointContainer#0-0-C-1] WARN  o.apache.kafka.clients.NetworkClient - [Consumer clientId=consumer-bootcoin-group-2, groupId=bootcoin-group] Error while fetching metadata with correlation id 24 : {exchange-request=LEADER_NOT_AVAILABLE} 
2025-04-28 14:48:32-320 [org.springframework.kafka.KafkaListenerEndpointContainer#1-0-C-1] WARN  o.apache.kafka.clients.NetworkClient - [Consumer clientId=consumer-bootcoin-group-3, groupId=bootcoin-group] Error while fetching metadata with correlation id 24 : {exchange-rate=LEADER_NOT_AVAILABLE} 
2025-04-28 14:48:32-383 [repliesContainer-0-C-1] WARN  o.apache.kafka.clients.NetworkClient - [Consumer clientId=consumer-bootcoin-group-1, groupId=bootcoin-group] Error while fetching metadata with correlation id 29 : {exchange-response=LEADER_NOT_AVAILABLE} 
2025-04-28 14:48:32-514 [org.springframework.kafka.KafkaListenerEndpointContainer#0-0-C-1] WARN  o.apache.kafka.clients.NetworkClient - [Consumer clientId=consumer-bootcoin-group-2, groupId=bootcoin-group] Error while fetching metadata with correlation id 26 : {exchange-request=LEADER_NOT_AVAILABLE} 
2025-04-28 14:48:33-384 [repliesContainer-0-C-1] WARN  o.apache.kafka.clients.NetworkClient - [Consumer clientId=consumer-bootcoin-group-1, groupId=bootcoin-group] Error while fetching metadata with correlation id 31 : {exchange-response=LEADER_NOT_AVAILABLE} 
2025-04-28 14:48:33-473 [org.springframework.kafka.KafkaListenerEndpointContainer#0-0-C-1] WARN  o.apache.kafka.clients.NetworkClient - [Consumer clientId=consumer-bootcoin-group-2, groupId=bootcoin-group] Error while fetching metadata with correlation id 29 : {exchange-request=LEADER_NOT_AVAILABLE} 
2025-04-28 14:48:33-477 [org.springframework.kafka.KafkaListenerEndpointContainer#1-0-C-1] WARN  o.apache.kafka.clients.NetworkClient - [Consumer clientId=consumer-bootcoin-group-3, groupId=bootcoin-group] Error while fetching metadata with correlation id 27 : {exchange-rate=LEADER_NOT_AVAILABLE} 
2025-04-28 14:48:34-329 [repliesContainer-0-C-1] WARN  o.apache.kafka.clients.NetworkClient - [Consumer clientId=consumer-bootcoin-group-1, groupId=bootcoin-group] Error while fetching metadata with correlation id 33 : {exchange-response=LEADER_NOT_AVAILABLE} 
2025-04-28 14:48:34-587 [org.springframework.kafka.KafkaListenerEndpointContainer#0-0-C-1] WARN  o.apache.kafka.clients.NetworkClient - [Consumer clientId=consumer-bootcoin-group-2, groupId=bootcoin-group] Error while fetching metadata with correlation id 31 : {exchange-request=LEADER_NOT_AVAILABLE} 
2025-04-28 14:48:34-597 [org.springframework.kafka.KafkaListenerEndpointContainer#1-0-C-1] WARN  o.apache.kafka.clients.NetworkClient - [Consumer clientId=consumer-bootcoin-group-3, groupId=bootcoin-group] Error while fetching metadata with correlation id 29 : {exchange-rate=LEADER_NOT_AVAILABLE} 
2025-04-28 14:48:35-374 [repliesContainer-0-C-1] WARN  o.apache.kafka.clients.NetworkClient - [Consumer clientId=consumer-bootcoin-group-1, groupId=bootcoin-group] Error while fetching metadata with correlation id 35 : {exchange-response=LEADER_NOT_AVAILABLE} 
2025-04-28 14:48:36-493 [org.springframework.kafka.KafkaListenerEndpointContainer#0-0-C-1] WARN  o.apache.kafka.clients.NetworkClient - [Consumer clientId=consumer-bootcoin-group-2, groupId=bootcoin-group] Error while fetching metadata with correlation id 33 : {exchange-request=LEADER_NOT_AVAILABLE} 
2025-04-28 14:48:36-493 [org.springframework.kafka.KafkaListenerEndpointContainer#1-0-C-1] WARN  o.apache.kafka.clients.NetworkClient - [Consumer clientId=consumer-bootcoin-group-3, groupId=bootcoin-group] Error while fetching metadata with correlation id 31 : {exchange-rate=LEADER_NOT_AVAILABLE} 
2025-04-28 14:48:36-592 [repliesContainer-0-C-1] WARN  o.apache.kafka.clients.NetworkClient - [Consumer clientId=consumer-bootcoin-group-1, groupId=bootcoin-group] Error while fetching metadata with correlation id 38 : {exchange-response=LEADER_NOT_AVAILABLE} 
2025-04-28 14:48:37-427 [org.springframework.kafka.KafkaListenerEndpointContainer#1-0-C-1] WARN  o.apache.kafka.clients.NetworkClient - [Consumer clientId=consumer-bootcoin-group-3, groupId=bootcoin-group] Error while fetching metadata with correlation id 33 : {exchange-rate=LEADER_NOT_AVAILABLE} 
2025-04-28 14:48:37-454 [org.springframework.kafka.KafkaListenerEndpointContainer#0-0-C-1] WARN  o.apache.kafka.clients.NetworkClient - [Consumer clientId=consumer-bootcoin-group-2, groupId=bootcoin-group] Error while fetching metadata with correlation id 35 : {exchange-request=LEADER_NOT_AVAILABLE} 
2025-04-28 14:48:37-523 [repliesContainer-0-C-1] WARN  o.apache.kafka.clients.NetworkClient - [Consumer clientId=consumer-bootcoin-group-1, groupId=bootcoin-group] Error while fetching metadata with correlation id 40 : {exchange-response=LEADER_NOT_AVAILABLE} 
2025-04-28 14:48:38-437 [org.springframework.kafka.KafkaListenerEndpointContainer#1-0-C-1] WARN  o.apache.kafka.clients.NetworkClient - [Consumer clientId=consumer-bootcoin-group-3, groupId=bootcoin-group] Error while fetching metadata with correlation id 36 : {exchange-rate=LEADER_NOT_AVAILABLE} 
2025-04-28 14:48:38-449 [org.springframework.kafka.KafkaListenerEndpointContainer#0-0-C-1] WARN  o.apache.kafka.clients.NetworkClient - [Consumer clientId=consumer-bootcoin-group-2, groupId=bootcoin-group] Error while fetching metadata with correlation id 38 : {exchange-request=LEADER_NOT_AVAILABLE} 
2025-04-28 14:48:38-541 [repliesContainer-0-C-1] WARN  o.apache.kafka.clients.NetworkClient - [Consumer clientId=consumer-bootcoin-group-1, groupId=bootcoin-group] Error while fetching metadata with correlation id 42 : {exchange-response=LEADER_NOT_AVAILABLE} 
2025-04-28 14:48:39-343 [org.springframework.kafka.KafkaListenerEndpointContainer#1-0-C-1] WARN  o.apache.kafka.clients.NetworkClient - [Consumer clientId=consumer-bootcoin-group-3, groupId=bootcoin-group] Error while fetching metadata with correlation id 38 : {exchange-rate=LEADER_NOT_AVAILABLE} 
2025-04-28 14:48:39-344 [org.springframework.kafka.KafkaListenerEndpointContainer#0-0-C-1] WARN  o.apache.kafka.clients.NetworkClient - [Consumer clientId=consumer-bootcoin-group-2, groupId=bootcoin-group] Error while fetching metadata with correlation id 40 : {exchange-request=LEADER_NOT_AVAILABLE} 
2025-04-28 14:48:39-388 [repliesContainer-0-C-1] WARN  o.apache.kafka.clients.NetworkClient - [Consumer clientId=consumer-bootcoin-group-1, groupId=bootcoin-group] Error while fetching metadata with correlation id 44 : {exchange-response=LEADER_NOT_AVAILABLE} 
2025-04-28 14:48:40-284 [org.springframework.kafka.KafkaListenerEndpointContainer#1-0-C-1] WARN  o.apache.kafka.clients.NetworkClient - [Consumer clientId=consumer-bootcoin-group-3, groupId=bootcoin-group] Error while fetching metadata with correlation id 40 : {exchange-rate=LEADER_NOT_AVAILABLE} 
2025-04-28 14:48:40-310 [repliesContainer-0-C-1] WARN  o.apache.kafka.clients.NetworkClient - [Consumer clientId=consumer-bootcoin-group-1, groupId=bootcoin-group] Error while fetching metadata with correlation id 46 : {exchange-response=LEADER_NOT_AVAILABLE} 
2025-04-28 14:48:40-349 [org.springframework.kafka.KafkaListenerEndpointContainer#0-0-C-1] WARN  o.apache.kafka.clients.NetworkClient - [Consumer clientId=consumer-bootcoin-group-2, groupId=bootcoin-group] Error while fetching metadata with correlation id 42 : {exchange-request=LEADER_NOT_AVAILABLE} 
2025-04-28 14:48:41-308 [org.springframework.kafka.KafkaListenerEndpointContainer#1-0-C-1] WARN  o.apache.kafka.clients.NetworkClient - [Consumer clientId=consumer-bootcoin-group-3, groupId=bootcoin-group] Error while fetching metadata with correlation id 42 : {exchange-rate=LEADER_NOT_AVAILABLE} 
2025-04-28 14:48:41-308 [repliesContainer-0-C-1] WARN  o.apache.kafka.clients.NetworkClient - [Consumer clientId=consumer-bootcoin-group-1, groupId=bootcoin-group] Error while fetching metadata with correlation id 48 : {exchange-response=LEADER_NOT_AVAILABLE} 
2025-04-28 14:48:41-356 [org.springframework.kafka.KafkaListenerEndpointContainer#0-0-C-1] WARN  o.apache.kafka.clients.NetworkClient - [Consumer clientId=consumer-bootcoin-group-2, groupId=bootcoin-group] Error while fetching metadata with correlation id 44 : {exchange-request=LEADER_NOT_AVAILABLE} 
2025-04-28 14:48:42-218 [repliesContainer-0-C-1] WARN  o.apache.kafka.clients.NetworkClient - [Consumer clientId=consumer-bootcoin-group-1, groupId=bootcoin-group] Error while fetching metadata with correlation id 51 : {exchange-response=LEADER_NOT_AVAILABLE} 
2025-04-28 14:48:42-327 [org.springframework.kafka.KafkaListenerEndpointContainer#1-0-C-1] WARN  o.apache.kafka.clients.NetworkClient - [Consumer clientId=consumer-bootcoin-group-3, groupId=bootcoin-group] Error while fetching metadata with correlation id 44 : {exchange-rate=LEADER_NOT_AVAILABLE} 
2025-04-28 14:48:42-366 [org.springframework.kafka.KafkaListenerEndpointContainer#0-0-C-1] WARN  o.apache.kafka.clients.NetworkClient - [Consumer clientId=consumer-bootcoin-group-2, groupId=bootcoin-group] Error while fetching metadata with correlation id 46 : {exchange-request=LEADER_NOT_AVAILABLE} 
2025-04-28 14:48:43-234 [repliesContainer-0-C-1] WARN  o.apache.kafka.clients.NetworkClient - [Consumer clientId=consumer-bootcoin-group-1, groupId=bootcoin-group] Error while fetching metadata with correlation id 53 : {exchange-response=LEADER_NOT_AVAILABLE} 
2025-04-28 14:48:43-338 [org.springframework.kafka.KafkaListenerEndpointContainer#1-0-C-1] WARN  o.apache.kafka.clients.NetworkClient - [Consumer clientId=consumer-bootcoin-group-3, groupId=bootcoin-group] Error while fetching metadata with correlation id 47 : {exchange-rate=LEADER_NOT_AVAILABLE} 
2025-04-28 14:48:43-375 [org.springframework.kafka.KafkaListenerEndpointContainer#0-0-C-1] WARN  o.apache.kafka.clients.NetworkClient - [Consumer clientId=consumer-bootcoin-group-2, groupId=bootcoin-group] Error while fetching metadata with correlation id 49 : {exchange-request=LEADER_NOT_AVAILABLE} 
2025-04-28 14:48:44-104 [repliesContainer-0-C-1] WARN  o.apache.kafka.clients.NetworkClient - [Consumer clientId=consumer-bootcoin-group-1, groupId=bootcoin-group] Error while fetching metadata with correlation id 55 : {exchange-response=LEADER_NOT_AVAILABLE} 
2025-04-28 14:48:44-345 [org.springframework.kafka.KafkaListenerEndpointContainer#1-0-C-1] WARN  o.apache.kafka.clients.NetworkClient - [Consumer clientId=consumer-bootcoin-group-3, groupId=bootcoin-group] Error while fetching metadata with correlation id 49 : {exchange-rate=LEADER_NOT_AVAILABLE} 
2025-04-28 14:48:44-807 [org.springframework.kafka.KafkaListenerEndpointContainer#0-0-C-1] WARN  o.apache.kafka.clients.NetworkClient - [Consumer clientId=consumer-bootcoin-group-2, groupId=bootcoin-group] Error while fetching metadata with correlation id 51 : {exchange-request=LEADER_NOT_AVAILABLE} 
2025-04-28 14:48:45-120 [repliesContainer-0-C-1] WARN  o.apache.kafka.clients.NetworkClient - [Consumer clientId=consumer-bootcoin-group-1, groupId=bootcoin-group] Error while fetching metadata with correlation id 57 : {exchange-response=LEADER_NOT_AVAILABLE} 
2025-04-28 14:48:45-704 [org.springframework.kafka.KafkaListenerEndpointContainer#1-0-C-1] WARN  o.apache.kafka.clients.NetworkClient - [Consumer clientId=consumer-bootcoin-group-3, groupId=bootcoin-group] Error while fetching metadata with correlation id 51 : {exchange-rate=LEADER_NOT_AVAILABLE} 
2025-04-28 14:48:46-009 [org.springframework.kafka.KafkaListenerEndpointContainer#0-0-C-1] WARN  o.apache.kafka.clients.NetworkClient - [Consumer clientId=consumer-bootcoin-group-2, groupId=bootcoin-group] Error while fetching metadata with correlation id 53 : {exchange-request=LEADER_NOT_AVAILABLE} 
2025-04-28 14:48:46-020 [repliesContainer-0-C-1] WARN  o.apache.kafka.clients.NetworkClient - [Consumer clientId=consumer-bootcoin-group-1, groupId=bootcoin-group] Error while fetching metadata with correlation id 59 : {exchange-response=LEADER_NOT_AVAILABLE} 
2025-04-28 14:48:46-929 [org.springframework.kafka.KafkaListenerEndpointContainer#1-0-C-1] WARN  o.apache.kafka.clients.NetworkClient - [Consumer clientId=consumer-bootcoin-group-3, groupId=bootcoin-group] Error while fetching metadata with correlation id 53 : {exchange-rate=LEADER_NOT_AVAILABLE} 
2025-04-28 14:48:47-012 [org.springframework.kafka.KafkaListenerEndpointContainer#0-0-C-1] WARN  o.apache.kafka.clients.NetworkClient - [Consumer clientId=consumer-bootcoin-group-2, groupId=bootcoin-group] Error while fetching metadata with correlation id 55 : {exchange-request=LEADER_NOT_AVAILABLE} 
2025-04-28 14:48:47-028 [repliesContainer-0-C-1] WARN  o.apache.kafka.clients.NetworkClient - [Consumer clientId=consumer-bootcoin-group-1, groupId=bootcoin-group] Error while fetching metadata with correlation id 62 : {exchange-response=LEADER_NOT_AVAILABLE} 
2025-04-28 14:48:47-921 [org.springframework.kafka.KafkaListenerEndpointContainer#0-0-C-1] WARN  o.apache.kafka.clients.NetworkClient - [Consumer clientId=consumer-bootcoin-group-2, groupId=bootcoin-group] Error while fetching metadata with correlation id 57 : {exchange-request=LEADER_NOT_AVAILABLE} 
2025-04-28 14:48:47-949 [org.springframework.kafka.KafkaListenerEndpointContainer#1-0-C-1] WARN  o.apache.kafka.clients.NetworkClient - [Consumer clientId=consumer-bootcoin-group-3, groupId=bootcoin-group] Error while fetching metadata with correlation id 55 : {exchange-rate=LEADER_NOT_AVAILABLE} 
2025-04-28 14:48:48-032 [repliesContainer-0-C-1] WARN  o.apache.kafka.clients.NetworkClient - [Consumer clientId=consumer-bootcoin-group-1, groupId=bootcoin-group] Error while fetching metadata with correlation id 64 : {exchange-response=LEADER_NOT_AVAILABLE} 
2025-04-28 14:48:49-028 [org.springframework.kafka.KafkaListenerEndpointContainer#0-0-C-1] WARN  o.apache.kafka.clients.NetworkClient - [Consumer clientId=consumer-bootcoin-group-2, groupId=bootcoin-group] Error while fetching metadata with correlation id 60 : {exchange-request=LEADER_NOT_AVAILABLE} 
2025-04-28 14:48:49-030 [org.springframework.kafka.KafkaListenerEndpointContainer#1-0-C-1] WARN  o.apache.kafka.clients.NetworkClient - [Consumer clientId=consumer-bootcoin-group-3, groupId=bootcoin-group] Error while fetching metadata with correlation id 58 : {exchange-rate=LEADER_NOT_AVAILABLE} 
2025-04-28 14:48:49-051 [repliesContainer-0-C-1] WARN  o.apache.kafka.clients.NetworkClient - [Consumer clientId=consumer-bootcoin-group-1, groupId=bootcoin-group] Error while fetching metadata with correlation id 66 : {exchange-response=LEADER_NOT_AVAILABLE} 
2025-04-28 14:48:50-037 [org.springframework.kafka.KafkaListenerEndpointContainer#0-0-C-1] WARN  o.apache.kafka.clients.NetworkClient - [Consumer clientId=consumer-bootcoin-group-2, groupId=bootcoin-group] Error while fetching metadata with correlation id 62 : {exchange-request=LEADER_NOT_AVAILABLE} 
2025-04-28 14:48:50-037 [org.springframework.kafka.KafkaListenerEndpointContainer#1-0-C-1] WARN  o.apache.kafka.clients.NetworkClient - [Consumer clientId=consumer-bootcoin-group-3, groupId=bootcoin-group] Error while fetching metadata with correlation id 60 : {exchange-rate=LEADER_NOT_AVAILABLE} 
2025-04-28 14:48:50-068 [repliesContainer-0-C-1] WARN  o.apache.kafka.clients.NetworkClient - [Consumer clientId=consumer-bootcoin-group-1, groupId=bootcoin-group] Error while fetching metadata with correlation id 68 : {exchange-response=LEADER_NOT_AVAILABLE} 
2025-04-28 14:48:50-993 [org.springframework.kafka.KafkaListenerEndpointContainer#1-0-C-1] WARN  o.apache.kafka.clients.NetworkClient - [Consumer clientId=consumer-bootcoin-group-3, groupId=bootcoin-group] Error while fetching metadata with correlation id 62 : {exchange-rate=LEADER_NOT_AVAILABLE} 
2025-04-28 14:48:51-043 [org.springframework.kafka.KafkaListenerEndpointContainer#0-0-C-1] WARN  o.apache.kafka.clients.NetworkClient - [Consumer clientId=consumer-bootcoin-group-2, groupId=bootcoin-group] Error while fetching metadata with correlation id 64 : {exchange-request=LEADER_NOT_AVAILABLE} 
2025-04-28 14:48:51-077 [repliesContainer-0-C-1] WARN  o.apache.kafka.clients.NetworkClient - [Consumer clientId=consumer-bootcoin-group-1, groupId=bootcoin-group] Error while fetching metadata with correlation id 70 : {exchange-response=LEADER_NOT_AVAILABLE} 
2025-04-28 14:48:51-993 [org.springframework.kafka.KafkaListenerEndpointContainer#1-0-C-1] WARN  o.apache.kafka.clients.NetworkClient - [Consumer clientId=consumer-bootcoin-group-3, groupId=bootcoin-group] Error while fetching metadata with correlation id 64 : {exchange-rate=LEADER_NOT_AVAILABLE} 
2025-04-28 14:48:52-061 [org.springframework.kafka.KafkaListenerEndpointContainer#0-0-C-1] WARN  o.apache.kafka.clients.NetworkClient - [Consumer clientId=consumer-bootcoin-group-2, groupId=bootcoin-group] Error while fetching metadata with correlation id 66 : {exchange-request=LEADER_NOT_AVAILABLE} 
2025-04-28 14:48:52-074 [repliesContainer-0-C-1] WARN  o.apache.kafka.clients.NetworkClient - [Consumer clientId=consumer-bootcoin-group-1, groupId=bootcoin-group] Error while fetching metadata with correlation id 73 : {exchange-response=LEADER_NOT_AVAILABLE} 
2025-04-28 14:48:52-955 [org.springframework.kafka.KafkaListenerEndpointContainer#0-0-C-1] WARN  o.apache.kafka.clients.NetworkClient - [Consumer clientId=consumer-bootcoin-group-2, groupId=bootcoin-group] Error while fetching metadata with correlation id 68 : {exchange-request=LEADER_NOT_AVAILABLE} 
2025-04-28 14:48:53-012 [org.springframework.kafka.KafkaListenerEndpointContainer#1-0-C-1] WARN  o.apache.kafka.clients.NetworkClient - [Consumer clientId=consumer-bootcoin-group-3, groupId=bootcoin-group] Error while fetching metadata with correlation id 66 : {exchange-rate=LEADER_NOT_AVAILABLE} 
2025-04-28 14:48:53-061 [repliesContainer-0-C-1] WARN  o.apache.kafka.clients.NetworkClient - [Consumer clientId=consumer-bootcoin-group-1, groupId=bootcoin-group] Error while fetching metadata with correlation id 75 : {exchange-response=LEADER_NOT_AVAILABLE} 
2025-04-28 14:48:54-013 [org.springframework.kafka.KafkaListenerEndpointContainer#1-0-C-1] WARN  o.apache.kafka.clients.NetworkClient - [Consumer clientId=consumer-bootcoin-group-3, groupId=bootcoin-group] Error while fetching metadata with correlation id 69 : {exchange-rate=LEADER_NOT_AVAILABLE} 
2025-04-28 14:48:54-030 [org.springframework.kafka.KafkaListenerEndpointContainer#0-0-C-1] WARN  o.apache.kafka.clients.NetworkClient - [Consumer clientId=consumer-bootcoin-group-2, groupId=bootcoin-group] Error while fetching metadata with correlation id 71 : {exchange-request=LEADER_NOT_AVAILABLE} 
2025-04-28 14:48:54-056 [repliesContainer-0-C-1] WARN  o.apache.kafka.clients.NetworkClient - [Consumer clientId=consumer-bootcoin-group-1, groupId=bootcoin-group] Error while fetching metadata with correlation id 77 : {exchange-response=LEADER_NOT_AVAILABLE} 
2025-04-28 14:50:54-071 [main] INFO  c.b.e.a.ExchangeBootcoinApiApplication - Starting ExchangeBootcoinApiApplication using Java 17.0.12 with PID 22120 (C:\Users\mgarcsar\Documents\Bootcamp\etregables\BootCoin\exchange-bootcoin-api\target\classes started by mgarcsar in C:\Users\mgarcsar\Documents\Bootcamp\etregables\BootCoin) 
2025-04-28 14:50:54-077 [main] INFO  c.b.e.a.ExchangeBootcoinApiApplication - The following 1 profile is active: "dev" 
2025-04-28 14:50:54-219 [main] INFO  o.s.c.c.c.ConfigServerConfigDataLoader - Fetching config from server at : http://config-server-bc:8888 
2025-04-28 14:50:54-220 [main] INFO  o.s.c.c.c.ConfigServerConfigDataLoader - Exception on Url - http://config-server-bc:8888:org.springframework.web.client.ResourceAccessException: I/O error on GET request for "http://config-server-bc:8888/exchange-bootcoin-api/default": config-server-bc. Will be trying the next url if available 
2025-04-28 14:50:54-221 [main] WARN  o.s.c.c.c.ConfigServerConfigDataLoader - Could not locate PropertySource ([ConfigServerConfigDataResource@3eee3e2b uris = array<String>['http://config-server-bc:8888'], optional = true, profiles = 'default']): I/O error on GET request for "http://config-server-bc:8888/exchange-bootcoin-api/default": config-server-bc 
2025-04-28 14:50:54-221 [main] INFO  o.s.c.c.c.ConfigServerConfigDataLoader - Fetching config from server at : http://config-server-bc:8888 
2025-04-28 14:50:54-221 [main] INFO  o.s.c.c.c.ConfigServerConfigDataLoader - Exception on Url - http://config-server-bc:8888:org.springframework.web.client.ResourceAccessException: I/O error on GET request for "http://config-server-bc:8888/exchange-bootcoin-api/dev": config-server-bc. Will be trying the next url if available 
2025-04-28 14:50:54-221 [main] WARN  o.s.c.c.c.ConfigServerConfigDataLoader - Could not locate PropertySource ([ConfigServerConfigDataResource@369c9bb uris = array<String>['http://config-server-bc:8888'], optional = true, profiles = 'dev']): I/O error on GET request for "http://config-server-bc:8888/exchange-bootcoin-api/dev": config-server-bc 
2025-04-28 14:50:54-221 [main] INFO  o.s.c.c.c.ConfigServerConfigDataLoader - Fetching config from server at : http://config-server-bc:8888 
2025-04-28 14:50:54-221 [main] INFO  o.s.c.c.c.ConfigServerConfigDataLoader - Exception on Url - http://config-server-bc:8888:org.springframework.web.client.ResourceAccessException: I/O error on GET request for "http://config-server-bc:8888/exchange-bootcoin-api/default": config-server-bc. Will be trying the next url if available 
2025-04-28 14:50:54-222 [main] WARN  o.s.c.c.c.ConfigServerConfigDataLoader - Could not locate PropertySource ([ConfigServerConfigDataResource@76d05cc9 uris = array<String>['http://config-server-bc:8888'], optional = true, profiles = 'default']): I/O error on GET request for "http://config-server-bc:8888/exchange-bootcoin-api/default": config-server-bc 
2025-04-28 14:51:01-022 [main] INFO  o.s.d.r.c.RepositoryConfigurationDelegate - Bootstrapping Spring Data Reactive MongoDB repositories in DEFAULT mode. 
2025-04-28 14:51:02-650 [main] INFO  o.s.d.r.c.RepositoryConfigurationDelegate - Finished Spring Data repository scanning in 1595 ms. Found 1 Reactive MongoDB repository interface. 
2025-04-28 14:51:04-472 [main] INFO  o.s.cloud.context.scope.GenericScope - BeanFactory id=570c8828-cbe2-376a-a9d1-6c8f1a6bf6bb 
2025-04-28 14:51:11-877 [main] INFO  org.mongodb.driver.client - MongoClient with metadata {"driver": {"name": "mongo-java-driver|reactive-streams|spring-boot", "version": "5.2.1"}, "os": {"type": "Windows", "name": "Windows 10", "architecture": "amd64", "version": "10.0"}, "platform": "Java/Oracle Corporation/17.0.12+8-LTS-286"} created with settings MongoClientSettings{readPreference=primary, writeConcern=WriteConcern{w=null, wTimeout=null ms, journal=null}, retryWrites=true, retryReads=true, readConcern=ReadConcern{level=null}, credential=null, transportSettings=NettyTransportSettings{eventLoopGroup=io.netty.channel.nio.NioEventLoopGroup@7c840fe3, socketChannelClass=null, allocator=null, sslContext=null}, commandListeners=[io.micrometer.core.instrument.binder.mongodb.MongoMetricsCommandListener@59014efe], codecRegistry=ProvidersCodecRegistry{codecProviders=[ValueCodecProvider{}, BsonValueCodecProvider{}, DBRefCodecProvider{}, DBObjectCodecProvider{}, DocumentCodecProvider{}, CollectionCodecProvider{}, IterableCodecProvider{}, MapCodecProvider{}, GeoJsonCodecProvider{}, GridFSFileCodecProvider{}, Jsr310CodecProvider{}, JsonObjectCodecProvider{}, BsonCodecProvider{}, EnumCodecProvider{}, com.mongodb.client.model.mql.ExpressionCodecProvider@5f5923ef, com.mongodb.Jep395RecordCodecProvider@7381d6f0, com.mongodb.KotlinCodecProvider@2f262474]}, loggerSettings=LoggerSettings{maxDocumentLength=1000}, clusterSettings={hosts=[localhost:27017], srvServiceName=mongodb, mode=SINGLE, requiredClusterType=UNKNOWN, requiredReplicaSetName='null', serverSelector='null', clusterListeners='[]', serverSelectionTimeout='30000 ms', localThreshold='15 ms'}, socketSettings=SocketSettings{connectTimeoutMS=10000, readTimeoutMS=0, receiveBufferSize=0, proxySettings=ProxySettings{host=null, port=null, username=null, password=null}}, heartbeatSocketSettings=SocketSettings{connectTimeoutMS=10000, readTimeoutMS=10000, receiveBufferSize=0, proxySettings=ProxySettings{host=null, port=null, username=null, password=null}}, connectionPoolSettings=ConnectionPoolSettings{maxSize=100, minSize=0, maxWaitTimeMS=120000, maxConnectionLifeTimeMS=0, maxConnectionIdleTimeMS=0, maintenanceInitialDelayMS=0, maintenanceFrequencyMS=60000, connectionPoolListeners=[io.micrometer.core.instrument.binder.mongodb.MongoMetricsConnectionPoolListener@7c03f9d0], maxConnecting=2}, serverSettings=ServerSettings{heartbeatFrequencyMS=10000, minHeartbeatFrequencyMS=500, serverMonitoringMode=AUTO, serverListeners='[]', serverMonitorListeners='[]'}, sslSettings=SslSettings{enabled=false, invalidHostNameAllowed=false, context=null}, applicationName='null', compressorList=[], uuidRepresentation=JAVA_LEGACY, serverApi=null, autoEncryptionSettings=null, dnsClient=null, inetAddressResolver=null, contextProvider=null, timeoutMS=null} 
2025-04-28 14:51:12-894 [cluster-ClusterId{value='680fdc2eee4c294d9bde7d49', description='null'}-localhost:27017] INFO  org.mongodb.driver.cluster - Monitor thread successfully connected to server with description ServerDescription{address=localhost:27017, type=STANDALONE, cryptd=false, state=CONNECTED, ok=true, minWireVersion=0, maxWireVersion=25, maxDocumentSize=16777216, logicalSessionTimeoutMinutes=30, roundTripTimeNanos=847131700, minRoundTripTimeNanos=0} 
2025-04-28 14:51:23-310 [main] INFO  o.s.v.b.OptionalValidatorFactoryBean - Failed to set up a Bean Validation provider: jakarta.validation.NoProviderFoundException: Unable to create a Configuration, because no Jakarta Bean Validation provider could be found. Add a provider like Hibernate Validator (RI) to your classpath. 
2025-04-28 14:51:35-628 [main] INFO  o.s.b.a.e.web.EndpointLinksResolver - Exposing 2 endpoints beneath base path '/actuator' 
2025-04-28 14:51:41-482 [main] INFO  o.s.c.n.e.c.DiscoveryClientOptionalArgsConfiguration - Eureka HTTP Client uses RestTemplate. 
2025-04-28 14:51:42-373 [main] WARN  o.s.c.l.c.LoadBalancerCacheAutoConfiguration$LoadBalancerCaffeineWarnLogger - Spring Cloud LoadBalancer is currently working with the default cache. While this cache implementation is useful for development and tests, it's recommended to use Caffeine cache in production.You can switch to using Caffeine cache, by adding it and org.springframework.cache.caffeine.CaffeineCacheManager to the classpath. 
2025-04-28 14:51:43-458 [main] INFO  o.a.k.c.consumer.ConsumerConfig - ConsumerConfig values: 
	allow.auto.create.topics = true
	auto.commit.interval.ms = 5000
	auto.include.jmx.reporter = true
	auto.offset.reset = latest
	bootstrap.servers = [localhost:29092]
	check.crcs = true
	client.dns.lookup = use_all_dns_ips
	client.id = consumer-bootcoin-group-1
	client.rack = 
	connections.max.idle.ms = 540000
	default.api.timeout.ms = 60000
	enable.auto.commit = false
	enable.metrics.push = true
	exclude.internal.topics = true
	fetch.max.bytes = 52428800
	fetch.max.wait.ms = 500
	fetch.min.bytes = 1
	group.id = bootcoin-group
	group.instance.id = null
	group.protocol = classic
	group.remote.assignor = null
	heartbeat.interval.ms = 3000
	interceptor.classes = []
	internal.leave.group.on.close = true
	internal.throw.on.fetch.stable.offset.unsupported = false
	isolation.level = read_uncommitted
	key.deserializer = class org.apache.kafka.common.serialization.StringDeserializer
	max.partition.fetch.bytes = 1048576
	max.poll.interval.ms = 300000
	max.poll.records = 500
	metadata.max.age.ms = 300000
	metadata.recovery.strategy = none
	metric.reporters = []
	metrics.num.samples = 2
	metrics.recording.level = INFO
	metrics.sample.window.ms = 30000
	partition.assignment.strategy = [class org.apache.kafka.clients.consumer.RangeAssignor, class org.apache.kafka.clients.consumer.CooperativeStickyAssignor]
	receive.buffer.bytes = 65536
	reconnect.backoff.max.ms = 1000
	reconnect.backoff.ms = 50
	request.timeout.ms = 30000
	retry.backoff.max.ms = 1000
	retry.backoff.ms = 100
	sasl.client.callback.handler.class = null
	sasl.jaas.config = null
	sasl.kerberos.kinit.cmd = /usr/bin/kinit
	sasl.kerberos.min.time.before.relogin = 60000
	sasl.kerberos.service.name = null
	sasl.kerberos.ticket.renew.jitter = 0.05
	sasl.kerberos.ticket.renew.window.factor = 0.8
	sasl.login.callback.handler.class = null
	sasl.login.class = null
	sasl.login.connect.timeout.ms = null
	sasl.login.read.timeout.ms = null
	sasl.login.refresh.buffer.seconds = 300
	sasl.login.refresh.min.period.seconds = 60
	sasl.login.refresh.window.factor = 0.8
	sasl.login.refresh.window.jitter = 0.05
	sasl.login.retry.backoff.max.ms = 10000
	sasl.login.retry.backoff.ms = 100
	sasl.mechanism = GSSAPI
	sasl.oauthbearer.clock.skew.seconds = 30
	sasl.oauthbearer.expected.audience = null
	sasl.oauthbearer.expected.issuer = null
	sasl.oauthbearer.jwks.endpoint.refresh.ms = 3600000
	sasl.oauthbearer.jwks.endpoint.retry.backoff.max.ms = 10000
	sasl.oauthbearer.jwks.endpoint.retry.backoff.ms = 100
	sasl.oauthbearer.jwks.endpoint.url = null
	sasl.oauthbearer.scope.claim.name = scope
	sasl.oauthbearer.sub.claim.name = sub
	sasl.oauthbearer.token.endpoint.url = null
	security.protocol = PLAINTEXT
	security.providers = null
	send.buffer.bytes = 131072
	session.timeout.ms = 45000
	socket.connection.setup.timeout.max.ms = 30000
	socket.connection.setup.timeout.ms = 10000
	ssl.cipher.suites = null
	ssl.enabled.protocols = [TLSv1.2, TLSv1.3]
	ssl.endpoint.identification.algorithm = https
	ssl.engine.factory.class = null
	ssl.key.password = null
	ssl.keymanager.algorithm = SunX509
	ssl.keystore.certificate.chain = null
	ssl.keystore.key = null
	ssl.keystore.location = null
	ssl.keystore.password = null
	ssl.keystore.type = JKS
	ssl.protocol = TLSv1.3
	ssl.provider = null
	ssl.secure.random.implementation = null
	ssl.trustmanager.algorithm = PKIX
	ssl.truststore.certificates = null
	ssl.truststore.location = null
	ssl.truststore.password = null
	ssl.truststore.type = JKS
	value.deserializer = class org.apache.kafka.common.serialization.StringDeserializer
 
2025-04-28 14:51:44-373 [main] INFO  o.a.k.c.t.i.KafkaMetricsCollector - initializing Kafka metrics collector 
2025-04-28 14:51:44-559 [main] INFO  o.a.kafka.common.utils.AppInfoParser - Kafka version: 3.8.1 
2025-04-28 14:51:44-562 [main] INFO  o.a.kafka.common.utils.AppInfoParser - Kafka commitId: 70d6ff42debf7e17 
2025-04-28 14:51:44-562 [main] INFO  o.a.kafka.common.utils.AppInfoParser - Kafka startTimeMs: 1745869904556 
2025-04-28 14:51:44-592 [main] INFO  o.a.k.c.c.i.LegacyKafkaConsumer - [Consumer clientId=consumer-bootcoin-group-1, groupId=bootcoin-group] Subscribed to topic(s): exchange-response 
2025-04-28 14:51:45-421 [main] INFO  o.s.c.n.eureka.InstanceInfoFactory - Setting initial instance status as: STARTING 
2025-04-28 14:51:45-534 [main] INFO  c.netflix.discovery.DiscoveryClient - Initializing Eureka in region us-east-1 
2025-04-28 14:51:45-543 [main] INFO  c.n.d.s.r.aws.ConfigClusterResolver - Resolving eureka endpoints via configuration 
2025-04-28 14:51:45-562 [main] INFO  c.netflix.discovery.DiscoveryClient - Disable delta property : false 
2025-04-28 14:51:45-572 [main] INFO  c.netflix.discovery.DiscoveryClient - Single vip registry refresh property : null 
2025-04-28 14:51:45-574 [main] INFO  c.netflix.discovery.DiscoveryClient - Force full registry fetch : false 
2025-04-28 14:51:45-576 [main] INFO  c.netflix.discovery.DiscoveryClient - Application is null : false 
2025-04-28 14:51:45-578 [main] INFO  c.netflix.discovery.DiscoveryClient - Registered Applications size is zero : true 
2025-04-28 14:51:45-580 [main] INFO  c.netflix.discovery.DiscoveryClient - Application version is -1: true 
2025-04-28 14:51:45-580 [main] INFO  c.netflix.discovery.DiscoveryClient - Getting all instance registry info from the eureka server 
2025-04-28 14:51:48-652 [repliesContainer-0-C-1] WARN  o.apache.kafka.clients.NetworkClient - [Consumer clientId=consumer-bootcoin-group-1, groupId=bootcoin-group] Error while fetching metadata with correlation id 2 : {exchange-response=LEADER_NOT_AVAILABLE} 
2025-04-28 14:51:48-654 [repliesContainer-0-C-1] INFO  org.apache.kafka.clients.Metadata - [Consumer clientId=consumer-bootcoin-group-1, groupId=bootcoin-group] Cluster ID: yc-UztFjR-GeZo8EA-lfWg 
2025-04-28 14:51:49-542 [repliesContainer-0-C-1] WARN  o.apache.kafka.clients.NetworkClient - [Consumer clientId=consumer-bootcoin-group-1, groupId=bootcoin-group] Error while fetching metadata with correlation id 5 : {exchange-response=LEADER_NOT_AVAILABLE} 
2025-04-28 14:51:49-563 [main] INFO  c.netflix.discovery.DiscoveryClient - The response status is 200 
2025-04-28 14:51:49-569 [main] INFO  c.netflix.discovery.DiscoveryClient - Starting heartbeat executor: renew interval is: 30 
2025-04-28 14:51:49-574 [main] INFO  c.n.discovery.InstanceInfoReplicator - InstanceInfoReplicator onDemand update allowed rate per min is 4 
2025-04-28 14:51:49-580 [main] INFO  c.netflix.discovery.DiscoveryClient - Discovery Client initialized at timestamp 1745869909579 with initial instances count: 3 
2025-04-28 14:51:49-587 [main] INFO  o.s.c.n.e.s.EurekaServiceRegistry - Registering application EXCHANGE-BOOTCOIN-API with eureka with status UP 
2025-04-28 14:51:49-588 [main] INFO  c.netflix.discovery.DiscoveryClient - Saw local status change event StatusChangeEvent [timestamp=1745869909588, current=UP, previous=STARTING] 
2025-04-28 14:51:49-604 [DiscoveryClient-InstanceInfoReplicator-%d] INFO  c.netflix.discovery.DiscoveryClient - DiscoveryClient_EXCHANGE-BOOTCOIN-API/exchange-bootcoin-api:8809: registering service... 
2025-04-28 14:51:50-441 [repliesContainer-0-C-1] WARN  o.apache.kafka.clients.NetworkClient - [Consumer clientId=consumer-bootcoin-group-1, groupId=bootcoin-group] Error while fetching metadata with correlation id 8 : {exchange-response=LEADER_NOT_AVAILABLE} 
2025-04-28 14:51:50-460 [DiscoveryClient-InstanceInfoReplicator-%d] INFO  c.netflix.discovery.DiscoveryClient - DiscoveryClient_EXCHANGE-BOOTCOIN-API/exchange-bootcoin-api:8809 - registration status: 204 
2025-04-28 14:51:50-492 [main] INFO  c.b.e.a.ExchangeBootcoinApiApplication - Starting ExchangeBootcoinApiApplication using Java 17.0.12 with PID 29340 (C:\Users\mgarcsar\Documents\Bootcamp\etregables\BootCoin\exchange-bootcoin-api\target\classes started by mgarcsar in C:\Users\mgarcsar\Documents\Bootcamp\etregables\BootCoin) 
2025-04-28 14:51:50-497 [main] INFO  c.b.e.a.ExchangeBootcoinApiApplication - The following 1 profile is active: "dev" 
2025-04-28 14:51:50-522 [main] INFO  o.s.b.w.e.netty.NettyWebServer - Netty started on port 8809 (http) 
2025-04-28 14:51:50-524 [main] INFO  o.s.c.n.e.s.EurekaAutoServiceRegistration - Updating port to 8809 
2025-04-28 14:51:50-576 [main] INFO  o.s.c.c.c.ConfigServerConfigDataLoader - Fetching config from server at : http://config-server-bc:8888 
2025-04-28 14:51:50-576 [main] INFO  o.s.c.c.c.ConfigServerConfigDataLoader - Exception on Url - http://config-server-bc:8888:org.springframework.web.client.ResourceAccessException: I/O error on GET request for "http://config-server-bc:8888/exchange-bootcoin-api/default": config-server-bc. Will be trying the next url if available 
2025-04-28 14:51:50-577 [main] WARN  o.s.c.c.c.ConfigServerConfigDataLoader - Could not locate PropertySource ([ConfigServerConfigDataResource@3eee3e2b uris = array<String>['http://config-server-bc:8888'], optional = true, profiles = 'default']): I/O error on GET request for "http://config-server-bc:8888/exchange-bootcoin-api/default": config-server-bc 
2025-04-28 14:51:50-577 [main] INFO  o.s.c.c.c.ConfigServerConfigDataLoader - Fetching config from server at : http://config-server-bc:8888 
2025-04-28 14:51:50-577 [main] INFO  o.s.c.c.c.ConfigServerConfigDataLoader - Exception on Url - http://config-server-bc:8888:org.springframework.web.client.ResourceAccessException: I/O error on GET request for "http://config-server-bc:8888/exchange-bootcoin-api/dev": config-server-bc. Will be trying the next url if available 
2025-04-28 14:51:50-577 [main] WARN  o.s.c.c.c.ConfigServerConfigDataLoader - Could not locate PropertySource ([ConfigServerConfigDataResource@369c9bb uris = array<String>['http://config-server-bc:8888'], optional = true, profiles = 'dev']): I/O error on GET request for "http://config-server-bc:8888/exchange-bootcoin-api/dev": config-server-bc 
2025-04-28 14:51:50-577 [main] INFO  o.s.c.c.c.ConfigServerConfigDataLoader - Fetching config from server at : http://config-server-bc:8888 
2025-04-28 14:51:50-577 [main] INFO  o.s.c.c.c.ConfigServerConfigDataLoader - Exception on Url - http://config-server-bc:8888:org.springframework.web.client.ResourceAccessException: I/O error on GET request for "http://config-server-bc:8888/exchange-bootcoin-api/default": config-server-bc. Will be trying the next url if available 
2025-04-28 14:51:50-577 [main] WARN  o.s.c.c.c.ConfigServerConfigDataLoader - Could not locate PropertySource ([ConfigServerConfigDataResource@76d05cc9 uris = array<String>['http://config-server-bc:8888'], optional = true, profiles = 'default']): I/O error on GET request for "http://config-server-bc:8888/exchange-bootcoin-api/default": config-server-bc 
2025-04-28 14:51:51-426 [repliesContainer-0-C-1] WARN  o.apache.kafka.clients.NetworkClient - [Consumer clientId=consumer-bootcoin-group-1, groupId=bootcoin-group] Error while fetching metadata with correlation id 10 : {exchange-response=LEADER_NOT_AVAILABLE} 
2025-04-28 14:51:52-437 [repliesContainer-0-C-1] WARN  o.apache.kafka.clients.NetworkClient - [Consumer clientId=consumer-bootcoin-group-1, groupId=bootcoin-group] Error while fetching metadata with correlation id 12 : {exchange-response=LEADER_NOT_AVAILABLE} 
2025-04-28 14:51:53-539 [repliesContainer-0-C-1] WARN  o.apache.kafka.clients.NetworkClient - [Consumer clientId=consumer-bootcoin-group-1, groupId=bootcoin-group] Error while fetching metadata with correlation id 14 : {exchange-response=LEADER_NOT_AVAILABLE} 
2025-04-28 14:51:54-523 [repliesContainer-0-C-1] WARN  o.apache.kafka.clients.NetworkClient - [Consumer clientId=consumer-bootcoin-group-1, groupId=bootcoin-group] Error while fetching metadata with correlation id 16 : {exchange-response=LEADER_NOT_AVAILABLE} 
2025-04-28 14:51:55-413 [main] INFO  o.a.k.c.consumer.ConsumerConfig - ConsumerConfig values: 
	allow.auto.create.topics = true
	auto.commit.interval.ms = 5000
	auto.include.jmx.reporter = true
	auto.offset.reset = latest
	bootstrap.servers = [localhost:29092]
	check.crcs = true
	client.dns.lookup = use_all_dns_ips
	client.id = consumer-bootcoin-group-2
	client.rack = 
	connections.max.idle.ms = 540000
	default.api.timeout.ms = 60000
	enable.auto.commit = false
	enable.metrics.push = true
	exclude.internal.topics = true
	fetch.max.bytes = 52428800
	fetch.max.wait.ms = 500
	fetch.min.bytes = 1
	group.id = bootcoin-group
	group.instance.id = null
	group.protocol = classic
	group.remote.assignor = null
	heartbeat.interval.ms = 3000
	interceptor.classes = []
	internal.leave.group.on.close = true
	internal.throw.on.fetch.stable.offset.unsupported = false
	isolation.level = read_uncommitted
	key.deserializer = class org.apache.kafka.common.serialization.StringDeserializer
	max.partition.fetch.bytes = 1048576
	max.poll.interval.ms = 300000
	max.poll.records = 500
	metadata.max.age.ms = 300000
	metadata.recovery.strategy = none
	metric.reporters = []
	metrics.num.samples = 2
	metrics.recording.level = INFO
	metrics.sample.window.ms = 30000
	partition.assignment.strategy = [class org.apache.kafka.clients.consumer.RangeAssignor, class org.apache.kafka.clients.consumer.CooperativeStickyAssignor]
	receive.buffer.bytes = 65536
	reconnect.backoff.max.ms = 1000
	reconnect.backoff.ms = 50
	request.timeout.ms = 30000
	retry.backoff.max.ms = 1000
	retry.backoff.ms = 100
	sasl.client.callback.handler.class = null
	sasl.jaas.config = null
	sasl.kerberos.kinit.cmd = /usr/bin/kinit
	sasl.kerberos.min.time.before.relogin = 60000
	sasl.kerberos.service.name = null
	sasl.kerberos.ticket.renew.jitter = 0.05
	sasl.kerberos.ticket.renew.window.factor = 0.8
	sasl.login.callback.handler.class = null
	sasl.login.class = null
	sasl.login.connect.timeout.ms = null
	sasl.login.read.timeout.ms = null
	sasl.login.refresh.buffer.seconds = 300
	sasl.login.refresh.min.period.seconds = 60
	sasl.login.refresh.window.factor = 0.8
	sasl.login.refresh.window.jitter = 0.05
	sasl.login.retry.backoff.max.ms = 10000
	sasl.login.retry.backoff.ms = 100
	sasl.mechanism = GSSAPI
	sasl.oauthbearer.clock.skew.seconds = 30
	sasl.oauthbearer.expected.audience = null
	sasl.oauthbearer.expected.issuer = null
	sasl.oauthbearer.jwks.endpoint.refresh.ms = 3600000
	sasl.oauthbearer.jwks.endpoint.retry.backoff.max.ms = 10000
	sasl.oauthbearer.jwks.endpoint.retry.backoff.ms = 100
	sasl.oauthbearer.jwks.endpoint.url = null
	sasl.oauthbearer.scope.claim.name = scope
	sasl.oauthbearer.sub.claim.name = sub
	sasl.oauthbearer.token.endpoint.url = null
	security.protocol = PLAINTEXT
	security.providers = null
	send.buffer.bytes = 131072
	session.timeout.ms = 45000
	socket.connection.setup.timeout.max.ms = 30000
	socket.connection.setup.timeout.ms = 10000
	ssl.cipher.suites = null
	ssl.enabled.protocols = [TLSv1.2, TLSv1.3]
	ssl.endpoint.identification.algorithm = https
	ssl.engine.factory.class = null
	ssl.key.password = null
	ssl.keymanager.algorithm = SunX509
	ssl.keystore.certificate.chain = null
	ssl.keystore.key = null
	ssl.keystore.location = null
	ssl.keystore.password = null
	ssl.keystore.type = JKS
	ssl.protocol = TLSv1.3
	ssl.provider = null
	ssl.secure.random.implementation = null
	ssl.trustmanager.algorithm = PKIX
	ssl.truststore.certificates = null
	ssl.truststore.location = null
	ssl.truststore.password = null
	ssl.truststore.type = JKS
	value.deserializer = class org.apache.kafka.common.serialization.StringDeserializer
 
2025-04-28 14:51:55-414 [main] INFO  o.a.k.c.t.i.KafkaMetricsCollector - initializing Kafka metrics collector 
2025-04-28 14:51:55-429 [main] INFO  o.a.kafka.common.utils.AppInfoParser - Kafka version: 3.8.1 
2025-04-28 14:51:55-430 [main] INFO  o.a.kafka.common.utils.AppInfoParser - Kafka commitId: 70d6ff42debf7e17 
2025-04-28 14:51:55-430 [main] INFO  o.a.kafka.common.utils.AppInfoParser - Kafka startTimeMs: 1745869915429 
2025-04-28 14:51:55-431 [main] INFO  o.a.k.c.c.i.LegacyKafkaConsumer - [Consumer clientId=consumer-bootcoin-group-2, groupId=bootcoin-group] Subscribed to topic(s): exchange-rate 
2025-04-28 14:51:55-468 [main] INFO  o.a.k.c.consumer.ConsumerConfig - ConsumerConfig values: 
	allow.auto.create.topics = true
	auto.commit.interval.ms = 5000
	auto.include.jmx.reporter = true
	auto.offset.reset = latest
	bootstrap.servers = [localhost:29092]
	check.crcs = true
	client.dns.lookup = use_all_dns_ips
	client.id = consumer-bootcoin-group-3
	client.rack = 
	connections.max.idle.ms = 540000
	default.api.timeout.ms = 60000
	enable.auto.commit = false
	enable.metrics.push = true
	exclude.internal.topics = true
	fetch.max.bytes = 52428800
	fetch.max.wait.ms = 500
	fetch.min.bytes = 1
	group.id = bootcoin-group
	group.instance.id = null
	group.protocol = classic
	group.remote.assignor = null
	heartbeat.interval.ms = 3000
	interceptor.classes = []
	internal.leave.group.on.close = true
	internal.throw.on.fetch.stable.offset.unsupported = false
	isolation.level = read_uncommitted
	key.deserializer = class org.apache.kafka.common.serialization.StringDeserializer
	max.partition.fetch.bytes = 1048576
	max.poll.interval.ms = 300000
	max.poll.records = 500
	metadata.max.age.ms = 300000
	metadata.recovery.strategy = none
	metric.reporters = []
	metrics.num.samples = 2
	metrics.recording.level = INFO
	metrics.sample.window.ms = 30000
	partition.assignment.strategy = [class org.apache.kafka.clients.consumer.RangeAssignor, class org.apache.kafka.clients.consumer.CooperativeStickyAssignor]
	receive.buffer.bytes = 65536
	reconnect.backoff.max.ms = 1000
	reconnect.backoff.ms = 50
	request.timeout.ms = 30000
	retry.backoff.max.ms = 1000
	retry.backoff.ms = 100
	sasl.client.callback.handler.class = null
	sasl.jaas.config = null
	sasl.kerberos.kinit.cmd = /usr/bin/kinit
	sasl.kerberos.min.time.before.relogin = 60000
	sasl.kerberos.service.name = null
	sasl.kerberos.ticket.renew.jitter = 0.05
	sasl.kerberos.ticket.renew.window.factor = 0.8
	sasl.login.callback.handler.class = null
	sasl.login.class = null
	sasl.login.connect.timeout.ms = null
	sasl.login.read.timeout.ms = null
	sasl.login.refresh.buffer.seconds = 300
	sasl.login.refresh.min.period.seconds = 60
	sasl.login.refresh.window.factor = 0.8
	sasl.login.refresh.window.jitter = 0.05
	sasl.login.retry.backoff.max.ms = 10000
	sasl.login.retry.backoff.ms = 100
	sasl.mechanism = GSSAPI
	sasl.oauthbearer.clock.skew.seconds = 30
	sasl.oauthbearer.expected.audience = null
	sasl.oauthbearer.expected.issuer = null
	sasl.oauthbearer.jwks.endpoint.refresh.ms = 3600000
	sasl.oauthbearer.jwks.endpoint.retry.backoff.max.ms = 10000
	sasl.oauthbearer.jwks.endpoint.retry.backoff.ms = 100
	sasl.oauthbearer.jwks.endpoint.url = null
	sasl.oauthbearer.scope.claim.name = scope
	sasl.oauthbearer.sub.claim.name = sub
	sasl.oauthbearer.token.endpoint.url = null
	security.protocol = PLAINTEXT
	security.providers = null
	send.buffer.bytes = 131072
	session.timeout.ms = 45000
	socket.connection.setup.timeout.max.ms = 30000
	socket.connection.setup.timeout.ms = 10000
	ssl.cipher.suites = null
	ssl.enabled.protocols = [TLSv1.2, TLSv1.3]
	ssl.endpoint.identification.algorithm = https
	ssl.engine.factory.class = null
	ssl.key.password = null
	ssl.keymanager.algorithm = SunX509
	ssl.keystore.certificate.chain = null
	ssl.keystore.key = null
	ssl.keystore.location = null
	ssl.keystore.password = null
	ssl.keystore.type = JKS
	ssl.protocol = TLSv1.3
	ssl.provider = null
	ssl.secure.random.implementation = null
	ssl.trustmanager.algorithm = PKIX
	ssl.truststore.certificates = null
	ssl.truststore.location = null
	ssl.truststore.password = null
	ssl.truststore.type = JKS
	value.deserializer = class org.apache.kafka.common.serialization.StringDeserializer
 
2025-04-28 14:51:55-613 [main] INFO  o.a.k.c.t.i.KafkaMetricsCollector - initializing Kafka metrics collector 
2025-04-28 14:51:55-504 [org.springframework.kafka.KafkaListenerEndpointContainer#0-0-C-1] WARN  o.apache.kafka.clients.NetworkClient - [Consumer clientId=consumer-bootcoin-group-2, groupId=bootcoin-group] Error while fetching metadata with correlation id 2 : {exchange-rate=LEADER_NOT_AVAILABLE} 
2025-04-28 14:51:55-538 [repliesContainer-0-C-1] WARN  o.apache.kafka.clients.NetworkClient - [Consumer clientId=consumer-bootcoin-group-1, groupId=bootcoin-group] Error while fetching metadata with correlation id 19 : {exchange-response=LEADER_NOT_AVAILABLE} 
2025-04-28 14:51:55-619 [org.springframework.kafka.KafkaListenerEndpointContainer#0-0-C-1] INFO  org.apache.kafka.clients.Metadata - [Consumer clientId=consumer-bootcoin-group-2, groupId=bootcoin-group] Cluster ID: yc-UztFjR-GeZo8EA-lfWg 
2025-04-28 14:51:55-718 [main] INFO  o.a.kafka.common.utils.AppInfoParser - Kafka version: 3.8.1 
2025-04-28 14:51:55-718 [main] INFO  o.a.kafka.common.utils.AppInfoParser - Kafka commitId: 70d6ff42debf7e17 
2025-04-28 14:51:55-718 [main] INFO  o.a.kafka.common.utils.AppInfoParser - Kafka startTimeMs: 1745869915718 
2025-04-28 14:51:55-718 [main] INFO  o.a.k.c.c.i.LegacyKafkaConsumer - [Consumer clientId=consumer-bootcoin-group-3, groupId=bootcoin-group] Subscribed to topic(s): exchange-request 
2025-04-28 14:51:56-442 [main] INFO  c.b.e.a.ExchangeBootcoinApiApplication - Started ExchangeBootcoinApiApplication in 71.375 seconds (process running for 87.819) 
2025-04-28 14:51:56-454 [org.springframework.kafka.KafkaListenerEndpointContainer#0-0-C-1] WARN  o.apache.kafka.clients.NetworkClient - [Consumer clientId=consumer-bootcoin-group-2, groupId=bootcoin-group] Error while fetching metadata with correlation id 5 : {exchange-rate=LEADER_NOT_AVAILABLE} 
2025-04-28 14:51:56-455 [org.springframework.kafka.KafkaListenerEndpointContainer#1-0-C-1] WARN  o.apache.kafka.clients.NetworkClient - [Consumer clientId=consumer-bootcoin-group-3, groupId=bootcoin-group] Error while fetching metadata with correlation id 2 : {exchange-request=LEADER_NOT_AVAILABLE} 
2025-04-28 14:51:56-455 [org.springframework.kafka.KafkaListenerEndpointContainer#1-0-C-1] INFO  org.apache.kafka.clients.Metadata - [Consumer clientId=consumer-bootcoin-group-3, groupId=bootcoin-group] Cluster ID: yc-UztFjR-GeZo8EA-lfWg 
2025-04-28 14:51:56-505 [repliesContainer-0-C-1] WARN  o.apache.kafka.clients.NetworkClient - [Consumer clientId=consumer-bootcoin-group-1, groupId=bootcoin-group] Error while fetching metadata with correlation id 21 : {exchange-response=LEADER_NOT_AVAILABLE} 
2025-04-28 14:51:56-583 [org.springframework.kafka.KafkaListenerEndpointContainer#1-0-C-1] WARN  o.apache.kafka.clients.NetworkClient - [Consumer clientId=consumer-bootcoin-group-3, groupId=bootcoin-group] Error while fetching metadata with correlation id 5 : {exchange-request=LEADER_NOT_AVAILABLE} 
2025-04-28 14:51:57-050 [org.springframework.kafka.KafkaListenerEndpointContainer#1-0-C-1] WARN  o.apache.kafka.clients.NetworkClient - [Consumer clientId=consumer-bootcoin-group-3, groupId=bootcoin-group] Error while fetching metadata with correlation id 7 : {exchange-request=LEADER_NOT_AVAILABLE} 
2025-04-28 14:51:57-050 [org.springframework.kafka.KafkaListenerEndpointContainer#0-0-C-1] WARN  o.apache.kafka.clients.NetworkClient - [Consumer clientId=consumer-bootcoin-group-2, groupId=bootcoin-group] Error while fetching metadata with correlation id 7 : {exchange-rate=LEADER_NOT_AVAILABLE} 
2025-04-28 14:51:57-490 [repliesContainer-0-C-1] WARN  o.apache.kafka.clients.NetworkClient - [Consumer clientId=consumer-bootcoin-group-1, groupId=bootcoin-group] Error while fetching metadata with correlation id 23 : {exchange-response=LEADER_NOT_AVAILABLE} 
2025-04-28 14:51:58-133 [org.springframework.kafka.KafkaListenerEndpointContainer#1-0-C-1] WARN  o.apache.kafka.clients.NetworkClient - [Consumer clientId=consumer-bootcoin-group-3, groupId=bootcoin-group] Error while fetching metadata with correlation id 9 : {exchange-request=LEADER_NOT_AVAILABLE} 
2025-04-28 14:51:58-305 [org.springframework.kafka.KafkaListenerEndpointContainer#0-0-C-1] WARN  o.apache.kafka.clients.NetworkClient - [Consumer clientId=consumer-bootcoin-group-2, groupId=bootcoin-group] Error while fetching metadata with correlation id 9 : {exchange-rate=LEADER_NOT_AVAILABLE} 
2025-04-28 14:51:58-502 [repliesContainer-0-C-1] WARN  o.apache.kafka.clients.NetworkClient - [Consumer clientId=consumer-bootcoin-group-1, groupId=bootcoin-group] Error while fetching metadata with correlation id 25 : {exchange-response=LEADER_NOT_AVAILABLE} 
2025-04-28 14:51:59-334 [org.springframework.kafka.KafkaListenerEndpointContainer#1-0-C-1] WARN  o.apache.kafka.clients.NetworkClient - [Consumer clientId=consumer-bootcoin-group-3, groupId=bootcoin-group] Error while fetching metadata with correlation id 11 : {exchange-request=LEADER_NOT_AVAILABLE} 
2025-04-28 14:51:59-338 [org.springframework.kafka.KafkaListenerEndpointContainer#0-0-C-1] WARN  o.apache.kafka.clients.NetworkClient - [Consumer clientId=consumer-bootcoin-group-2, groupId=bootcoin-group] Error while fetching metadata with correlation id 11 : {exchange-rate=LEADER_NOT_AVAILABLE} 
2025-04-28 14:51:59-514 [repliesContainer-0-C-1] WARN  o.apache.kafka.clients.NetworkClient - [Consumer clientId=consumer-bootcoin-group-1, groupId=bootcoin-group] Error while fetching metadata with correlation id 27 : {exchange-response=LEADER_NOT_AVAILABLE} 
2025-04-28 14:52:00-364 [org.springframework.kafka.KafkaListenerEndpointContainer#1-0-C-1] WARN  o.apache.kafka.clients.NetworkClient - [Consumer clientId=consumer-bootcoin-group-3, groupId=bootcoin-group] Error while fetching metadata with correlation id 13 : {exchange-request=LEADER_NOT_AVAILABLE} 
2025-04-28 14:52:00-364 [org.springframework.kafka.KafkaListenerEndpointContainer#0-0-C-1] WARN  o.apache.kafka.clients.NetworkClient - [Consumer clientId=consumer-bootcoin-group-2, groupId=bootcoin-group] Error while fetching metadata with correlation id 13 : {exchange-rate=LEADER_NOT_AVAILABLE} 
2025-04-28 14:52:00-471 [repliesContainer-0-C-1] WARN  o.apache.kafka.clients.NetworkClient - [Consumer clientId=consumer-bootcoin-group-1, groupId=bootcoin-group] Error while fetching metadata with correlation id 30 : {exchange-response=LEADER_NOT_AVAILABLE} 
2025-04-28 14:52:01-421 [org.springframework.kafka.KafkaListenerEndpointContainer#0-0-C-1] WARN  o.apache.kafka.clients.NetworkClient - [Consumer clientId=consumer-bootcoin-group-2, groupId=bootcoin-group] Error while fetching metadata with correlation id 16 : {exchange-rate=LEADER_NOT_AVAILABLE} 
2025-04-28 14:52:01-422 [repliesContainer-0-C-1] WARN  o.apache.kafka.clients.NetworkClient - [Consumer clientId=consumer-bootcoin-group-1, groupId=bootcoin-group] Error while fetching metadata with correlation id 32 : {exchange-response=LEADER_NOT_AVAILABLE} 
2025-04-28 14:52:01-501 [org.springframework.kafka.KafkaListenerEndpointContainer#1-0-C-1] WARN  o.apache.kafka.clients.NetworkClient - [Consumer clientId=consumer-bootcoin-group-3, groupId=bootcoin-group] Error while fetching metadata with correlation id 15 : {exchange-request=LEADER_NOT_AVAILABLE} 
2025-04-28 14:52:02-493 [main] INFO  o.s.d.r.c.RepositoryConfigurationDelegate - Bootstrapping Spring Data Reactive MongoDB repositories in DEFAULT mode. 
2025-04-28 14:52:02-506 [repliesContainer-0-C-1] WARN  o.apache.kafka.clients.NetworkClient - [Consumer clientId=consumer-bootcoin-group-1, groupId=bootcoin-group] Error while fetching metadata with correlation id 34 : {exchange-response=LEADER_NOT_AVAILABLE} 
2025-04-28 14:52:02-506 [org.springframework.kafka.KafkaListenerEndpointContainer#0-0-C-1] WARN  o.apache.kafka.clients.NetworkClient - [Consumer clientId=consumer-bootcoin-group-2, groupId=bootcoin-group] Error while fetching metadata with correlation id 18 : {exchange-rate=LEADER_NOT_AVAILABLE} 
2025-04-28 14:52:02-524 [org.springframework.kafka.KafkaListenerEndpointContainer#1-0-C-1] WARN  o.apache.kafka.clients.NetworkClient - [Consumer clientId=consumer-bootcoin-group-3, groupId=bootcoin-group] Error while fetching metadata with correlation id 17 : {exchange-request=LEADER_NOT_AVAILABLE} 
2025-04-28 14:52:02-599 [SpringApplicationShutdownHook] INFO  o.s.c.n.e.s.EurekaServiceRegistry - Unregistering application EXCHANGE-BOOTCOIN-API with eureka with status DOWN 
2025-04-28 14:52:02-599 [SpringApplicationShutdownHook] INFO  c.netflix.discovery.DiscoveryClient - Saw local status change event StatusChangeEvent [timestamp=1745869922599, current=DOWN, previous=UP] 
2025-04-28 14:52:02-599 [DiscoveryClient-InstanceInfoReplicator-%d] INFO  c.netflix.discovery.DiscoveryClient - DiscoveryClient_EXCHANGE-BOOTCOIN-API/exchange-bootcoin-api:8809: registering service... 
2025-04-28 14:52:02-614 [DiscoveryClient-InstanceInfoReplicator-%d] INFO  c.netflix.discovery.DiscoveryClient - DiscoveryClient_EXCHANGE-BOOTCOIN-API/exchange-bootcoin-api:8809 - registration status: 204 
2025-04-28 14:52:03-604 [repliesContainer-0-C-1] INFO  o.a.k.c.c.i.ConsumerCoordinator - [Consumer clientId=consumer-bootcoin-group-1, groupId=bootcoin-group] Resetting generation and member id due to: consumer pro-actively leaving the group 
2025-04-28 14:52:03-616 [repliesContainer-0-C-1] INFO  o.a.k.c.c.i.ConsumerCoordinator - [Consumer clientId=consumer-bootcoin-group-1, groupId=bootcoin-group] Request joining group due to: consumer pro-actively leaving the group 
2025-04-28 14:52:03-616 [repliesContainer-0-C-1] INFO  o.a.k.c.c.i.LegacyKafkaConsumer - [Consumer clientId=consumer-bootcoin-group-1, groupId=bootcoin-group] Unsubscribed all topics or patterns and assigned partitions 
2025-04-28 14:52:03-620 [repliesContainer-0-C-1] INFO  o.a.k.c.c.i.ConsumerCoordinator - [Consumer clientId=consumer-bootcoin-group-1, groupId=bootcoin-group] Resetting generation and member id due to: consumer pro-actively leaving the group 
2025-04-28 14:52:03-621 [repliesContainer-0-C-1] INFO  o.a.k.c.c.i.ConsumerCoordinator - [Consumer clientId=consumer-bootcoin-group-1, groupId=bootcoin-group] Request joining group due to: consumer pro-actively leaving the group 
2025-04-28 14:52:03-626 [repliesContainer-0-C-1] INFO  o.a.kafka.common.metrics.Metrics - Metrics scheduler closed 
2025-04-28 14:52:03-627 [repliesContainer-0-C-1] INFO  o.a.kafka.common.metrics.Metrics - Closing reporter org.apache.kafka.common.metrics.JmxReporter 
2025-04-28 14:52:03-628 [repliesContainer-0-C-1] INFO  o.a.kafka.common.metrics.Metrics - Closing reporter org.apache.kafka.common.telemetry.internals.ClientTelemetryReporter 
2025-04-28 14:52:03-628 [repliesContainer-0-C-1] INFO  o.a.kafka.common.metrics.Metrics - Metrics reporters closed 
2025-04-28 14:52:03-639 [repliesContainer-0-C-1] INFO  o.a.kafka.common.utils.AppInfoParser - App info kafka.consumer for consumer-bootcoin-group-1 unregistered 
2025-04-28 14:52:03-640 [repliesContainer-0-C-1] INFO  o.s.k.l.KafkaMessageListenerContainer - bootcoin-group: Consumer stopped 
2025-04-28 14:52:03-647 [org.springframework.kafka.KafkaListenerEndpointContainer#0-0-C-1] WARN  o.apache.kafka.clients.NetworkClient - [Consumer clientId=consumer-bootcoin-group-2, groupId=bootcoin-group] Error while fetching metadata with correlation id 20 : {exchange-rate=LEADER_NOT_AVAILABLE} 
2025-04-28 14:52:03-650 [org.springframework.kafka.KafkaListenerEndpointContainer#1-0-C-1] WARN  o.apache.kafka.clients.NetworkClient - [Consumer clientId=consumer-bootcoin-group-3, groupId=bootcoin-group] Error while fetching metadata with correlation id 19 : {exchange-request=LEADER_NOT_AVAILABLE} 
2025-04-28 14:52:03-654 [org.springframework.kafka.KafkaListenerEndpointContainer#1-0-C-1] INFO  o.a.k.c.c.i.ConsumerCoordinator - [Consumer clientId=consumer-bootcoin-group-3, groupId=bootcoin-group] Resetting generation and member id due to: consumer pro-actively leaving the group 
2025-04-28 14:52:03-654 [org.springframework.kafka.KafkaListenerEndpointContainer#1-0-C-1] INFO  o.a.k.c.c.i.ConsumerCoordinator - [Consumer clientId=consumer-bootcoin-group-3, groupId=bootcoin-group] Request joining group due to: consumer pro-actively leaving the group 
2025-04-28 14:52:03-654 [org.springframework.kafka.KafkaListenerEndpointContainer#1-0-C-1] INFO  o.a.k.c.c.i.LegacyKafkaConsumer - [Consumer clientId=consumer-bootcoin-group-3, groupId=bootcoin-group] Unsubscribed all topics or patterns and assigned partitions 
2025-04-28 14:52:03-655 [org.springframework.kafka.KafkaListenerEndpointContainer#1-0-C-1] INFO  o.a.k.c.c.i.ConsumerCoordinator - [Consumer clientId=consumer-bootcoin-group-3, groupId=bootcoin-group] Resetting generation and member id due to: consumer pro-actively leaving the group 
2025-04-28 14:52:03-655 [org.springframework.kafka.KafkaListenerEndpointContainer#1-0-C-1] INFO  o.a.k.c.c.i.ConsumerCoordinator - [Consumer clientId=consumer-bootcoin-group-3, groupId=bootcoin-group] Request joining group due to: consumer pro-actively leaving the group 
2025-04-28 14:52:03-656 [org.springframework.kafka.KafkaListenerEndpointContainer#1-0-C-1] INFO  o.a.kafka.common.metrics.Metrics - Metrics scheduler closed 
2025-04-28 14:52:03-656 [org.springframework.kafka.KafkaListenerEndpointContainer#1-0-C-1] INFO  o.a.kafka.common.metrics.Metrics - Closing reporter org.apache.kafka.common.metrics.JmxReporter 
2025-04-28 14:52:03-656 [org.springframework.kafka.KafkaListenerEndpointContainer#1-0-C-1] INFO  o.a.kafka.common.metrics.Metrics - Closing reporter org.apache.kafka.common.telemetry.internals.ClientTelemetryReporter 
2025-04-28 14:52:03-658 [SpringApplicationShutdownHook] INFO  o.s.b.w.e.netty.GracefulShutdown - Commencing graceful shutdown. Waiting for active requests to complete 
2025-04-28 14:52:03-859 [org.springframework.kafka.KafkaListenerEndpointContainer#1-0-C-1] INFO  o.a.kafka.common.metrics.Metrics - Metrics reporters closed 
2025-04-28 14:52:03-865 [org.springframework.kafka.KafkaListenerEndpointContainer#1-0-C-1] INFO  o.a.kafka.common.utils.AppInfoParser - App info kafka.consumer for consumer-bootcoin-group-3 unregistered 
2025-04-28 14:52:03-865 [org.springframework.kafka.KafkaListenerEndpointContainer#1-0-C-1] INFO  o.s.k.l.KafkaMessageListenerContainer - bootcoin-group: Consumer stopped 
2025-04-28 14:52:04-356 [netty-shutdown] INFO  o.s.b.w.e.netty.GracefulShutdown - Graceful shutdown complete 
2025-04-28 14:52:04-699 [org.springframework.kafka.KafkaListenerEndpointContainer#0-0-C-1] INFO  o.a.k.c.c.i.ConsumerCoordinator - [Consumer clientId=consumer-bootcoin-group-2, groupId=bootcoin-group] Resetting generation and member id due to: consumer pro-actively leaving the group 
2025-04-28 14:52:04-699 [org.springframework.kafka.KafkaListenerEndpointContainer#0-0-C-1] INFO  o.a.k.c.c.i.ConsumerCoordinator - [Consumer clientId=consumer-bootcoin-group-2, groupId=bootcoin-group] Request joining group due to: consumer pro-actively leaving the group 
2025-04-28 14:52:04-699 [org.springframework.kafka.KafkaListenerEndpointContainer#0-0-C-1] INFO  o.a.k.c.c.i.LegacyKafkaConsumer - [Consumer clientId=consumer-bootcoin-group-2, groupId=bootcoin-group] Unsubscribed all topics or patterns and assigned partitions 
2025-04-28 14:52:04-704 [org.springframework.kafka.KafkaListenerEndpointContainer#0-0-C-1] INFO  o.a.k.c.c.i.ConsumerCoordinator - [Consumer clientId=consumer-bootcoin-group-2, groupId=bootcoin-group] Resetting generation and member id due to: consumer pro-actively leaving the group 
2025-04-28 14:52:04-705 [org.springframework.kafka.KafkaListenerEndpointContainer#0-0-C-1] INFO  o.a.k.c.c.i.ConsumerCoordinator - [Consumer clientId=consumer-bootcoin-group-2, groupId=bootcoin-group] Request joining group due to: consumer pro-actively leaving the group 
2025-04-28 14:52:04-707 [org.springframework.kafka.KafkaListenerEndpointContainer#0-0-C-1] INFO  o.a.kafka.common.metrics.Metrics - Metrics scheduler closed 
2025-04-28 14:52:04-708 [org.springframework.kafka.KafkaListenerEndpointContainer#0-0-C-1] INFO  o.a.kafka.common.metrics.Metrics - Closing reporter org.apache.kafka.common.metrics.JmxReporter 
2025-04-28 14:52:04-708 [org.springframework.kafka.KafkaListenerEndpointContainer#0-0-C-1] INFO  o.a.kafka.common.metrics.Metrics - Closing reporter org.apache.kafka.common.telemetry.internals.ClientTelemetryReporter 
2025-04-28 14:52:04-708 [org.springframework.kafka.KafkaListenerEndpointContainer#0-0-C-1] INFO  o.a.kafka.common.metrics.Metrics - Metrics reporters closed 
2025-04-28 14:52:04-712 [org.springframework.kafka.KafkaListenerEndpointContainer#0-0-C-1] INFO  o.a.kafka.common.utils.AppInfoParser - App info kafka.consumer for consumer-bootcoin-group-2 unregistered 
2025-04-28 14:52:04-713 [org.springframework.kafka.KafkaListenerEndpointContainer#0-0-C-1] INFO  o.s.k.l.KafkaMessageListenerContainer - bootcoin-group: Consumer stopped 
2025-04-28 14:52:04-887 [main] INFO  o.s.d.r.c.RepositoryConfigurationDelegate - Finished Spring Data repository scanning in 2374 ms. Found 1 Reactive MongoDB repository interface. 
2025-04-28 14:52:07-530 [main] INFO  o.s.cloud.context.scope.GenericScope - BeanFactory id=570c8828-cbe2-376a-a9d1-6c8f1a6bf6bb 
2025-04-28 14:52:09-260 [SpringApplicationShutdownHook] INFO  c.netflix.discovery.DiscoveryClient - Shutting down DiscoveryClient ... 
2025-04-28 14:52:12-265 [SpringApplicationShutdownHook] INFO  c.netflix.discovery.DiscoveryClient - Unregistering ... 
2025-04-28 14:52:12-287 [SpringApplicationShutdownHook] INFO  c.netflix.discovery.DiscoveryClient - DiscoveryClient_EXCHANGE-BOOTCOIN-API/exchange-bootcoin-api:8809 - deregister  status: 200 
2025-04-28 14:52:12-288 [SpringApplicationShutdownHook] INFO  c.netflix.discovery.DiscoveryClient - Completed shut down of DiscoveryClient 
2025-04-28 14:52:13-327 [main] INFO  org.mongodb.driver.client - MongoClient with metadata {"driver": {"name": "mongo-java-driver|reactive-streams|spring-boot", "version": "5.2.1"}, "os": {"type": "Windows", "name": "Windows 10", "architecture": "amd64", "version": "10.0"}, "platform": "Java/Oracle Corporation/17.0.12+8-LTS-286"} created with settings MongoClientSettings{readPreference=primary, writeConcern=WriteConcern{w=null, wTimeout=null ms, journal=null}, retryWrites=true, retryReads=true, readConcern=ReadConcern{level=null}, credential=null, transportSettings=NettyTransportSettings{eventLoopGroup=io.netty.channel.nio.NioEventLoopGroup@75de7009, socketChannelClass=null, allocator=null, sslContext=null}, commandListeners=[io.micrometer.core.instrument.binder.mongodb.MongoMetricsCommandListener@17a77a7e], codecRegistry=ProvidersCodecRegistry{codecProviders=[ValueCodecProvider{}, BsonValueCodecProvider{}, DBRefCodecProvider{}, DBObjectCodecProvider{}, DocumentCodecProvider{}, CollectionCodecProvider{}, IterableCodecProvider{}, MapCodecProvider{}, GeoJsonCodecProvider{}, GridFSFileCodecProvider{}, Jsr310CodecProvider{}, JsonObjectCodecProvider{}, BsonCodecProvider{}, EnumCodecProvider{}, com.mongodb.client.model.mql.ExpressionCodecProvider@7c840fe3, com.mongodb.Jep395RecordCodecProvider@59014efe, com.mongodb.KotlinCodecProvider@5f5923ef]}, loggerSettings=LoggerSettings{maxDocumentLength=1000}, clusterSettings={hosts=[localhost:27017], srvServiceName=mongodb, mode=SINGLE, requiredClusterType=UNKNOWN, requiredReplicaSetName='null', serverSelector='null', clusterListeners='[]', serverSelectionTimeout='30000 ms', localThreshold='15 ms'}, socketSettings=SocketSettings{connectTimeoutMS=10000, readTimeoutMS=0, receiveBufferSize=0, proxySettings=ProxySettings{host=null, port=null, username=null, password=null}}, heartbeatSocketSettings=SocketSettings{connectTimeoutMS=10000, readTimeoutMS=10000, receiveBufferSize=0, proxySettings=ProxySettings{host=null, port=null, username=null, password=null}}, connectionPoolSettings=ConnectionPoolSettings{maxSize=100, minSize=0, maxWaitTimeMS=120000, maxConnectionLifeTimeMS=0, maxConnectionIdleTimeMS=0, maintenanceInitialDelayMS=0, maintenanceFrequencyMS=60000, connectionPoolListeners=[io.micrometer.core.instrument.binder.mongodb.MongoMetricsConnectionPoolListener@7381d6f0], maxConnecting=2}, serverSettings=ServerSettings{heartbeatFrequencyMS=10000, minHeartbeatFrequencyMS=500, serverMonitoringMode=AUTO, serverListeners='[]', serverMonitorListeners='[]'}, sslSettings=SslSettings{enabled=false, invalidHostNameAllowed=false, context=null}, applicationName='null', compressorList=[], uuidRepresentation=JAVA_LEGACY, serverApi=null, autoEncryptionSettings=null, dnsClient=null, inetAddressResolver=null, contextProvider=null, timeoutMS=null} 
2025-04-28 14:52:13-585 [cluster-ClusterId{value='680fdc6cc68bee40a6b37e15', description='null'}-localhost:27017] INFO  org.mongodb.driver.cluster - Monitor thread successfully connected to server with description ServerDescription{address=localhost:27017, type=STANDALONE, cryptd=false, state=CONNECTED, ok=true, minWireVersion=0, maxWireVersion=25, maxDocumentSize=16777216, logicalSessionTimeoutMinutes=30, roundTripTimeNanos=100539700, minRoundTripTimeNanos=0} 
2025-04-28 14:52:21-887 [main] INFO  o.s.v.b.OptionalValidatorFactoryBean - Failed to set up a Bean Validation provider: jakarta.validation.NoProviderFoundException: Unable to create a Configuration, because no Jakarta Bean Validation provider could be found. Add a provider like Hibernate Validator (RI) to your classpath. 
2025-04-28 14:53:56-246 [main] INFO  c.b.e.a.ExchangeBootcoinApiApplication - Starting ExchangeBootcoinApiApplication using Java 17.0.12 with PID 16448 (C:\Users\mgarcsar\Documents\Bootcamp\etregables\BootCoin\exchange-bootcoin-api\target\classes started by mgarcsar in C:\Users\mgarcsar\Documents\Bootcamp\etregables\BootCoin) 
2025-04-28 14:53:56-248 [main] INFO  c.b.e.a.ExchangeBootcoinApiApplication - The following 1 profile is active: "dev" 
2025-04-28 14:53:56-282 [main] INFO  o.s.c.c.c.ConfigServerConfigDataLoader - Fetching config from server at : http://config-server-bc:8888 
2025-04-28 14:53:56-282 [main] INFO  o.s.c.c.c.ConfigServerConfigDataLoader - Exception on Url - http://config-server-bc:8888:org.springframework.web.client.ResourceAccessException: I/O error on GET request for "http://config-server-bc:8888/exchange-bootcoin-api/default": config-server-bc. Will be trying the next url if available 
2025-04-28 14:53:56-282 [main] WARN  o.s.c.c.c.ConfigServerConfigDataLoader - Could not locate PropertySource ([ConfigServerConfigDataResource@3eee3e2b uris = array<String>['http://config-server-bc:8888'], optional = true, profiles = 'default']): I/O error on GET request for "http://config-server-bc:8888/exchange-bootcoin-api/default": config-server-bc 
2025-04-28 14:53:56-282 [main] INFO  o.s.c.c.c.ConfigServerConfigDataLoader - Fetching config from server at : http://config-server-bc:8888 
2025-04-28 14:53:56-282 [main] INFO  o.s.c.c.c.ConfigServerConfigDataLoader - Exception on Url - http://config-server-bc:8888:org.springframework.web.client.ResourceAccessException: I/O error on GET request for "http://config-server-bc:8888/exchange-bootcoin-api/dev": config-server-bc. Will be trying the next url if available 
2025-04-28 14:53:56-282 [main] WARN  o.s.c.c.c.ConfigServerConfigDataLoader - Could not locate PropertySource ([ConfigServerConfigDataResource@369c9bb uris = array<String>['http://config-server-bc:8888'], optional = true, profiles = 'dev']): I/O error on GET request for "http://config-server-bc:8888/exchange-bootcoin-api/dev": config-server-bc 
2025-04-28 14:53:56-282 [main] INFO  o.s.c.c.c.ConfigServerConfigDataLoader - Fetching config from server at : http://config-server-bc:8888 
2025-04-28 14:53:56-282 [main] INFO  o.s.c.c.c.ConfigServerConfigDataLoader - Exception on Url - http://config-server-bc:8888:org.springframework.web.client.ResourceAccessException: I/O error on GET request for "http://config-server-bc:8888/exchange-bootcoin-api/default": config-server-bc. Will be trying the next url if available 
2025-04-28 14:53:56-282 [main] WARN  o.s.c.c.c.ConfigServerConfigDataLoader - Could not locate PropertySource ([ConfigServerConfigDataResource@76d05cc9 uris = array<String>['http://config-server-bc:8888'], optional = true, profiles = 'default']): I/O error on GET request for "http://config-server-bc:8888/exchange-bootcoin-api/default": config-server-bc 
2025-04-28 14:53:57-308 [main] INFO  o.s.d.r.c.RepositoryConfigurationDelegate - Bootstrapping Spring Data Reactive MongoDB repositories in DEFAULT mode. 
2025-04-28 14:53:57-583 [main] INFO  o.s.d.r.c.RepositoryConfigurationDelegate - Finished Spring Data repository scanning in 267 ms. Found 1 Reactive MongoDB repository interface. 
2025-04-28 14:53:57-884 [main] INFO  o.s.cloud.context.scope.GenericScope - BeanFactory id=570c8828-cbe2-376a-a9d1-6c8f1a6bf6bb 
2025-04-28 14:53:58-653 [main] INFO  org.mongodb.driver.client - MongoClient with metadata {"driver": {"name": "mongo-java-driver|reactive-streams|spring-boot", "version": "5.2.1"}, "os": {"type": "Windows", "name": "Windows 10", "architecture": "amd64", "version": "10.0"}, "platform": "Java/Oracle Corporation/17.0.12+8-LTS-286"} created with settings MongoClientSettings{readPreference=primary, writeConcern=WriteConcern{w=null, wTimeout=null ms, journal=null}, retryWrites=true, retryReads=true, readConcern=ReadConcern{level=null}, credential=null, transportSettings=NettyTransportSettings{eventLoopGroup=io.netty.channel.nio.NioEventLoopGroup@5ea9373e, socketChannelClass=null, allocator=null, sslContext=null}, commandListeners=[io.micrometer.core.instrument.binder.mongodb.MongoMetricsCommandListener@3e595da3], codecRegistry=ProvidersCodecRegistry{codecProviders=[ValueCodecProvider{}, BsonValueCodecProvider{}, DBRefCodecProvider{}, DBObjectCodecProvider{}, DocumentCodecProvider{}, CollectionCodecProvider{}, IterableCodecProvider{}, MapCodecProvider{}, GeoJsonCodecProvider{}, GridFSFileCodecProvider{}, Jsr310CodecProvider{}, JsonObjectCodecProvider{}, BsonCodecProvider{}, EnumCodecProvider{}, com.mongodb.client.model.mql.ExpressionCodecProvider@5c0272e0, com.mongodb.Jep395RecordCodecProvider@60c4cf2b, com.mongodb.KotlinCodecProvider@774304ca]}, loggerSettings=LoggerSettings{maxDocumentLength=1000}, clusterSettings={hosts=[localhost:27017], srvServiceName=mongodb, mode=SINGLE, requiredClusterType=UNKNOWN, requiredReplicaSetName='null', serverSelector='null', clusterListeners='[]', serverSelectionTimeout='30000 ms', localThreshold='15 ms'}, socketSettings=SocketSettings{connectTimeoutMS=10000, readTimeoutMS=0, receiveBufferSize=0, proxySettings=ProxySettings{host=null, port=null, username=null, password=null}}, heartbeatSocketSettings=SocketSettings{connectTimeoutMS=10000, readTimeoutMS=10000, receiveBufferSize=0, proxySettings=ProxySettings{host=null, port=null, username=null, password=null}}, connectionPoolSettings=ConnectionPoolSettings{maxSize=100, minSize=0, maxWaitTimeMS=120000, maxConnectionLifeTimeMS=0, maxConnectionIdleTimeMS=0, maintenanceInitialDelayMS=0, maintenanceFrequencyMS=60000, connectionPoolListeners=[io.micrometer.core.instrument.binder.mongodb.MongoMetricsConnectionPoolListener@303fbc4], maxConnecting=2}, serverSettings=ServerSettings{heartbeatFrequencyMS=10000, minHeartbeatFrequencyMS=500, serverMonitoringMode=AUTO, serverListeners='[]', serverMonitorListeners='[]'}, sslSettings=SslSettings{enabled=false, invalidHostNameAllowed=false, context=null}, applicationName='null', compressorList=[], uuidRepresentation=JAVA_LEGACY, serverApi=null, autoEncryptionSettings=null, dnsClient=null, inetAddressResolver=null, contextProvider=null, timeoutMS=null} 
2025-04-28 14:53:58-796 [cluster-ClusterId{value='680fdcd617c4dc16ea6a1726', description='null'}-localhost:27017] INFO  org.mongodb.driver.cluster - Monitor thread successfully connected to server with description ServerDescription{address=localhost:27017, type=STANDALONE, cryptd=false, state=CONNECTED, ok=true, minWireVersion=0, maxWireVersion=25, maxDocumentSize=16777216, logicalSessionTimeoutMinutes=30, roundTripTimeNanos=53672900, minRoundTripTimeNanos=0} 
2025-04-28 14:53:59-774 [main] INFO  o.s.v.b.OptionalValidatorFactoryBean - Failed to set up a Bean Validation provider: jakarta.validation.NoProviderFoundException: Unable to create a Configuration, because no Jakarta Bean Validation provider could be found. Add a provider like Hibernate Validator (RI) to your classpath. 
2025-04-28 14:54:00-981 [main] INFO  o.s.b.a.e.web.EndpointLinksResolver - Exposing 2 endpoints beneath base path '/actuator' 
2025-04-28 14:54:01-479 [main] INFO  o.s.c.n.e.c.DiscoveryClientOptionalArgsConfiguration - Eureka HTTP Client uses RestTemplate. 
2025-04-28 14:54:01-519 [main] WARN  o.s.c.l.c.LoadBalancerCacheAutoConfiguration$LoadBalancerCaffeineWarnLogger - Spring Cloud LoadBalancer is currently working with the default cache. While this cache implementation is useful for development and tests, it's recommended to use Caffeine cache in production.You can switch to using Caffeine cache, by adding it and org.springframework.cache.caffeine.CaffeineCacheManager to the classpath. 
2025-04-28 14:54:01-649 [main] INFO  o.a.k.c.consumer.ConsumerConfig - ConsumerConfig values: 
	allow.auto.create.topics = true
	auto.commit.interval.ms = 5000
	auto.include.jmx.reporter = true
	auto.offset.reset = latest
	bootstrap.servers = [localhost:29092]
	check.crcs = true
	client.dns.lookup = use_all_dns_ips
	client.id = consumer-bootcoin-group-1
	client.rack = 
	connections.max.idle.ms = 540000
	default.api.timeout.ms = 60000
	enable.auto.commit = false
	enable.metrics.push = true
	exclude.internal.topics = true
	fetch.max.bytes = 52428800
	fetch.max.wait.ms = 500
	fetch.min.bytes = 1
	group.id = bootcoin-group
	group.instance.id = null
	group.protocol = classic
	group.remote.assignor = null
	heartbeat.interval.ms = 3000
	interceptor.classes = []
	internal.leave.group.on.close = true
	internal.throw.on.fetch.stable.offset.unsupported = false
	isolation.level = read_uncommitted
	key.deserializer = class org.apache.kafka.common.serialization.StringDeserializer
	max.partition.fetch.bytes = 1048576
	max.poll.interval.ms = 300000
	max.poll.records = 500
	metadata.max.age.ms = 300000
	metadata.recovery.strategy = none
	metric.reporters = []
	metrics.num.samples = 2
	metrics.recording.level = INFO
	metrics.sample.window.ms = 30000
	partition.assignment.strategy = [class org.apache.kafka.clients.consumer.RangeAssignor, class org.apache.kafka.clients.consumer.CooperativeStickyAssignor]
	receive.buffer.bytes = 65536
	reconnect.backoff.max.ms = 1000
	reconnect.backoff.ms = 50
	request.timeout.ms = 30000
	retry.backoff.max.ms = 1000
	retry.backoff.ms = 100
	sasl.client.callback.handler.class = null
	sasl.jaas.config = null
	sasl.kerberos.kinit.cmd = /usr/bin/kinit
	sasl.kerberos.min.time.before.relogin = 60000
	sasl.kerberos.service.name = null
	sasl.kerberos.ticket.renew.jitter = 0.05
	sasl.kerberos.ticket.renew.window.factor = 0.8
	sasl.login.callback.handler.class = null
	sasl.login.class = null
	sasl.login.connect.timeout.ms = null
	sasl.login.read.timeout.ms = null
	sasl.login.refresh.buffer.seconds = 300
	sasl.login.refresh.min.period.seconds = 60
	sasl.login.refresh.window.factor = 0.8
	sasl.login.refresh.window.jitter = 0.05
	sasl.login.retry.backoff.max.ms = 10000
	sasl.login.retry.backoff.ms = 100
	sasl.mechanism = GSSAPI
	sasl.oauthbearer.clock.skew.seconds = 30
	sasl.oauthbearer.expected.audience = null
	sasl.oauthbearer.expected.issuer = null
	sasl.oauthbearer.jwks.endpoint.refresh.ms = 3600000
	sasl.oauthbearer.jwks.endpoint.retry.backoff.max.ms = 10000
	sasl.oauthbearer.jwks.endpoint.retry.backoff.ms = 100
	sasl.oauthbearer.jwks.endpoint.url = null
	sasl.oauthbearer.scope.claim.name = scope
	sasl.oauthbearer.sub.claim.name = sub
	sasl.oauthbearer.token.endpoint.url = null
	security.protocol = PLAINTEXT
	security.providers = null
	send.buffer.bytes = 131072
	session.timeout.ms = 45000
	socket.connection.setup.timeout.max.ms = 30000
	socket.connection.setup.timeout.ms = 10000
	ssl.cipher.suites = null
	ssl.enabled.protocols = [TLSv1.2, TLSv1.3]
	ssl.endpoint.identification.algorithm = https
	ssl.engine.factory.class = null
	ssl.key.password = null
	ssl.keymanager.algorithm = SunX509
	ssl.keystore.certificate.chain = null
	ssl.keystore.key = null
	ssl.keystore.location = null
	ssl.keystore.password = null
	ssl.keystore.type = JKS
	ssl.protocol = TLSv1.3
	ssl.provider = null
	ssl.secure.random.implementation = null
	ssl.trustmanager.algorithm = PKIX
	ssl.truststore.certificates = null
	ssl.truststore.location = null
	ssl.truststore.password = null
	ssl.truststore.type = JKS
	value.deserializer = class org.apache.kafka.common.serialization.StringDeserializer
 
2025-04-28 14:54:01-707 [main] INFO  o.a.k.c.t.i.KafkaMetricsCollector - initializing Kafka metrics collector 
2025-04-28 14:54:01-822 [main] INFO  o.a.kafka.common.utils.AppInfoParser - Kafka version: 3.8.1 
2025-04-28 14:54:01-824 [main] INFO  o.a.kafka.common.utils.AppInfoParser - Kafka commitId: 70d6ff42debf7e17 
2025-04-28 14:54:01-824 [main] INFO  o.a.kafka.common.utils.AppInfoParser - Kafka startTimeMs: 1745870041819 
2025-04-28 14:54:01-829 [main] INFO  o.a.k.c.c.i.LegacyKafkaConsumer - [Consumer clientId=consumer-bootcoin-group-1, groupId=bootcoin-group] Subscribed to topic(s): exchange-response 
2025-04-28 14:54:01-871 [main] INFO  o.s.c.n.eureka.InstanceInfoFactory - Setting initial instance status as: STARTING 
2025-04-28 14:54:01-907 [main] INFO  c.netflix.discovery.DiscoveryClient - Initializing Eureka in region us-east-1 
2025-04-28 14:54:01-914 [main] INFO  c.n.d.s.r.aws.ConfigClusterResolver - Resolving eureka endpoints via configuration 
2025-04-28 14:54:01-929 [main] INFO  c.netflix.discovery.DiscoveryClient - Disable delta property : false 
2025-04-28 14:54:01-929 [main] INFO  c.netflix.discovery.DiscoveryClient - Single vip registry refresh property : null 
2025-04-28 14:54:01-929 [main] INFO  c.netflix.discovery.DiscoveryClient - Force full registry fetch : false 
2025-04-28 14:54:01-930 [main] INFO  c.netflix.discovery.DiscoveryClient - Application is null : false 
2025-04-28 14:54:01-930 [main] INFO  c.netflix.discovery.DiscoveryClient - Registered Applications size is zero : true 
2025-04-28 14:54:01-930 [main] INFO  c.netflix.discovery.DiscoveryClient - Application version is -1: true 
2025-04-28 14:54:01-930 [main] INFO  c.netflix.discovery.DiscoveryClient - Getting all instance registry info from the eureka server 
2025-04-28 14:54:02-575 [repliesContainer-0-C-1] WARN  o.apache.kafka.clients.NetworkClient - [Consumer clientId=consumer-bootcoin-group-1, groupId=bootcoin-group] Error while fetching metadata with correlation id 2 : {exchange-response=LEADER_NOT_AVAILABLE} 
2025-04-28 14:54:02-579 [repliesContainer-0-C-1] INFO  org.apache.kafka.clients.Metadata - [Consumer clientId=consumer-bootcoin-group-1, groupId=bootcoin-group] Cluster ID: yc-UztFjR-GeZo8EA-lfWg 
2025-04-28 14:54:02-580 [main] INFO  c.netflix.discovery.DiscoveryClient - The response status is 200 
2025-04-28 14:54:02-585 [main] INFO  c.netflix.discovery.DiscoveryClient - Starting heartbeat executor: renew interval is: 30 
2025-04-28 14:54:02-590 [main] INFO  c.n.discovery.InstanceInfoReplicator - InstanceInfoReplicator onDemand update allowed rate per min is 4 
2025-04-28 14:54:02-594 [main] INFO  c.netflix.discovery.DiscoveryClient - Discovery Client initialized at timestamp 1745870042594 with initial instances count: 2 
2025-04-28 14:54:02-600 [main] INFO  o.s.c.n.e.s.EurekaServiceRegistry - Registering application EXCHANGE-BOOTCOIN-API with eureka with status UP 
2025-04-28 14:54:02-602 [main] INFO  c.netflix.discovery.DiscoveryClient - Saw local status change event StatusChangeEvent [timestamp=1745870042602, current=UP, previous=STARTING] 
2025-04-28 14:54:02-606 [DiscoveryClient-InstanceInfoReplicator-%d] INFO  c.netflix.discovery.DiscoveryClient - DiscoveryClient_EXCHANGE-BOOTCOIN-API/exchange-bootcoin-api:8809: registering service... 
2025-04-28 14:54:02-708 [DiscoveryClient-InstanceInfoReplicator-%d] INFO  c.netflix.discovery.DiscoveryClient - DiscoveryClient_EXCHANGE-BOOTCOIN-API/exchange-bootcoin-api:8809 - registration status: 204 
2025-04-28 14:54:02-722 [repliesContainer-0-C-1] WARN  o.apache.kafka.clients.NetworkClient - [Consumer clientId=consumer-bootcoin-group-1, groupId=bootcoin-group] Error while fetching metadata with correlation id 5 : {exchange-response=LEADER_NOT_AVAILABLE} 
2025-04-28 14:54:02-751 [main] INFO  o.s.b.w.e.netty.NettyWebServer - Netty started on port 8809 (http) 
2025-04-28 14:54:02-753 [main] INFO  o.s.c.n.e.s.EurekaAutoServiceRegistration - Updating port to 8809 
2025-04-28 14:54:02-898 [repliesContainer-0-C-1] WARN  o.apache.kafka.clients.NetworkClient - [Consumer clientId=consumer-bootcoin-group-1, groupId=bootcoin-group] Error while fetching metadata with correlation id 7 : {exchange-response=LEADER_NOT_AVAILABLE} 
2025-04-28 14:54:03-108 [main] INFO  o.a.k.c.consumer.ConsumerConfig - ConsumerConfig values: 
	allow.auto.create.topics = true
	auto.commit.interval.ms = 5000
	auto.include.jmx.reporter = true
	auto.offset.reset = latest
	bootstrap.servers = [localhost:29092]
	check.crcs = true
	client.dns.lookup = use_all_dns_ips
	client.id = consumer-bootcoin-group-2
	client.rack = 
	connections.max.idle.ms = 540000
	default.api.timeout.ms = 60000
	enable.auto.commit = false
	enable.metrics.push = true
	exclude.internal.topics = true
	fetch.max.bytes = 52428800
	fetch.max.wait.ms = 500
	fetch.min.bytes = 1
	group.id = bootcoin-group
	group.instance.id = null
	group.protocol = classic
	group.remote.assignor = null
	heartbeat.interval.ms = 3000
	interceptor.classes = []
	internal.leave.group.on.close = true
	internal.throw.on.fetch.stable.offset.unsupported = false
	isolation.level = read_uncommitted
	key.deserializer = class org.apache.kafka.common.serialization.StringDeserializer
	max.partition.fetch.bytes = 1048576
	max.poll.interval.ms = 300000
	max.poll.records = 500
	metadata.max.age.ms = 300000
	metadata.recovery.strategy = none
	metric.reporters = []
	metrics.num.samples = 2
	metrics.recording.level = INFO
	metrics.sample.window.ms = 30000
	partition.assignment.strategy = [class org.apache.kafka.clients.consumer.RangeAssignor, class org.apache.kafka.clients.consumer.CooperativeStickyAssignor]
	receive.buffer.bytes = 65536
	reconnect.backoff.max.ms = 1000
	reconnect.backoff.ms = 50
	request.timeout.ms = 30000
	retry.backoff.max.ms = 1000
	retry.backoff.ms = 100
	sasl.client.callback.handler.class = null
	sasl.jaas.config = null
	sasl.kerberos.kinit.cmd = /usr/bin/kinit
	sasl.kerberos.min.time.before.relogin = 60000
	sasl.kerberos.service.name = null
	sasl.kerberos.ticket.renew.jitter = 0.05
	sasl.kerberos.ticket.renew.window.factor = 0.8
	sasl.login.callback.handler.class = null
	sasl.login.class = null
	sasl.login.connect.timeout.ms = null
	sasl.login.read.timeout.ms = null
	sasl.login.refresh.buffer.seconds = 300
	sasl.login.refresh.min.period.seconds = 60
	sasl.login.refresh.window.factor = 0.8
	sasl.login.refresh.window.jitter = 0.05
	sasl.login.retry.backoff.max.ms = 10000
	sasl.login.retry.backoff.ms = 100
	sasl.mechanism = GSSAPI
	sasl.oauthbearer.clock.skew.seconds = 30
	sasl.oauthbearer.expected.audience = null
	sasl.oauthbearer.expected.issuer = null
	sasl.oauthbearer.jwks.endpoint.refresh.ms = 3600000
	sasl.oauthbearer.jwks.endpoint.retry.backoff.max.ms = 10000
	sasl.oauthbearer.jwks.endpoint.retry.backoff.ms = 100
	sasl.oauthbearer.jwks.endpoint.url = null
	sasl.oauthbearer.scope.claim.name = scope
	sasl.oauthbearer.sub.claim.name = sub
	sasl.oauthbearer.token.endpoint.url = null
	security.protocol = PLAINTEXT
	security.providers = null
	send.buffer.bytes = 131072
	session.timeout.ms = 45000
	socket.connection.setup.timeout.max.ms = 30000
	socket.connection.setup.timeout.ms = 10000
	ssl.cipher.suites = null
	ssl.enabled.protocols = [TLSv1.2, TLSv1.3]
	ssl.endpoint.identification.algorithm = https
	ssl.engine.factory.class = null
	ssl.key.password = null
	ssl.keymanager.algorithm = SunX509
	ssl.keystore.certificate.chain = null
	ssl.keystore.key = null
	ssl.keystore.location = null
	ssl.keystore.password = null
	ssl.keystore.type = JKS
	ssl.protocol = TLSv1.3
	ssl.provider = null
	ssl.secure.random.implementation = null
	ssl.trustmanager.algorithm = PKIX
	ssl.truststore.certificates = null
	ssl.truststore.location = null
	ssl.truststore.password = null
	ssl.truststore.type = JKS
	value.deserializer = class org.apache.kafka.common.serialization.StringDeserializer
 
2025-04-28 14:54:03-108 [main] INFO  o.a.k.c.t.i.KafkaMetricsCollector - initializing Kafka metrics collector 
2025-04-28 14:54:03-118 [main] INFO  o.a.kafka.common.utils.AppInfoParser - Kafka version: 3.8.1 
2025-04-28 14:54:03-118 [main] INFO  o.a.kafka.common.utils.AppInfoParser - Kafka commitId: 70d6ff42debf7e17 
2025-04-28 14:54:03-119 [main] INFO  o.a.kafka.common.utils.AppInfoParser - Kafka startTimeMs: 1745870043118 
2025-04-28 14:54:03-119 [main] INFO  o.a.k.c.c.i.LegacyKafkaConsumer - [Consumer clientId=consumer-bootcoin-group-2, groupId=bootcoin-group] Subscribed to topic(s): exchange-rate 
2025-04-28 14:54:03-123 [main] INFO  o.a.k.c.consumer.ConsumerConfig - ConsumerConfig values: 
	allow.auto.create.topics = true
	auto.commit.interval.ms = 5000
	auto.include.jmx.reporter = true
	auto.offset.reset = latest
	bootstrap.servers = [localhost:29092]
	check.crcs = true
	client.dns.lookup = use_all_dns_ips
	client.id = consumer-bootcoin-group-3
	client.rack = 
	connections.max.idle.ms = 540000
	default.api.timeout.ms = 60000
	enable.auto.commit = false
	enable.metrics.push = true
	exclude.internal.topics = true
	fetch.max.bytes = 52428800
	fetch.max.wait.ms = 500
	fetch.min.bytes = 1
	group.id = bootcoin-group
	group.instance.id = null
	group.protocol = classic
	group.remote.assignor = null
	heartbeat.interval.ms = 3000
	interceptor.classes = []
	internal.leave.group.on.close = true
	internal.throw.on.fetch.stable.offset.unsupported = false
	isolation.level = read_uncommitted
	key.deserializer = class org.apache.kafka.common.serialization.StringDeserializer
	max.partition.fetch.bytes = 1048576
	max.poll.interval.ms = 300000
	max.poll.records = 500
	metadata.max.age.ms = 300000
	metadata.recovery.strategy = none
	metric.reporters = []
	metrics.num.samples = 2
	metrics.recording.level = INFO
	metrics.sample.window.ms = 30000
	partition.assignment.strategy = [class org.apache.kafka.clients.consumer.RangeAssignor, class org.apache.kafka.clients.consumer.CooperativeStickyAssignor]
	receive.buffer.bytes = 65536
	reconnect.backoff.max.ms = 1000
	reconnect.backoff.ms = 50
	request.timeout.ms = 30000
	retry.backoff.max.ms = 1000
	retry.backoff.ms = 100
	sasl.client.callback.handler.class = null
	sasl.jaas.config = null
	sasl.kerberos.kinit.cmd = /usr/bin/kinit
	sasl.kerberos.min.time.before.relogin = 60000
	sasl.kerberos.service.name = null
	sasl.kerberos.ticket.renew.jitter = 0.05
	sasl.kerberos.ticket.renew.window.factor = 0.8
	sasl.login.callback.handler.class = null
	sasl.login.class = null
	sasl.login.connect.timeout.ms = null
	sasl.login.read.timeout.ms = null
	sasl.login.refresh.buffer.seconds = 300
	sasl.login.refresh.min.period.seconds = 60
	sasl.login.refresh.window.factor = 0.8
	sasl.login.refresh.window.jitter = 0.05
	sasl.login.retry.backoff.max.ms = 10000
	sasl.login.retry.backoff.ms = 100
	sasl.mechanism = GSSAPI
	sasl.oauthbearer.clock.skew.seconds = 30
	sasl.oauthbearer.expected.audience = null
	sasl.oauthbearer.expected.issuer = null
	sasl.oauthbearer.jwks.endpoint.refresh.ms = 3600000
	sasl.oauthbearer.jwks.endpoint.retry.backoff.max.ms = 10000
	sasl.oauthbearer.jwks.endpoint.retry.backoff.ms = 100
	sasl.oauthbearer.jwks.endpoint.url = null
	sasl.oauthbearer.scope.claim.name = scope
	sasl.oauthbearer.sub.claim.name = sub
	sasl.oauthbearer.token.endpoint.url = null
	security.protocol = PLAINTEXT
	security.providers = null
	send.buffer.bytes = 131072
	session.timeout.ms = 45000
	socket.connection.setup.timeout.max.ms = 30000
	socket.connection.setup.timeout.ms = 10000
	ssl.cipher.suites = null
	ssl.enabled.protocols = [TLSv1.2, TLSv1.3]
	ssl.endpoint.identification.algorithm = https
	ssl.engine.factory.class = null
	ssl.key.password = null
	ssl.keymanager.algorithm = SunX509
	ssl.keystore.certificate.chain = null
	ssl.keystore.key = null
	ssl.keystore.location = null
	ssl.keystore.password = null
	ssl.keystore.type = JKS
	ssl.protocol = TLSv1.3
	ssl.provider = null
	ssl.secure.random.implementation = null
	ssl.trustmanager.algorithm = PKIX
	ssl.truststore.certificates = null
	ssl.truststore.location = null
	ssl.truststore.password = null
	ssl.truststore.type = JKS
	value.deserializer = class org.apache.kafka.common.serialization.StringDeserializer
 
2025-04-28 14:54:03-124 [main] INFO  o.a.k.c.t.i.KafkaMetricsCollector - initializing Kafka metrics collector 
2025-04-28 14:54:03-133 [main] INFO  o.a.kafka.common.utils.AppInfoParser - Kafka version: 3.8.1 
2025-04-28 14:54:03-134 [main] INFO  o.a.kafka.common.utils.AppInfoParser - Kafka commitId: 70d6ff42debf7e17 
2025-04-28 14:54:03-134 [main] INFO  o.a.kafka.common.utils.AppInfoParser - Kafka startTimeMs: 1745870043133 
2025-04-28 14:54:03-135 [main] INFO  o.a.k.c.c.i.LegacyKafkaConsumer - [Consumer clientId=consumer-bootcoin-group-3, groupId=bootcoin-group] Subscribed to topic(s): exchange-request 
2025-04-28 14:54:03-136 [org.springframework.kafka.KafkaListenerEndpointContainer#0-0-C-1] WARN  o.apache.kafka.clients.NetworkClient - [Consumer clientId=consumer-bootcoin-group-2, groupId=bootcoin-group] Error while fetching metadata with correlation id 2 : {exchange-rate=LEADER_NOT_AVAILABLE} 
2025-04-28 14:54:03-136 [org.springframework.kafka.KafkaListenerEndpointContainer#0-0-C-1] INFO  org.apache.kafka.clients.Metadata - [Consumer clientId=consumer-bootcoin-group-2, groupId=bootcoin-group] Cluster ID: yc-UztFjR-GeZo8EA-lfWg 
2025-04-28 14:54:03-151 [org.springframework.kafka.KafkaListenerEndpointContainer#1-0-C-1] WARN  o.apache.kafka.clients.NetworkClient - [Consumer clientId=consumer-bootcoin-group-3, groupId=bootcoin-group] Error while fetching metadata with correlation id 2 : {exchange-request=LEADER_NOT_AVAILABLE} 
2025-04-28 14:54:03-151 [org.springframework.kafka.KafkaListenerEndpointContainer#1-0-C-1] INFO  org.apache.kafka.clients.Metadata - [Consumer clientId=consumer-bootcoin-group-3, groupId=bootcoin-group] Cluster ID: yc-UztFjR-GeZo8EA-lfWg 
2025-04-28 14:54:03-164 [main] INFO  c.b.e.a.ExchangeBootcoinApiApplication - Started ExchangeBootcoinApiApplication in 9.074 seconds (process running for 11.219) 
2025-04-28 14:54:03-263 [org.springframework.kafka.KafkaListenerEndpointContainer#0-0-C-1] WARN  o.apache.kafka.clients.NetworkClient - [Consumer clientId=consumer-bootcoin-group-2, groupId=bootcoin-group] Error while fetching metadata with correlation id 5 : {exchange-rate=LEADER_NOT_AVAILABLE} 
2025-04-28 14:54:03-272 [org.springframework.kafka.KafkaListenerEndpointContainer#1-0-C-1] WARN  o.apache.kafka.clients.NetworkClient - [Consumer clientId=consumer-bootcoin-group-3, groupId=bootcoin-group] Error while fetching metadata with correlation id 5 : {exchange-request=LEADER_NOT_AVAILABLE} 
2025-04-28 14:54:03-316 [repliesContainer-0-C-1] WARN  o.apache.kafka.clients.NetworkClient - [Consumer clientId=consumer-bootcoin-group-1, groupId=bootcoin-group] Error while fetching metadata with correlation id 9 : {exchange-response=LEADER_NOT_AVAILABLE} 
2025-04-28 14:54:03-456 [org.springframework.kafka.KafkaListenerEndpointContainer#0-0-C-1] WARN  o.apache.kafka.clients.NetworkClient - [Consumer clientId=consumer-bootcoin-group-2, groupId=bootcoin-group] Error while fetching metadata with correlation id 7 : {exchange-rate=LEADER_NOT_AVAILABLE} 
2025-04-28 14:54:03-509 [org.springframework.kafka.KafkaListenerEndpointContainer#1-0-C-1] WARN  o.apache.kafka.clients.NetworkClient - [Consumer clientId=consumer-bootcoin-group-3, groupId=bootcoin-group] Error while fetching metadata with correlation id 7 : {exchange-request=LEADER_NOT_AVAILABLE} 
2025-04-28 14:54:03-889 [org.springframework.kafka.KafkaListenerEndpointContainer#0-0-C-1] WARN  o.apache.kafka.clients.NetworkClient - [Consumer clientId=consumer-bootcoin-group-2, groupId=bootcoin-group] Error while fetching metadata with correlation id 9 : {exchange-rate=LEADER_NOT_AVAILABLE} 
2025-04-28 14:54:03-918 [org.springframework.kafka.KafkaListenerEndpointContainer#1-0-C-1] WARN  o.apache.kafka.clients.NetworkClient - [Consumer clientId=consumer-bootcoin-group-3, groupId=bootcoin-group] Error while fetching metadata with correlation id 9 : {exchange-request=LEADER_NOT_AVAILABLE} 
2025-04-28 14:54:04-088 [repliesContainer-0-C-1] WARN  o.apache.kafka.clients.NetworkClient - [Consumer clientId=consumer-bootcoin-group-1, groupId=bootcoin-group] Error while fetching metadata with correlation id 11 : {exchange-response=LEADER_NOT_AVAILABLE} 
2025-04-28 14:54:04-646 [org.springframework.kafka.KafkaListenerEndpointContainer#1-0-C-1] WARN  o.apache.kafka.clients.NetworkClient - [Consumer clientId=consumer-bootcoin-group-3, groupId=bootcoin-group] Error while fetching metadata with correlation id 11 : {exchange-request=LEADER_NOT_AVAILABLE} 
2025-04-28 14:54:04-747 [org.springframework.kafka.KafkaListenerEndpointContainer#0-0-C-1] WARN  o.apache.kafka.clients.NetworkClient - [Consumer clientId=consumer-bootcoin-group-2, groupId=bootcoin-group] Error while fetching metadata with correlation id 11 : {exchange-rate=LEADER_NOT_AVAILABLE} 
2025-04-28 14:54:05-095 [repliesContainer-0-C-1] WARN  o.apache.kafka.clients.NetworkClient - [Consumer clientId=consumer-bootcoin-group-1, groupId=bootcoin-group] Error while fetching metadata with correlation id 13 : {exchange-response=LEADER_NOT_AVAILABLE} 
2025-04-28 14:54:05-653 [org.springframework.kafka.KafkaListenerEndpointContainer#1-0-C-1] WARN  o.apache.kafka.clients.NetworkClient - [Consumer clientId=consumer-bootcoin-group-3, groupId=bootcoin-group] Error while fetching metadata with correlation id 13 : {exchange-request=LEADER_NOT_AVAILABLE} 
2025-04-28 14:54:05-750 [org.springframework.kafka.KafkaListenerEndpointContainer#0-0-C-1] WARN  o.apache.kafka.clients.NetworkClient - [Consumer clientId=consumer-bootcoin-group-2, groupId=bootcoin-group] Error while fetching metadata with correlation id 13 : {exchange-rate=LEADER_NOT_AVAILABLE} 
2025-04-28 14:54:06-103 [repliesContainer-0-C-1] WARN  o.apache.kafka.clients.NetworkClient - [Consumer clientId=consumer-bootcoin-group-1, groupId=bootcoin-group] Error while fetching metadata with correlation id 15 : {exchange-response=LEADER_NOT_AVAILABLE} 
2025-04-28 14:54:06-639 [org.springframework.kafka.KafkaListenerEndpointContainer#1-0-C-1] WARN  o.apache.kafka.clients.NetworkClient - [Consumer clientId=consumer-bootcoin-group-3, groupId=bootcoin-group] Error while fetching metadata with correlation id 15 : {exchange-request=LEADER_NOT_AVAILABLE} 
2025-04-28 14:54:06-757 [org.springframework.kafka.KafkaListenerEndpointContainer#0-0-C-1] WARN  o.apache.kafka.clients.NetworkClient - [Consumer clientId=consumer-bootcoin-group-2, groupId=bootcoin-group] Error while fetching metadata with correlation id 15 : {exchange-rate=LEADER_NOT_AVAILABLE} 
2025-04-28 14:54:07-083 [repliesContainer-0-C-1] WARN  o.apache.kafka.clients.NetworkClient - [Consumer clientId=consumer-bootcoin-group-1, groupId=bootcoin-group] Error while fetching metadata with correlation id 18 : {exchange-response=LEADER_NOT_AVAILABLE} 
2025-04-28 14:54:07-599 [org.springframework.kafka.KafkaListenerEndpointContainer#1-0-C-1] WARN  o.apache.kafka.clients.NetworkClient - [Consumer clientId=consumer-bootcoin-group-3, groupId=bootcoin-group] Error while fetching metadata with correlation id 17 : {exchange-request=LEADER_NOT_AVAILABLE} 
2025-04-28 14:54:07-762 [org.springframework.kafka.KafkaListenerEndpointContainer#0-0-C-1] WARN  o.apache.kafka.clients.NetworkClient - [Consumer clientId=consumer-bootcoin-group-2, groupId=bootcoin-group] Error while fetching metadata with correlation id 17 : {exchange-rate=LEADER_NOT_AVAILABLE} 
2025-04-28 14:54:08-086 [repliesContainer-0-C-1] WARN  o.apache.kafka.clients.NetworkClient - [Consumer clientId=consumer-bootcoin-group-1, groupId=bootcoin-group] Error while fetching metadata with correlation id 20 : {exchange-response=LEADER_NOT_AVAILABLE} 
2025-04-28 14:54:08-607 [org.springframework.kafka.KafkaListenerEndpointContainer#1-0-C-1] WARN  o.apache.kafka.clients.NetworkClient - [Consumer clientId=consumer-bootcoin-group-3, groupId=bootcoin-group] Error while fetching metadata with correlation id 20 : {exchange-request=LEADER_NOT_AVAILABLE} 
2025-04-28 14:54:08-767 [org.springframework.kafka.KafkaListenerEndpointContainer#0-0-C-1] WARN  o.apache.kafka.clients.NetworkClient - [Consumer clientId=consumer-bootcoin-group-2, groupId=bootcoin-group] Error while fetching metadata with correlation id 20 : {exchange-rate=LEADER_NOT_AVAILABLE} 
2025-04-28 14:54:08-984 [repliesContainer-0-C-1] WARN  o.apache.kafka.clients.NetworkClient - [Consumer clientId=consumer-bootcoin-group-1, groupId=bootcoin-group] Error while fetching metadata with correlation id 22 : {exchange-response=LEADER_NOT_AVAILABLE} 
2025-04-28 14:54:09-534 [org.springframework.kafka.KafkaListenerEndpointContainer#1-0-C-1] WARN  o.apache.kafka.clients.NetworkClient - [Consumer clientId=consumer-bootcoin-group-3, groupId=bootcoin-group] Error while fetching metadata with correlation id 22 : {exchange-request=LEADER_NOT_AVAILABLE} 
2025-04-28 14:54:09-702 [org.springframework.kafka.KafkaListenerEndpointContainer#0-0-C-1] WARN  o.apache.kafka.clients.NetworkClient - [Consumer clientId=consumer-bootcoin-group-2, groupId=bootcoin-group] Error while fetching metadata with correlation id 22 : {exchange-rate=LEADER_NOT_AVAILABLE} 
2025-04-28 14:54:09-959 [repliesContainer-0-C-1] WARN  o.apache.kafka.clients.NetworkClient - [Consumer clientId=consumer-bootcoin-group-1, groupId=bootcoin-group] Error while fetching metadata with correlation id 24 : {exchange-response=LEADER_NOT_AVAILABLE} 
2025-04-28 14:54:10-469 [org.springframework.kafka.KafkaListenerEndpointContainer#1-0-C-1] WARN  o.apache.kafka.clients.NetworkClient - [Consumer clientId=consumer-bootcoin-group-3, groupId=bootcoin-group] Error while fetching metadata with correlation id 24 : {exchange-request=LEADER_NOT_AVAILABLE} 
2025-04-28 14:54:10-705 [org.springframework.kafka.KafkaListenerEndpointContainer#0-0-C-1] WARN  o.apache.kafka.clients.NetworkClient - [Consumer clientId=consumer-bootcoin-group-2, groupId=bootcoin-group] Error while fetching metadata with correlation id 24 : {exchange-rate=LEADER_NOT_AVAILABLE} 
2025-04-28 14:54:10-968 [repliesContainer-0-C-1] WARN  o.apache.kafka.clients.NetworkClient - [Consumer clientId=consumer-bootcoin-group-1, groupId=bootcoin-group] Error while fetching metadata with correlation id 26 : {exchange-response=LEADER_NOT_AVAILABLE} 
2025-04-28 14:54:11-472 [org.springframework.kafka.KafkaListenerEndpointContainer#1-0-C-1] WARN  o.apache.kafka.clients.NetworkClient - [Consumer clientId=consumer-bootcoin-group-3, groupId=bootcoin-group] Error while fetching metadata with correlation id 26 : {exchange-request=LEADER_NOT_AVAILABLE} 
2025-04-28 14:54:11-674 [org.springframework.kafka.KafkaListenerEndpointContainer#0-0-C-1] WARN  o.apache.kafka.clients.NetworkClient - [Consumer clientId=consumer-bootcoin-group-2, groupId=bootcoin-group] Error while fetching metadata with correlation id 26 : {exchange-rate=LEADER_NOT_AVAILABLE} 
2025-04-28 14:54:11-949 [repliesContainer-0-C-1] WARN  o.apache.kafka.clients.NetworkClient - [Consumer clientId=consumer-bootcoin-group-1, groupId=bootcoin-group] Error while fetching metadata with correlation id 29 : {exchange-response=LEADER_NOT_AVAILABLE} 
2025-04-28 14:54:12-480 [org.springframework.kafka.KafkaListenerEndpointContainer#1-0-C-1] WARN  o.apache.kafka.clients.NetworkClient - [Consumer clientId=consumer-bootcoin-group-3, groupId=bootcoin-group] Error while fetching metadata with correlation id 28 : {exchange-request=LEADER_NOT_AVAILABLE} 
2025-04-28 14:54:12-684 [org.springframework.kafka.KafkaListenerEndpointContainer#0-0-C-1] WARN  o.apache.kafka.clients.NetworkClient - [Consumer clientId=consumer-bootcoin-group-2, groupId=bootcoin-group] Error while fetching metadata with correlation id 28 : {exchange-rate=LEADER_NOT_AVAILABLE} 
2025-04-28 14:54:12-861 [repliesContainer-0-C-1] WARN  o.apache.kafka.clients.NetworkClient - [Consumer clientId=consumer-bootcoin-group-1, groupId=bootcoin-group] Error while fetching metadata with correlation id 31 : {exchange-response=LEADER_NOT_AVAILABLE} 
2025-04-28 14:54:13-490 [org.springframework.kafka.KafkaListenerEndpointContainer#1-0-C-1] WARN  o.apache.kafka.clients.NetworkClient - [Consumer clientId=consumer-bootcoin-group-3, groupId=bootcoin-group] Error while fetching metadata with correlation id 31 : {exchange-request=LEADER_NOT_AVAILABLE} 
2025-04-28 14:54:13-650 [org.springframework.kafka.KafkaListenerEndpointContainer#0-0-C-1] WARN  o.apache.kafka.clients.NetworkClient - [Consumer clientId=consumer-bootcoin-group-2, groupId=bootcoin-group] Error while fetching metadata with correlation id 31 : {exchange-rate=LEADER_NOT_AVAILABLE} 
2025-04-28 14:54:13-819 [repliesContainer-0-C-1] WARN  o.apache.kafka.clients.NetworkClient - [Consumer clientId=consumer-bootcoin-group-1, groupId=bootcoin-group] Error while fetching metadata with correlation id 33 : {exchange-response=LEADER_NOT_AVAILABLE} 
2025-04-28 14:54:14-494 [org.springframework.kafka.KafkaListenerEndpointContainer#1-0-C-1] WARN  o.apache.kafka.clients.NetworkClient - [Consumer clientId=consumer-bootcoin-group-3, groupId=bootcoin-group] Error while fetching metadata with correlation id 33 : {exchange-request=LEADER_NOT_AVAILABLE} 
2025-04-28 14:54:14-565 [org.springframework.kafka.KafkaListenerEndpointContainer#0-0-C-1] WARN  o.apache.kafka.clients.NetworkClient - [Consumer clientId=consumer-bootcoin-group-2, groupId=bootcoin-group] Error while fetching metadata with correlation id 33 : {exchange-rate=LEADER_NOT_AVAILABLE} 
2025-04-28 14:54:14-758 [repliesContainer-0-C-1] WARN  o.apache.kafka.clients.NetworkClient - [Consumer clientId=consumer-bootcoin-group-1, groupId=bootcoin-group] Error while fetching metadata with correlation id 35 : {exchange-response=LEADER_NOT_AVAILABLE} 
2025-04-28 14:54:15-322 [org.springframework.kafka.KafkaListenerEndpointContainer#1-0-C-1] WARN  o.apache.kafka.clients.NetworkClient - [Consumer clientId=consumer-bootcoin-group-3, groupId=bootcoin-group] Error while fetching metadata with correlation id 35 : {exchange-request=LEADER_NOT_AVAILABLE} 
2025-04-28 14:54:15-538 [org.springframework.kafka.KafkaListenerEndpointContainer#0-0-C-1] WARN  o.apache.kafka.clients.NetworkClient - [Consumer clientId=consumer-bootcoin-group-2, groupId=bootcoin-group] Error while fetching metadata with correlation id 35 : {exchange-rate=LEADER_NOT_AVAILABLE} 
2025-04-28 14:54:15-823 [repliesContainer-0-C-1] WARN  o.apache.kafka.clients.NetworkClient - [Consumer clientId=consumer-bootcoin-group-1, groupId=bootcoin-group] Error while fetching metadata with correlation id 37 : {exchange-response=LEADER_NOT_AVAILABLE} 
2025-04-28 14:54:16-295 [org.springframework.kafka.KafkaListenerEndpointContainer#1-0-C-1] WARN  o.apache.kafka.clients.NetworkClient - [Consumer clientId=consumer-bootcoin-group-3, groupId=bootcoin-group] Error while fetching metadata with correlation id 37 : {exchange-request=LEADER_NOT_AVAILABLE} 
2025-04-28 14:54:16-542 [org.springframework.kafka.KafkaListenerEndpointContainer#0-0-C-1] WARN  o.apache.kafka.clients.NetworkClient - [Consumer clientId=consumer-bootcoin-group-2, groupId=bootcoin-group] Error while fetching metadata with correlation id 37 : {exchange-rate=LEADER_NOT_AVAILABLE} 
2025-04-28 14:54:16-737 [repliesContainer-0-C-1] WARN  o.apache.kafka.clients.NetworkClient - [Consumer clientId=consumer-bootcoin-group-1, groupId=bootcoin-group] Error while fetching metadata with correlation id 39 : {exchange-response=LEADER_NOT_AVAILABLE} 
2025-04-28 14:54:17-304 [org.springframework.kafka.KafkaListenerEndpointContainer#1-0-C-1] WARN  o.apache.kafka.clients.NetworkClient - [Consumer clientId=consumer-bootcoin-group-3, groupId=bootcoin-group] Error while fetching metadata with correlation id 39 : {exchange-request=LEADER_NOT_AVAILABLE} 
2025-04-28 14:54:17-547 [org.springframework.kafka.KafkaListenerEndpointContainer#0-0-C-1] WARN  o.apache.kafka.clients.NetworkClient - [Consumer clientId=consumer-bootcoin-group-2, groupId=bootcoin-group] Error while fetching metadata with correlation id 39 : {exchange-rate=LEADER_NOT_AVAILABLE} 
2025-04-28 14:54:17-741 [repliesContainer-0-C-1] WARN  o.apache.kafka.clients.NetworkClient - [Consumer clientId=consumer-bootcoin-group-1, groupId=bootcoin-group] Error while fetching metadata with correlation id 42 : {exchange-response=LEADER_NOT_AVAILABLE} 
2025-04-28 14:54:18-257 [org.springframework.kafka.KafkaListenerEndpointContainer#1-0-C-1] WARN  o.apache.kafka.clients.NetworkClient - [Consumer clientId=consumer-bootcoin-group-3, groupId=bootcoin-group] Error while fetching metadata with correlation id 42 : {exchange-request=LEADER_NOT_AVAILABLE} 
2025-04-28 14:54:18-558 [org.springframework.kafka.KafkaListenerEndpointContainer#0-0-C-1] WARN  o.apache.kafka.clients.NetworkClient - [Consumer clientId=consumer-bootcoin-group-2, groupId=bootcoin-group] Error while fetching metadata with correlation id 42 : {exchange-rate=LEADER_NOT_AVAILABLE} 
2025-04-28 14:54:18-665 [repliesContainer-0-C-1] WARN  o.apache.kafka.clients.NetworkClient - [Consumer clientId=consumer-bootcoin-group-1, groupId=bootcoin-group] Error while fetching metadata with correlation id 44 : {exchange-response=LEADER_NOT_AVAILABLE} 
2025-04-28 14:54:19-269 [org.springframework.kafka.KafkaListenerEndpointContainer#1-0-C-1] WARN  o.apache.kafka.clients.NetworkClient - [Consumer clientId=consumer-bootcoin-group-3, groupId=bootcoin-group] Error while fetching metadata with correlation id 44 : {exchange-request=LEADER_NOT_AVAILABLE} 
2025-04-28 14:54:19-477 [org.springframework.kafka.KafkaListenerEndpointContainer#0-0-C-1] WARN  o.apache.kafka.clients.NetworkClient - [Consumer clientId=consumer-bootcoin-group-2, groupId=bootcoin-group] Error while fetching metadata with correlation id 44 : {exchange-rate=LEADER_NOT_AVAILABLE} 
2025-04-28 14:54:19-669 [repliesContainer-0-C-1] WARN  o.apache.kafka.clients.NetworkClient - [Consumer clientId=consumer-bootcoin-group-1, groupId=bootcoin-group] Error while fetching metadata with correlation id 46 : {exchange-response=LEADER_NOT_AVAILABLE} 
2025-04-28 14:54:20-273 [org.springframework.kafka.KafkaListenerEndpointContainer#1-0-C-1] WARN  o.apache.kafka.clients.NetworkClient - [Consumer clientId=consumer-bootcoin-group-3, groupId=bootcoin-group] Error while fetching metadata with correlation id 46 : {exchange-request=LEADER_NOT_AVAILABLE} 
2025-04-28 14:54:20-350 [org.springframework.kafka.KafkaListenerEndpointContainer#0-0-C-1] WARN  o.apache.kafka.clients.NetworkClient - [Consumer clientId=consumer-bootcoin-group-2, groupId=bootcoin-group] Error while fetching metadata with correlation id 46 : {exchange-rate=LEADER_NOT_AVAILABLE} 
2025-04-28 14:54:20-556 [repliesContainer-0-C-1] WARN  o.apache.kafka.clients.NetworkClient - [Consumer clientId=consumer-bootcoin-group-1, groupId=bootcoin-group] Error while fetching metadata with correlation id 48 : {exchange-response=LEADER_NOT_AVAILABLE} 
2025-04-28 14:54:21-241 [org.springframework.kafka.KafkaListenerEndpointContainer#1-0-C-1] WARN  o.apache.kafka.clients.NetworkClient - [Consumer clientId=consumer-bootcoin-group-3, groupId=bootcoin-group] Error while fetching metadata with correlation id 48 : {exchange-request=LEADER_NOT_AVAILABLE} 
2025-04-28 14:54:21-298 [org.springframework.kafka.KafkaListenerEndpointContainer#0-0-C-1] WARN  o.apache.kafka.clients.NetworkClient - [Consumer clientId=consumer-bootcoin-group-2, groupId=bootcoin-group] Error while fetching metadata with correlation id 48 : {exchange-rate=LEADER_NOT_AVAILABLE} 
2025-04-28 14:54:21-563 [repliesContainer-0-C-1] WARN  o.apache.kafka.clients.NetworkClient - [Consumer clientId=consumer-bootcoin-group-1, groupId=bootcoin-group] Error while fetching metadata with correlation id 50 : {exchange-response=LEADER_NOT_AVAILABLE} 
2025-04-28 14:54:22-264 [org.springframework.kafka.KafkaListenerEndpointContainer#1-0-C-1] WARN  o.apache.kafka.clients.NetworkClient - [Consumer clientId=consumer-bootcoin-group-3, groupId=bootcoin-group] Error while fetching metadata with correlation id 50 : {exchange-request=LEADER_NOT_AVAILABLE} 
2025-04-28 14:54:22-307 [org.springframework.kafka.KafkaListenerEndpointContainer#0-0-C-1] WARN  o.apache.kafka.clients.NetworkClient - [Consumer clientId=consumer-bootcoin-group-2, groupId=bootcoin-group] Error while fetching metadata with correlation id 50 : {exchange-rate=LEADER_NOT_AVAILABLE} 
2025-04-28 14:54:22-567 [repliesContainer-0-C-1] WARN  o.apache.kafka.clients.NetworkClient - [Consumer clientId=consumer-bootcoin-group-1, groupId=bootcoin-group] Error while fetching metadata with correlation id 53 : {exchange-response=LEADER_NOT_AVAILABLE} 
2025-04-28 14:54:23-232 [org.springframework.kafka.KafkaListenerEndpointContainer#0-0-C-1] WARN  o.apache.kafka.clients.NetworkClient - [Consumer clientId=consumer-bootcoin-group-2, groupId=bootcoin-group] Error while fetching metadata with correlation id 53 : {exchange-rate=LEADER_NOT_AVAILABLE} 
2025-04-28 14:54:23-283 [org.springframework.kafka.KafkaListenerEndpointContainer#1-0-C-1] WARN  o.apache.kafka.clients.NetworkClient - [Consumer clientId=consumer-bootcoin-group-3, groupId=bootcoin-group] Error while fetching metadata with correlation id 53 : {exchange-request=LEADER_NOT_AVAILABLE} 
2025-04-28 14:54:23-566 [repliesContainer-0-C-1] WARN  o.apache.kafka.clients.NetworkClient - [Consumer clientId=consumer-bootcoin-group-1, groupId=bootcoin-group] Error while fetching metadata with correlation id 55 : {exchange-response=LEADER_NOT_AVAILABLE} 
2025-04-28 14:54:24-247 [org.springframework.kafka.KafkaListenerEndpointContainer#0-0-C-1] WARN  o.apache.kafka.clients.NetworkClient - [Consumer clientId=consumer-bootcoin-group-2, groupId=bootcoin-group] Error while fetching metadata with correlation id 55 : {exchange-rate=LEADER_NOT_AVAILABLE} 
2025-04-28 14:54:24-261 [org.springframework.kafka.KafkaListenerEndpointContainer#1-0-C-1] WARN  o.apache.kafka.clients.NetworkClient - [Consumer clientId=consumer-bootcoin-group-3, groupId=bootcoin-group] Error while fetching metadata with correlation id 55 : {exchange-request=LEADER_NOT_AVAILABLE} 
2025-04-28 14:54:24-462 [repliesContainer-0-C-1] WARN  o.apache.kafka.clients.NetworkClient - [Consumer clientId=consumer-bootcoin-group-1, groupId=bootcoin-group] Error while fetching metadata with correlation id 57 : {exchange-response=LEADER_NOT_AVAILABLE} 
2025-04-28 14:54:25-227 [org.springframework.kafka.KafkaListenerEndpointContainer#0-0-C-1] WARN  o.apache.kafka.clients.NetworkClient - [Consumer clientId=consumer-bootcoin-group-2, groupId=bootcoin-group] Error while fetching metadata with correlation id 57 : {exchange-rate=LEADER_NOT_AVAILABLE} 
2025-04-28 14:54:25-252 [org.springframework.kafka.KafkaListenerEndpointContainer#1-0-C-1] WARN  o.apache.kafka.clients.NetworkClient - [Consumer clientId=consumer-bootcoin-group-3, groupId=bootcoin-group] Error while fetching metadata with correlation id 57 : {exchange-request=LEADER_NOT_AVAILABLE} 
2025-04-28 14:54:25-466 [repliesContainer-0-C-1] WARN  o.apache.kafka.clients.NetworkClient - [Consumer clientId=consumer-bootcoin-group-1, groupId=bootcoin-group] Error while fetching metadata with correlation id 59 : {exchange-response=LEADER_NOT_AVAILABLE} 
2025-04-28 14:54:26-202 [org.springframework.kafka.KafkaListenerEndpointContainer#1-0-C-1] WARN  o.apache.kafka.clients.NetworkClient - [Consumer clientId=consumer-bootcoin-group-3, groupId=bootcoin-group] Error while fetching metadata with correlation id 59 : {exchange-request=LEADER_NOT_AVAILABLE} 
2025-04-28 14:54:26-232 [org.springframework.kafka.KafkaListenerEndpointContainer#0-0-C-1] WARN  o.apache.kafka.clients.NetworkClient - [Consumer clientId=consumer-bootcoin-group-2, groupId=bootcoin-group] Error while fetching metadata with correlation id 59 : {exchange-rate=LEADER_NOT_AVAILABLE} 
2025-04-28 14:54:26-440 [repliesContainer-0-C-1] WARN  o.apache.kafka.clients.NetworkClient - [Consumer clientId=consumer-bootcoin-group-1, groupId=bootcoin-group] Error while fetching metadata with correlation id 61 : {exchange-response=LEADER_NOT_AVAILABLE} 
2025-04-28 14:54:27-208 [org.springframework.kafka.KafkaListenerEndpointContainer#1-0-C-1] WARN  o.apache.kafka.clients.NetworkClient - [Consumer clientId=consumer-bootcoin-group-3, groupId=bootcoin-group] Error while fetching metadata with correlation id 61 : {exchange-request=LEADER_NOT_AVAILABLE} 
2025-04-28 14:54:27-237 [org.springframework.kafka.KafkaListenerEndpointContainer#0-0-C-1] WARN  o.apache.kafka.clients.NetworkClient - [Consumer clientId=consumer-bootcoin-group-2, groupId=bootcoin-group] Error while fetching metadata with correlation id 61 : {exchange-rate=LEADER_NOT_AVAILABLE} 
2025-04-28 14:54:27-445 [repliesContainer-0-C-1] WARN  o.apache.kafka.clients.NetworkClient - [Consumer clientId=consumer-bootcoin-group-1, groupId=bootcoin-group] Error while fetching metadata with correlation id 64 : {exchange-response=LEADER_NOT_AVAILABLE} 
2025-04-28 14:54:28-229 [org.springframework.kafka.KafkaListenerEndpointContainer#1-0-C-1] WARN  o.apache.kafka.clients.NetworkClient - [Consumer clientId=consumer-bootcoin-group-3, groupId=bootcoin-group] Error while fetching metadata with correlation id 63 : {exchange-request=LEADER_NOT_AVAILABLE} 
2025-04-28 14:54:28-251 [org.springframework.kafka.KafkaListenerEndpointContainer#0-0-C-1] WARN  o.apache.kafka.clients.NetworkClient - [Consumer clientId=consumer-bootcoin-group-2, groupId=bootcoin-group] Error while fetching metadata with correlation id 64 : {exchange-rate=LEADER_NOT_AVAILABLE} 
2025-04-28 14:54:28-450 [repliesContainer-0-C-1] WARN  o.apache.kafka.clients.NetworkClient - [Consumer clientId=consumer-bootcoin-group-1, groupId=bootcoin-group] Error while fetching metadata with correlation id 66 : {exchange-response=LEADER_NOT_AVAILABLE} 
2025-04-28 14:54:29-205 [org.springframework.kafka.KafkaListenerEndpointContainer#0-0-C-1] WARN  o.apache.kafka.clients.NetworkClient - [Consumer clientId=consumer-bootcoin-group-2, groupId=bootcoin-group] Error while fetching metadata with correlation id 66 : {exchange-rate=LEADER_NOT_AVAILABLE} 
2025-04-28 14:54:29-234 [org.springframework.kafka.KafkaListenerEndpointContainer#1-0-C-1] WARN  o.apache.kafka.clients.NetworkClient - [Consumer clientId=consumer-bootcoin-group-3, groupId=bootcoin-group] Error while fetching metadata with correlation id 65 : {exchange-request=LEADER_NOT_AVAILABLE} 
2025-04-28 14:54:29-452 [repliesContainer-0-C-1] WARN  o.apache.kafka.clients.NetworkClient - [Consumer clientId=consumer-bootcoin-group-1, groupId=bootcoin-group] Error while fetching metadata with correlation id 68 : {exchange-response=LEADER_NOT_AVAILABLE} 
2025-04-28 14:54:30-145 [org.springframework.kafka.KafkaListenerEndpointContainer#0-0-C-1] WARN  o.apache.kafka.clients.NetworkClient - [Consumer clientId=consumer-bootcoin-group-2, groupId=bootcoin-group] Error while fetching metadata with correlation id 68 : {exchange-rate=LEADER_NOT_AVAILABLE} 
2025-04-28 14:54:30-239 [org.springframework.kafka.KafkaListenerEndpointContainer#1-0-C-1] WARN  o.apache.kafka.clients.NetworkClient - [Consumer clientId=consumer-bootcoin-group-3, groupId=bootcoin-group] Error while fetching metadata with correlation id 67 : {exchange-request=LEADER_NOT_AVAILABLE} 
2025-04-28 14:54:30-441 [repliesContainer-0-C-1] WARN  o.apache.kafka.clients.NetworkClient - [Consumer clientId=consumer-bootcoin-group-1, groupId=bootcoin-group] Error while fetching metadata with correlation id 70 : {exchange-response=LEADER_NOT_AVAILABLE} 
2025-04-28 14:54:31-064 [org.springframework.kafka.KafkaListenerEndpointContainer#0-0-C-1] WARN  o.apache.kafka.clients.NetworkClient - [Consumer clientId=consumer-bootcoin-group-2, groupId=bootcoin-group] Error while fetching metadata with correlation id 70 : {exchange-rate=LEADER_NOT_AVAILABLE} 
2025-04-28 14:54:31-233 [org.springframework.kafka.KafkaListenerEndpointContainer#1-0-C-1] WARN  o.apache.kafka.clients.NetworkClient - [Consumer clientId=consumer-bootcoin-group-3, groupId=bootcoin-group] Error while fetching metadata with correlation id 69 : {exchange-request=LEADER_NOT_AVAILABLE} 
2025-04-28 14:54:31-450 [repliesContainer-0-C-1] WARN  o.apache.kafka.clients.NetworkClient - [Consumer clientId=consumer-bootcoin-group-1, groupId=bootcoin-group] Error while fetching metadata with correlation id 72 : {exchange-response=LEADER_NOT_AVAILABLE} 
2025-04-28 14:54:32-067 [org.springframework.kafka.KafkaListenerEndpointContainer#0-0-C-1] WARN  o.apache.kafka.clients.NetworkClient - [Consumer clientId=consumer-bootcoin-group-2, groupId=bootcoin-group] Error while fetching metadata with correlation id 72 : {exchange-rate=LEADER_NOT_AVAILABLE} 
2025-04-28 14:54:32-177 [org.springframework.kafka.KafkaListenerEndpointContainer#1-0-C-1] WARN  o.apache.kafka.clients.NetworkClient - [Consumer clientId=consumer-bootcoin-group-3, groupId=bootcoin-group] Error while fetching metadata with correlation id 71 : {exchange-request=LEADER_NOT_AVAILABLE} 
2025-04-28 14:54:32-362 [repliesContainer-0-C-1] WARN  o.apache.kafka.clients.NetworkClient - [Consumer clientId=consumer-bootcoin-group-1, groupId=bootcoin-group] Error while fetching metadata with correlation id 75 : {exchange-response=LEADER_NOT_AVAILABLE} 
2025-04-28 14:54:33-073 [org.springframework.kafka.KafkaListenerEndpointContainer#0-0-C-1] WARN  o.apache.kafka.clients.NetworkClient - [Consumer clientId=consumer-bootcoin-group-2, groupId=bootcoin-group] Error while fetching metadata with correlation id 74 : {exchange-rate=LEADER_NOT_AVAILABLE} 
2025-04-28 14:54:33-269 [org.springframework.kafka.KafkaListenerEndpointContainer#1-0-C-1] WARN  o.apache.kafka.clients.NetworkClient - [Consumer clientId=consumer-bootcoin-group-3, groupId=bootcoin-group] Error while fetching metadata with correlation id 73 : {exchange-request=LEADER_NOT_AVAILABLE} 
2025-04-28 14:54:33-360 [repliesContainer-0-C-1] WARN  o.apache.kafka.clients.NetworkClient - [Consumer clientId=consumer-bootcoin-group-1, groupId=bootcoin-group] Error while fetching metadata with correlation id 77 : {exchange-response=LEADER_NOT_AVAILABLE} 
2025-04-28 14:54:34-070 [org.springframework.kafka.KafkaListenerEndpointContainer#0-0-C-1] WARN  o.apache.kafka.clients.NetworkClient - [Consumer clientId=consumer-bootcoin-group-2, groupId=bootcoin-group] Error while fetching metadata with correlation id 77 : {exchange-rate=LEADER_NOT_AVAILABLE} 
2025-04-28 14:54:34-215 [org.springframework.kafka.KafkaListenerEndpointContainer#1-0-C-1] WARN  o.apache.kafka.clients.NetworkClient - [Consumer clientId=consumer-bootcoin-group-3, groupId=bootcoin-group] Error while fetching metadata with correlation id 75 : {exchange-request=LEADER_NOT_AVAILABLE} 
2025-04-28 14:54:34-367 [repliesContainer-0-C-1] WARN  o.apache.kafka.clients.NetworkClient - [Consumer clientId=consumer-bootcoin-group-1, groupId=bootcoin-group] Error while fetching metadata with correlation id 79 : {exchange-response=LEADER_NOT_AVAILABLE} 
2025-04-28 14:54:34-954 [org.springframework.kafka.KafkaListenerEndpointContainer#0-0-C-1] WARN  o.apache.kafka.clients.NetworkClient - [Consumer clientId=consumer-bootcoin-group-2, groupId=bootcoin-group] Error while fetching metadata with correlation id 79 : {exchange-rate=LEADER_NOT_AVAILABLE} 
2025-04-28 14:54:35-219 [org.springframework.kafka.KafkaListenerEndpointContainer#1-0-C-1] WARN  o.apache.kafka.clients.NetworkClient - [Consumer clientId=consumer-bootcoin-group-3, groupId=bootcoin-group] Error while fetching metadata with correlation id 77 : {exchange-request=LEADER_NOT_AVAILABLE} 
2025-04-28 14:54:35-373 [repliesContainer-0-C-1] WARN  o.apache.kafka.clients.NetworkClient - [Consumer clientId=consumer-bootcoin-group-1, groupId=bootcoin-group] Error while fetching metadata with correlation id 81 : {exchange-response=LEADER_NOT_AVAILABLE} 
2025-04-28 14:54:35-958 [org.springframework.kafka.KafkaListenerEndpointContainer#0-0-C-1] WARN  o.apache.kafka.clients.NetworkClient - [Consumer clientId=consumer-bootcoin-group-2, groupId=bootcoin-group] Error while fetching metadata with correlation id 81 : {exchange-rate=LEADER_NOT_AVAILABLE} 
2025-04-28 14:54:36-165 [org.springframework.kafka.KafkaListenerEndpointContainer#1-0-C-1] WARN  o.apache.kafka.clients.NetworkClient - [Consumer clientId=consumer-bootcoin-group-3, groupId=bootcoin-group] Error while fetching metadata with correlation id 79 : {exchange-request=LEADER_NOT_AVAILABLE} 
2025-04-28 14:54:36-329 [repliesContainer-0-C-1] WARN  o.apache.kafka.clients.NetworkClient - [Consumer clientId=consumer-bootcoin-group-1, groupId=bootcoin-group] Error while fetching metadata with correlation id 83 : {exchange-response=LEADER_NOT_AVAILABLE} 
2025-04-28 14:54:36-802 [org.springframework.kafka.KafkaListenerEndpointContainer#0-0-C-1] WARN  o.apache.kafka.clients.NetworkClient - [Consumer clientId=consumer-bootcoin-group-2, groupId=bootcoin-group] Error while fetching metadata with correlation id 83 : {exchange-rate=LEADER_NOT_AVAILABLE} 
2025-04-28 14:54:37-170 [repliesContainer-0-C-1] WARN  o.apache.kafka.clients.NetworkClient - [Consumer clientId=consumer-bootcoin-group-1, groupId=bootcoin-group] Error while fetching metadata with correlation id 86 : {exchange-response=LEADER_NOT_AVAILABLE} 
2025-04-28 14:54:37-172 [org.springframework.kafka.KafkaListenerEndpointContainer#1-0-C-1] WARN  o.apache.kafka.clients.NetworkClient - [Consumer clientId=consumer-bootcoin-group-3, groupId=bootcoin-group] Error while fetching metadata with correlation id 81 : {exchange-request=LEADER_NOT_AVAILABLE} 
2025-04-28 14:54:37-737 [org.springframework.kafka.KafkaListenerEndpointContainer#0-0-C-1] WARN  o.apache.kafka.clients.NetworkClient - [Consumer clientId=consumer-bootcoin-group-2, groupId=bootcoin-group] Error while fetching metadata with correlation id 85 : {exchange-rate=LEADER_NOT_AVAILABLE} 
2025-04-28 14:54:38-154 [repliesContainer-0-C-1] WARN  o.apache.kafka.clients.NetworkClient - [Consumer clientId=consumer-bootcoin-group-1, groupId=bootcoin-group] Error while fetching metadata with correlation id 88 : {exchange-response=LEADER_NOT_AVAILABLE} 
2025-04-28 14:54:38-260 [org.springframework.kafka.KafkaListenerEndpointContainer#1-0-C-1] WARN  o.apache.kafka.clients.NetworkClient - [Consumer clientId=consumer-bootcoin-group-3, groupId=bootcoin-group] Error while fetching metadata with correlation id 83 : {exchange-request=LEADER_NOT_AVAILABLE} 
2025-04-28 14:54:38-569 [org.springframework.kafka.KafkaListenerEndpointContainer#0-0-C-1] WARN  o.apache.kafka.clients.NetworkClient - [Consumer clientId=consumer-bootcoin-group-2, groupId=bootcoin-group] Error while fetching metadata with correlation id 88 : {exchange-rate=LEADER_NOT_AVAILABLE} 
2025-04-28 14:54:39-175 [repliesContainer-0-C-1] WARN  o.apache.kafka.clients.NetworkClient - [Consumer clientId=consumer-bootcoin-group-1, groupId=bootcoin-group] Error while fetching metadata with correlation id 90 : {exchange-response=LEADER_NOT_AVAILABLE} 
2025-04-28 14:54:39-270 [org.springframework.kafka.KafkaListenerEndpointContainer#1-0-C-1] WARN  o.apache.kafka.clients.NetworkClient - [Consumer clientId=consumer-bootcoin-group-3, groupId=bootcoin-group] Error while fetching metadata with correlation id 85 : {exchange-request=LEADER_NOT_AVAILABLE} 
2025-04-28 14:54:39-573 [org.springframework.kafka.KafkaListenerEndpointContainer#0-0-C-1] WARN  o.apache.kafka.clients.NetworkClient - [Consumer clientId=consumer-bootcoin-group-2, groupId=bootcoin-group] Error while fetching metadata with correlation id 90 : {exchange-rate=LEADER_NOT_AVAILABLE} 
2025-04-28 14:54:40-080 [repliesContainer-0-C-1] WARN  o.apache.kafka.clients.NetworkClient - [Consumer clientId=consumer-bootcoin-group-1, groupId=bootcoin-group] Error while fetching metadata with correlation id 92 : {exchange-response=LEADER_NOT_AVAILABLE} 
2025-04-28 14:54:40-273 [org.springframework.kafka.KafkaListenerEndpointContainer#1-0-C-1] WARN  o.apache.kafka.clients.NetworkClient - [Consumer clientId=consumer-bootcoin-group-3, groupId=bootcoin-group] Error while fetching metadata with correlation id 87 : {exchange-request=LEADER_NOT_AVAILABLE} 
2025-04-28 14:54:40-577 [org.springframework.kafka.KafkaListenerEndpointContainer#0-0-C-1] WARN  o.apache.kafka.clients.NetworkClient - [Consumer clientId=consumer-bootcoin-group-2, groupId=bootcoin-group] Error while fetching metadata with correlation id 92 : {exchange-rate=LEADER_NOT_AVAILABLE} 
2025-04-28 14:54:41-085 [repliesContainer-0-C-1] WARN  o.apache.kafka.clients.NetworkClient - [Consumer clientId=consumer-bootcoin-group-1, groupId=bootcoin-group] Error while fetching metadata with correlation id 94 : {exchange-response=LEADER_NOT_AVAILABLE} 
2025-04-28 14:54:41-252 [org.springframework.kafka.KafkaListenerEndpointContainer#1-0-C-1] WARN  o.apache.kafka.clients.NetworkClient - [Consumer clientId=consumer-bootcoin-group-3, groupId=bootcoin-group] Error while fetching metadata with correlation id 89 : {exchange-request=LEADER_NOT_AVAILABLE} 
2025-04-28 14:54:41-463 [org.springframework.kafka.KafkaListenerEndpointContainer#0-0-C-1] WARN  o.apache.kafka.clients.NetworkClient - [Consumer clientId=consumer-bootcoin-group-2, groupId=bootcoin-group] Error while fetching metadata with correlation id 94 : {exchange-rate=LEADER_NOT_AVAILABLE} 
2025-04-28 14:54:42-087 [repliesContainer-0-C-1] WARN  o.apache.kafka.clients.NetworkClient - [Consumer clientId=consumer-bootcoin-group-1, groupId=bootcoin-group] Error while fetching metadata with correlation id 97 : {exchange-response=LEADER_NOT_AVAILABLE} 
2025-04-28 14:54:42-260 [org.springframework.kafka.KafkaListenerEndpointContainer#1-0-C-1] WARN  o.apache.kafka.clients.NetworkClient - [Consumer clientId=consumer-bootcoin-group-3, groupId=bootcoin-group] Error while fetching metadata with correlation id 91 : {exchange-request=LEADER_NOT_AVAILABLE} 
2025-04-28 14:54:42-470 [org.springframework.kafka.KafkaListenerEndpointContainer#0-0-C-1] WARN  o.apache.kafka.clients.NetworkClient - [Consumer clientId=consumer-bootcoin-group-2, groupId=bootcoin-group] Error while fetching metadata with correlation id 96 : {exchange-rate=LEADER_NOT_AVAILABLE} 
2025-04-28 14:54:43-091 [repliesContainer-0-C-1] WARN  o.apache.kafka.clients.NetworkClient - [Consumer clientId=consumer-bootcoin-group-1, groupId=bootcoin-group] Error while fetching metadata with correlation id 99 : {exchange-response=LEADER_NOT_AVAILABLE} 
2025-04-28 14:54:43-259 [org.springframework.kafka.KafkaListenerEndpointContainer#1-0-C-1] WARN  o.apache.kafka.clients.NetworkClient - [Consumer clientId=consumer-bootcoin-group-3, groupId=bootcoin-group] Error while fetching metadata with correlation id 94 : {exchange-request=LEADER_NOT_AVAILABLE} 
2025-04-28 14:54:43-430 [org.springframework.kafka.KafkaListenerEndpointContainer#0-0-C-1] WARN  o.apache.kafka.clients.NetworkClient - [Consumer clientId=consumer-bootcoin-group-2, groupId=bootcoin-group] Error while fetching metadata with correlation id 99 : {exchange-rate=LEADER_NOT_AVAILABLE} 
2025-04-28 14:54:44-099 [repliesContainer-0-C-1] WARN  o.apache.kafka.clients.NetworkClient - [Consumer clientId=consumer-bootcoin-group-1, groupId=bootcoin-group] Error while fetching metadata with correlation id 101 : {exchange-response=LEADER_NOT_AVAILABLE} 
2025-04-28 14:54:44-269 [org.springframework.kafka.KafkaListenerEndpointContainer#1-0-C-1] WARN  o.apache.kafka.clients.NetworkClient - [Consumer clientId=consumer-bootcoin-group-3, groupId=bootcoin-group] Error while fetching metadata with correlation id 96 : {exchange-request=LEADER_NOT_AVAILABLE} 
2025-04-28 14:54:44-434 [org.springframework.kafka.KafkaListenerEndpointContainer#0-0-C-1] WARN  o.apache.kafka.clients.NetworkClient - [Consumer clientId=consumer-bootcoin-group-2, groupId=bootcoin-group] Error while fetching metadata with correlation id 101 : {exchange-rate=LEADER_NOT_AVAILABLE} 
2025-04-28 14:54:44-997 [repliesContainer-0-C-1] WARN  o.apache.kafka.clients.NetworkClient - [Consumer clientId=consumer-bootcoin-group-1, groupId=bootcoin-group] Error while fetching metadata with correlation id 103 : {exchange-response=LEADER_NOT_AVAILABLE} 
2025-04-28 14:54:45-272 [org.springframework.kafka.KafkaListenerEndpointContainer#1-0-C-1] WARN  o.apache.kafka.clients.NetworkClient - [Consumer clientId=consumer-bootcoin-group-3, groupId=bootcoin-group] Error while fetching metadata with correlation id 98 : {exchange-request=LEADER_NOT_AVAILABLE} 
2025-04-28 14:54:45-439 [org.springframework.kafka.KafkaListenerEndpointContainer#0-0-C-1] WARN  o.apache.kafka.clients.NetworkClient - [Consumer clientId=consumer-bootcoin-group-2, groupId=bootcoin-group] Error while fetching metadata with correlation id 103 : {exchange-rate=LEADER_NOT_AVAILABLE} 
2025-04-28 14:54:45-963 [repliesContainer-0-C-1] WARN  o.apache.kafka.clients.NetworkClient - [Consumer clientId=consumer-bootcoin-group-1, groupId=bootcoin-group] Error while fetching metadata with correlation id 105 : {exchange-response=LEADER_NOT_AVAILABLE} 
2025-04-28 14:54:46-115 [org.springframework.kafka.KafkaListenerEndpointContainer#1-0-C-1] WARN  o.apache.kafka.clients.NetworkClient - [Consumer clientId=consumer-bootcoin-group-3, groupId=bootcoin-group] Error while fetching metadata with correlation id 100 : {exchange-request=LEADER_NOT_AVAILABLE} 
2025-04-28 14:54:46-442 [org.springframework.kafka.KafkaListenerEndpointContainer#0-0-C-1] WARN  o.apache.kafka.clients.NetworkClient - [Consumer clientId=consumer-bootcoin-group-2, groupId=bootcoin-group] Error while fetching metadata with correlation id 105 : {exchange-rate=LEADER_NOT_AVAILABLE} 
2025-04-28 14:54:46-963 [repliesContainer-0-C-1] WARN  o.apache.kafka.clients.NetworkClient - [Consumer clientId=consumer-bootcoin-group-1, groupId=bootcoin-group] Error while fetching metadata with correlation id 107 : {exchange-response=LEADER_NOT_AVAILABLE} 
2025-04-28 14:54:47-122 [org.springframework.kafka.KafkaListenerEndpointContainer#1-0-C-1] WARN  o.apache.kafka.clients.NetworkClient - [Consumer clientId=consumer-bootcoin-group-3, groupId=bootcoin-group] Error while fetching metadata with correlation id 102 : {exchange-request=LEADER_NOT_AVAILABLE} 
2025-04-28 14:54:47-450 [org.springframework.kafka.KafkaListenerEndpointContainer#0-0-C-1] WARN  o.apache.kafka.clients.NetworkClient - [Consumer clientId=consumer-bootcoin-group-2, groupId=bootcoin-group] Error while fetching metadata with correlation id 107 : {exchange-rate=LEADER_NOT_AVAILABLE} 
2025-04-28 14:54:47-967 [repliesContainer-0-C-1] WARN  o.apache.kafka.clients.NetworkClient - [Consumer clientId=consumer-bootcoin-group-1, groupId=bootcoin-group] Error while fetching metadata with correlation id 109 : {exchange-response=LEADER_NOT_AVAILABLE} 
2025-04-28 14:54:48-129 [org.springframework.kafka.KafkaListenerEndpointContainer#1-0-C-1] WARN  o.apache.kafka.clients.NetworkClient - [Consumer clientId=consumer-bootcoin-group-3, groupId=bootcoin-group] Error while fetching metadata with correlation id 104 : {exchange-request=LEADER_NOT_AVAILABLE} 
2025-04-28 14:54:48-462 [org.springframework.kafka.KafkaListenerEndpointContainer#0-0-C-1] WARN  o.apache.kafka.clients.NetworkClient - [Consumer clientId=consumer-bootcoin-group-2, groupId=bootcoin-group] Error while fetching metadata with correlation id 110 : {exchange-rate=LEADER_NOT_AVAILABLE} 
2025-04-28 14:54:48-973 [repliesContainer-0-C-1] WARN  o.apache.kafka.clients.NetworkClient - [Consumer clientId=consumer-bootcoin-group-1, groupId=bootcoin-group] Error while fetching metadata with correlation id 111 : {exchange-response=LEADER_NOT_AVAILABLE} 
2025-04-28 14:54:49-133 [org.springframework.kafka.KafkaListenerEndpointContainer#1-0-C-1] WARN  o.apache.kafka.clients.NetworkClient - [Consumer clientId=consumer-bootcoin-group-3, groupId=bootcoin-group] Error while fetching metadata with correlation id 107 : {exchange-request=LEADER_NOT_AVAILABLE} 
2025-04-28 14:54:49-468 [org.springframework.kafka.KafkaListenerEndpointContainer#0-0-C-1] WARN  o.apache.kafka.clients.NetworkClient - [Consumer clientId=consumer-bootcoin-group-2, groupId=bootcoin-group] Error while fetching metadata with correlation id 112 : {exchange-rate=LEADER_NOT_AVAILABLE} 
2025-04-28 14:54:49-935 [repliesContainer-0-C-1] WARN  o.apache.kafka.clients.NetworkClient - [Consumer clientId=consumer-bootcoin-group-1, groupId=bootcoin-group] Error while fetching metadata with correlation id 113 : {exchange-response=LEADER_NOT_AVAILABLE} 
2025-04-28 14:54:50-108 [org.springframework.kafka.KafkaListenerEndpointContainer#1-0-C-1] WARN  o.apache.kafka.clients.NetworkClient - [Consumer clientId=consumer-bootcoin-group-3, groupId=bootcoin-group] Error while fetching metadata with correlation id 109 : {exchange-request=LEADER_NOT_AVAILABLE} 
2025-04-28 14:54:50-471 [org.springframework.kafka.KafkaListenerEndpointContainer#0-0-C-1] WARN  o.apache.kafka.clients.NetworkClient - [Consumer clientId=consumer-bootcoin-group-2, groupId=bootcoin-group] Error while fetching metadata with correlation id 114 : {exchange-rate=LEADER_NOT_AVAILABLE} 
2025-04-28 14:54:50-944 [repliesContainer-0-C-1] WARN  o.apache.kafka.clients.NetworkClient - [Consumer clientId=consumer-bootcoin-group-1, groupId=bootcoin-group] Error while fetching metadata with correlation id 115 : {exchange-response=LEADER_NOT_AVAILABLE} 
2025-04-28 14:54:51-089 [org.springframework.kafka.KafkaListenerEndpointContainer#1-0-C-1] WARN  o.apache.kafka.clients.NetworkClient - [Consumer clientId=consumer-bootcoin-group-3, groupId=bootcoin-group] Error while fetching metadata with correlation id 111 : {exchange-request=LEADER_NOT_AVAILABLE} 
2025-04-28 14:54:51-475 [org.springframework.kafka.KafkaListenerEndpointContainer#0-0-C-1] WARN  o.apache.kafka.clients.NetworkClient - [Consumer clientId=consumer-bootcoin-group-2, groupId=bootcoin-group] Error while fetching metadata with correlation id 116 : {exchange-rate=LEADER_NOT_AVAILABLE} 
2025-04-28 14:54:51-963 [repliesContainer-0-C-1] WARN  o.apache.kafka.clients.NetworkClient - [Consumer clientId=consumer-bootcoin-group-1, groupId=bootcoin-group] Error while fetching metadata with correlation id 118 : {exchange-response=LEADER_NOT_AVAILABLE} 
2025-04-28 14:54:52-082 [org.springframework.kafka.KafkaListenerEndpointContainer#1-0-C-1] WARN  o.apache.kafka.clients.NetworkClient - [Consumer clientId=consumer-bootcoin-group-3, groupId=bootcoin-group] Error while fetching metadata with correlation id 113 : {exchange-request=LEADER_NOT_AVAILABLE} 
2025-04-28 14:54:52-485 [org.springframework.kafka.KafkaListenerEndpointContainer#0-0-C-1] WARN  o.apache.kafka.clients.NetworkClient - [Consumer clientId=consumer-bootcoin-group-2, groupId=bootcoin-group] Error while fetching metadata with correlation id 118 : {exchange-rate=LEADER_NOT_AVAILABLE} 
2025-04-28 14:54:52-876 [repliesContainer-0-C-1] WARN  o.apache.kafka.clients.NetworkClient - [Consumer clientId=consumer-bootcoin-group-1, groupId=bootcoin-group] Error while fetching metadata with correlation id 120 : {exchange-response=LEADER_NOT_AVAILABLE} 
2025-04-28 14:54:53-087 [org.springframework.kafka.KafkaListenerEndpointContainer#1-0-C-1] WARN  o.apache.kafka.clients.NetworkClient - [Consumer clientId=consumer-bootcoin-group-3, groupId=bootcoin-group] Error while fetching metadata with correlation id 115 : {exchange-request=LEADER_NOT_AVAILABLE} 
2025-04-28 14:54:53-501 [org.springframework.kafka.KafkaListenerEndpointContainer#0-0-C-1] WARN  o.apache.kafka.clients.NetworkClient - [Consumer clientId=consumer-bootcoin-group-2, groupId=bootcoin-group] Error while fetching metadata with correlation id 121 : {exchange-rate=LEADER_NOT_AVAILABLE} 
2025-04-28 14:54:53-840 [repliesContainer-0-C-1] WARN  o.apache.kafka.clients.NetworkClient - [Consumer clientId=consumer-bootcoin-group-1, groupId=bootcoin-group] Error while fetching metadata with correlation id 122 : {exchange-response=LEADER_NOT_AVAILABLE} 
2025-04-28 14:54:54-090 [org.springframework.kafka.KafkaListenerEndpointContainer#1-0-C-1] WARN  o.apache.kafka.clients.NetworkClient - [Consumer clientId=consumer-bootcoin-group-3, groupId=bootcoin-group] Error while fetching metadata with correlation id 118 : {exchange-request=LEADER_NOT_AVAILABLE} 
2025-04-28 14:54:54-393 [org.springframework.kafka.KafkaListenerEndpointContainer#0-0-C-1] WARN  o.apache.kafka.clients.NetworkClient - [Consumer clientId=consumer-bootcoin-group-2, groupId=bootcoin-group] Error while fetching metadata with correlation id 123 : {exchange-rate=LEADER_NOT_AVAILABLE} 
2025-04-28 14:54:54-795 [repliesContainer-0-C-1] WARN  o.apache.kafka.clients.NetworkClient - [Consumer clientId=consumer-bootcoin-group-1, groupId=bootcoin-group] Error while fetching metadata with correlation id 124 : {exchange-response=LEADER_NOT_AVAILABLE} 
2025-04-28 14:54:54-963 [org.springframework.kafka.KafkaListenerEndpointContainer#1-0-C-1] WARN  o.apache.kafka.clients.NetworkClient - [Consumer clientId=consumer-bootcoin-group-3, groupId=bootcoin-group] Error while fetching metadata with correlation id 120 : {exchange-request=LEADER_NOT_AVAILABLE} 
2025-04-28 14:54:55-397 [org.springframework.kafka.KafkaListenerEndpointContainer#0-0-C-1] WARN  o.apache.kafka.clients.NetworkClient - [Consumer clientId=consumer-bootcoin-group-2, groupId=bootcoin-group] Error while fetching metadata with correlation id 125 : {exchange-rate=LEADER_NOT_AVAILABLE} 
2025-04-28 14:54:55-803 [repliesContainer-0-C-1] WARN  o.apache.kafka.clients.NetworkClient - [Consumer clientId=consumer-bootcoin-group-1, groupId=bootcoin-group] Error while fetching metadata with correlation id 126 : {exchange-response=LEADER_NOT_AVAILABLE} 
2025-04-28 14:54:55-967 [org.springframework.kafka.KafkaListenerEndpointContainer#1-0-C-1] WARN  o.apache.kafka.clients.NetworkClient - [Consumer clientId=consumer-bootcoin-group-3, groupId=bootcoin-group] Error while fetching metadata with correlation id 122 : {exchange-request=LEADER_NOT_AVAILABLE} 
2025-04-28 14:54:56-401 [org.springframework.kafka.KafkaListenerEndpointContainer#0-0-C-1] WARN  o.apache.kafka.clients.NetworkClient - [Consumer clientId=consumer-bootcoin-group-2, groupId=bootcoin-group] Error while fetching metadata with correlation id 127 : {exchange-rate=LEADER_NOT_AVAILABLE} 
2025-04-28 14:54:56-808 [repliesContainer-0-C-1] WARN  o.apache.kafka.clients.NetworkClient - [Consumer clientId=consumer-bootcoin-group-1, groupId=bootcoin-group] Error while fetching metadata with correlation id 128 : {exchange-response=LEADER_NOT_AVAILABLE} 
2025-04-28 14:54:56-969 [org.springframework.kafka.KafkaListenerEndpointContainer#1-0-C-1] WARN  o.apache.kafka.clients.NetworkClient - [Consumer clientId=consumer-bootcoin-group-3, groupId=bootcoin-group] Error while fetching metadata with correlation id 124 : {exchange-request=LEADER_NOT_AVAILABLE} 
2025-04-28 14:54:57-408 [org.springframework.kafka.KafkaListenerEndpointContainer#0-0-C-1] WARN  o.apache.kafka.clients.NetworkClient - [Consumer clientId=consumer-bootcoin-group-2, groupId=bootcoin-group] Error while fetching metadata with correlation id 129 : {exchange-rate=LEADER_NOT_AVAILABLE} 
2025-04-28 14:54:57-811 [repliesContainer-0-C-1] WARN  o.apache.kafka.clients.NetworkClient - [Consumer clientId=consumer-bootcoin-group-1, groupId=bootcoin-group] Error while fetching metadata with correlation id 131 : {exchange-response=LEADER_NOT_AVAILABLE} 
2025-04-28 14:54:57-990 [org.springframework.kafka.KafkaListenerEndpointContainer#1-0-C-1] WARN  o.apache.kafka.clients.NetworkClient - [Consumer clientId=consumer-bootcoin-group-3, groupId=bootcoin-group] Error while fetching metadata with correlation id 126 : {exchange-request=LEADER_NOT_AVAILABLE} 
2025-04-28 14:54:58-237 [org.springframework.kafka.KafkaListenerEndpointContainer#0-0-C-1] WARN  o.apache.kafka.clients.NetworkClient - [Consumer clientId=consumer-bootcoin-group-2, groupId=bootcoin-group] Error while fetching metadata with correlation id 132 : {exchange-rate=LEADER_NOT_AVAILABLE} 
2025-04-28 14:54:58-823 [org.springframework.kafka.KafkaListenerEndpointContainer#1-0-C-1] WARN  o.apache.kafka.clients.NetworkClient - [Consumer clientId=consumer-bootcoin-group-3, groupId=bootcoin-group] Error while fetching metadata with correlation id 129 : {exchange-request=LEADER_NOT_AVAILABLE} 
2025-04-28 14:54:58-826 [repliesContainer-0-C-1] WARN  o.apache.kafka.clients.NetworkClient - [Consumer clientId=consumer-bootcoin-group-1, groupId=bootcoin-group] Error while fetching metadata with correlation id 133 : {exchange-response=LEADER_NOT_AVAILABLE} 
2025-04-28 14:54:59-241 [org.springframework.kafka.KafkaListenerEndpointContainer#0-0-C-1] WARN  o.apache.kafka.clients.NetworkClient - [Consumer clientId=consumer-bootcoin-group-2, groupId=bootcoin-group] Error while fetching metadata with correlation id 134 : {exchange-rate=LEADER_NOT_AVAILABLE} 
2025-04-28 14:54:59-729 [org.springframework.kafka.KafkaListenerEndpointContainer#1-0-C-1] WARN  o.apache.kafka.clients.NetworkClient - [Consumer clientId=consumer-bootcoin-group-3, groupId=bootcoin-group] Error while fetching metadata with correlation id 131 : {exchange-request=LEADER_NOT_AVAILABLE} 
2025-04-28 14:54:59-827 [repliesContainer-0-C-1] WARN  o.apache.kafka.clients.NetworkClient - [Consumer clientId=consumer-bootcoin-group-1, groupId=bootcoin-group] Error while fetching metadata with correlation id 135 : {exchange-response=LEADER_NOT_AVAILABLE} 
2025-04-28 14:55:00-220 [org.springframework.kafka.KafkaListenerEndpointContainer#0-0-C-1] WARN  o.apache.kafka.clients.NetworkClient - [Consumer clientId=consumer-bootcoin-group-2, groupId=bootcoin-group] Error while fetching metadata with correlation id 136 : {exchange-rate=LEADER_NOT_AVAILABLE} 
2025-04-28 14:55:00-689 [repliesContainer-0-C-1] WARN  o.apache.kafka.clients.NetworkClient - [Consumer clientId=consumer-bootcoin-group-1, groupId=bootcoin-group] Error while fetching metadata with correlation id 137 : {exchange-response=LEADER_NOT_AVAILABLE} 
2025-04-28 14:55:00-731 [org.springframework.kafka.KafkaListenerEndpointContainer#1-0-C-1] WARN  o.apache.kafka.clients.NetworkClient - [Consumer clientId=consumer-bootcoin-group-3, groupId=bootcoin-group] Error while fetching metadata with correlation id 133 : {exchange-request=LEADER_NOT_AVAILABLE} 
2025-04-28 14:55:01-225 [org.springframework.kafka.KafkaListenerEndpointContainer#0-0-C-1] WARN  o.apache.kafka.clients.NetworkClient - [Consumer clientId=consumer-bootcoin-group-2, groupId=bootcoin-group] Error while fetching metadata with correlation id 138 : {exchange-rate=LEADER_NOT_AVAILABLE} 
2025-04-28 14:55:01-705 [repliesContainer-0-C-1] WARN  o.apache.kafka.clients.NetworkClient - [Consumer clientId=consumer-bootcoin-group-1, groupId=bootcoin-group] Error while fetching metadata with correlation id 139 : {exchange-response=LEADER_NOT_AVAILABLE} 
2025-04-28 14:55:01-738 [org.springframework.kafka.KafkaListenerEndpointContainer#1-0-C-1] WARN  o.apache.kafka.clients.NetworkClient - [Consumer clientId=consumer-bootcoin-group-3, groupId=bootcoin-group] Error while fetching metadata with correlation id 135 : {exchange-request=LEADER_NOT_AVAILABLE} 
2025-04-28 14:55:02-235 [org.springframework.kafka.KafkaListenerEndpointContainer#0-0-C-1] WARN  o.apache.kafka.clients.NetworkClient - [Consumer clientId=consumer-bootcoin-group-2, groupId=bootcoin-group] Error while fetching metadata with correlation id 140 : {exchange-rate=LEADER_NOT_AVAILABLE} 
2025-04-28 14:55:02-655 [repliesContainer-0-C-1] WARN  o.apache.kafka.clients.NetworkClient - [Consumer clientId=consumer-bootcoin-group-1, groupId=bootcoin-group] Error while fetching metadata with correlation id 142 : {exchange-response=LEADER_NOT_AVAILABLE} 
2025-04-28 14:55:02-743 [org.springframework.kafka.KafkaListenerEndpointContainer#1-0-C-1] WARN  o.apache.kafka.clients.NetworkClient - [Consumer clientId=consumer-bootcoin-group-3, groupId=bootcoin-group] Error while fetching metadata with correlation id 137 : {exchange-request=LEADER_NOT_AVAILABLE} 
2025-04-28 14:55:03-240 [org.springframework.kafka.KafkaListenerEndpointContainer#0-0-C-1] WARN  o.apache.kafka.clients.NetworkClient - [Consumer clientId=consumer-bootcoin-group-2, groupId=bootcoin-group] Error while fetching metadata with correlation id 143 : {exchange-rate=LEADER_NOT_AVAILABLE} 
2025-04-28 14:55:03-551 [repliesContainer-0-C-1] WARN  o.apache.kafka.clients.NetworkClient - [Consumer clientId=consumer-bootcoin-group-1, groupId=bootcoin-group] Error while fetching metadata with correlation id 144 : {exchange-response=LEADER_NOT_AVAILABLE} 
2025-04-28 14:55:03-748 [org.springframework.kafka.KafkaListenerEndpointContainer#1-0-C-1] WARN  o.apache.kafka.clients.NetworkClient - [Consumer clientId=consumer-bootcoin-group-3, groupId=bootcoin-group] Error while fetching metadata with correlation id 140 : {exchange-request=LEADER_NOT_AVAILABLE} 
2025-04-28 14:55:04-245 [org.springframework.kafka.KafkaListenerEndpointContainer#0-0-C-1] WARN  o.apache.kafka.clients.NetworkClient - [Consumer clientId=consumer-bootcoin-group-2, groupId=bootcoin-group] Error while fetching metadata with correlation id 145 : {exchange-rate=LEADER_NOT_AVAILABLE} 
2025-04-28 14:55:04-555 [repliesContainer-0-C-1] WARN  o.apache.kafka.clients.NetworkClient - [Consumer clientId=consumer-bootcoin-group-1, groupId=bootcoin-group] Error while fetching metadata with correlation id 146 : {exchange-response=LEADER_NOT_AVAILABLE} 
2025-04-28 14:55:04-619 [org.springframework.kafka.KafkaListenerEndpointContainer#1-0-C-1] WARN  o.apache.kafka.clients.NetworkClient - [Consumer clientId=consumer-bootcoin-group-3, groupId=bootcoin-group] Error while fetching metadata with correlation id 142 : {exchange-request=LEADER_NOT_AVAILABLE} 
2025-04-28 14:55:05-249 [org.springframework.kafka.KafkaListenerEndpointContainer#0-0-C-1] WARN  o.apache.kafka.clients.NetworkClient - [Consumer clientId=consumer-bootcoin-group-2, groupId=bootcoin-group] Error while fetching metadata with correlation id 147 : {exchange-rate=LEADER_NOT_AVAILABLE} 
2025-04-28 14:55:05-448 [org.springframework.kafka.KafkaListenerEndpointContainer#1-0-C-1] WARN  o.apache.kafka.clients.NetworkClient - [Consumer clientId=consumer-bootcoin-group-3, groupId=bootcoin-group] Error while fetching metadata with correlation id 144 : {exchange-request=LEADER_NOT_AVAILABLE} 
2025-04-28 14:55:05-539 [repliesContainer-0-C-1] WARN  o.apache.kafka.clients.NetworkClient - [Consumer clientId=consumer-bootcoin-group-1, groupId=bootcoin-group] Error while fetching metadata with correlation id 148 : {exchange-response=LEADER_NOT_AVAILABLE} 
2025-04-28 14:55:06-215 [org.springframework.kafka.KafkaListenerEndpointContainer#0-0-C-1] WARN  o.apache.kafka.clients.NetworkClient - [Consumer clientId=consumer-bootcoin-group-2, groupId=bootcoin-group] Error while fetching metadata with correlation id 149 : {exchange-rate=LEADER_NOT_AVAILABLE} 
2025-04-28 14:55:06-399 [org.springframework.kafka.KafkaListenerEndpointContainer#1-0-C-1] WARN  o.apache.kafka.clients.NetworkClient - [Consumer clientId=consumer-bootcoin-group-3, groupId=bootcoin-group] Error while fetching metadata with correlation id 146 : {exchange-request=LEADER_NOT_AVAILABLE} 
2025-04-28 14:55:06-551 [repliesContainer-0-C-1] WARN  o.apache.kafka.clients.NetworkClient - [Consumer clientId=consumer-bootcoin-group-1, groupId=bootcoin-group] Error while fetching metadata with correlation id 150 : {exchange-response=LEADER_NOT_AVAILABLE} 
2025-04-28 14:55:07-223 [org.springframework.kafka.KafkaListenerEndpointContainer#0-0-C-1] WARN  o.apache.kafka.clients.NetworkClient - [Consumer clientId=consumer-bootcoin-group-2, groupId=bootcoin-group] Error while fetching metadata with correlation id 151 : {exchange-rate=LEADER_NOT_AVAILABLE} 
2025-04-28 14:55:07-405 [org.springframework.kafka.KafkaListenerEndpointContainer#1-0-C-1] WARN  o.apache.kafka.clients.NetworkClient - [Consumer clientId=consumer-bootcoin-group-3, groupId=bootcoin-group] Error while fetching metadata with correlation id 148 : {exchange-request=LEADER_NOT_AVAILABLE} 
2025-04-28 14:55:07-557 [repliesContainer-0-C-1] WARN  o.apache.kafka.clients.NetworkClient - [Consumer clientId=consumer-bootcoin-group-1, groupId=bootcoin-group] Error while fetching metadata with correlation id 153 : {exchange-response=LEADER_NOT_AVAILABLE} 
2025-04-28 14:55:08-245 [org.springframework.kafka.KafkaListenerEndpointContainer#0-0-C-1] WARN  o.apache.kafka.clients.NetworkClient - [Consumer clientId=consumer-bootcoin-group-2, groupId=bootcoin-group] Error while fetching metadata with correlation id 153 : {exchange-rate=LEADER_NOT_AVAILABLE} 
2025-04-28 14:55:08-408 [org.springframework.kafka.KafkaListenerEndpointContainer#1-0-C-1] WARN  o.apache.kafka.clients.NetworkClient - [Consumer clientId=consumer-bootcoin-group-3, groupId=bootcoin-group] Error while fetching metadata with correlation id 151 : {exchange-request=LEADER_NOT_AVAILABLE} 
2025-04-28 14:55:08-560 [repliesContainer-0-C-1] WARN  o.apache.kafka.clients.NetworkClient - [Consumer clientId=consumer-bootcoin-group-1, groupId=bootcoin-group] Error while fetching metadata with correlation id 155 : {exchange-response=LEADER_NOT_AVAILABLE} 
2025-04-28 14:55:09-142 [org.springframework.kafka.KafkaListenerEndpointContainer#0-0-C-1] WARN  o.apache.kafka.clients.NetworkClient - [Consumer clientId=consumer-bootcoin-group-2, groupId=bootcoin-group] Error while fetching metadata with correlation id 155 : {exchange-rate=LEADER_NOT_AVAILABLE} 
2025-04-28 14:55:09-412 [org.springframework.kafka.KafkaListenerEndpointContainer#1-0-C-1] WARN  o.apache.kafka.clients.NetworkClient - [Consumer clientId=consumer-bootcoin-group-3, groupId=bootcoin-group] Error while fetching metadata with correlation id 153 : {exchange-request=LEADER_NOT_AVAILABLE} 
2025-04-28 14:55:09-460 [repliesContainer-0-C-1] WARN  o.apache.kafka.clients.NetworkClient - [Consumer clientId=consumer-bootcoin-group-1, groupId=bootcoin-group] Error while fetching metadata with correlation id 157 : {exchange-response=LEADER_NOT_AVAILABLE} 
2025-04-28 14:55:10-145 [org.springframework.kafka.KafkaListenerEndpointContainer#0-0-C-1] WARN  o.apache.kafka.clients.NetworkClient - [Consumer clientId=consumer-bootcoin-group-2, groupId=bootcoin-group] Error while fetching metadata with correlation id 157 : {exchange-rate=LEADER_NOT_AVAILABLE} 
2025-04-28 14:55:10-416 [org.springframework.kafka.KafkaListenerEndpointContainer#1-0-C-1] WARN  o.apache.kafka.clients.NetworkClient - [Consumer clientId=consumer-bootcoin-group-3, groupId=bootcoin-group] Error while fetching metadata with correlation id 155 : {exchange-request=LEADER_NOT_AVAILABLE} 
2025-04-28 14:55:10-463 [repliesContainer-0-C-1] WARN  o.apache.kafka.clients.NetworkClient - [Consumer clientId=consumer-bootcoin-group-1, groupId=bootcoin-group] Error while fetching metadata with correlation id 159 : {exchange-response=LEADER_NOT_AVAILABLE} 
2025-04-28 14:55:11-150 [org.springframework.kafka.KafkaListenerEndpointContainer#0-0-C-1] WARN  o.apache.kafka.clients.NetworkClient - [Consumer clientId=consumer-bootcoin-group-2, groupId=bootcoin-group] Error while fetching metadata with correlation id 159 : {exchange-rate=LEADER_NOT_AVAILABLE} 
2025-04-28 14:55:11-381 [org.springframework.kafka.KafkaListenerEndpointContainer#1-0-C-1] WARN  o.apache.kafka.clients.NetworkClient - [Consumer clientId=consumer-bootcoin-group-3, groupId=bootcoin-group] Error while fetching metadata with correlation id 157 : {exchange-request=LEADER_NOT_AVAILABLE} 
2025-04-28 14:55:11-469 [repliesContainer-0-C-1] WARN  o.apache.kafka.clients.NetworkClient - [Consumer clientId=consumer-bootcoin-group-1, groupId=bootcoin-group] Error while fetching metadata with correlation id 161 : {exchange-response=LEADER_NOT_AVAILABLE} 
2025-04-28 14:55:12-156 [org.springframework.kafka.KafkaListenerEndpointContainer#0-0-C-1] WARN  o.apache.kafka.clients.NetworkClient - [Consumer clientId=consumer-bootcoin-group-2, groupId=bootcoin-group] Error while fetching metadata with correlation id 161 : {exchange-rate=LEADER_NOT_AVAILABLE} 
2025-04-28 14:55:12-398 [repliesContainer-0-C-1] WARN  o.apache.kafka.clients.NetworkClient - [Consumer clientId=consumer-bootcoin-group-1, groupId=bootcoin-group] Error while fetching metadata with correlation id 164 : {exchange-response=LEADER_NOT_AVAILABLE} 
2025-04-28 14:55:12-398 [org.springframework.kafka.KafkaListenerEndpointContainer#1-0-C-1] WARN  o.apache.kafka.clients.NetworkClient - [Consumer clientId=consumer-bootcoin-group-3, groupId=bootcoin-group] Error while fetching metadata with correlation id 159 : {exchange-request=LEADER_NOT_AVAILABLE} 
2025-04-28 14:55:13-100 [org.springframework.kafka.KafkaListenerEndpointContainer#0-0-C-1] WARN  o.apache.kafka.clients.NetworkClient - [Consumer clientId=consumer-bootcoin-group-2, groupId=bootcoin-group] Error while fetching metadata with correlation id 163 : {exchange-rate=LEADER_NOT_AVAILABLE} 
2025-04-28 14:55:13-377 [org.springframework.kafka.KafkaListenerEndpointContainer#1-0-C-1] WARN  o.apache.kafka.clients.NetworkClient - [Consumer clientId=consumer-bootcoin-group-3, groupId=bootcoin-group] Error while fetching metadata with correlation id 162 : {exchange-request=LEADER_NOT_AVAILABLE} 
2025-04-28 14:55:13-408 [repliesContainer-0-C-1] WARN  o.apache.kafka.clients.NetworkClient - [Consumer clientId=consumer-bootcoin-group-1, groupId=bootcoin-group] Error while fetching metadata with correlation id 166 : {exchange-response=LEADER_NOT_AVAILABLE} 
2025-04-28 14:55:14-043 [org.springframework.kafka.KafkaListenerEndpointContainer#0-0-C-1] WARN  o.apache.kafka.clients.NetworkClient - [Consumer clientId=consumer-bootcoin-group-2, groupId=bootcoin-group] Error while fetching metadata with correlation id 166 : {exchange-rate=LEADER_NOT_AVAILABLE} 
2025-04-28 14:55:14-187 [org.springframework.kafka.KafkaListenerEndpointContainer#1-0-C-1] WARN  o.apache.kafka.clients.NetworkClient - [Consumer clientId=consumer-bootcoin-group-3, groupId=bootcoin-group] Error while fetching metadata with correlation id 164 : {exchange-request=LEADER_NOT_AVAILABLE} 
2025-04-28 14:55:14-342 [repliesContainer-0-C-1] WARN  o.apache.kafka.clients.NetworkClient - [Consumer clientId=consumer-bootcoin-group-1, groupId=bootcoin-group] Error while fetching metadata with correlation id 168 : {exchange-response=LEADER_NOT_AVAILABLE} 
2025-04-28 14:55:14-947 [org.springframework.kafka.KafkaListenerEndpointContainer#0-0-C-1] WARN  o.apache.kafka.clients.NetworkClient - [Consumer clientId=consumer-bootcoin-group-2, groupId=bootcoin-group] Error while fetching metadata with correlation id 168 : {exchange-rate=LEADER_NOT_AVAILABLE} 
2025-04-28 14:55:15-158 [org.springframework.kafka.KafkaListenerEndpointContainer#1-0-C-1] WARN  o.apache.kafka.clients.NetworkClient - [Consumer clientId=consumer-bootcoin-group-3, groupId=bootcoin-group] Error while fetching metadata with correlation id 166 : {exchange-request=LEADER_NOT_AVAILABLE} 
2025-04-28 14:55:15-295 [repliesContainer-0-C-1] WARN  o.apache.kafka.clients.NetworkClient - [Consumer clientId=consumer-bootcoin-group-1, groupId=bootcoin-group] Error while fetching metadata with correlation id 170 : {exchange-response=LEADER_NOT_AVAILABLE} 
2025-04-28 14:55:15-913 [org.springframework.kafka.KafkaListenerEndpointContainer#0-0-C-1] WARN  o.apache.kafka.clients.NetworkClient - [Consumer clientId=consumer-bootcoin-group-2, groupId=bootcoin-group] Error while fetching metadata with correlation id 170 : {exchange-rate=LEADER_NOT_AVAILABLE} 
2025-04-28 14:55:16-162 [org.springframework.kafka.KafkaListenerEndpointContainer#1-0-C-1] WARN  o.apache.kafka.clients.NetworkClient - [Consumer clientId=consumer-bootcoin-group-3, groupId=bootcoin-group] Error while fetching metadata with correlation id 168 : {exchange-request=LEADER_NOT_AVAILABLE} 
2025-04-28 14:55:16-302 [repliesContainer-0-C-1] WARN  o.apache.kafka.clients.NetworkClient - [Consumer clientId=consumer-bootcoin-group-1, groupId=bootcoin-group] Error while fetching metadata with correlation id 172 : {exchange-response=LEADER_NOT_AVAILABLE} 
2025-04-28 14:55:16-819 [org.springframework.kafka.KafkaListenerEndpointContainer#0-0-C-1] WARN  o.apache.kafka.clients.NetworkClient - [Consumer clientId=consumer-bootcoin-group-2, groupId=bootcoin-group] Error while fetching metadata with correlation id 172 : {exchange-rate=LEADER_NOT_AVAILABLE} 
2025-04-28 14:55:17-127 [org.springframework.kafka.KafkaListenerEndpointContainer#1-0-C-1] WARN  o.apache.kafka.clients.NetworkClient - [Consumer clientId=consumer-bootcoin-group-3, groupId=bootcoin-group] Error while fetching metadata with correlation id 170 : {exchange-request=LEADER_NOT_AVAILABLE} 
2025-04-28 14:55:17-280 [repliesContainer-0-C-1] WARN  o.apache.kafka.clients.NetworkClient - [Consumer clientId=consumer-bootcoin-group-1, groupId=bootcoin-group] Error while fetching metadata with correlation id 175 : {exchange-response=LEADER_NOT_AVAILABLE} 
2025-04-28 14:55:17-826 [org.springframework.kafka.KafkaListenerEndpointContainer#0-0-C-1] WARN  o.apache.kafka.clients.NetworkClient - [Consumer clientId=consumer-bootcoin-group-2, groupId=bootcoin-group] Error while fetching metadata with correlation id 174 : {exchange-rate=LEADER_NOT_AVAILABLE} 
2025-04-28 14:55:18-133 [org.springframework.kafka.KafkaListenerEndpointContainer#1-0-C-1] WARN  o.apache.kafka.clients.NetworkClient - [Consumer clientId=consumer-bootcoin-group-3, groupId=bootcoin-group] Error while fetching metadata with correlation id 172 : {exchange-request=LEADER_NOT_AVAILABLE} 
2025-04-28 14:55:18-278 [repliesContainer-0-C-1] WARN  o.apache.kafka.clients.NetworkClient - [Consumer clientId=consumer-bootcoin-group-1, groupId=bootcoin-group] Error while fetching metadata with correlation id 177 : {exchange-response=LEADER_NOT_AVAILABLE} 
2025-04-28 14:55:18-765 [org.springframework.kafka.KafkaListenerEndpointContainer#0-0-C-1] WARN  o.apache.kafka.clients.NetworkClient - [Consumer clientId=consumer-bootcoin-group-2, groupId=bootcoin-group] Error while fetching metadata with correlation id 177 : {exchange-rate=LEADER_NOT_AVAILABLE} 
2025-04-28 14:55:19-147 [org.springframework.kafka.KafkaListenerEndpointContainer#1-0-C-1] WARN  o.apache.kafka.clients.NetworkClient - [Consumer clientId=consumer-bootcoin-group-3, groupId=bootcoin-group] Error while fetching metadata with correlation id 175 : {exchange-request=LEADER_NOT_AVAILABLE} 
2025-04-28 14:55:19-238 [repliesContainer-0-C-1] WARN  o.apache.kafka.clients.NetworkClient - [Consumer clientId=consumer-bootcoin-group-1, groupId=bootcoin-group] Error while fetching metadata with correlation id 179 : {exchange-response=LEADER_NOT_AVAILABLE} 
2025-04-28 14:55:19-770 [org.springframework.kafka.KafkaListenerEndpointContainer#0-0-C-1] WARN  o.apache.kafka.clients.NetworkClient - [Consumer clientId=consumer-bootcoin-group-2, groupId=bootcoin-group] Error while fetching metadata with correlation id 179 : {exchange-rate=LEADER_NOT_AVAILABLE} 
2025-04-28 14:55:20-028 [org.springframework.kafka.KafkaListenerEndpointContainer#1-0-C-1] WARN  o.apache.kafka.clients.NetworkClient - [Consumer clientId=consumer-bootcoin-group-3, groupId=bootcoin-group] Error while fetching metadata with correlation id 177 : {exchange-request=LEADER_NOT_AVAILABLE} 
2025-04-28 14:55:20-116 [repliesContainer-0-C-1] WARN  o.apache.kafka.clients.NetworkClient - [Consumer clientId=consumer-bootcoin-group-1, groupId=bootcoin-group] Error while fetching metadata with correlation id 181 : {exchange-response=LEADER_NOT_AVAILABLE} 
2025-04-28 14:55:20-774 [org.springframework.kafka.KafkaListenerEndpointContainer#0-0-C-1] WARN  o.apache.kafka.clients.NetworkClient - [Consumer clientId=consumer-bootcoin-group-2, groupId=bootcoin-group] Error while fetching metadata with correlation id 181 : {exchange-rate=LEADER_NOT_AVAILABLE} 
2025-04-28 14:55:21-031 [org.springframework.kafka.KafkaListenerEndpointContainer#1-0-C-1] WARN  o.apache.kafka.clients.NetworkClient - [Consumer clientId=consumer-bootcoin-group-3, groupId=bootcoin-group] Error while fetching metadata with correlation id 179 : {exchange-request=LEADER_NOT_AVAILABLE} 
2025-04-28 14:55:21-121 [repliesContainer-0-C-1] WARN  o.apache.kafka.clients.NetworkClient - [Consumer clientId=consumer-bootcoin-group-1, groupId=bootcoin-group] Error while fetching metadata with correlation id 183 : {exchange-response=LEADER_NOT_AVAILABLE} 
2025-04-28 14:55:21-667 [org.springframework.kafka.KafkaListenerEndpointContainer#0-0-C-1] WARN  o.apache.kafka.clients.NetworkClient - [Consumer clientId=consumer-bootcoin-group-2, groupId=bootcoin-group] Error while fetching metadata with correlation id 183 : {exchange-rate=LEADER_NOT_AVAILABLE} 
2025-04-28 14:55:21-991 [repliesContainer-0-C-1] WARN  o.apache.kafka.clients.NetworkClient - [Consumer clientId=consumer-bootcoin-group-1, groupId=bootcoin-group] Error while fetching metadata with correlation id 186 : {exchange-response=LEADER_NOT_AVAILABLE} 
2025-04-28 14:55:22-036 [org.springframework.kafka.KafkaListenerEndpointContainer#1-0-C-1] WARN  o.apache.kafka.clients.NetworkClient - [Consumer clientId=consumer-bootcoin-group-3, groupId=bootcoin-group] Error while fetching metadata with correlation id 181 : {exchange-request=LEADER_NOT_AVAILABLE} 
2025-04-28 14:55:22-674 [org.springframework.kafka.KafkaListenerEndpointContainer#0-0-C-1] WARN  o.apache.kafka.clients.NetworkClient - [Consumer clientId=consumer-bootcoin-group-2, groupId=bootcoin-group] Error while fetching metadata with correlation id 185 : {exchange-rate=LEADER_NOT_AVAILABLE} 
2025-04-28 14:55:22-907 [repliesContainer-0-C-1] WARN  o.apache.kafka.clients.NetworkClient - [Consumer clientId=consumer-bootcoin-group-1, groupId=bootcoin-group] Error while fetching metadata with correlation id 188 : {exchange-response=LEADER_NOT_AVAILABLE} 
2025-04-28 14:55:22-969 [org.springframework.kafka.KafkaListenerEndpointContainer#1-0-C-1] WARN  o.apache.kafka.clients.NetworkClient - [Consumer clientId=consumer-bootcoin-group-3, groupId=bootcoin-group] Error while fetching metadata with correlation id 183 : {exchange-request=LEADER_NOT_AVAILABLE} 
2025-04-28 14:55:23-533 [org.springframework.kafka.KafkaListenerEndpointContainer#0-0-C-1] WARN  o.apache.kafka.clients.NetworkClient - [Consumer clientId=consumer-bootcoin-group-2, groupId=bootcoin-group] Error while fetching metadata with correlation id 188 : {exchange-rate=LEADER_NOT_AVAILABLE} 
2025-04-28 14:55:23-918 [repliesContainer-0-C-1] WARN  o.apache.kafka.clients.NetworkClient - [Consumer clientId=consumer-bootcoin-group-1, groupId=bootcoin-group] Error while fetching metadata with correlation id 190 : {exchange-response=LEADER_NOT_AVAILABLE} 
2025-04-28 14:55:24-002 [org.springframework.kafka.KafkaListenerEndpointContainer#1-0-C-1] WARN  o.apache.kafka.clients.NetworkClient - [Consumer clientId=consumer-bootcoin-group-3, groupId=bootcoin-group] Error while fetching metadata with correlation id 186 : {exchange-request=LEADER_NOT_AVAILABLE} 
2025-04-28 14:55:24-536 [org.springframework.kafka.KafkaListenerEndpointContainer#0-0-C-1] WARN  o.apache.kafka.clients.NetworkClient - [Consumer clientId=consumer-bootcoin-group-2, groupId=bootcoin-group] Error while fetching metadata with correlation id 190 : {exchange-rate=LEADER_NOT_AVAILABLE} 
2025-04-28 14:55:24-881 [repliesContainer-0-C-1] WARN  o.apache.kafka.clients.NetworkClient - [Consumer clientId=consumer-bootcoin-group-1, groupId=bootcoin-group] Error while fetching metadata with correlation id 192 : {exchange-response=LEADER_NOT_AVAILABLE} 
2025-04-28 14:55:25-018 [org.springframework.kafka.KafkaListenerEndpointContainer#1-0-C-1] WARN  o.apache.kafka.clients.NetworkClient - [Consumer clientId=consumer-bootcoin-group-3, groupId=bootcoin-group] Error while fetching metadata with correlation id 188 : {exchange-request=LEADER_NOT_AVAILABLE} 
2025-04-28 14:55:25-541 [org.springframework.kafka.KafkaListenerEndpointContainer#0-0-C-1] WARN  o.apache.kafka.clients.NetworkClient - [Consumer clientId=consumer-bootcoin-group-2, groupId=bootcoin-group] Error while fetching metadata with correlation id 192 : {exchange-rate=LEADER_NOT_AVAILABLE} 
2025-04-28 14:55:25-804 [repliesContainer-0-C-1] WARN  o.apache.kafka.clients.NetworkClient - [Consumer clientId=consumer-bootcoin-group-1, groupId=bootcoin-group] Error while fetching metadata with correlation id 194 : {exchange-response=LEADER_NOT_AVAILABLE} 
2025-04-28 14:55:25-835 [org.springframework.kafka.KafkaListenerEndpointContainer#1-0-C-1] WARN  o.apache.kafka.clients.NetworkClient - [Consumer clientId=consumer-bootcoin-group-3, groupId=bootcoin-group] Error while fetching metadata with correlation id 190 : {exchange-request=LEADER_NOT_AVAILABLE} 
2025-04-28 14:55:26-459 [org.springframework.kafka.KafkaListenerEndpointContainer#0-0-C-1] WARN  o.apache.kafka.clients.NetworkClient - [Consumer clientId=consumer-bootcoin-group-2, groupId=bootcoin-group] Error while fetching metadata with correlation id 194 : {exchange-rate=LEADER_NOT_AVAILABLE} 
2025-04-28 14:55:26-811 [repliesContainer-0-C-1] WARN  o.apache.kafka.clients.NetworkClient - [Consumer clientId=consumer-bootcoin-group-1, groupId=bootcoin-group] Error while fetching metadata with correlation id 196 : {exchange-response=LEADER_NOT_AVAILABLE} 
2025-04-28 14:55:26-812 [org.springframework.kafka.KafkaListenerEndpointContainer#1-0-C-1] WARN  o.apache.kafka.clients.NetworkClient - [Consumer clientId=consumer-bootcoin-group-3, groupId=bootcoin-group] Error while fetching metadata with correlation id 192 : {exchange-request=LEADER_NOT_AVAILABLE} 
2025-04-28 14:55:27-469 [org.springframework.kafka.KafkaListenerEndpointContainer#0-0-C-1] WARN  o.apache.kafka.clients.NetworkClient - [Consumer clientId=consumer-bootcoin-group-2, groupId=bootcoin-group] Error while fetching metadata with correlation id 196 : {exchange-rate=LEADER_NOT_AVAILABLE} 
2025-04-28 14:55:27-758 [repliesContainer-0-C-1] WARN  o.apache.kafka.clients.NetworkClient - [Consumer clientId=consumer-bootcoin-group-1, groupId=bootcoin-group] Error while fetching metadata with correlation id 199 : {exchange-response=LEADER_NOT_AVAILABLE} 
2025-04-28 14:55:27-819 [org.springframework.kafka.KafkaListenerEndpointContainer#1-0-C-1] WARN  o.apache.kafka.clients.NetworkClient - [Consumer clientId=consumer-bootcoin-group-3, groupId=bootcoin-group] Error while fetching metadata with correlation id 194 : {exchange-request=LEADER_NOT_AVAILABLE} 
2025-04-28 14:55:28-481 [org.springframework.kafka.KafkaListenerEndpointContainer#0-0-C-1] WARN  o.apache.kafka.clients.NetworkClient - [Consumer clientId=consumer-bootcoin-group-2, groupId=bootcoin-group] Error while fetching metadata with correlation id 199 : {exchange-rate=LEADER_NOT_AVAILABLE} 
2025-04-28 14:55:28-762 [repliesContainer-0-C-1] WARN  o.apache.kafka.clients.NetworkClient - [Consumer clientId=consumer-bootcoin-group-1, groupId=bootcoin-group] Error while fetching metadata with correlation id 201 : {exchange-response=LEADER_NOT_AVAILABLE} 
2025-04-28 14:55:28-779 [org.springframework.kafka.KafkaListenerEndpointContainer#1-0-C-1] WARN  o.apache.kafka.clients.NetworkClient - [Consumer clientId=consumer-bootcoin-group-3, groupId=bootcoin-group] Error while fetching metadata with correlation id 197 : {exchange-request=LEADER_NOT_AVAILABLE} 
2025-04-28 14:55:29-386 [org.springframework.kafka.KafkaListenerEndpointContainer#0-0-C-1] WARN  o.apache.kafka.clients.NetworkClient - [Consumer clientId=consumer-bootcoin-group-2, groupId=bootcoin-group] Error while fetching metadata with correlation id 201 : {exchange-rate=LEADER_NOT_AVAILABLE} 
2025-04-28 14:55:29-651 [repliesContainer-0-C-1] WARN  o.apache.kafka.clients.NetworkClient - [Consumer clientId=consumer-bootcoin-group-1, groupId=bootcoin-group] Error while fetching metadata with correlation id 203 : {exchange-response=LEADER_NOT_AVAILABLE} 
2025-04-28 14:55:29-784 [org.springframework.kafka.KafkaListenerEndpointContainer#1-0-C-1] WARN  o.apache.kafka.clients.NetworkClient - [Consumer clientId=consumer-bootcoin-group-3, groupId=bootcoin-group] Error while fetching metadata with correlation id 199 : {exchange-request=LEADER_NOT_AVAILABLE} 
2025-04-28 14:55:30-242 [org.springframework.kafka.KafkaListenerEndpointContainer#0-0-C-1] WARN  o.apache.kafka.clients.NetworkClient - [Consumer clientId=consumer-bootcoin-group-2, groupId=bootcoin-group] Error while fetching metadata with correlation id 203 : {exchange-rate=LEADER_NOT_AVAILABLE} 
2025-04-28 14:55:30-655 [repliesContainer-0-C-1] WARN  o.apache.kafka.clients.NetworkClient - [Consumer clientId=consumer-bootcoin-group-1, groupId=bootcoin-group] Error while fetching metadata with correlation id 205 : {exchange-response=LEADER_NOT_AVAILABLE} 
2025-04-28 14:55:30-665 [org.springframework.kafka.KafkaListenerEndpointContainer#1-0-C-1] WARN  o.apache.kafka.clients.NetworkClient - [Consumer clientId=consumer-bootcoin-group-3, groupId=bootcoin-group] Error while fetching metadata with correlation id 201 : {exchange-request=LEADER_NOT_AVAILABLE} 
2025-04-28 14:55:31-227 [org.springframework.kafka.KafkaListenerEndpointContainer#0-0-C-1] WARN  o.apache.kafka.clients.NetworkClient - [Consumer clientId=consumer-bootcoin-group-2, groupId=bootcoin-group] Error while fetching metadata with correlation id 205 : {exchange-rate=LEADER_NOT_AVAILABLE} 
2025-04-28 14:55:31-582 [repliesContainer-0-C-1] WARN  o.apache.kafka.clients.NetworkClient - [Consumer clientId=consumer-bootcoin-group-1, groupId=bootcoin-group] Error while fetching metadata with correlation id 207 : {exchange-response=LEADER_NOT_AVAILABLE} 
2025-04-28 14:55:31-671 [org.springframework.kafka.KafkaListenerEndpointContainer#1-0-C-1] WARN  o.apache.kafka.clients.NetworkClient - [Consumer clientId=consumer-bootcoin-group-3, groupId=bootcoin-group] Error while fetching metadata with correlation id 203 : {exchange-request=LEADER_NOT_AVAILABLE} 
2025-04-28 14:55:32-233 [org.springframework.kafka.KafkaListenerEndpointContainer#0-0-C-1] WARN  o.apache.kafka.clients.NetworkClient - [Consumer clientId=consumer-bootcoin-group-2, groupId=bootcoin-group] Error while fetching metadata with correlation id 207 : {exchange-rate=LEADER_NOT_AVAILABLE} 
2025-04-28 14:55:32-506 [repliesContainer-0-C-1] WARN  o.apache.kafka.clients.NetworkClient - [Consumer clientId=consumer-bootcoin-group-1, groupId=bootcoin-group] Error while fetching metadata with correlation id 210 : {exchange-response=LEADER_NOT_AVAILABLE} 
2025-04-28 14:55:32-581 [org.springframework.kafka.KafkaListenerEndpointContainer#1-0-C-1] WARN  o.apache.kafka.clients.NetworkClient - [Consumer clientId=consumer-bootcoin-group-3, groupId=bootcoin-group] Error while fetching metadata with correlation id 205 : {exchange-request=LEADER_NOT_AVAILABLE} 
2025-04-28 14:55:33-254 [org.springframework.kafka.KafkaListenerEndpointContainer#0-0-C-1] WARN  o.apache.kafka.clients.NetworkClient - [Consumer clientId=consumer-bootcoin-group-2, groupId=bootcoin-group] Error while fetching metadata with correlation id 209 : {exchange-rate=LEADER_NOT_AVAILABLE} 
2025-04-28 14:55:33-485 [org.springframework.kafka.KafkaListenerEndpointContainer#1-0-C-1] WARN  o.apache.kafka.clients.NetworkClient - [Consumer clientId=consumer-bootcoin-group-3, groupId=bootcoin-group] Error while fetching metadata with correlation id 208 : {exchange-request=LEADER_NOT_AVAILABLE} 
2025-04-28 14:55:33-515 [repliesContainer-0-C-1] WARN  o.apache.kafka.clients.NetworkClient - [Consumer clientId=consumer-bootcoin-group-1, groupId=bootcoin-group] Error while fetching metadata with correlation id 212 : {exchange-response=LEADER_NOT_AVAILABLE} 
2025-04-28 14:55:34-166 [org.springframework.kafka.KafkaListenerEndpointContainer#0-0-C-1] WARN  o.apache.kafka.clients.NetworkClient - [Consumer clientId=consumer-bootcoin-group-2, groupId=bootcoin-group] Error while fetching metadata with correlation id 211 : {exchange-rate=LEADER_NOT_AVAILABLE} 
2025-04-28 14:55:34-398 [org.springframework.kafka.KafkaListenerEndpointContainer#1-0-C-1] WARN  o.apache.kafka.clients.NetworkClient - [Consumer clientId=consumer-bootcoin-group-3, groupId=bootcoin-group] Error while fetching metadata with correlation id 210 : {exchange-request=LEADER_NOT_AVAILABLE} 
2025-04-28 14:55:34-521 [repliesContainer-0-C-1] WARN  o.apache.kafka.clients.NetworkClient - [Consumer clientId=consumer-bootcoin-group-1, groupId=bootcoin-group] Error while fetching metadata with correlation id 214 : {exchange-response=LEADER_NOT_AVAILABLE} 
2025-04-28 14:55:35-043 [org.springframework.kafka.KafkaListenerEndpointContainer#0-0-C-1] WARN  o.apache.kafka.clients.NetworkClient - [Consumer clientId=consumer-bootcoin-group-2, groupId=bootcoin-group] Error while fetching metadata with correlation id 213 : {exchange-rate=LEADER_NOT_AVAILABLE} 
2025-04-28 14:55:35-336 [org.springframework.kafka.KafkaListenerEndpointContainer#1-0-C-1] WARN  o.apache.kafka.clients.NetworkClient - [Consumer clientId=consumer-bootcoin-group-3, groupId=bootcoin-group] Error while fetching metadata with correlation id 212 : {exchange-request=LEADER_NOT_AVAILABLE} 
2025-04-28 14:55:35-527 [repliesContainer-0-C-1] WARN  o.apache.kafka.clients.NetworkClient - [Consumer clientId=consumer-bootcoin-group-1, groupId=bootcoin-group] Error while fetching metadata with correlation id 216 : {exchange-response=LEADER_NOT_AVAILABLE} 
2025-04-28 14:55:35-958 [org.springframework.kafka.KafkaListenerEndpointContainer#0-0-C-1] WARN  o.apache.kafka.clients.NetworkClient - [Consumer clientId=consumer-bootcoin-group-2, groupId=bootcoin-group] Error while fetching metadata with correlation id 215 : {exchange-rate=LEADER_NOT_AVAILABLE} 
2025-04-28 14:55:36-239 [org.springframework.kafka.KafkaListenerEndpointContainer#1-0-C-1] WARN  o.apache.kafka.clients.NetworkClient - [Consumer clientId=consumer-bootcoin-group-3, groupId=bootcoin-group] Error while fetching metadata with correlation id 214 : {exchange-request=LEADER_NOT_AVAILABLE} 
2025-04-28 14:55:36-529 [repliesContainer-0-C-1] WARN  o.apache.kafka.clients.NetworkClient - [Consumer clientId=consumer-bootcoin-group-1, groupId=bootcoin-group] Error while fetching metadata with correlation id 218 : {exchange-response=LEADER_NOT_AVAILABLE} 
2025-04-28 14:55:36-963 [org.springframework.kafka.KafkaListenerEndpointContainer#0-0-C-1] WARN  o.apache.kafka.clients.NetworkClient - [Consumer clientId=consumer-bootcoin-group-2, groupId=bootcoin-group] Error while fetching metadata with correlation id 217 : {exchange-rate=LEADER_NOT_AVAILABLE} 
2025-04-28 14:55:37-253 [SpringApplicationShutdownHook] INFO  o.s.c.n.e.s.EurekaServiceRegistry - Unregistering application EXCHANGE-BOOTCOIN-API with eureka with status DOWN 
2025-04-28 14:55:37-253 [SpringApplicationShutdownHook] INFO  c.netflix.discovery.DiscoveryClient - Saw local status change event StatusChangeEvent [timestamp=1745870137253, current=DOWN, previous=UP] 
2025-04-28 14:55:37-253 [DiscoveryClient-InstanceInfoReplicator-%d] INFO  c.netflix.discovery.DiscoveryClient - DiscoveryClient_EXCHANGE-BOOTCOIN-API/exchange-bootcoin-api:8809: registering service... 
2025-04-28 14:55:37-254 [org.springframework.kafka.KafkaListenerEndpointContainer#1-0-C-1] WARN  o.apache.kafka.clients.NetworkClient - [Consumer clientId=consumer-bootcoin-group-3, groupId=bootcoin-group] Error while fetching metadata with correlation id 216 : {exchange-request=LEADER_NOT_AVAILABLE} 
2025-04-28 14:55:37-259 [repliesContainer-0-C-1] INFO  o.a.k.c.c.i.ConsumerCoordinator - [Consumer clientId=consumer-bootcoin-group-1, groupId=bootcoin-group] Resetting generation and member id due to: consumer pro-actively leaving the group 
2025-04-28 14:55:37-259 [repliesContainer-0-C-1] INFO  o.a.k.c.c.i.ConsumerCoordinator - [Consumer clientId=consumer-bootcoin-group-1, groupId=bootcoin-group] Request joining group due to: consumer pro-actively leaving the group 
2025-04-28 14:55:37-259 [repliesContainer-0-C-1] INFO  o.a.k.c.c.i.LegacyKafkaConsumer - [Consumer clientId=consumer-bootcoin-group-1, groupId=bootcoin-group] Unsubscribed all topics or patterns and assigned partitions 
2025-04-28 14:55:37-261 [repliesContainer-0-C-1] INFO  o.a.k.c.c.i.ConsumerCoordinator - [Consumer clientId=consumer-bootcoin-group-1, groupId=bootcoin-group] Resetting generation and member id due to: consumer pro-actively leaving the group 
2025-04-28 14:55:37-261 [repliesContainer-0-C-1] INFO  o.a.k.c.c.i.ConsumerCoordinator - [Consumer clientId=consumer-bootcoin-group-1, groupId=bootcoin-group] Request joining group due to: consumer pro-actively leaving the group 
2025-04-28 14:55:37-264 [repliesContainer-0-C-1] INFO  o.a.kafka.common.metrics.Metrics - Metrics scheduler closed 
2025-04-28 14:55:37-264 [repliesContainer-0-C-1] INFO  o.a.kafka.common.metrics.Metrics - Closing reporter org.apache.kafka.common.metrics.JmxReporter 
2025-04-28 14:55:37-264 [repliesContainer-0-C-1] INFO  o.a.kafka.common.metrics.Metrics - Closing reporter org.apache.kafka.common.telemetry.internals.ClientTelemetryReporter 
2025-04-28 14:55:37-265 [repliesContainer-0-C-1] INFO  o.a.kafka.common.metrics.Metrics - Metrics reporters closed 
2025-04-28 14:55:37-268 [DiscoveryClient-InstanceInfoReplicator-%d] INFO  c.netflix.discovery.DiscoveryClient - DiscoveryClient_EXCHANGE-BOOTCOIN-API/exchange-bootcoin-api:8809 - registration status: 204 
2025-04-28 14:55:37-270 [repliesContainer-0-C-1] INFO  o.a.kafka.common.utils.AppInfoParser - App info kafka.consumer for consumer-bootcoin-group-1 unregistered 
2025-04-28 14:55:37-271 [repliesContainer-0-C-1] INFO  o.s.k.l.KafkaMessageListenerContainer - bootcoin-group: Consumer stopped 
2025-04-28 14:55:37-273 [SpringApplicationShutdownHook] INFO  o.s.b.w.e.netty.GracefulShutdown - Commencing graceful shutdown. Waiting for active requests to complete 
2025-04-28 14:55:37-276 [netty-shutdown] INFO  o.s.b.w.e.netty.GracefulShutdown - Graceful shutdown complete 
2025-04-28 14:55:37-966 [org.springframework.kafka.KafkaListenerEndpointContainer#0-0-C-1] INFO  o.a.k.c.c.i.ConsumerCoordinator - [Consumer clientId=consumer-bootcoin-group-2, groupId=bootcoin-group] Resetting generation and member id due to: consumer pro-actively leaving the group 
2025-04-28 14:55:37-966 [org.springframework.kafka.KafkaListenerEndpointContainer#0-0-C-1] INFO  o.a.k.c.c.i.ConsumerCoordinator - [Consumer clientId=consumer-bootcoin-group-2, groupId=bootcoin-group] Request joining group due to: consumer pro-actively leaving the group 
2025-04-28 14:55:37-966 [org.springframework.kafka.KafkaListenerEndpointContainer#0-0-C-1] INFO  o.a.k.c.c.i.LegacyKafkaConsumer - [Consumer clientId=consumer-bootcoin-group-2, groupId=bootcoin-group] Unsubscribed all topics or patterns and assigned partitions 
2025-04-28 14:55:37-966 [org.springframework.kafka.KafkaListenerEndpointContainer#0-0-C-1] INFO  o.a.k.c.c.i.ConsumerCoordinator - [Consumer clientId=consumer-bootcoin-group-2, groupId=bootcoin-group] Resetting generation and member id due to: consumer pro-actively leaving the group 
2025-04-28 14:55:37-966 [org.springframework.kafka.KafkaListenerEndpointContainer#0-0-C-1] INFO  o.a.k.c.c.i.ConsumerCoordinator - [Consumer clientId=consumer-bootcoin-group-2, groupId=bootcoin-group] Request joining group due to: consumer pro-actively leaving the group 
2025-04-28 14:55:37-967 [org.springframework.kafka.KafkaListenerEndpointContainer#0-0-C-1] INFO  o.a.kafka.common.metrics.Metrics - Metrics scheduler closed 
2025-04-28 14:55:37-968 [org.springframework.kafka.KafkaListenerEndpointContainer#0-0-C-1] INFO  o.a.kafka.common.metrics.Metrics - Closing reporter org.apache.kafka.common.metrics.JmxReporter 
2025-04-28 14:55:37-968 [org.springframework.kafka.KafkaListenerEndpointContainer#0-0-C-1] INFO  o.a.kafka.common.metrics.Metrics - Closing reporter org.apache.kafka.common.telemetry.internals.ClientTelemetryReporter 
2025-04-28 14:55:37-968 [org.springframework.kafka.KafkaListenerEndpointContainer#0-0-C-1] INFO  o.a.kafka.common.metrics.Metrics - Metrics reporters closed 
2025-04-28 14:55:37-971 [org.springframework.kafka.KafkaListenerEndpointContainer#0-0-C-1] INFO  o.a.kafka.common.utils.AppInfoParser - App info kafka.consumer for consumer-bootcoin-group-2 unregistered 
2025-04-28 14:55:37-971 [org.springframework.kafka.KafkaListenerEndpointContainer#0-0-C-1] INFO  o.s.k.l.KafkaMessageListenerContainer - bootcoin-group: Consumer stopped 
2025-04-28 14:55:38-161 [org.springframework.kafka.KafkaListenerEndpointContainer#1-0-C-1] INFO  o.a.k.c.c.i.ConsumerCoordinator - [Consumer clientId=consumer-bootcoin-group-3, groupId=bootcoin-group] Resetting generation and member id due to: consumer pro-actively leaving the group 
2025-04-28 14:55:38-162 [org.springframework.kafka.KafkaListenerEndpointContainer#1-0-C-1] INFO  o.a.k.c.c.i.ConsumerCoordinator - [Consumer clientId=consumer-bootcoin-group-3, groupId=bootcoin-group] Request joining group due to: consumer pro-actively leaving the group 
2025-04-28 14:55:38-162 [org.springframework.kafka.KafkaListenerEndpointContainer#1-0-C-1] INFO  o.a.k.c.c.i.LegacyKafkaConsumer - [Consumer clientId=consumer-bootcoin-group-3, groupId=bootcoin-group] Unsubscribed all topics or patterns and assigned partitions 
2025-04-28 14:55:38-162 [org.springframework.kafka.KafkaListenerEndpointContainer#1-0-C-1] INFO  o.a.k.c.c.i.ConsumerCoordinator - [Consumer clientId=consumer-bootcoin-group-3, groupId=bootcoin-group] Resetting generation and member id due to: consumer pro-actively leaving the group 
2025-04-28 14:55:38-162 [org.springframework.kafka.KafkaListenerEndpointContainer#1-0-C-1] INFO  o.a.k.c.c.i.ConsumerCoordinator - [Consumer clientId=consumer-bootcoin-group-3, groupId=bootcoin-group] Request joining group due to: consumer pro-actively leaving the group 
2025-04-28 14:55:38-162 [org.springframework.kafka.KafkaListenerEndpointContainer#1-0-C-1] INFO  o.a.kafka.common.metrics.Metrics - Metrics scheduler closed 
2025-04-28 14:55:38-163 [org.springframework.kafka.KafkaListenerEndpointContainer#1-0-C-1] INFO  o.a.kafka.common.metrics.Metrics - Closing reporter org.apache.kafka.common.metrics.JmxReporter 
2025-04-28 14:55:38-163 [org.springframework.kafka.KafkaListenerEndpointContainer#1-0-C-1] INFO  o.a.kafka.common.metrics.Metrics - Closing reporter org.apache.kafka.common.telemetry.internals.ClientTelemetryReporter 
2025-04-28 14:55:38-163 [org.springframework.kafka.KafkaListenerEndpointContainer#1-0-C-1] INFO  o.a.kafka.common.metrics.Metrics - Metrics reporters closed 
2025-04-28 14:55:38-166 [org.springframework.kafka.KafkaListenerEndpointContainer#1-0-C-1] INFO  o.a.kafka.common.utils.AppInfoParser - App info kafka.consumer for consumer-bootcoin-group-3 unregistered 
2025-04-28 14:55:38-166 [org.springframework.kafka.KafkaListenerEndpointContainer#1-0-C-1] INFO  o.s.k.l.KafkaMessageListenerContainer - bootcoin-group: Consumer stopped 
2025-04-28 14:55:41-466 [SpringApplicationShutdownHook] INFO  c.netflix.discovery.DiscoveryClient - Shutting down DiscoveryClient ... 
2025-04-28 14:55:44-481 [SpringApplicationShutdownHook] INFO  c.netflix.discovery.DiscoveryClient - Unregistering ... 
2025-04-28 14:55:44-499 [SpringApplicationShutdownHook] INFO  c.netflix.discovery.DiscoveryClient - DiscoveryClient_EXCHANGE-BOOTCOIN-API/exchange-bootcoin-api:8809 - deregister  status: 200 
2025-04-28 14:55:44-500 [SpringApplicationShutdownHook] INFO  c.netflix.discovery.DiscoveryClient - Completed shut down of DiscoveryClient 
2025-04-28 15:06:44-370 [main] INFO  c.b.e.a.ExchangeBootcoinApiApplication - Starting ExchangeBootcoinApiApplication using Java 17.0.12 with PID 8480 (C:\Users\mgarcsar\Documents\Bootcamp\etregables\BootCoin\exchange-bootcoin-api\target\classes started by mgarcsar in C:\Users\mgarcsar\Documents\Bootcamp\etregables\BootCoin) 
2025-04-28 15:06:44-372 [main] INFO  c.b.e.a.ExchangeBootcoinApiApplication - The following 1 profile is active: "dev" 
2025-04-28 15:06:44-435 [main] INFO  o.s.c.c.c.ConfigServerConfigDataLoader - Fetching config from server at : http://config-server-bc:8888 
2025-04-28 15:06:44-435 [main] INFO  o.s.c.c.c.ConfigServerConfigDataLoader - Exception on Url - http://config-server-bc:8888:org.springframework.web.client.ResourceAccessException: I/O error on GET request for "http://config-server-bc:8888/exchange-bootcoin-api/default": config-server-bc. Will be trying the next url if available 
2025-04-28 15:06:44-435 [main] WARN  o.s.c.c.c.ConfigServerConfigDataLoader - Could not locate PropertySource ([ConfigServerConfigDataResource@35088e87 uris = array<String>['http://config-server-bc:8888'], optional = true, profiles = 'default']): I/O error on GET request for "http://config-server-bc:8888/exchange-bootcoin-api/default": config-server-bc 
2025-04-28 15:06:44-435 [main] INFO  o.s.c.c.c.ConfigServerConfigDataLoader - Fetching config from server at : http://config-server-bc:8888 
2025-04-28 15:06:44-435 [main] INFO  o.s.c.c.c.ConfigServerConfigDataLoader - Exception on Url - http://config-server-bc:8888:org.springframework.web.client.ResourceAccessException: I/O error on GET request for "http://config-server-bc:8888/exchange-bootcoin-api/dev": config-server-bc. Will be trying the next url if available 
2025-04-28 15:06:44-435 [main] WARN  o.s.c.c.c.ConfigServerConfigDataLoader - Could not locate PropertySource ([ConfigServerConfigDataResource@46866946 uris = array<String>['http://config-server-bc:8888'], optional = true, profiles = 'dev']): I/O error on GET request for "http://config-server-bc:8888/exchange-bootcoin-api/dev": config-server-bc 
2025-04-28 15:06:44-435 [main] INFO  o.s.c.c.c.ConfigServerConfigDataLoader - Fetching config from server at : http://config-server-bc:8888 
2025-04-28 15:06:44-435 [main] INFO  o.s.c.c.c.ConfigServerConfigDataLoader - Exception on Url - http://config-server-bc:8888:org.springframework.web.client.ResourceAccessException: I/O error on GET request for "http://config-server-bc:8888/exchange-bootcoin-api/default": config-server-bc. Will be trying the next url if available 
2025-04-28 15:06:44-435 [main] WARN  o.s.c.c.c.ConfigServerConfigDataLoader - Could not locate PropertySource ([ConfigServerConfigDataResource@44de0113 uris = array<String>['http://config-server-bc:8888'], optional = true, profiles = 'default']): I/O error on GET request for "http://config-server-bc:8888/exchange-bootcoin-api/default": config-server-bc 
2025-04-28 15:06:45-935 [main] INFO  o.s.d.r.c.RepositoryConfigurationDelegate - Bootstrapping Spring Data Reactive MongoDB repositories in DEFAULT mode. 
2025-04-28 15:06:46-255 [main] INFO  o.s.d.r.c.RepositoryConfigurationDelegate - Finished Spring Data repository scanning in 313 ms. Found 1 Reactive MongoDB repository interface. 
2025-04-28 15:06:46-511 [main] INFO  o.s.cloud.context.scope.GenericScope - BeanFactory id=570c8828-cbe2-376a-a9d1-6c8f1a6bf6bb 
2025-04-28 15:06:47-171 [main] INFO  org.mongodb.driver.client - MongoClient with metadata {"driver": {"name": "mongo-java-driver|reactive-streams|spring-boot", "version": "5.2.1"}, "os": {"type": "Windows", "name": "Windows 10", "architecture": "amd64", "version": "10.0"}, "platform": "Java/Oracle Corporation/17.0.12+8-LTS-286"} created with settings MongoClientSettings{readPreference=primary, writeConcern=WriteConcern{w=null, wTimeout=null ms, journal=null}, retryWrites=true, retryReads=true, readConcern=ReadConcern{level=null}, credential=null, transportSettings=NettyTransportSettings{eventLoopGroup=io.netty.channel.nio.NioEventLoopGroup@3a7d914c, socketChannelClass=null, allocator=null, sslContext=null}, commandListeners=[io.micrometer.core.instrument.binder.mongodb.MongoMetricsCommandListener@515940af], codecRegistry=ProvidersCodecRegistry{codecProviders=[ValueCodecProvider{}, BsonValueCodecProvider{}, DBRefCodecProvider{}, DBObjectCodecProvider{}, DocumentCodecProvider{}, CollectionCodecProvider{}, IterableCodecProvider{}, MapCodecProvider{}, GeoJsonCodecProvider{}, GridFSFileCodecProvider{}, Jsr310CodecProvider{}, JsonObjectCodecProvider{}, BsonCodecProvider{}, EnumCodecProvider{}, com.mongodb.client.model.mql.ExpressionCodecProvider@5f8df69, com.mongodb.Jep395RecordCodecProvider@1ce6a9bd, com.mongodb.KotlinCodecProvider@4a47bc9c]}, loggerSettings=LoggerSettings{maxDocumentLength=1000}, clusterSettings={hosts=[localhost:27017], srvServiceName=mongodb, mode=SINGLE, requiredClusterType=UNKNOWN, requiredReplicaSetName='null', serverSelector='null', clusterListeners='[]', serverSelectionTimeout='30000 ms', localThreshold='15 ms'}, socketSettings=SocketSettings{connectTimeoutMS=10000, readTimeoutMS=0, receiveBufferSize=0, proxySettings=ProxySettings{host=null, port=null, username=null, password=null}}, heartbeatSocketSettings=SocketSettings{connectTimeoutMS=10000, readTimeoutMS=10000, receiveBufferSize=0, proxySettings=ProxySettings{host=null, port=null, username=null, password=null}}, connectionPoolSettings=ConnectionPoolSettings{maxSize=100, minSize=0, maxWaitTimeMS=120000, maxConnectionLifeTimeMS=0, maxConnectionIdleTimeMS=0, maintenanceInitialDelayMS=0, maintenanceFrequencyMS=60000, connectionPoolListeners=[io.micrometer.core.instrument.binder.mongodb.MongoMetricsConnectionPoolListener@5100c143], maxConnecting=2}, serverSettings=ServerSettings{heartbeatFrequencyMS=10000, minHeartbeatFrequencyMS=500, serverMonitoringMode=AUTO, serverListeners='[]', serverMonitorListeners='[]'}, sslSettings=SslSettings{enabled=false, invalidHostNameAllowed=false, context=null}, applicationName='null', compressorList=[], uuidRepresentation=JAVA_LEGACY, serverApi=null, autoEncryptionSettings=null, dnsClient=null, inetAddressResolver=null, contextProvider=null, timeoutMS=null} 
2025-04-28 15:06:47-333 [cluster-ClusterId{value='680fdfd76ea9580dea253c49', description='null'}-localhost:27017] INFO  org.mongodb.driver.cluster - Monitor thread successfully connected to server with description ServerDescription{address=localhost:27017, type=STANDALONE, cryptd=false, state=CONNECTED, ok=true, minWireVersion=0, maxWireVersion=25, maxDocumentSize=16777216, logicalSessionTimeoutMinutes=30, roundTripTimeNanos=76667700, minRoundTripTimeNanos=0} 
2025-04-28 15:06:48-442 [main] INFO  o.s.v.b.OptionalValidatorFactoryBean - Failed to set up a Bean Validation provider: jakarta.validation.NoProviderFoundException: Unable to create a Configuration, because no Jakarta Bean Validation provider could be found. Add a provider like Hibernate Validator (RI) to your classpath. 
2025-04-28 15:06:49-510 [main] INFO  o.s.b.a.e.web.EndpointLinksResolver - Exposing 2 endpoints beneath base path '/actuator' 
2025-04-28 15:06:50-026 [main] INFO  o.s.c.n.e.c.DiscoveryClientOptionalArgsConfiguration - Eureka HTTP Client uses RestTemplate. 
2025-04-28 15:06:50-073 [main] WARN  o.s.c.l.c.LoadBalancerCacheAutoConfiguration$LoadBalancerCaffeineWarnLogger - Spring Cloud LoadBalancer is currently working with the default cache. While this cache implementation is useful for development and tests, it's recommended to use Caffeine cache in production.You can switch to using Caffeine cache, by adding it and org.springframework.cache.caffeine.CaffeineCacheManager to the classpath. 
2025-04-28 15:06:50-205 [main] INFO  o.a.k.c.consumer.ConsumerConfig - ConsumerConfig values: 
	allow.auto.create.topics = true
	auto.commit.interval.ms = 5000
	auto.include.jmx.reporter = true
	auto.offset.reset = latest
	bootstrap.servers = [localhost:29092]
	check.crcs = true
	client.dns.lookup = use_all_dns_ips
	client.id = consumer-bootcoin-group-1
	client.rack = 
	connections.max.idle.ms = 540000
	default.api.timeout.ms = 60000
	enable.auto.commit = false
	enable.metrics.push = true
	exclude.internal.topics = true
	fetch.max.bytes = 52428800
	fetch.max.wait.ms = 500
	fetch.min.bytes = 1
	group.id = bootcoin-group
	group.instance.id = null
	group.protocol = classic
	group.remote.assignor = null
	heartbeat.interval.ms = 3000
	interceptor.classes = []
	internal.leave.group.on.close = true
	internal.throw.on.fetch.stable.offset.unsupported = false
	isolation.level = read_uncommitted
	key.deserializer = class org.apache.kafka.common.serialization.StringDeserializer
	max.partition.fetch.bytes = 1048576
	max.poll.interval.ms = 300000
	max.poll.records = 500
	metadata.max.age.ms = 300000
	metadata.recovery.strategy = none
	metric.reporters = []
	metrics.num.samples = 2
	metrics.recording.level = INFO
	metrics.sample.window.ms = 30000
	partition.assignment.strategy = [class org.apache.kafka.clients.consumer.RangeAssignor, class org.apache.kafka.clients.consumer.CooperativeStickyAssignor]
	receive.buffer.bytes = 65536
	reconnect.backoff.max.ms = 1000
	reconnect.backoff.ms = 50
	request.timeout.ms = 30000
	retry.backoff.max.ms = 1000
	retry.backoff.ms = 100
	sasl.client.callback.handler.class = null
	sasl.jaas.config = null
	sasl.kerberos.kinit.cmd = /usr/bin/kinit
	sasl.kerberos.min.time.before.relogin = 60000
	sasl.kerberos.service.name = null
	sasl.kerberos.ticket.renew.jitter = 0.05
	sasl.kerberos.ticket.renew.window.factor = 0.8
	sasl.login.callback.handler.class = null
	sasl.login.class = null
	sasl.login.connect.timeout.ms = null
	sasl.login.read.timeout.ms = null
	sasl.login.refresh.buffer.seconds = 300
	sasl.login.refresh.min.period.seconds = 60
	sasl.login.refresh.window.factor = 0.8
	sasl.login.refresh.window.jitter = 0.05
	sasl.login.retry.backoff.max.ms = 10000
	sasl.login.retry.backoff.ms = 100
	sasl.mechanism = GSSAPI
	sasl.oauthbearer.clock.skew.seconds = 30
	sasl.oauthbearer.expected.audience = null
	sasl.oauthbearer.expected.issuer = null
	sasl.oauthbearer.jwks.endpoint.refresh.ms = 3600000
	sasl.oauthbearer.jwks.endpoint.retry.backoff.max.ms = 10000
	sasl.oauthbearer.jwks.endpoint.retry.backoff.ms = 100
	sasl.oauthbearer.jwks.endpoint.url = null
	sasl.oauthbearer.scope.claim.name = scope
	sasl.oauthbearer.sub.claim.name = sub
	sasl.oauthbearer.token.endpoint.url = null
	security.protocol = PLAINTEXT
	security.providers = null
	send.buffer.bytes = 131072
	session.timeout.ms = 45000
	socket.connection.setup.timeout.max.ms = 30000
	socket.connection.setup.timeout.ms = 10000
	ssl.cipher.suites = null
	ssl.enabled.protocols = [TLSv1.2, TLSv1.3]
	ssl.endpoint.identification.algorithm = https
	ssl.engine.factory.class = null
	ssl.key.password = null
	ssl.keymanager.algorithm = SunX509
	ssl.keystore.certificate.chain = null
	ssl.keystore.key = null
	ssl.keystore.location = null
	ssl.keystore.password = null
	ssl.keystore.type = JKS
	ssl.protocol = TLSv1.3
	ssl.provider = null
	ssl.secure.random.implementation = null
	ssl.trustmanager.algorithm = PKIX
	ssl.truststore.certificates = null
	ssl.truststore.location = null
	ssl.truststore.password = null
	ssl.truststore.type = JKS
	value.deserializer = class org.apache.kafka.common.serialization.StringDeserializer
 
2025-04-28 15:06:50-264 [main] INFO  o.a.k.c.t.i.KafkaMetricsCollector - initializing Kafka metrics collector 
2025-04-28 15:06:50-415 [main] INFO  o.a.kafka.common.utils.AppInfoParser - Kafka version: 3.8.1 
2025-04-28 15:06:50-417 [main] INFO  o.a.kafka.common.utils.AppInfoParser - Kafka commitId: 70d6ff42debf7e17 
2025-04-28 15:06:50-417 [main] INFO  o.a.kafka.common.utils.AppInfoParser - Kafka startTimeMs: 1745870810413 
2025-04-28 15:06:50-422 [main] INFO  o.a.k.c.c.i.LegacyKafkaConsumer - [Consumer clientId=consumer-bootcoin-group-1, groupId=bootcoin-group] Subscribed to topic(s): exchange-response 
2025-04-28 15:06:50-454 [main] INFO  o.s.c.n.eureka.InstanceInfoFactory - Setting initial instance status as: STARTING 
2025-04-28 15:06:50-493 [main] INFO  c.netflix.discovery.DiscoveryClient - Initializing Eureka in region us-east-1 
2025-04-28 15:06:50-499 [main] INFO  c.n.d.s.r.aws.ConfigClusterResolver - Resolving eureka endpoints via configuration 
2025-04-28 15:06:50-512 [main] INFO  c.netflix.discovery.DiscoveryClient - Disable delta property : false 
2025-04-28 15:06:50-513 [main] INFO  c.netflix.discovery.DiscoveryClient - Single vip registry refresh property : null 
2025-04-28 15:06:50-513 [main] INFO  c.netflix.discovery.DiscoveryClient - Force full registry fetch : false 
2025-04-28 15:06:50-513 [main] INFO  c.netflix.discovery.DiscoveryClient - Application is null : false 
2025-04-28 15:06:50-513 [main] INFO  c.netflix.discovery.DiscoveryClient - Registered Applications size is zero : true 
2025-04-28 15:06:50-513 [main] INFO  c.netflix.discovery.DiscoveryClient - Application version is -1: true 
2025-04-28 15:06:50-513 [main] INFO  c.netflix.discovery.DiscoveryClient - Getting all instance registry info from the eureka server 
2025-04-28 15:06:50-885 [main] INFO  c.netflix.discovery.DiscoveryClient - The response status is 200 
2025-04-28 15:06:50-887 [main] INFO  c.netflix.discovery.DiscoveryClient - Starting heartbeat executor: renew interval is: 30 
2025-04-28 15:06:50-890 [main] INFO  c.n.discovery.InstanceInfoReplicator - InstanceInfoReplicator onDemand update allowed rate per min is 4 
2025-04-28 15:06:50-892 [main] INFO  c.netflix.discovery.DiscoveryClient - Discovery Client initialized at timestamp 1745870810891 with initial instances count: 2 
2025-04-28 15:06:50-895 [main] INFO  o.s.c.n.e.s.EurekaServiceRegistry - Registering application EXCHANGE-BOOTCOIN-API with eureka with status UP 
2025-04-28 15:06:50-896 [main] INFO  c.netflix.discovery.DiscoveryClient - Saw local status change event StatusChangeEvent [timestamp=1745870810896, current=UP, previous=STARTING] 
2025-04-28 15:06:50-899 [DiscoveryClient-InstanceInfoReplicator-%d] INFO  c.netflix.discovery.DiscoveryClient - DiscoveryClient_EXCHANGE-BOOTCOIN-API/exchange-bootcoin-api:8809: registering service... 
2025-04-28 15:06:50-928 [repliesContainer-0-C-1] INFO  org.apache.kafka.clients.Metadata - [Consumer clientId=consumer-bootcoin-group-1, groupId=bootcoin-group] Cluster ID: pQNgvDGCTc6DWdlYtyeAyg 
2025-04-28 15:06:50-929 [repliesContainer-0-C-1] INFO  o.a.k.c.c.i.ConsumerCoordinator - [Consumer clientId=consumer-bootcoin-group-1, groupId=bootcoin-group] Discovered group coordinator localhost:29092 (id: 2147482646 rack: null) 
2025-04-28 15:06:50-933 [repliesContainer-0-C-1] INFO  o.a.k.c.c.i.ConsumerCoordinator - [Consumer clientId=consumer-bootcoin-group-1, groupId=bootcoin-group] (Re-)joining group 
2025-04-28 15:06:50-957 [DiscoveryClient-InstanceInfoReplicator-%d] INFO  c.netflix.discovery.DiscoveryClient - DiscoveryClient_EXCHANGE-BOOTCOIN-API/exchange-bootcoin-api:8809 - registration status: 204 
2025-04-28 15:06:50-958 [repliesContainer-0-C-1] INFO  o.a.k.c.c.i.ConsumerCoordinator - [Consumer clientId=consumer-bootcoin-group-1, groupId=bootcoin-group] Request joining group due to: need to re-join with the given member-id: consumer-bootcoin-group-1-0f62ff60-fc77-4b1c-9911-ba327491327b 
2025-04-28 15:06:50-958 [repliesContainer-0-C-1] INFO  o.a.k.c.c.i.ConsumerCoordinator - [Consumer clientId=consumer-bootcoin-group-1, groupId=bootcoin-group] (Re-)joining group 
2025-04-28 15:06:50-976 [main] INFO  o.s.b.w.e.netty.NettyWebServer - Netty started on port 8809 (http) 
2025-04-28 15:06:50-978 [main] INFO  o.s.c.n.e.s.EurekaAutoServiceRegistration - Updating port to 8809 
2025-04-28 15:06:51-298 [main] INFO  o.a.k.c.consumer.ConsumerConfig - ConsumerConfig values: 
	allow.auto.create.topics = true
	auto.commit.interval.ms = 5000
	auto.include.jmx.reporter = true
	auto.offset.reset = latest
	bootstrap.servers = [localhost:29092]
	check.crcs = true
	client.dns.lookup = use_all_dns_ips
	client.id = consumer-bootcoin-group-2
	client.rack = 
	connections.max.idle.ms = 540000
	default.api.timeout.ms = 60000
	enable.auto.commit = false
	enable.metrics.push = true
	exclude.internal.topics = true
	fetch.max.bytes = 52428800
	fetch.max.wait.ms = 500
	fetch.min.bytes = 1
	group.id = bootcoin-group
	group.instance.id = null
	group.protocol = classic
	group.remote.assignor = null
	heartbeat.interval.ms = 3000
	interceptor.classes = []
	internal.leave.group.on.close = true
	internal.throw.on.fetch.stable.offset.unsupported = false
	isolation.level = read_uncommitted
	key.deserializer = class org.apache.kafka.common.serialization.StringDeserializer
	max.partition.fetch.bytes = 1048576
	max.poll.interval.ms = 300000
	max.poll.records = 500
	metadata.max.age.ms = 300000
	metadata.recovery.strategy = none
	metric.reporters = []
	metrics.num.samples = 2
	metrics.recording.level = INFO
	metrics.sample.window.ms = 30000
	partition.assignment.strategy = [class org.apache.kafka.clients.consumer.RangeAssignor, class org.apache.kafka.clients.consumer.CooperativeStickyAssignor]
	receive.buffer.bytes = 65536
	reconnect.backoff.max.ms = 1000
	reconnect.backoff.ms = 50
	request.timeout.ms = 30000
	retry.backoff.max.ms = 1000
	retry.backoff.ms = 100
	sasl.client.callback.handler.class = null
	sasl.jaas.config = null
	sasl.kerberos.kinit.cmd = /usr/bin/kinit
	sasl.kerberos.min.time.before.relogin = 60000
	sasl.kerberos.service.name = null
	sasl.kerberos.ticket.renew.jitter = 0.05
	sasl.kerberos.ticket.renew.window.factor = 0.8
	sasl.login.callback.handler.class = null
	sasl.login.class = null
	sasl.login.connect.timeout.ms = null
	sasl.login.read.timeout.ms = null
	sasl.login.refresh.buffer.seconds = 300
	sasl.login.refresh.min.period.seconds = 60
	sasl.login.refresh.window.factor = 0.8
	sasl.login.refresh.window.jitter = 0.05
	sasl.login.retry.backoff.max.ms = 10000
	sasl.login.retry.backoff.ms = 100
	sasl.mechanism = GSSAPI
	sasl.oauthbearer.clock.skew.seconds = 30
	sasl.oauthbearer.expected.audience = null
	sasl.oauthbearer.expected.issuer = null
	sasl.oauthbearer.jwks.endpoint.refresh.ms = 3600000
	sasl.oauthbearer.jwks.endpoint.retry.backoff.max.ms = 10000
	sasl.oauthbearer.jwks.endpoint.retry.backoff.ms = 100
	sasl.oauthbearer.jwks.endpoint.url = null
	sasl.oauthbearer.scope.claim.name = scope
	sasl.oauthbearer.sub.claim.name = sub
	sasl.oauthbearer.token.endpoint.url = null
	security.protocol = PLAINTEXT
	security.providers = null
	send.buffer.bytes = 131072
	session.timeout.ms = 45000
	socket.connection.setup.timeout.max.ms = 30000
	socket.connection.setup.timeout.ms = 10000
	ssl.cipher.suites = null
	ssl.enabled.protocols = [TLSv1.2, TLSv1.3]
	ssl.endpoint.identification.algorithm = https
	ssl.engine.factory.class = null
	ssl.key.password = null
	ssl.keymanager.algorithm = SunX509
	ssl.keystore.certificate.chain = null
	ssl.keystore.key = null
	ssl.keystore.location = null
	ssl.keystore.password = null
	ssl.keystore.type = JKS
	ssl.protocol = TLSv1.3
	ssl.provider = null
	ssl.secure.random.implementation = null
	ssl.trustmanager.algorithm = PKIX
	ssl.truststore.certificates = null
	ssl.truststore.location = null
	ssl.truststore.password = null
	ssl.truststore.type = JKS
	value.deserializer = class org.apache.kafka.common.serialization.StringDeserializer
 
2025-04-28 15:06:51-298 [main] INFO  o.a.k.c.t.i.KafkaMetricsCollector - initializing Kafka metrics collector 
2025-04-28 15:06:51-307 [main] INFO  o.a.kafka.common.utils.AppInfoParser - Kafka version: 3.8.1 
2025-04-28 15:06:51-307 [main] INFO  o.a.kafka.common.utils.AppInfoParser - Kafka commitId: 70d6ff42debf7e17 
2025-04-28 15:06:51-307 [main] INFO  o.a.kafka.common.utils.AppInfoParser - Kafka startTimeMs: 1745870811307 
2025-04-28 15:06:51-307 [main] INFO  o.a.k.c.c.i.LegacyKafkaConsumer - [Consumer clientId=consumer-bootcoin-group-2, groupId=bootcoin-group] Subscribed to topic(s): exchange-request 
2025-04-28 15:06:51-311 [main] INFO  o.a.k.c.consumer.ConsumerConfig - ConsumerConfig values: 
	allow.auto.create.topics = true
	auto.commit.interval.ms = 5000
	auto.include.jmx.reporter = true
	auto.offset.reset = latest
	bootstrap.servers = [localhost:29092]
	check.crcs = true
	client.dns.lookup = use_all_dns_ips
	client.id = consumer-bootcoin-group-3
	client.rack = 
	connections.max.idle.ms = 540000
	default.api.timeout.ms = 60000
	enable.auto.commit = false
	enable.metrics.push = true
	exclude.internal.topics = true
	fetch.max.bytes = 52428800
	fetch.max.wait.ms = 500
	fetch.min.bytes = 1
	group.id = bootcoin-group
	group.instance.id = null
	group.protocol = classic
	group.remote.assignor = null
	heartbeat.interval.ms = 3000
	interceptor.classes = []
	internal.leave.group.on.close = true
	internal.throw.on.fetch.stable.offset.unsupported = false
	isolation.level = read_uncommitted
	key.deserializer = class org.apache.kafka.common.serialization.StringDeserializer
	max.partition.fetch.bytes = 1048576
	max.poll.interval.ms = 300000
	max.poll.records = 500
	metadata.max.age.ms = 300000
	metadata.recovery.strategy = none
	metric.reporters = []
	metrics.num.samples = 2
	metrics.recording.level = INFO
	metrics.sample.window.ms = 30000
	partition.assignment.strategy = [class org.apache.kafka.clients.consumer.RangeAssignor, class org.apache.kafka.clients.consumer.CooperativeStickyAssignor]
	receive.buffer.bytes = 65536
	reconnect.backoff.max.ms = 1000
	reconnect.backoff.ms = 50
	request.timeout.ms = 30000
	retry.backoff.max.ms = 1000
	retry.backoff.ms = 100
	sasl.client.callback.handler.class = null
	sasl.jaas.config = null
	sasl.kerberos.kinit.cmd = /usr/bin/kinit
	sasl.kerberos.min.time.before.relogin = 60000
	sasl.kerberos.service.name = null
	sasl.kerberos.ticket.renew.jitter = 0.05
	sasl.kerberos.ticket.renew.window.factor = 0.8
	sasl.login.callback.handler.class = null
	sasl.login.class = null
	sasl.login.connect.timeout.ms = null
	sasl.login.read.timeout.ms = null
	sasl.login.refresh.buffer.seconds = 300
	sasl.login.refresh.min.period.seconds = 60
	sasl.login.refresh.window.factor = 0.8
	sasl.login.refresh.window.jitter = 0.05
	sasl.login.retry.backoff.max.ms = 10000
	sasl.login.retry.backoff.ms = 100
	sasl.mechanism = GSSAPI
	sasl.oauthbearer.clock.skew.seconds = 30
	sasl.oauthbearer.expected.audience = null
	sasl.oauthbearer.expected.issuer = null
	sasl.oauthbearer.jwks.endpoint.refresh.ms = 3600000
	sasl.oauthbearer.jwks.endpoint.retry.backoff.max.ms = 10000
	sasl.oauthbearer.jwks.endpoint.retry.backoff.ms = 100
	sasl.oauthbearer.jwks.endpoint.url = null
	sasl.oauthbearer.scope.claim.name = scope
	sasl.oauthbearer.sub.claim.name = sub
	sasl.oauthbearer.token.endpoint.url = null
	security.protocol = PLAINTEXT
	security.providers = null
	send.buffer.bytes = 131072
	session.timeout.ms = 45000
	socket.connection.setup.timeout.max.ms = 30000
	socket.connection.setup.timeout.ms = 10000
	ssl.cipher.suites = null
	ssl.enabled.protocols = [TLSv1.2, TLSv1.3]
	ssl.endpoint.identification.algorithm = https
	ssl.engine.factory.class = null
	ssl.key.password = null
	ssl.keymanager.algorithm = SunX509
	ssl.keystore.certificate.chain = null
	ssl.keystore.key = null
	ssl.keystore.location = null
	ssl.keystore.password = null
	ssl.keystore.type = JKS
	ssl.protocol = TLSv1.3
	ssl.provider = null
	ssl.secure.random.implementation = null
	ssl.trustmanager.algorithm = PKIX
	ssl.truststore.certificates = null
	ssl.truststore.location = null
	ssl.truststore.password = null
	ssl.truststore.type = JKS
	value.deserializer = class org.apache.kafka.common.serialization.StringDeserializer
 
2025-04-28 15:06:51-312 [main] INFO  o.a.k.c.t.i.KafkaMetricsCollector - initializing Kafka metrics collector 
2025-04-28 15:06:51-323 [main] INFO  o.a.kafka.common.utils.AppInfoParser - Kafka version: 3.8.1 
2025-04-28 15:06:51-324 [main] INFO  o.a.kafka.common.utils.AppInfoParser - Kafka commitId: 70d6ff42debf7e17 
2025-04-28 15:06:51-324 [main] INFO  o.a.kafka.common.utils.AppInfoParser - Kafka startTimeMs: 1745870811323 
2025-04-28 15:06:51-324 [main] INFO  o.a.k.c.c.i.LegacyKafkaConsumer - [Consumer clientId=consumer-bootcoin-group-3, groupId=bootcoin-group] Subscribed to topic(s): exchange-rate 
2025-04-28 15:06:51-334 [org.springframework.kafka.KafkaListenerEndpointContainer#0-0-C-1] WARN  o.apache.kafka.clients.NetworkClient - [Consumer clientId=consumer-bootcoin-group-2, groupId=bootcoin-group] Error while fetching metadata with correlation id 2 : {exchange-request=LEADER_NOT_AVAILABLE} 
2025-04-28 15:06:51-335 [org.springframework.kafka.KafkaListenerEndpointContainer#0-0-C-1] INFO  org.apache.kafka.clients.Metadata - [Consumer clientId=consumer-bootcoin-group-2, groupId=bootcoin-group] Cluster ID: pQNgvDGCTc6DWdlYtyeAyg 
2025-04-28 15:06:51-336 [org.springframework.kafka.KafkaListenerEndpointContainer#0-0-C-1] INFO  o.a.k.c.c.i.ConsumerCoordinator - [Consumer clientId=consumer-bootcoin-group-2, groupId=bootcoin-group] Discovered group coordinator localhost:29092 (id: 2147482646 rack: null) 
2025-04-28 15:06:51-338 [org.springframework.kafka.KafkaListenerEndpointContainer#0-0-C-1] INFO  o.a.k.c.c.i.ConsumerCoordinator - [Consumer clientId=consumer-bootcoin-group-2, groupId=bootcoin-group] (Re-)joining group 
2025-04-28 15:06:51-348 [org.springframework.kafka.KafkaListenerEndpointContainer#0-0-C-1] INFO  o.a.k.c.c.i.ConsumerCoordinator - [Consumer clientId=consumer-bootcoin-group-2, groupId=bootcoin-group] Request joining group due to: need to re-join with the given member-id: consumer-bootcoin-group-2-9190a6f2-0acd-49d1-86b0-17d505d02927 
2025-04-28 15:06:51-348 [org.springframework.kafka.KafkaListenerEndpointContainer#0-0-C-1] INFO  o.a.k.c.c.i.ConsumerCoordinator - [Consumer clientId=consumer-bootcoin-group-2, groupId=bootcoin-group] (Re-)joining group 
2025-04-28 15:06:51-353 [org.springframework.kafka.KafkaListenerEndpointContainer#1-0-C-1] WARN  o.apache.kafka.clients.NetworkClient - [Consumer clientId=consumer-bootcoin-group-3, groupId=bootcoin-group] Error while fetching metadata with correlation id 2 : {exchange-rate=LEADER_NOT_AVAILABLE} 
2025-04-28 15:06:51-354 [org.springframework.kafka.KafkaListenerEndpointContainer#1-0-C-1] INFO  org.apache.kafka.clients.Metadata - [Consumer clientId=consumer-bootcoin-group-3, groupId=bootcoin-group] Cluster ID: pQNgvDGCTc6DWdlYtyeAyg 
2025-04-28 15:06:51-355 [org.springframework.kafka.KafkaListenerEndpointContainer#1-0-C-1] INFO  o.a.k.c.c.i.ConsumerCoordinator - [Consumer clientId=consumer-bootcoin-group-3, groupId=bootcoin-group] Discovered group coordinator localhost:29092 (id: 2147482646 rack: null) 
2025-04-28 15:06:51-357 [org.springframework.kafka.KafkaListenerEndpointContainer#1-0-C-1] INFO  o.a.k.c.c.i.ConsumerCoordinator - [Consumer clientId=consumer-bootcoin-group-3, groupId=bootcoin-group] (Re-)joining group 
2025-04-28 15:06:51-367 [main] INFO  c.b.e.a.ExchangeBootcoinApiApplication - Started ExchangeBootcoinApiApplication in 9.335 seconds (process running for 10.673) 
2025-04-28 15:06:51-368 [org.springframework.kafka.KafkaListenerEndpointContainer#1-0-C-1] INFO  o.a.k.c.c.i.ConsumerCoordinator - [Consumer clientId=consumer-bootcoin-group-3, groupId=bootcoin-group] Request joining group due to: need to re-join with the given member-id: consumer-bootcoin-group-3-2b4e95ab-8373-48a7-8e65-d902e30d49e6 
2025-04-28 15:06:51-369 [org.springframework.kafka.KafkaListenerEndpointContainer#1-0-C-1] INFO  o.a.k.c.c.i.ConsumerCoordinator - [Consumer clientId=consumer-bootcoin-group-3, groupId=bootcoin-group] (Re-)joining group 
2025-04-28 15:06:53-149 [org.springframework.kafka.KafkaListenerEndpointContainer#0-0-C-1] INFO  o.a.k.c.c.i.ConsumerCoordinator - [Consumer clientId=consumer-bootcoin-group-2, groupId=bootcoin-group] Successfully joined group with generation Generation{generationId=2, memberId='consumer-bootcoin-group-2-9190a6f2-0acd-49d1-86b0-17d505d02927', protocol='range'} 
2025-04-28 15:06:53-150 [repliesContainer-0-C-1] INFO  o.a.k.c.c.i.ConsumerCoordinator - [Consumer clientId=consumer-bootcoin-group-1, groupId=bootcoin-group] Successfully joined group with generation Generation{generationId=2, memberId='consumer-bootcoin-group-1-0f62ff60-fc77-4b1c-9911-ba327491327b', protocol='range'} 
2025-04-28 15:06:53-150 [org.springframework.kafka.KafkaListenerEndpointContainer#1-0-C-1] INFO  o.a.k.c.c.i.ConsumerCoordinator - [Consumer clientId=consumer-bootcoin-group-3, groupId=bootcoin-group] Successfully joined group with generation Generation{generationId=2, memberId='consumer-bootcoin-group-3-2b4e95ab-8373-48a7-8e65-d902e30d49e6', protocol='range'} 
2025-04-28 15:06:53-588 [org.springframework.kafka.KafkaListenerEndpointContainer#1-0-C-1] INFO  o.a.k.c.c.i.ConsumerCoordinator - [Consumer clientId=consumer-bootcoin-group-3, groupId=bootcoin-group] Successfully synced group in generation Generation{generationId=2, memberId='consumer-bootcoin-group-3-2b4e95ab-8373-48a7-8e65-d902e30d49e6', protocol='range'} 
2025-04-28 15:06:53-588 [repliesContainer-0-C-1] INFO  o.a.k.c.c.i.ConsumerCoordinator - [Consumer clientId=consumer-bootcoin-group-1, groupId=bootcoin-group] Successfully synced group in generation Generation{generationId=2, memberId='consumer-bootcoin-group-1-0f62ff60-fc77-4b1c-9911-ba327491327b', protocol='range'} 
2025-04-28 15:06:53-588 [org.springframework.kafka.KafkaListenerEndpointContainer#0-0-C-1] INFO  o.a.k.c.c.i.ConsumerCoordinator - [Consumer clientId=consumer-bootcoin-group-2, groupId=bootcoin-group] Successfully synced group in generation Generation{generationId=2, memberId='consumer-bootcoin-group-2-9190a6f2-0acd-49d1-86b0-17d505d02927', protocol='range'} 
2025-04-28 15:06:53-593 [org.springframework.kafka.KafkaListenerEndpointContainer#0-0-C-1] INFO  o.a.k.c.c.i.ConsumerCoordinator - [Consumer clientId=consumer-bootcoin-group-2, groupId=bootcoin-group] Notifying assignor about the new Assignment(partitions=[exchange-request-0]) 
2025-04-28 15:06:53-593 [repliesContainer-0-C-1] INFO  o.a.k.c.c.i.ConsumerCoordinator - [Consumer clientId=consumer-bootcoin-group-1, groupId=bootcoin-group] Notifying assignor about the new Assignment(partitions=[exchange-response-0]) 
2025-04-28 15:06:53-593 [org.springframework.kafka.KafkaListenerEndpointContainer#1-0-C-1] INFO  o.a.k.c.c.i.ConsumerCoordinator - [Consumer clientId=consumer-bootcoin-group-3, groupId=bootcoin-group] Notifying assignor about the new Assignment(partitions=[exchange-rate-0]) 
2025-04-28 15:06:53-597 [repliesContainer-0-C-1] INFO  o.a.k.c.c.i.ConsumerRebalanceListenerInvoker - [Consumer clientId=consumer-bootcoin-group-1, groupId=bootcoin-group] Adding newly assigned partitions: exchange-response-0 
2025-04-28 15:06:53-597 [org.springframework.kafka.KafkaListenerEndpointContainer#0-0-C-1] INFO  o.a.k.c.c.i.ConsumerRebalanceListenerInvoker - [Consumer clientId=consumer-bootcoin-group-2, groupId=bootcoin-group] Adding newly assigned partitions: exchange-request-0 
2025-04-28 15:06:53-597 [org.springframework.kafka.KafkaListenerEndpointContainer#1-0-C-1] INFO  o.a.k.c.c.i.ConsumerRebalanceListenerInvoker - [Consumer clientId=consumer-bootcoin-group-3, groupId=bootcoin-group] Adding newly assigned partitions: exchange-rate-0 
2025-04-28 15:06:53-607 [org.springframework.kafka.KafkaListenerEndpointContainer#0-0-C-1] INFO  o.a.k.c.c.i.ConsumerCoordinator - [Consumer clientId=consumer-bootcoin-group-2, groupId=bootcoin-group] Found no committed offset for partition exchange-request-0 
2025-04-28 15:06:53-607 [org.springframework.kafka.KafkaListenerEndpointContainer#1-0-C-1] INFO  o.a.k.c.c.i.ConsumerCoordinator - [Consumer clientId=consumer-bootcoin-group-3, groupId=bootcoin-group] Found no committed offset for partition exchange-rate-0 
2025-04-28 15:06:53-615 [org.springframework.kafka.KafkaListenerEndpointContainer#0-0-C-1] INFO  o.a.k.c.c.i.ConsumerCoordinator - [Consumer clientId=consumer-bootcoin-group-2, groupId=bootcoin-group] Found no committed offset for partition exchange-request-0 
2025-04-28 15:06:53-615 [org.springframework.kafka.KafkaListenerEndpointContainer#1-0-C-1] INFO  o.a.k.c.c.i.ConsumerCoordinator - [Consumer clientId=consumer-bootcoin-group-3, groupId=bootcoin-group] Found no committed offset for partition exchange-rate-0 
2025-04-28 15:06:53-618 [repliesContainer-0-C-1] INFO  o.a.k.c.c.internals.ConsumerUtils - Setting offset for partition exchange-response-0 to the committed offset FetchPosition{offset=0, offsetEpoch=Optional.empty, currentLeader=LeaderAndEpoch{leader=Optional[localhost:29092 (id: 1001 rack: null)], epoch=0}} 
2025-04-28 15:06:53-620 [repliesContainer-0-C-1] INFO  o.s.k.l.ConcurrentMessageListenerContainer - bootcoin-group: partitions assigned: [exchange-response-0] 
2025-04-28 15:06:53-627 [org.springframework.kafka.KafkaListenerEndpointContainer#0-0-C-1] INFO  o.a.k.c.c.i.SubscriptionState - [Consumer clientId=consumer-bootcoin-group-2, groupId=bootcoin-group] Resetting offset for partition exchange-request-0 to position FetchPosition{offset=0, offsetEpoch=Optional.empty, currentLeader=LeaderAndEpoch{leader=Optional[localhost:29092 (id: 1001 rack: null)], epoch=0}}. 
2025-04-28 15:06:53-627 [org.springframework.kafka.KafkaListenerEndpointContainer#1-0-C-1] INFO  o.a.k.c.c.i.SubscriptionState - [Consumer clientId=consumer-bootcoin-group-3, groupId=bootcoin-group] Resetting offset for partition exchange-rate-0 to position FetchPosition{offset=0, offsetEpoch=Optional.empty, currentLeader=LeaderAndEpoch{leader=Optional[localhost:29092 (id: 1001 rack: null)], epoch=0}}. 
2025-04-28 15:06:53-635 [org.springframework.kafka.KafkaListenerEndpointContainer#1-0-C-1] INFO  o.s.k.l.KafkaMessageListenerContainer - bootcoin-group: partitions assigned: [exchange-rate-0] 
2025-04-28 15:06:53-636 [org.springframework.kafka.KafkaListenerEndpointContainer#0-0-C-1] INFO  o.s.k.l.KafkaMessageListenerContainer - bootcoin-group: partitions assigned: [exchange-request-0] 
2025-04-28 15:07:03-544 [org.springframework.kafka.KafkaListenerEndpointContainer#0-0-C-1] INFO  c.b.e.api.consumer.ExchangeConsumer - Init request exchange day: {"day":[2025,4,27],"action":"GET_EXCHANGE","priceSell":30.0,"priceBuy":11.0}, replyTopic: exchange-response, correlationId: [-77, 63, -59, -21, -42, -121, 76, -128, -111, -35, 49, -61, 51, -117, 30, 32] 
2025-04-28 15:07:03-545 [org.springframework.kafka.KafkaListenerEndpointContainer#0-0-C-1] INFO  c.b.e.a.s.impl.ExchangeServiceImpl - Init get today exchange 2025-04-28 
2025-04-28 15:07:03-633 [nioEventLoopGroup-3-3] INFO  c.b.e.a.s.impl.ExchangeServiceImpl - Exchange get today {"day":[2025,4,28],"priceSell":0.0,"priceBuy":0.0} 
2025-04-28 15:07:03-634 [nioEventLoopGroup-3-3] INFO  c.b.e.api.consumer.ExchangeConsumer - Exchange day: {"day":[2025,4,28],"priceSell":0.0,"priceBuy":0.0} 
2025-04-28 15:07:03-635 [nioEventLoopGroup-3-3] INFO  c.b.e.api.consumer.ExchangeConsumer - Sending as response {"day":[2025,4,28],"priceSell":0.0,"priceBuy":0.0} 
2025-04-28 15:07:05-264 [nioEventLoopGroup-3-3] INFO  o.a.k.c.producer.ProducerConfig - ProducerConfig values: 
	acks = -1
	auto.include.jmx.reporter = true
	batch.size = 16384
	bootstrap.servers = [localhost:29092]
	buffer.memory = 33554432
	client.dns.lookup = use_all_dns_ips
	client.id = exchange-bootcoin-api-producer-1
	compression.gzip.level = -1
	compression.lz4.level = 9
	compression.type = none
	compression.zstd.level = 3
	connections.max.idle.ms = 540000
	delivery.timeout.ms = 120000
	enable.idempotence = true
	enable.metrics.push = true
	interceptor.classes = []
	key.serializer = class org.apache.kafka.common.serialization.StringSerializer
	linger.ms = 0
	max.block.ms = 60000
	max.in.flight.requests.per.connection = 5
	max.request.size = 1048576
	metadata.max.age.ms = 300000
	metadata.max.idle.ms = 300000
	metadata.recovery.strategy = none
	metric.reporters = []
	metrics.num.samples = 2
	metrics.recording.level = INFO
	metrics.sample.window.ms = 30000
	partitioner.adaptive.partitioning.enable = true
	partitioner.availability.timeout.ms = 0
	partitioner.class = null
	partitioner.ignore.keys = false
	receive.buffer.bytes = 32768
	reconnect.backoff.max.ms = 1000
	reconnect.backoff.ms = 50
	request.timeout.ms = 30000
	retries = 2147483647
	retry.backoff.max.ms = 1000
	retry.backoff.ms = 100
	sasl.client.callback.handler.class = null
	sasl.jaas.config = null
	sasl.kerberos.kinit.cmd = /usr/bin/kinit
	sasl.kerberos.min.time.before.relogin = 60000
	sasl.kerberos.service.name = null
	sasl.kerberos.ticket.renew.jitter = 0.05
	sasl.kerberos.ticket.renew.window.factor = 0.8
	sasl.login.callback.handler.class = null
	sasl.login.class = null
	sasl.login.connect.timeout.ms = null
	sasl.login.read.timeout.ms = null
	sasl.login.refresh.buffer.seconds = 300
	sasl.login.refresh.min.period.seconds = 60
	sasl.login.refresh.window.factor = 0.8
	sasl.login.refresh.window.jitter = 0.05
	sasl.login.retry.backoff.max.ms = 10000
	sasl.login.retry.backoff.ms = 100
	sasl.mechanism = GSSAPI
	sasl.oauthbearer.clock.skew.seconds = 30
	sasl.oauthbearer.expected.audience = null
	sasl.oauthbearer.expected.issuer = null
	sasl.oauthbearer.jwks.endpoint.refresh.ms = 3600000
	sasl.oauthbearer.jwks.endpoint.retry.backoff.max.ms = 10000
	sasl.oauthbearer.jwks.endpoint.retry.backoff.ms = 100
	sasl.oauthbearer.jwks.endpoint.url = null
	sasl.oauthbearer.scope.claim.name = scope
	sasl.oauthbearer.sub.claim.name = sub
	sasl.oauthbearer.token.endpoint.url = null
	security.protocol = PLAINTEXT
	security.providers = null
	send.buffer.bytes = 131072
	socket.connection.setup.timeout.max.ms = 30000
	socket.connection.setup.timeout.ms = 10000
	ssl.cipher.suites = null
	ssl.enabled.protocols = [TLSv1.2, TLSv1.3]
	ssl.endpoint.identification.algorithm = https
	ssl.engine.factory.class = null
	ssl.key.password = null
	ssl.keymanager.algorithm = SunX509
	ssl.keystore.certificate.chain = null
	ssl.keystore.key = null
	ssl.keystore.location = null
	ssl.keystore.password = null
	ssl.keystore.type = JKS
	ssl.protocol = TLSv1.3
	ssl.provider = null
	ssl.secure.random.implementation = null
	ssl.trustmanager.algorithm = PKIX
	ssl.truststore.certificates = null
	ssl.truststore.location = null
	ssl.truststore.password = null
	ssl.truststore.type = JKS
	transaction.timeout.ms = 60000
	transactional.id = null
	value.serializer = class org.apache.kafka.common.serialization.StringSerializer
 
2025-04-28 15:07:05-265 [nioEventLoopGroup-3-3] INFO  o.a.k.c.t.i.KafkaMetricsCollector - initializing Kafka metrics collector 
2025-04-28 15:07:05-277 [nioEventLoopGroup-3-3] INFO  o.a.k.clients.producer.KafkaProducer - [Producer clientId=exchange-bootcoin-api-producer-1] Instantiated an idempotent producer. 
2025-04-28 15:07:05-297 [nioEventLoopGroup-3-3] INFO  o.a.kafka.common.utils.AppInfoParser - Kafka version: 3.8.1 
2025-04-28 15:07:05-297 [nioEventLoopGroup-3-3] INFO  o.a.kafka.common.utils.AppInfoParser - Kafka commitId: 70d6ff42debf7e17 
2025-04-28 15:07:05-297 [nioEventLoopGroup-3-3] INFO  o.a.kafka.common.utils.AppInfoParser - Kafka startTimeMs: 1745870825297 
2025-04-28 15:07:05-308 [kafka-producer-network-thread | exchange-bootcoin-api-producer-1] INFO  org.apache.kafka.clients.Metadata - [Producer clientId=exchange-bootcoin-api-producer-1] Cluster ID: pQNgvDGCTc6DWdlYtyeAyg 
2025-04-28 15:07:05-309 [kafka-producer-network-thread | exchange-bootcoin-api-producer-1] INFO  o.a.k.c.p.i.TransactionManager - [Producer clientId=exchange-bootcoin-api-producer-1] ProducerId set to 1 with epoch 0 
2025-04-28 15:07:06-609 [nioEventLoopGroup-3-3] INFO  c.b.e.api.consumer.ExchangeConsumer - Successfully: Mensaje enviado al topic exchange-response 
2025-04-28 15:07:06-627 [repliesContainer-0-C-1] ERROR o.s.k.r.ReplyingKafkaTemplate - No pending reply: exchange-response-0@0 with correlationId: b33fc5eb-d687-4c80-91dd-31c3338b1e20, perhaps timed out, or using a shared reply topic 
2025-04-28 15:08:23-730 [org.springframework.kafka.KafkaListenerEndpointContainer#0-0-C-1] INFO  c.b.e.api.consumer.ExchangeConsumer - Init request exchange day: {"day":[2025,4,27],"action":"GET_EXCHANGE","priceSell":30.0,"priceBuy":11.0}, replyTopic: exchange-response, correlationId: [67, -19, 36, 4, 30, 114, 75, -65, -91, -72, 14, -97, 71, -41, -120, -60] 
2025-04-28 15:08:23-731 [org.springframework.kafka.KafkaListenerEndpointContainer#0-0-C-1] INFO  c.b.e.a.s.impl.ExchangeServiceImpl - Init get today exchange 2025-04-28 
2025-04-28 15:08:23-740 [nioEventLoopGroup-3-3] INFO  c.b.e.a.s.impl.ExchangeServiceImpl - Exchange get today {"day":[2025,4,28],"priceSell":0.0,"priceBuy":0.0} 
2025-04-28 15:08:23-741 [nioEventLoopGroup-3-3] INFO  c.b.e.api.consumer.ExchangeConsumer - Exchange day: {"day":[2025,4,28],"priceSell":0.0,"priceBuy":0.0} 
2025-04-28 15:08:23-742 [nioEventLoopGroup-3-3] INFO  c.b.e.api.consumer.ExchangeConsumer - Sending as response {"day":[2025,4,28],"priceSell":0.0,"priceBuy":0.0} 
2025-04-28 15:08:23-743 [nioEventLoopGroup-3-3] INFO  c.b.e.api.consumer.ExchangeConsumer - Successfully: Mensaje enviado al topic exchange-response 
2025-04-28 15:08:23-749 [repliesContainer-0-C-1] ERROR o.s.k.r.ReplyingKafkaTemplate - No pending reply: exchange-response-0@1 with correlationId: 43ed2404-1e72-4bbf-a5b8-0e9f47d788c4, perhaps timed out, or using a shared reply topic 
2025-04-28 15:10:06-410 [org.springframework.kafka.KafkaListenerEndpointContainer#1-0-C-1] INFO  c.b.e.api.consumer.ExchangeConsumer - Exchange to create: {"day":[2025,4,28],"action":"CREATE","priceSell":30.0,"priceBuy":11.0} 
2025-04-28 15:10:06-419 [org.springframework.kafka.KafkaListenerEndpointContainer#1-0-C-1] INFO  c.b.e.a.s.impl.ExchangeServiceImpl - Init createExchange {"day":[2025,4,28],"action":"CREATE","priceSell":30.0,"priceBuy":11.0} 
2025-04-28 15:10:06-430 [nioEventLoopGroup-3-3] INFO  c.b.e.a.s.impl.ExchangeServiceImpl - Exchange new creating {"day":[2025,4,28],"priceSell":30.0,"priceBuy":11.0,"createdAt":[2025,4,28],"updatedAt":[2025,4,28]} 
2025-04-28 15:10:06-524 [nioEventLoopGroup-3-3] INFO  c.b.e.a.s.impl.ExchangeServiceImpl - Exchange saved {"id":"680fe09e6ea9580dea253c4a","day":[2025,4,28],"priceSell":30.0,"priceBuy":11.0,"createdAt":[2025,4,28],"updatedAt":[2025,4,28]} 
2025-04-28 15:10:06-525 [nioEventLoopGroup-3-3] INFO  c.b.e.a.s.impl.ExchangeServiceImpl - Exchange created or updated {"id":"680fe09e6ea9580dea253c4a","day":[2025,4,28],"priceSell":30.0,"priceBuy":11.0} 
2025-04-28 15:10:06-526 [nioEventLoopGroup-3-3] INFO  c.b.e.api.consumer.ExchangeConsumer - Exchange created: {"id":"680fe09e6ea9580dea253c4a","day":[2025,4,28],"priceSell":30.0,"priceBuy":11.0} 
2025-04-28 15:10:14-039 [org.springframework.kafka.KafkaListenerEndpointContainer#0-0-C-1] INFO  c.b.e.api.consumer.ExchangeConsumer - Init request exchange day: {"day":[2025,4,28],"action":"GET_EXCHANGE","priceSell":30.0,"priceBuy":11.0}, replyTopic: exchange-response, correlationId: [-55, 93, 26, -35, -5, 2, 74, -62, -89, 5, -16, 61, -82, 43, 97, -87] 
2025-04-28 15:10:14-039 [org.springframework.kafka.KafkaListenerEndpointContainer#0-0-C-1] INFO  c.b.e.a.s.impl.ExchangeServiceImpl - Init get today exchange 2025-04-28 
2025-04-28 15:10:14-058 [nioEventLoopGroup-3-3] INFO  c.b.e.a.s.impl.ExchangeServiceImpl - Exchange get today {"id":"680fe09e6ea9580dea253c4a","day":[2025,4,28],"priceSell":30.0,"priceBuy":11.0} 
2025-04-28 15:10:14-059 [nioEventLoopGroup-3-3] INFO  c.b.e.api.consumer.ExchangeConsumer - Exchange day: {"id":"680fe09e6ea9580dea253c4a","day":[2025,4,28],"priceSell":30.0,"priceBuy":11.0} 
2025-04-28 15:10:14-060 [nioEventLoopGroup-3-3] INFO  c.b.e.api.consumer.ExchangeConsumer - Sending as response {"id":"680fe09e6ea9580dea253c4a","day":[2025,4,28],"priceSell":30.0,"priceBuy":11.0} 
2025-04-28 15:10:14-061 [nioEventLoopGroup-3-3] INFO  c.b.e.api.consumer.ExchangeConsumer - Successfully: Mensaje enviado al topic exchange-response 
2025-04-28 15:10:14-064 [repliesContainer-0-C-1] ERROR o.s.k.r.ReplyingKafkaTemplate - No pending reply: exchange-response-0@2 with correlationId: c95d1add-fb02-4ac2-a705-f03dae2b61a9, perhaps timed out, or using a shared reply topic 
2025-04-28 15:11:29-929 [org.springframework.kafka.KafkaListenerEndpointContainer#0-0-C-1] INFO  o.a.k.c.c.i.ConsumerCoordinator - [Consumer clientId=consumer-bootcoin-group-2, groupId=bootcoin-group] Request joining group due to: group is already rebalancing 
2025-04-28 15:11:29-929 [org.springframework.kafka.KafkaListenerEndpointContainer#1-0-C-1] INFO  o.a.k.c.c.i.ConsumerCoordinator - [Consumer clientId=consumer-bootcoin-group-3, groupId=bootcoin-group] Request joining group due to: group is already rebalancing 
2025-04-28 15:11:29-931 [org.springframework.kafka.KafkaListenerEndpointContainer#0-0-C-1] INFO  o.a.k.c.c.i.ConsumerRebalanceListenerInvoker - [Consumer clientId=consumer-bootcoin-group-2, groupId=bootcoin-group] Revoke previously assigned partitions exchange-request-0 
2025-04-28 15:11:29-931 [org.springframework.kafka.KafkaListenerEndpointContainer#1-0-C-1] INFO  o.a.k.c.c.i.ConsumerRebalanceListenerInvoker - [Consumer clientId=consumer-bootcoin-group-3, groupId=bootcoin-group] Revoke previously assigned partitions exchange-rate-0 
2025-04-28 15:11:29-933 [org.springframework.kafka.KafkaListenerEndpointContainer#1-0-C-1] INFO  o.s.k.l.KafkaMessageListenerContainer - bootcoin-group: partitions revoked: [exchange-rate-0] 
2025-04-28 15:11:29-933 [org.springframework.kafka.KafkaListenerEndpointContainer#0-0-C-1] INFO  o.s.k.l.KafkaMessageListenerContainer - bootcoin-group: partitions revoked: [exchange-request-0] 
2025-04-28 15:11:29-934 [org.springframework.kafka.KafkaListenerEndpointContainer#0-0-C-1] INFO  o.a.k.c.c.i.ConsumerCoordinator - [Consumer clientId=consumer-bootcoin-group-2, groupId=bootcoin-group] (Re-)joining group 
2025-04-28 15:11:29-934 [org.springframework.kafka.KafkaListenerEndpointContainer#1-0-C-1] INFO  o.a.k.c.c.i.ConsumerCoordinator - [Consumer clientId=consumer-bootcoin-group-3, groupId=bootcoin-group] (Re-)joining group 
2025-04-28 15:11:29-945 [repliesContainer-0-C-1] INFO  o.a.k.c.c.i.ConsumerCoordinator - [Consumer clientId=consumer-bootcoin-group-1, groupId=bootcoin-group] Request joining group due to: group is already rebalancing 
2025-04-28 15:11:29-945 [repliesContainer-0-C-1] INFO  o.a.k.c.c.i.ConsumerRebalanceListenerInvoker - [Consumer clientId=consumer-bootcoin-group-1, groupId=bootcoin-group] Revoke previously assigned partitions exchange-response-0 
2025-04-28 15:11:29-945 [repliesContainer-0-C-1] INFO  o.s.k.l.ConcurrentMessageListenerContainer - bootcoin-group: partitions revoked: [exchange-response-0] 
2025-04-28 15:11:29-945 [repliesContainer-0-C-1] INFO  o.a.k.c.c.i.ConsumerCoordinator - [Consumer clientId=consumer-bootcoin-group-1, groupId=bootcoin-group] (Re-)joining group 
2025-04-28 15:11:29-949 [org.springframework.kafka.KafkaListenerEndpointContainer#1-0-C-1] INFO  o.a.k.c.c.i.ConsumerCoordinator - [Consumer clientId=consumer-bootcoin-group-3, groupId=bootcoin-group] Successfully joined group with generation Generation{generationId=3, memberId='consumer-bootcoin-group-3-2b4e95ab-8373-48a7-8e65-d902e30d49e6', protocol='range'} 
2025-04-28 15:11:29-949 [org.springframework.kafka.KafkaListenerEndpointContainer#0-0-C-1] INFO  o.a.k.c.c.i.ConsumerCoordinator - [Consumer clientId=consumer-bootcoin-group-2, groupId=bootcoin-group] Successfully joined group with generation Generation{generationId=3, memberId='consumer-bootcoin-group-2-9190a6f2-0acd-49d1-86b0-17d505d02927', protocol='range'} 
2025-04-28 15:11:29-949 [repliesContainer-0-C-1] INFO  o.a.k.c.c.i.ConsumerCoordinator - [Consumer clientId=consumer-bootcoin-group-1, groupId=bootcoin-group] Successfully joined group with generation Generation{generationId=3, memberId='consumer-bootcoin-group-1-0f62ff60-fc77-4b1c-9911-ba327491327b', protocol='range'} 
2025-04-28 15:11:30-066 [org.springframework.kafka.KafkaListenerEndpointContainer#0-0-C-1] INFO  o.a.k.c.c.i.ConsumerCoordinator - [Consumer clientId=consumer-bootcoin-group-2, groupId=bootcoin-group] Finished assignment for group at generation 3: {consumer-bootcoin-group-2-9190a6f2-0acd-49d1-86b0-17d505d02927=Assignment(partitions=[exchange-request-0]), consumer-bootcoin-group-3-2b4e95ab-8373-48a7-8e65-d902e30d49e6=Assignment(partitions=[exchange-rate-0]), consumer-bootcoin-group-1-0f62ff60-fc77-4b1c-9911-ba327491327b=Assignment(partitions=[exchange-response-0])} 
2025-04-28 15:11:30-073 [repliesContainer-0-C-1] INFO  o.a.k.c.c.i.ConsumerCoordinator - [Consumer clientId=consumer-bootcoin-group-1, groupId=bootcoin-group] Successfully synced group in generation Generation{generationId=3, memberId='consumer-bootcoin-group-1-0f62ff60-fc77-4b1c-9911-ba327491327b', protocol='range'} 
2025-04-28 15:11:30-073 [org.springframework.kafka.KafkaListenerEndpointContainer#1-0-C-1] INFO  o.a.k.c.c.i.ConsumerCoordinator - [Consumer clientId=consumer-bootcoin-group-3, groupId=bootcoin-group] Successfully synced group in generation Generation{generationId=3, memberId='consumer-bootcoin-group-3-2b4e95ab-8373-48a7-8e65-d902e30d49e6', protocol='range'} 
2025-04-28 15:11:30-073 [org.springframework.kafka.KafkaListenerEndpointContainer#0-0-C-1] INFO  o.a.k.c.c.i.ConsumerCoordinator - [Consumer clientId=consumer-bootcoin-group-2, groupId=bootcoin-group] Successfully synced group in generation Generation{generationId=3, memberId='consumer-bootcoin-group-2-9190a6f2-0acd-49d1-86b0-17d505d02927', protocol='range'} 
2025-04-28 15:11:30-073 [repliesContainer-0-C-1] INFO  o.a.k.c.c.i.ConsumerCoordinator - [Consumer clientId=consumer-bootcoin-group-1, groupId=bootcoin-group] Notifying assignor about the new Assignment(partitions=[exchange-response-0]) 
2025-04-28 15:11:30-073 [org.springframework.kafka.KafkaListenerEndpointContainer#1-0-C-1] INFO  o.a.k.c.c.i.ConsumerCoordinator - [Consumer clientId=consumer-bootcoin-group-3, groupId=bootcoin-group] Notifying assignor about the new Assignment(partitions=[exchange-rate-0]) 
2025-04-28 15:11:30-073 [org.springframework.kafka.KafkaListenerEndpointContainer#0-0-C-1] INFO  o.a.k.c.c.i.ConsumerCoordinator - [Consumer clientId=consumer-bootcoin-group-2, groupId=bootcoin-group] Notifying assignor about the new Assignment(partitions=[exchange-request-0]) 
2025-04-28 15:11:30-073 [repliesContainer-0-C-1] INFO  o.a.k.c.c.i.ConsumerRebalanceListenerInvoker - [Consumer clientId=consumer-bootcoin-group-1, groupId=bootcoin-group] Adding newly assigned partitions: exchange-response-0 
2025-04-28 15:11:30-074 [org.springframework.kafka.KafkaListenerEndpointContainer#1-0-C-1] INFO  o.a.k.c.c.i.ConsumerRebalanceListenerInvoker - [Consumer clientId=consumer-bootcoin-group-3, groupId=bootcoin-group] Adding newly assigned partitions: exchange-rate-0 
2025-04-28 15:11:30-074 [org.springframework.kafka.KafkaListenerEndpointContainer#0-0-C-1] INFO  o.a.k.c.c.i.ConsumerRebalanceListenerInvoker - [Consumer clientId=consumer-bootcoin-group-2, groupId=bootcoin-group] Adding newly assigned partitions: exchange-request-0 
2025-04-28 15:11:30-079 [org.springframework.kafka.KafkaListenerEndpointContainer#0-0-C-1] INFO  o.a.k.c.c.internals.ConsumerUtils - Setting offset for partition exchange-request-0 to the committed offset FetchPosition{offset=3, offsetEpoch=Optional.empty, currentLeader=LeaderAndEpoch{leader=Optional[localhost:29092 (id: 1001 rack: null)], epoch=0}} 
2025-04-28 15:11:30-079 [org.springframework.kafka.KafkaListenerEndpointContainer#1-0-C-1] INFO  o.a.k.c.c.internals.ConsumerUtils - Setting offset for partition exchange-rate-0 to the committed offset FetchPosition{offset=1, offsetEpoch=Optional.empty, currentLeader=LeaderAndEpoch{leader=Optional[localhost:29092 (id: 1001 rack: null)], epoch=0}} 
2025-04-28 15:11:30-079 [repliesContainer-0-C-1] INFO  o.a.k.c.c.internals.ConsumerUtils - Setting offset for partition exchange-response-0 to the committed offset FetchPosition{offset=3, offsetEpoch=Optional.empty, currentLeader=LeaderAndEpoch{leader=Optional[localhost:29092 (id: 1001 rack: null)], epoch=0}} 
2025-04-28 15:11:30-080 [org.springframework.kafka.KafkaListenerEndpointContainer#1-0-C-1] INFO  o.s.k.l.KafkaMessageListenerContainer - bootcoin-group: partitions assigned: [exchange-rate-0] 
2025-04-28 15:11:30-080 [repliesContainer-0-C-1] INFO  o.s.k.l.ConcurrentMessageListenerContainer - bootcoin-group: partitions assigned: [exchange-response-0] 
2025-04-28 15:11:30-080 [org.springframework.kafka.KafkaListenerEndpointContainer#0-0-C-1] INFO  o.s.k.l.KafkaMessageListenerContainer - bootcoin-group: partitions assigned: [exchange-request-0] 
2025-04-28 15:11:38-985 [repliesContainer-0-C-1] INFO  o.a.k.c.c.i.ConsumerCoordinator - [Consumer clientId=consumer-bootcoin-group-1, groupId=bootcoin-group] Request joining group due to: group is already rebalancing 
2025-04-28 15:11:38-985 [org.springframework.kafka.KafkaListenerEndpointContainer#0-0-C-1] INFO  o.a.k.c.c.i.ConsumerCoordinator - [Consumer clientId=consumer-bootcoin-group-2, groupId=bootcoin-group] Request joining group due to: group is already rebalancing 
2025-04-28 15:11:38-985 [org.springframework.kafka.KafkaListenerEndpointContainer#1-0-C-1] INFO  o.a.k.c.c.i.ConsumerCoordinator - [Consumer clientId=consumer-bootcoin-group-3, groupId=bootcoin-group] Request joining group due to: group is already rebalancing 
2025-04-28 15:11:38-985 [org.springframework.kafka.KafkaListenerEndpointContainer#0-0-C-1] INFO  o.a.k.c.c.i.ConsumerRebalanceListenerInvoker - [Consumer clientId=consumer-bootcoin-group-2, groupId=bootcoin-group] Revoke previously assigned partitions exchange-request-0 
2025-04-28 15:11:38-985 [repliesContainer-0-C-1] INFO  o.a.k.c.c.i.ConsumerRebalanceListenerInvoker - [Consumer clientId=consumer-bootcoin-group-1, groupId=bootcoin-group] Revoke previously assigned partitions exchange-response-0 
2025-04-28 15:11:38-985 [org.springframework.kafka.KafkaListenerEndpointContainer#1-0-C-1] INFO  o.a.k.c.c.i.ConsumerRebalanceListenerInvoker - [Consumer clientId=consumer-bootcoin-group-3, groupId=bootcoin-group] Revoke previously assigned partitions exchange-rate-0 
2025-04-28 15:11:38-986 [repliesContainer-0-C-1] INFO  o.s.k.l.ConcurrentMessageListenerContainer - bootcoin-group: partitions revoked: [exchange-response-0] 
2025-04-28 15:11:38-986 [org.springframework.kafka.KafkaListenerEndpointContainer#1-0-C-1] INFO  o.s.k.l.KafkaMessageListenerContainer - bootcoin-group: partitions revoked: [exchange-rate-0] 
2025-04-28 15:11:38-986 [org.springframework.kafka.KafkaListenerEndpointContainer#0-0-C-1] INFO  o.s.k.l.KafkaMessageListenerContainer - bootcoin-group: partitions revoked: [exchange-request-0] 
2025-04-28 15:11:38-986 [repliesContainer-0-C-1] INFO  o.a.k.c.c.i.ConsumerCoordinator - [Consumer clientId=consumer-bootcoin-group-1, groupId=bootcoin-group] (Re-)joining group 
2025-04-28 15:11:38-986 [org.springframework.kafka.KafkaListenerEndpointContainer#1-0-C-1] INFO  o.a.k.c.c.i.ConsumerCoordinator - [Consumer clientId=consumer-bootcoin-group-3, groupId=bootcoin-group] (Re-)joining group 
2025-04-28 15:11:38-986 [org.springframework.kafka.KafkaListenerEndpointContainer#0-0-C-1] INFO  o.a.k.c.c.i.ConsumerCoordinator - [Consumer clientId=consumer-bootcoin-group-2, groupId=bootcoin-group] (Re-)joining group 
2025-04-28 15:11:38-989 [org.springframework.kafka.KafkaListenerEndpointContainer#1-0-C-1] INFO  o.a.k.c.c.i.ConsumerCoordinator - [Consumer clientId=consumer-bootcoin-group-3, groupId=bootcoin-group] Successfully joined group with generation Generation{generationId=4, memberId='consumer-bootcoin-group-3-2b4e95ab-8373-48a7-8e65-d902e30d49e6', protocol='range'} 
2025-04-28 15:11:38-989 [repliesContainer-0-C-1] INFO  o.a.k.c.c.i.ConsumerCoordinator - [Consumer clientId=consumer-bootcoin-group-1, groupId=bootcoin-group] Successfully joined group with generation Generation{generationId=4, memberId='consumer-bootcoin-group-1-0f62ff60-fc77-4b1c-9911-ba327491327b', protocol='range'} 
2025-04-28 15:11:38-989 [org.springframework.kafka.KafkaListenerEndpointContainer#0-0-C-1] INFO  o.a.k.c.c.i.ConsumerCoordinator - [Consumer clientId=consumer-bootcoin-group-2, groupId=bootcoin-group] Successfully joined group with generation Generation{generationId=4, memberId='consumer-bootcoin-group-2-9190a6f2-0acd-49d1-86b0-17d505d02927', protocol='range'} 
2025-04-28 15:11:39-159 [org.springframework.kafka.KafkaListenerEndpointContainer#0-0-C-1] INFO  o.a.k.c.c.i.ConsumerCoordinator - [Consumer clientId=consumer-bootcoin-group-2, groupId=bootcoin-group] Finished assignment for group at generation 4: {consumer-bootcoin-group-1-178517e4-d491-4e5b-84bb-d85713b8e133=Assignment(partitions=[transaction-list-response-0, user-create-response-0, wallet-user-response-0]), consumer-bootcoin-group-2-9190a6f2-0acd-49d1-86b0-17d505d02927=Assignment(partitions=[exchange-request-0]), consumer-bootcoin-group-3-2b4e95ab-8373-48a7-8e65-d902e30d49e6=Assignment(partitions=[exchange-rate-0]), consumer-bootcoin-group-1-0f62ff60-fc77-4b1c-9911-ba327491327b=Assignment(partitions=[exchange-response-0])} 
2025-04-28 15:11:39-163 [org.springframework.kafka.KafkaListenerEndpointContainer#1-0-C-1] INFO  o.a.k.c.c.i.ConsumerCoordinator - [Consumer clientId=consumer-bootcoin-group-3, groupId=bootcoin-group] Successfully synced group in generation Generation{generationId=4, memberId='consumer-bootcoin-group-3-2b4e95ab-8373-48a7-8e65-d902e30d49e6', protocol='range'} 
2025-04-28 15:11:39-163 [repliesContainer-0-C-1] INFO  o.a.k.c.c.i.ConsumerCoordinator - [Consumer clientId=consumer-bootcoin-group-1, groupId=bootcoin-group] Successfully synced group in generation Generation{generationId=4, memberId='consumer-bootcoin-group-1-0f62ff60-fc77-4b1c-9911-ba327491327b', protocol='range'} 
2025-04-28 15:11:39-163 [org.springframework.kafka.KafkaListenerEndpointContainer#0-0-C-1] INFO  o.a.k.c.c.i.ConsumerCoordinator - [Consumer clientId=consumer-bootcoin-group-2, groupId=bootcoin-group] Successfully synced group in generation Generation{generationId=4, memberId='consumer-bootcoin-group-2-9190a6f2-0acd-49d1-86b0-17d505d02927', protocol='range'} 
2025-04-28 15:11:39-164 [repliesContainer-0-C-1] INFO  o.a.k.c.c.i.ConsumerCoordinator - [Consumer clientId=consumer-bootcoin-group-1, groupId=bootcoin-group] Notifying assignor about the new Assignment(partitions=[exchange-response-0]) 
2025-04-28 15:11:39-164 [org.springframework.kafka.KafkaListenerEndpointContainer#1-0-C-1] INFO  o.a.k.c.c.i.ConsumerCoordinator - [Consumer clientId=consumer-bootcoin-group-3, groupId=bootcoin-group] Notifying assignor about the new Assignment(partitions=[exchange-rate-0]) 
2025-04-28 15:11:39-164 [org.springframework.kafka.KafkaListenerEndpointContainer#0-0-C-1] INFO  o.a.k.c.c.i.ConsumerCoordinator - [Consumer clientId=consumer-bootcoin-group-2, groupId=bootcoin-group] Notifying assignor about the new Assignment(partitions=[exchange-request-0]) 
2025-04-28 15:11:39-164 [repliesContainer-0-C-1] INFO  o.a.k.c.c.i.ConsumerRebalanceListenerInvoker - [Consumer clientId=consumer-bootcoin-group-1, groupId=bootcoin-group] Adding newly assigned partitions: exchange-response-0 
2025-04-28 15:11:39-164 [org.springframework.kafka.KafkaListenerEndpointContainer#1-0-C-1] INFO  o.a.k.c.c.i.ConsumerRebalanceListenerInvoker - [Consumer clientId=consumer-bootcoin-group-3, groupId=bootcoin-group] Adding newly assigned partitions: exchange-rate-0 
2025-04-28 15:11:39-164 [org.springframework.kafka.KafkaListenerEndpointContainer#0-0-C-1] INFO  o.a.k.c.c.i.ConsumerRebalanceListenerInvoker - [Consumer clientId=consumer-bootcoin-group-2, groupId=bootcoin-group] Adding newly assigned partitions: exchange-request-0 
2025-04-28 15:11:39-169 [org.springframework.kafka.KafkaListenerEndpointContainer#0-0-C-1] INFO  o.a.k.c.c.internals.ConsumerUtils - Setting offset for partition exchange-request-0 to the committed offset FetchPosition{offset=3, offsetEpoch=Optional.empty, currentLeader=LeaderAndEpoch{leader=Optional[localhost:29092 (id: 1001 rack: null)], epoch=0}} 
2025-04-28 15:11:39-169 [org.springframework.kafka.KafkaListenerEndpointContainer#1-0-C-1] INFO  o.a.k.c.c.internals.ConsumerUtils - Setting offset for partition exchange-rate-0 to the committed offset FetchPosition{offset=1, offsetEpoch=Optional.empty, currentLeader=LeaderAndEpoch{leader=Optional[localhost:29092 (id: 1001 rack: null)], epoch=0}} 
2025-04-28 15:11:39-169 [repliesContainer-0-C-1] INFO  o.a.k.c.c.internals.ConsumerUtils - Setting offset for partition exchange-response-0 to the committed offset FetchPosition{offset=3, offsetEpoch=Optional.empty, currentLeader=LeaderAndEpoch{leader=Optional[localhost:29092 (id: 1001 rack: null)], epoch=0}} 
2025-04-28 15:11:39-170 [org.springframework.kafka.KafkaListenerEndpointContainer#0-0-C-1] INFO  o.s.k.l.KafkaMessageListenerContainer - bootcoin-group: partitions assigned: [exchange-request-0] 
2025-04-28 15:11:39-170 [org.springframework.kafka.KafkaListenerEndpointContainer#1-0-C-1] INFO  o.s.k.l.KafkaMessageListenerContainer - bootcoin-group: partitions assigned: [exchange-rate-0] 
2025-04-28 15:11:39-170 [repliesContainer-0-C-1] INFO  o.s.k.l.ConcurrentMessageListenerContainer - bootcoin-group: partitions assigned: [exchange-response-0] 
2025-04-28 15:11:50-522 [AsyncResolver-bootstrap-executor-%d] INFO  c.n.d.s.r.aws.ConfigClusterResolver - Resolving eureka endpoints via configuration 
2025-04-28 15:12:05-777 [SpringApplicationShutdownHook] INFO  o.s.c.n.e.s.EurekaServiceRegistry - Unregistering application EXCHANGE-BOOTCOIN-API with eureka with status DOWN 
2025-04-28 15:12:05-777 [SpringApplicationShutdownHook] INFO  c.netflix.discovery.DiscoveryClient - Saw local status change event StatusChangeEvent [timestamp=1745871125777, current=DOWN, previous=UP] 
2025-04-28 15:12:05-778 [DiscoveryClient-InstanceInfoReplicator-%d] INFO  c.netflix.discovery.DiscoveryClient - DiscoveryClient_EXCHANGE-BOOTCOIN-API/exchange-bootcoin-api:8809: registering service... 
2025-04-28 15:12:05-785 [repliesContainer-0-C-1] INFO  o.a.k.c.c.i.ConsumerRebalanceListenerInvoker - [Consumer clientId=consumer-bootcoin-group-1, groupId=bootcoin-group] Revoke previously assigned partitions exchange-response-0 
2025-04-28 15:12:05-786 [repliesContainer-0-C-1] INFO  o.s.k.l.ConcurrentMessageListenerContainer - bootcoin-group: partitions revoked: [exchange-response-0] 
2025-04-28 15:12:05-786 [repliesContainer-0-C-1] INFO  o.a.k.c.c.i.ConsumerCoordinator - [Consumer clientId=consumer-bootcoin-group-1, groupId=bootcoin-group] Member consumer-bootcoin-group-1-0f62ff60-fc77-4b1c-9911-ba327491327b sending LeaveGroup request to coordinator localhost:29092 (id: 2147482646 rack: null) due to the consumer unsubscribed from all topics 
2025-04-28 15:12:05-786 [repliesContainer-0-C-1] INFO  o.a.k.c.c.i.ConsumerCoordinator - [Consumer clientId=consumer-bootcoin-group-1, groupId=bootcoin-group] Resetting generation and member id due to: consumer pro-actively leaving the group 
2025-04-28 15:12:05-786 [repliesContainer-0-C-1] INFO  o.a.k.c.c.i.ConsumerCoordinator - [Consumer clientId=consumer-bootcoin-group-1, groupId=bootcoin-group] Request joining group due to: consumer pro-actively leaving the group 
2025-04-28 15:12:05-786 [repliesContainer-0-C-1] INFO  o.a.k.c.c.i.LegacyKafkaConsumer - [Consumer clientId=consumer-bootcoin-group-1, groupId=bootcoin-group] Unsubscribed all topics or patterns and assigned partitions 
2025-04-28 15:12:05-788 [repliesContainer-0-C-1] INFO  o.a.k.c.c.i.ConsumerCoordinator - [Consumer clientId=consumer-bootcoin-group-1, groupId=bootcoin-group] Resetting generation and member id due to: consumer pro-actively leaving the group 
2025-04-28 15:12:05-788 [repliesContainer-0-C-1] INFO  o.a.k.c.c.i.ConsumerCoordinator - [Consumer clientId=consumer-bootcoin-group-1, groupId=bootcoin-group] Request joining group due to: consumer pro-actively leaving the group 
2025-04-28 15:12:05-800 [DiscoveryClient-InstanceInfoReplicator-%d] INFO  c.netflix.discovery.DiscoveryClient - DiscoveryClient_EXCHANGE-BOOTCOIN-API/exchange-bootcoin-api:8809 - registration status: 204 
2025-04-28 15:12:05-852 [repliesContainer-0-C-1] INFO  o.a.kafka.common.metrics.Metrics - Metrics scheduler closed 
2025-04-28 15:12:05-852 [repliesContainer-0-C-1] INFO  o.a.kafka.common.metrics.Metrics - Closing reporter org.apache.kafka.common.metrics.JmxReporter 
2025-04-28 15:12:05-852 [repliesContainer-0-C-1] INFO  o.a.kafka.common.metrics.Metrics - Closing reporter org.apache.kafka.common.telemetry.internals.ClientTelemetryReporter 
2025-04-28 15:12:05-852 [repliesContainer-0-C-1] INFO  o.a.kafka.common.metrics.Metrics - Metrics reporters closed 
2025-04-28 15:12:05-856 [repliesContainer-0-C-1] INFO  o.a.kafka.common.utils.AppInfoParser - App info kafka.consumer for consumer-bootcoin-group-1 unregistered 
2025-04-28 15:12:05-857 [repliesContainer-0-C-1] INFO  o.s.k.l.KafkaMessageListenerContainer - bootcoin-group: Consumer stopped 
2025-04-28 15:12:05-858 [org.springframework.kafka.KafkaListenerEndpointContainer#0-0-C-1] INFO  o.a.k.c.c.i.ConsumerRebalanceListenerInvoker - [Consumer clientId=consumer-bootcoin-group-2, groupId=bootcoin-group] Revoke previously assigned partitions exchange-request-0 
2025-04-28 15:12:05-858 [org.springframework.kafka.KafkaListenerEndpointContainer#1-0-C-1] INFO  o.a.k.c.c.i.ConsumerRebalanceListenerInvoker - [Consumer clientId=consumer-bootcoin-group-3, groupId=bootcoin-group] Revoke previously assigned partitions exchange-rate-0 
2025-04-28 15:12:05-859 [org.springframework.kafka.KafkaListenerEndpointContainer#0-0-C-1] INFO  o.s.k.l.KafkaMessageListenerContainer - bootcoin-group: partitions revoked: [exchange-request-0] 
2025-04-28 15:12:05-859 [org.springframework.kafka.KafkaListenerEndpointContainer#1-0-C-1] INFO  o.s.k.l.KafkaMessageListenerContainer - bootcoin-group: partitions revoked: [exchange-rate-0] 
2025-04-28 15:12:05-859 [org.springframework.kafka.KafkaListenerEndpointContainer#1-0-C-1] INFO  o.a.k.c.c.i.ConsumerCoordinator - [Consumer clientId=consumer-bootcoin-group-3, groupId=bootcoin-group] Member consumer-bootcoin-group-3-2b4e95ab-8373-48a7-8e65-d902e30d49e6 sending LeaveGroup request to coordinator localhost:29092 (id: 2147482646 rack: null) due to the consumer unsubscribed from all topics 
2025-04-28 15:12:05-859 [org.springframework.kafka.KafkaListenerEndpointContainer#0-0-C-1] INFO  o.a.k.c.c.i.ConsumerCoordinator - [Consumer clientId=consumer-bootcoin-group-2, groupId=bootcoin-group] Member consumer-bootcoin-group-2-9190a6f2-0acd-49d1-86b0-17d505d02927 sending LeaveGroup request to coordinator localhost:29092 (id: 2147482646 rack: null) due to the consumer unsubscribed from all topics 
2025-04-28 15:12:05-859 [org.springframework.kafka.KafkaListenerEndpointContainer#1-0-C-1] INFO  o.a.k.c.c.i.ConsumerCoordinator - [Consumer clientId=consumer-bootcoin-group-3, groupId=bootcoin-group] Resetting generation and member id due to: consumer pro-actively leaving the group 
2025-04-28 15:12:05-859 [org.springframework.kafka.KafkaListenerEndpointContainer#0-0-C-1] INFO  o.a.k.c.c.i.ConsumerCoordinator - [Consumer clientId=consumer-bootcoin-group-2, groupId=bootcoin-group] Resetting generation and member id due to: consumer pro-actively leaving the group 
2025-04-28 15:12:05-859 [org.springframework.kafka.KafkaListenerEndpointContainer#1-0-C-1] INFO  o.a.k.c.c.i.ConsumerCoordinator - [Consumer clientId=consumer-bootcoin-group-3, groupId=bootcoin-group] Request joining group due to: consumer pro-actively leaving the group 
2025-04-28 15:12:05-859 [org.springframework.kafka.KafkaListenerEndpointContainer#0-0-C-1] INFO  o.a.k.c.c.i.ConsumerCoordinator - [Consumer clientId=consumer-bootcoin-group-2, groupId=bootcoin-group] Request joining group due to: consumer pro-actively leaving the group 
2025-04-28 15:12:05-859 [org.springframework.kafka.KafkaListenerEndpointContainer#1-0-C-1] INFO  o.a.k.c.c.i.LegacyKafkaConsumer - [Consumer clientId=consumer-bootcoin-group-3, groupId=bootcoin-group] Unsubscribed all topics or patterns and assigned partitions 
2025-04-28 15:12:05-859 [SpringApplicationShutdownHook] INFO  o.s.b.w.e.netty.GracefulShutdown - Commencing graceful shutdown. Waiting for active requests to complete 
2025-04-28 15:12:05-859 [org.springframework.kafka.KafkaListenerEndpointContainer#0-0-C-1] INFO  o.a.k.c.c.i.LegacyKafkaConsumer - [Consumer clientId=consumer-bootcoin-group-2, groupId=bootcoin-group] Unsubscribed all topics or patterns and assigned partitions 
2025-04-28 15:12:05-859 [org.springframework.kafka.KafkaListenerEndpointContainer#1-0-C-1] INFO  o.a.k.c.c.i.ConsumerCoordinator - [Consumer clientId=consumer-bootcoin-group-3, groupId=bootcoin-group] Resetting generation and member id due to: consumer pro-actively leaving the group 
2025-04-28 15:12:05-859 [org.springframework.kafka.KafkaListenerEndpointContainer#0-0-C-1] INFO  o.a.k.c.c.i.ConsumerCoordinator - [Consumer clientId=consumer-bootcoin-group-2, groupId=bootcoin-group] Resetting generation and member id due to: consumer pro-actively leaving the group 
2025-04-28 15:12:05-859 [org.springframework.kafka.KafkaListenerEndpointContainer#1-0-C-1] INFO  o.a.k.c.c.i.ConsumerCoordinator - [Consumer clientId=consumer-bootcoin-group-3, groupId=bootcoin-group] Request joining group due to: consumer pro-actively leaving the group 
2025-04-28 15:12:05-859 [org.springframework.kafka.KafkaListenerEndpointContainer#0-0-C-1] INFO  o.a.k.c.c.i.ConsumerCoordinator - [Consumer clientId=consumer-bootcoin-group-2, groupId=bootcoin-group] Request joining group due to: consumer pro-actively leaving the group 
2025-04-28 15:12:05-865 [netty-shutdown] INFO  o.s.b.w.e.netty.GracefulShutdown - Graceful shutdown complete 
2025-04-28 15:12:06-354 [org.springframework.kafka.KafkaListenerEndpointContainer#0-0-C-1] INFO  o.a.kafka.common.metrics.Metrics - Metrics scheduler closed 
2025-04-28 15:12:06-354 [org.springframework.kafka.KafkaListenerEndpointContainer#1-0-C-1] INFO  o.a.kafka.common.metrics.Metrics - Metrics scheduler closed 
2025-04-28 15:12:06-354 [org.springframework.kafka.KafkaListenerEndpointContainer#1-0-C-1] INFO  o.a.kafka.common.metrics.Metrics - Closing reporter org.apache.kafka.common.metrics.JmxReporter 
2025-04-28 15:12:06-354 [org.springframework.kafka.KafkaListenerEndpointContainer#0-0-C-1] INFO  o.a.kafka.common.metrics.Metrics - Closing reporter org.apache.kafka.common.metrics.JmxReporter 
2025-04-28 15:12:06-354 [org.springframework.kafka.KafkaListenerEndpointContainer#1-0-C-1] INFO  o.a.kafka.common.metrics.Metrics - Closing reporter org.apache.kafka.common.telemetry.internals.ClientTelemetryReporter 
2025-04-28 15:12:06-354 [org.springframework.kafka.KafkaListenerEndpointContainer#1-0-C-1] INFO  o.a.kafka.common.metrics.Metrics - Metrics reporters closed 
2025-04-28 15:12:06-354 [org.springframework.kafka.KafkaListenerEndpointContainer#0-0-C-1] INFO  o.a.kafka.common.metrics.Metrics - Closing reporter org.apache.kafka.common.telemetry.internals.ClientTelemetryReporter 
2025-04-28 15:12:06-354 [org.springframework.kafka.KafkaListenerEndpointContainer#0-0-C-1] INFO  o.a.kafka.common.metrics.Metrics - Metrics reporters closed 
2025-04-28 15:12:06-358 [org.springframework.kafka.KafkaListenerEndpointContainer#1-0-C-1] INFO  o.a.kafka.common.utils.AppInfoParser - App info kafka.consumer for consumer-bootcoin-group-3 unregistered 
2025-04-28 15:12:06-358 [org.springframework.kafka.KafkaListenerEndpointContainer#1-0-C-1] INFO  o.s.k.l.KafkaMessageListenerContainer - bootcoin-group: Consumer stopped 
2025-04-28 15:12:06-358 [org.springframework.kafka.KafkaListenerEndpointContainer#0-0-C-1] INFO  o.a.kafka.common.utils.AppInfoParser - App info kafka.consumer for consumer-bootcoin-group-2 unregistered 
2025-04-28 15:12:06-358 [org.springframework.kafka.KafkaListenerEndpointContainer#0-0-C-1] INFO  o.s.k.l.KafkaMessageListenerContainer - bootcoin-group: Consumer stopped 
2025-04-28 15:12:21-157 [main] INFO  c.b.e.a.ExchangeBootcoinApiApplication - Starting ExchangeBootcoinApiApplication using Java 17.0.12 with PID 27440 (C:\Users\mgarcsar\Documents\Bootcamp\etregables\BootCoin\exchange-bootcoin-api\target\classes started by mgarcsar in C:\Users\mgarcsar\Documents\Bootcamp\etregables\BootCoin) 
2025-04-28 15:12:21-160 [main] INFO  c.b.e.a.ExchangeBootcoinApiApplication - The following 1 profile is active: "dev" 
2025-04-28 15:12:21-197 [main] INFO  o.s.c.c.c.ConfigServerConfigDataLoader - Fetching config from server at : http://config-server-bc:8888 
2025-04-28 15:12:21-197 [main] INFO  o.s.c.c.c.ConfigServerConfigDataLoader - Exception on Url - http://config-server-bc:8888:org.springframework.web.client.ResourceAccessException: I/O error on GET request for "http://config-server-bc:8888/exchange-bootcoin-api/default": config-server-bc. Will be trying the next url if available 
2025-04-28 15:12:21-198 [main] WARN  o.s.c.c.c.ConfigServerConfigDataLoader - Could not locate PropertySource ([ConfigServerConfigDataResource@3eee3e2b uris = array<String>['http://config-server-bc:8888'], optional = true, profiles = 'default']): I/O error on GET request for "http://config-server-bc:8888/exchange-bootcoin-api/default": config-server-bc 
2025-04-28 15:12:21-198 [main] INFO  o.s.c.c.c.ConfigServerConfigDataLoader - Fetching config from server at : http://config-server-bc:8888 
2025-04-28 15:12:21-198 [main] INFO  o.s.c.c.c.ConfigServerConfigDataLoader - Exception on Url - http://config-server-bc:8888:org.springframework.web.client.ResourceAccessException: I/O error on GET request for "http://config-server-bc:8888/exchange-bootcoin-api/dev": config-server-bc. Will be trying the next url if available 
2025-04-28 15:12:21-198 [main] WARN  o.s.c.c.c.ConfigServerConfigDataLoader - Could not locate PropertySource ([ConfigServerConfigDataResource@369c9bb uris = array<String>['http://config-server-bc:8888'], optional = true, profiles = 'dev']): I/O error on GET request for "http://config-server-bc:8888/exchange-bootcoin-api/dev": config-server-bc 
2025-04-28 15:12:21-198 [main] INFO  o.s.c.c.c.ConfigServerConfigDataLoader - Fetching config from server at : http://config-server-bc:8888 
2025-04-28 15:12:21-198 [main] INFO  o.s.c.c.c.ConfigServerConfigDataLoader - Exception on Url - http://config-server-bc:8888:org.springframework.web.client.ResourceAccessException: I/O error on GET request for "http://config-server-bc:8888/exchange-bootcoin-api/default": config-server-bc. Will be trying the next url if available 
2025-04-28 15:12:21-198 [main] WARN  o.s.c.c.c.ConfigServerConfigDataLoader - Could not locate PropertySource ([ConfigServerConfigDataResource@76d05cc9 uris = array<String>['http://config-server-bc:8888'], optional = true, profiles = 'default']): I/O error on GET request for "http://config-server-bc:8888/exchange-bootcoin-api/default": config-server-bc 
2025-04-28 15:12:22-176 [main] INFO  o.s.d.r.c.RepositoryConfigurationDelegate - Bootstrapping Spring Data Reactive MongoDB repositories in DEFAULT mode. 
2025-04-28 15:12:22-433 [main] INFO  o.s.d.r.c.RepositoryConfigurationDelegate - Finished Spring Data repository scanning in 251 ms. Found 1 Reactive MongoDB repository interface. 
2025-04-28 15:12:22-707 [main] INFO  o.s.cloud.context.scope.GenericScope - BeanFactory id=570c8828-cbe2-376a-a9d1-6c8f1a6bf6bb 
2025-04-28 15:12:23-550 [main] INFO  org.mongodb.driver.client - MongoClient with metadata {"driver": {"name": "mongo-java-driver|reactive-streams|spring-boot", "version": "5.2.1"}, "os": {"type": "Windows", "name": "Windows 10", "architecture": "amd64", "version": "10.0"}, "platform": "Java/Oracle Corporation/17.0.12+8-LTS-286"} created with settings MongoClientSettings{readPreference=primary, writeConcern=WriteConcern{w=null, wTimeout=null ms, journal=null}, retryWrites=true, retryReads=true, readConcern=ReadConcern{level=null}, credential=null, transportSettings=NettyTransportSettings{eventLoopGroup=io.netty.channel.nio.NioEventLoopGroup@4aa517c3, socketChannelClass=null, allocator=null, sslContext=null}, commandListeners=[io.micrometer.core.instrument.binder.mongodb.MongoMetricsCommandListener@5f369fc6], codecRegistry=ProvidersCodecRegistry{codecProviders=[ValueCodecProvider{}, BsonValueCodecProvider{}, DBRefCodecProvider{}, DBObjectCodecProvider{}, DocumentCodecProvider{}, CollectionCodecProvider{}, IterableCodecProvider{}, MapCodecProvider{}, GeoJsonCodecProvider{}, GridFSFileCodecProvider{}, Jsr310CodecProvider{}, JsonObjectCodecProvider{}, BsonCodecProvider{}, EnumCodecProvider{}, com.mongodb.client.model.mql.ExpressionCodecProvider@3a13f663, com.mongodb.Jep395RecordCodecProvider@75de7009, com.mongodb.KotlinCodecProvider@17a77a7e]}, loggerSettings=LoggerSettings{maxDocumentLength=1000}, clusterSettings={hosts=[localhost:27017], srvServiceName=mongodb, mode=SINGLE, requiredClusterType=UNKNOWN, requiredReplicaSetName='null', serverSelector='null', clusterListeners='[]', serverSelectionTimeout='30000 ms', localThreshold='15 ms'}, socketSettings=SocketSettings{connectTimeoutMS=10000, readTimeoutMS=0, receiveBufferSize=0, proxySettings=ProxySettings{host=null, port=null, username=null, password=null}}, heartbeatSocketSettings=SocketSettings{connectTimeoutMS=10000, readTimeoutMS=10000, receiveBufferSize=0, proxySettings=ProxySettings{host=null, port=null, username=null, password=null}}, connectionPoolSettings=ConnectionPoolSettings{maxSize=100, minSize=0, maxWaitTimeMS=120000, maxConnectionLifeTimeMS=0, maxConnectionIdleTimeMS=0, maintenanceInitialDelayMS=0, maintenanceFrequencyMS=60000, connectionPoolListeners=[io.micrometer.core.instrument.binder.mongodb.MongoMetricsConnectionPoolListener@7c840fe3], maxConnecting=2}, serverSettings=ServerSettings{heartbeatFrequencyMS=10000, minHeartbeatFrequencyMS=500, serverMonitoringMode=AUTO, serverListeners='[]', serverMonitorListeners='[]'}, sslSettings=SslSettings{enabled=false, invalidHostNameAllowed=false, context=null}, applicationName='null', compressorList=[], uuidRepresentation=JAVA_LEGACY, serverApi=null, autoEncryptionSettings=null, dnsClient=null, inetAddressResolver=null, contextProvider=null, timeoutMS=null} 
2025-04-28 15:12:23-663 [cluster-ClusterId{value='680fe12732c41e38d8d3888f', description='null'}-localhost:27017] INFO  org.mongodb.driver.cluster - Monitor thread successfully connected to server with description ServerDescription{address=localhost:27017, type=STANDALONE, cryptd=false, state=CONNECTED, ok=true, minWireVersion=0, maxWireVersion=25, maxDocumentSize=16777216, logicalSessionTimeoutMinutes=30, roundTripTimeNanos=58524400, minRoundTripTimeNanos=0} 
2025-04-28 15:12:24-510 [main] INFO  o.s.v.b.OptionalValidatorFactoryBean - Failed to set up a Bean Validation provider: jakarta.validation.NoProviderFoundException: Unable to create a Configuration, because no Jakarta Bean Validation provider could be found. Add a provider like Hibernate Validator (RI) to your classpath. 
2025-04-28 15:12:25-426 [main] INFO  o.s.b.a.e.web.EndpointLinksResolver - Exposing 2 endpoints beneath base path '/actuator' 
2025-04-28 15:12:25-849 [main] INFO  o.s.c.n.e.c.DiscoveryClientOptionalArgsConfiguration - Eureka HTTP Client uses RestTemplate. 
2025-04-28 15:12:25-894 [main] WARN  o.s.c.l.c.LoadBalancerCacheAutoConfiguration$LoadBalancerCaffeineWarnLogger - Spring Cloud LoadBalancer is currently working with the default cache. While this cache implementation is useful for development and tests, it's recommended to use Caffeine cache in production.You can switch to using Caffeine cache, by adding it and org.springframework.cache.caffeine.CaffeineCacheManager to the classpath. 
2025-04-28 15:12:26-006 [main] INFO  o.a.k.c.consumer.ConsumerConfig - ConsumerConfig values: 
	allow.auto.create.topics = true
	auto.commit.interval.ms = 5000
	auto.include.jmx.reporter = true
	auto.offset.reset = latest
	bootstrap.servers = [localhost:29092]
	check.crcs = true
	client.dns.lookup = use_all_dns_ips
	client.id = consumer-bootcoin-group-1
	client.rack = 
	connections.max.idle.ms = 540000
	default.api.timeout.ms = 60000
	enable.auto.commit = false
	enable.metrics.push = true
	exclude.internal.topics = true
	fetch.max.bytes = 52428800
	fetch.max.wait.ms = 500
	fetch.min.bytes = 1
	group.id = bootcoin-group
	group.instance.id = null
	group.protocol = classic
	group.remote.assignor = null
	heartbeat.interval.ms = 3000
	interceptor.classes = []
	internal.leave.group.on.close = true
	internal.throw.on.fetch.stable.offset.unsupported = false
	isolation.level = read_uncommitted
	key.deserializer = class org.apache.kafka.common.serialization.StringDeserializer
	max.partition.fetch.bytes = 1048576
	max.poll.interval.ms = 300000
	max.poll.records = 500
	metadata.max.age.ms = 300000
	metadata.recovery.strategy = none
	metric.reporters = []
	metrics.num.samples = 2
	metrics.recording.level = INFO
	metrics.sample.window.ms = 30000
	partition.assignment.strategy = [class org.apache.kafka.clients.consumer.RangeAssignor, class org.apache.kafka.clients.consumer.CooperativeStickyAssignor]
	receive.buffer.bytes = 65536
	reconnect.backoff.max.ms = 1000
	reconnect.backoff.ms = 50
	request.timeout.ms = 30000
	retry.backoff.max.ms = 1000
	retry.backoff.ms = 100
	sasl.client.callback.handler.class = null
	sasl.jaas.config = null
	sasl.kerberos.kinit.cmd = /usr/bin/kinit
	sasl.kerberos.min.time.before.relogin = 60000
	sasl.kerberos.service.name = null
	sasl.kerberos.ticket.renew.jitter = 0.05
	sasl.kerberos.ticket.renew.window.factor = 0.8
	sasl.login.callback.handler.class = null
	sasl.login.class = null
	sasl.login.connect.timeout.ms = null
	sasl.login.read.timeout.ms = null
	sasl.login.refresh.buffer.seconds = 300
	sasl.login.refresh.min.period.seconds = 60
	sasl.login.refresh.window.factor = 0.8
	sasl.login.refresh.window.jitter = 0.05
	sasl.login.retry.backoff.max.ms = 10000
	sasl.login.retry.backoff.ms = 100
	sasl.mechanism = GSSAPI
	sasl.oauthbearer.clock.skew.seconds = 30
	sasl.oauthbearer.expected.audience = null
	sasl.oauthbearer.expected.issuer = null
	sasl.oauthbearer.jwks.endpoint.refresh.ms = 3600000
	sasl.oauthbearer.jwks.endpoint.retry.backoff.max.ms = 10000
	sasl.oauthbearer.jwks.endpoint.retry.backoff.ms = 100
	sasl.oauthbearer.jwks.endpoint.url = null
	sasl.oauthbearer.scope.claim.name = scope
	sasl.oauthbearer.sub.claim.name = sub
	sasl.oauthbearer.token.endpoint.url = null
	security.protocol = PLAINTEXT
	security.providers = null
	send.buffer.bytes = 131072
	session.timeout.ms = 45000
	socket.connection.setup.timeout.max.ms = 30000
	socket.connection.setup.timeout.ms = 10000
	ssl.cipher.suites = null
	ssl.enabled.protocols = [TLSv1.2, TLSv1.3]
	ssl.endpoint.identification.algorithm = https
	ssl.engine.factory.class = null
	ssl.key.password = null
	ssl.keymanager.algorithm = SunX509
	ssl.keystore.certificate.chain = null
	ssl.keystore.key = null
	ssl.keystore.location = null
	ssl.keystore.password = null
	ssl.keystore.type = JKS
	ssl.protocol = TLSv1.3
	ssl.provider = null
	ssl.secure.random.implementation = null
	ssl.trustmanager.algorithm = PKIX
	ssl.truststore.certificates = null
	ssl.truststore.location = null
	ssl.truststore.password = null
	ssl.truststore.type = JKS
	value.deserializer = class org.apache.kafka.common.serialization.StringDeserializer
 
2025-04-28 15:12:26-049 [main] INFO  o.a.k.c.t.i.KafkaMetricsCollector - initializing Kafka metrics collector 
2025-04-28 15:12:26-180 [main] INFO  o.a.kafka.common.utils.AppInfoParser - Kafka version: 3.8.1 
2025-04-28 15:12:26-181 [main] INFO  o.a.kafka.common.utils.AppInfoParser - Kafka commitId: 70d6ff42debf7e17 
2025-04-28 15:12:26-181 [main] INFO  o.a.kafka.common.utils.AppInfoParser - Kafka startTimeMs: 1745871146178 
2025-04-28 15:12:26-184 [main] INFO  o.a.k.c.c.i.LegacyKafkaConsumer - [Consumer clientId=consumer-bootcoin-group-1, groupId=bootcoin-group] Subscribed to topic(s): exchange-response 
2025-04-28 15:12:26-213 [main] INFO  o.s.c.n.eureka.InstanceInfoFactory - Setting initial instance status as: STARTING 
2025-04-28 15:12:26-234 [main] INFO  c.netflix.discovery.DiscoveryClient - Initializing Eureka in region us-east-1 
2025-04-28 15:12:26-238 [main] INFO  c.n.d.s.r.aws.ConfigClusterResolver - Resolving eureka endpoints via configuration 
2025-04-28 15:12:26-247 [main] INFO  c.netflix.discovery.DiscoveryClient - Disable delta property : false 
2025-04-28 15:12:26-247 [main] INFO  c.netflix.discovery.DiscoveryClient - Single vip registry refresh property : null 
2025-04-28 15:12:26-247 [main] INFO  c.netflix.discovery.DiscoveryClient - Force full registry fetch : false 
2025-04-28 15:12:26-247 [main] INFO  c.netflix.discovery.DiscoveryClient - Application is null : false 
2025-04-28 15:12:26-247 [main] INFO  c.netflix.discovery.DiscoveryClient - Registered Applications size is zero : true 
2025-04-28 15:12:26-247 [main] INFO  c.netflix.discovery.DiscoveryClient - Application version is -1: true 
2025-04-28 15:12:26-247 [main] INFO  c.netflix.discovery.DiscoveryClient - Getting all instance registry info from the eureka server 
2025-04-28 15:12:26-542 [main] INFO  c.netflix.discovery.DiscoveryClient - The response status is 200 
2025-04-28 15:12:26-544 [main] INFO  c.netflix.discovery.DiscoveryClient - Starting heartbeat executor: renew interval is: 30 
2025-04-28 15:12:26-546 [main] INFO  c.n.discovery.InstanceInfoReplicator - InstanceInfoReplicator onDemand update allowed rate per min is 4 
2025-04-28 15:12:26-548 [main] INFO  c.netflix.discovery.DiscoveryClient - Discovery Client initialized at timestamp 1745871146548 with initial instances count: 3 
2025-04-28 15:12:26-551 [main] INFO  o.s.c.n.e.s.EurekaServiceRegistry - Registering application EXCHANGE-BOOTCOIN-API with eureka with status UP 
2025-04-28 15:12:26-551 [main] INFO  c.netflix.discovery.DiscoveryClient - Saw local status change event StatusChangeEvent [timestamp=1745871146551, current=UP, previous=STARTING] 
2025-04-28 15:12:26-554 [DiscoveryClient-InstanceInfoReplicator-%d] INFO  c.netflix.discovery.DiscoveryClient - DiscoveryClient_EXCHANGE-BOOTCOIN-API/exchange-bootcoin-api:8809: registering service... 
2025-04-28 15:12:26-575 [repliesContainer-0-C-1] INFO  org.apache.kafka.clients.Metadata - [Consumer clientId=consumer-bootcoin-group-1, groupId=bootcoin-group] Cluster ID: pQNgvDGCTc6DWdlYtyeAyg 
2025-04-28 15:12:26-576 [repliesContainer-0-C-1] INFO  o.a.k.c.c.i.ConsumerCoordinator - [Consumer clientId=consumer-bootcoin-group-1, groupId=bootcoin-group] Discovered group coordinator localhost:29092 (id: 2147482646 rack: null) 
2025-04-28 15:12:26-580 [repliesContainer-0-C-1] INFO  o.a.k.c.c.i.ConsumerCoordinator - [Consumer clientId=consumer-bootcoin-group-1, groupId=bootcoin-group] (Re-)joining group 
2025-04-28 15:12:26-599 [repliesContainer-0-C-1] INFO  o.a.k.c.c.i.ConsumerCoordinator - [Consumer clientId=consumer-bootcoin-group-1, groupId=bootcoin-group] Request joining group due to: need to re-join with the given member-id: consumer-bootcoin-group-1-f6ab9e26-c9ec-4caf-a957-86efd3e7b827 
2025-04-28 15:12:26-600 [repliesContainer-0-C-1] INFO  o.a.k.c.c.i.ConsumerCoordinator - [Consumer clientId=consumer-bootcoin-group-1, groupId=bootcoin-group] (Re-)joining group 
2025-04-28 15:12:26-608 [DiscoveryClient-InstanceInfoReplicator-%d] INFO  c.netflix.discovery.DiscoveryClient - DiscoveryClient_EXCHANGE-BOOTCOIN-API/exchange-bootcoin-api:8809 - registration status: 204 
2025-04-28 15:12:26-621 [main] INFO  o.s.b.w.e.netty.NettyWebServer - Netty started on port 8809 (http) 
2025-04-28 15:12:26-623 [main] INFO  o.s.c.n.e.s.EurekaAutoServiceRegistration - Updating port to 8809 
2025-04-28 15:12:26-877 [main] INFO  o.a.k.c.consumer.ConsumerConfig - ConsumerConfig values: 
	allow.auto.create.topics = true
	auto.commit.interval.ms = 5000
	auto.include.jmx.reporter = true
	auto.offset.reset = latest
	bootstrap.servers = [localhost:29092]
	check.crcs = true
	client.dns.lookup = use_all_dns_ips
	client.id = consumer-bootcoin-group-2
	client.rack = 
	connections.max.idle.ms = 540000
	default.api.timeout.ms = 60000
	enable.auto.commit = false
	enable.metrics.push = true
	exclude.internal.topics = true
	fetch.max.bytes = 52428800
	fetch.max.wait.ms = 500
	fetch.min.bytes = 1
	group.id = bootcoin-group
	group.instance.id = null
	group.protocol = classic
	group.remote.assignor = null
	heartbeat.interval.ms = 3000
	interceptor.classes = []
	internal.leave.group.on.close = true
	internal.throw.on.fetch.stable.offset.unsupported = false
	isolation.level = read_uncommitted
	key.deserializer = class org.apache.kafka.common.serialization.StringDeserializer
	max.partition.fetch.bytes = 1048576
	max.poll.interval.ms = 300000
	max.poll.records = 500
	metadata.max.age.ms = 300000
	metadata.recovery.strategy = none
	metric.reporters = []
	metrics.num.samples = 2
	metrics.recording.level = INFO
	metrics.sample.window.ms = 30000
	partition.assignment.strategy = [class org.apache.kafka.clients.consumer.RangeAssignor, class org.apache.kafka.clients.consumer.CooperativeStickyAssignor]
	receive.buffer.bytes = 65536
	reconnect.backoff.max.ms = 1000
	reconnect.backoff.ms = 50
	request.timeout.ms = 30000
	retry.backoff.max.ms = 1000
	retry.backoff.ms = 100
	sasl.client.callback.handler.class = null
	sasl.jaas.config = null
	sasl.kerberos.kinit.cmd = /usr/bin/kinit
	sasl.kerberos.min.time.before.relogin = 60000
	sasl.kerberos.service.name = null
	sasl.kerberos.ticket.renew.jitter = 0.05
	sasl.kerberos.ticket.renew.window.factor = 0.8
	sasl.login.callback.handler.class = null
	sasl.login.class = null
	sasl.login.connect.timeout.ms = null
	sasl.login.read.timeout.ms = null
	sasl.login.refresh.buffer.seconds = 300
	sasl.login.refresh.min.period.seconds = 60
	sasl.login.refresh.window.factor = 0.8
	sasl.login.refresh.window.jitter = 0.05
	sasl.login.retry.backoff.max.ms = 10000
	sasl.login.retry.backoff.ms = 100
	sasl.mechanism = GSSAPI
	sasl.oauthbearer.clock.skew.seconds = 30
	sasl.oauthbearer.expected.audience = null
	sasl.oauthbearer.expected.issuer = null
	sasl.oauthbearer.jwks.endpoint.refresh.ms = 3600000
	sasl.oauthbearer.jwks.endpoint.retry.backoff.max.ms = 10000
	sasl.oauthbearer.jwks.endpoint.retry.backoff.ms = 100
	sasl.oauthbearer.jwks.endpoint.url = null
	sasl.oauthbearer.scope.claim.name = scope
	sasl.oauthbearer.sub.claim.name = sub
	sasl.oauthbearer.token.endpoint.url = null
	security.protocol = PLAINTEXT
	security.providers = null
	send.buffer.bytes = 131072
	session.timeout.ms = 45000
	socket.connection.setup.timeout.max.ms = 30000
	socket.connection.setup.timeout.ms = 10000
	ssl.cipher.suites = null
	ssl.enabled.protocols = [TLSv1.2, TLSv1.3]
	ssl.endpoint.identification.algorithm = https
	ssl.engine.factory.class = null
	ssl.key.password = null
	ssl.keymanager.algorithm = SunX509
	ssl.keystore.certificate.chain = null
	ssl.keystore.key = null
	ssl.keystore.location = null
	ssl.keystore.password = null
	ssl.keystore.type = JKS
	ssl.protocol = TLSv1.3
	ssl.provider = null
	ssl.secure.random.implementation = null
	ssl.trustmanager.algorithm = PKIX
	ssl.truststore.certificates = null
	ssl.truststore.location = null
	ssl.truststore.password = null
	ssl.truststore.type = JKS
	value.deserializer = class org.apache.kafka.common.serialization.StringDeserializer
 
2025-04-28 15:12:26-878 [main] INFO  o.a.k.c.t.i.KafkaMetricsCollector - initializing Kafka metrics collector 
2025-04-28 15:12:26-887 [main] INFO  o.a.kafka.common.utils.AppInfoParser - Kafka version: 3.8.1 
2025-04-28 15:12:26-887 [main] INFO  o.a.kafka.common.utils.AppInfoParser - Kafka commitId: 70d6ff42debf7e17 
2025-04-28 15:12:26-887 [main] INFO  o.a.kafka.common.utils.AppInfoParser - Kafka startTimeMs: 1745871146887 
2025-04-28 15:12:26-888 [main] INFO  o.a.k.c.c.i.LegacyKafkaConsumer - [Consumer clientId=consumer-bootcoin-group-2, groupId=bootcoin-group] Subscribed to topic(s): exchange-request 
2025-04-28 15:12:26-891 [main] INFO  o.a.k.c.consumer.ConsumerConfig - ConsumerConfig values: 
	allow.auto.create.topics = true
	auto.commit.interval.ms = 5000
	auto.include.jmx.reporter = true
	auto.offset.reset = latest
	bootstrap.servers = [localhost:29092]
	check.crcs = true
	client.dns.lookup = use_all_dns_ips
	client.id = consumer-bootcoin-group-3
	client.rack = 
	connections.max.idle.ms = 540000
	default.api.timeout.ms = 60000
	enable.auto.commit = false
	enable.metrics.push = true
	exclude.internal.topics = true
	fetch.max.bytes = 52428800
	fetch.max.wait.ms = 500
	fetch.min.bytes = 1
	group.id = bootcoin-group
	group.instance.id = null
	group.protocol = classic
	group.remote.assignor = null
	heartbeat.interval.ms = 3000
	interceptor.classes = []
	internal.leave.group.on.close = true
	internal.throw.on.fetch.stable.offset.unsupported = false
	isolation.level = read_uncommitted
	key.deserializer = class org.apache.kafka.common.serialization.StringDeserializer
	max.partition.fetch.bytes = 1048576
	max.poll.interval.ms = 300000
	max.poll.records = 500
	metadata.max.age.ms = 300000
	metadata.recovery.strategy = none
	metric.reporters = []
	metrics.num.samples = 2
	metrics.recording.level = INFO
	metrics.sample.window.ms = 30000
	partition.assignment.strategy = [class org.apache.kafka.clients.consumer.RangeAssignor, class org.apache.kafka.clients.consumer.CooperativeStickyAssignor]
	receive.buffer.bytes = 65536
	reconnect.backoff.max.ms = 1000
	reconnect.backoff.ms = 50
	request.timeout.ms = 30000
	retry.backoff.max.ms = 1000
	retry.backoff.ms = 100
	sasl.client.callback.handler.class = null
	sasl.jaas.config = null
	sasl.kerberos.kinit.cmd = /usr/bin/kinit
	sasl.kerberos.min.time.before.relogin = 60000
	sasl.kerberos.service.name = null
	sasl.kerberos.ticket.renew.jitter = 0.05
	sasl.kerberos.ticket.renew.window.factor = 0.8
	sasl.login.callback.handler.class = null
	sasl.login.class = null
	sasl.login.connect.timeout.ms = null
	sasl.login.read.timeout.ms = null
	sasl.login.refresh.buffer.seconds = 300
	sasl.login.refresh.min.period.seconds = 60
	sasl.login.refresh.window.factor = 0.8
	sasl.login.refresh.window.jitter = 0.05
	sasl.login.retry.backoff.max.ms = 10000
	sasl.login.retry.backoff.ms = 100
	sasl.mechanism = GSSAPI
	sasl.oauthbearer.clock.skew.seconds = 30
	sasl.oauthbearer.expected.audience = null
	sasl.oauthbearer.expected.issuer = null
	sasl.oauthbearer.jwks.endpoint.refresh.ms = 3600000
	sasl.oauthbearer.jwks.endpoint.retry.backoff.max.ms = 10000
	sasl.oauthbearer.jwks.endpoint.retry.backoff.ms = 100
	sasl.oauthbearer.jwks.endpoint.url = null
	sasl.oauthbearer.scope.claim.name = scope
	sasl.oauthbearer.sub.claim.name = sub
	sasl.oauthbearer.token.endpoint.url = null
	security.protocol = PLAINTEXT
	security.providers = null
	send.buffer.bytes = 131072
	session.timeout.ms = 45000
	socket.connection.setup.timeout.max.ms = 30000
	socket.connection.setup.timeout.ms = 10000
	ssl.cipher.suites = null
	ssl.enabled.protocols = [TLSv1.2, TLSv1.3]
	ssl.endpoint.identification.algorithm = https
	ssl.engine.factory.class = null
	ssl.key.password = null
	ssl.keymanager.algorithm = SunX509
	ssl.keystore.certificate.chain = null
	ssl.keystore.key = null
	ssl.keystore.location = null
	ssl.keystore.password = null
	ssl.keystore.type = JKS
	ssl.protocol = TLSv1.3
	ssl.provider = null
	ssl.secure.random.implementation = null
	ssl.trustmanager.algorithm = PKIX
	ssl.truststore.certificates = null
	ssl.truststore.location = null
	ssl.truststore.password = null
	ssl.truststore.type = JKS
	value.deserializer = class org.apache.kafka.common.serialization.StringDeserializer
 
2025-04-28 15:12:26-892 [main] INFO  o.a.k.c.t.i.KafkaMetricsCollector - initializing Kafka metrics collector 
2025-04-28 15:12:26-898 [org.springframework.kafka.KafkaListenerEndpointContainer#0-0-C-1] INFO  org.apache.kafka.clients.Metadata - [Consumer clientId=consumer-bootcoin-group-2, groupId=bootcoin-group] Cluster ID: pQNgvDGCTc6DWdlYtyeAyg 
2025-04-28 15:12:26-898 [org.springframework.kafka.KafkaListenerEndpointContainer#0-0-C-1] INFO  o.a.k.c.c.i.ConsumerCoordinator - [Consumer clientId=consumer-bootcoin-group-2, groupId=bootcoin-group] Discovered group coordinator localhost:29092 (id: 2147482646 rack: null) 
2025-04-28 15:12:26-900 [org.springframework.kafka.KafkaListenerEndpointContainer#0-0-C-1] INFO  o.a.k.c.c.i.ConsumerCoordinator - [Consumer clientId=consumer-bootcoin-group-2, groupId=bootcoin-group] (Re-)joining group 
2025-04-28 15:12:26-902 [main] INFO  o.a.kafka.common.utils.AppInfoParser - Kafka version: 3.8.1 
2025-04-28 15:12:26-903 [main] INFO  o.a.kafka.common.utils.AppInfoParser - Kafka commitId: 70d6ff42debf7e17 
2025-04-28 15:12:26-903 [main] INFO  o.a.kafka.common.utils.AppInfoParser - Kafka startTimeMs: 1745871146902 
2025-04-28 15:12:26-903 [main] INFO  o.a.k.c.c.i.LegacyKafkaConsumer - [Consumer clientId=consumer-bootcoin-group-3, groupId=bootcoin-group] Subscribed to topic(s): exchange-rate 
2025-04-28 15:12:26-909 [org.springframework.kafka.KafkaListenerEndpointContainer#0-0-C-1] INFO  o.a.k.c.c.i.ConsumerCoordinator - [Consumer clientId=consumer-bootcoin-group-2, groupId=bootcoin-group] Request joining group due to: need to re-join with the given member-id: consumer-bootcoin-group-2-e03454d7-3906-4d6a-84f8-26b3ca340aa4 
2025-04-28 15:12:26-909 [org.springframework.kafka.KafkaListenerEndpointContainer#0-0-C-1] INFO  o.a.k.c.c.i.ConsumerCoordinator - [Consumer clientId=consumer-bootcoin-group-2, groupId=bootcoin-group] (Re-)joining group 
2025-04-28 15:12:26-913 [org.springframework.kafka.KafkaListenerEndpointContainer#1-0-C-1] INFO  org.apache.kafka.clients.Metadata - [Consumer clientId=consumer-bootcoin-group-3, groupId=bootcoin-group] Cluster ID: pQNgvDGCTc6DWdlYtyeAyg 
2025-04-28 15:12:26-913 [org.springframework.kafka.KafkaListenerEndpointContainer#1-0-C-1] INFO  o.a.k.c.c.i.ConsumerCoordinator - [Consumer clientId=consumer-bootcoin-group-3, groupId=bootcoin-group] Discovered group coordinator localhost:29092 (id: 2147482646 rack: null) 
2025-04-28 15:12:26-915 [org.springframework.kafka.KafkaListenerEndpointContainer#1-0-C-1] INFO  o.a.k.c.c.i.ConsumerCoordinator - [Consumer clientId=consumer-bootcoin-group-3, groupId=bootcoin-group] (Re-)joining group 
2025-04-28 15:12:26-922 [org.springframework.kafka.KafkaListenerEndpointContainer#1-0-C-1] INFO  o.a.k.c.c.i.ConsumerCoordinator - [Consumer clientId=consumer-bootcoin-group-3, groupId=bootcoin-group] Request joining group due to: need to re-join with the given member-id: consumer-bootcoin-group-3-6b7afa7e-6509-4157-a98e-55dec747eca4 
2025-04-28 15:12:26-922 [org.springframework.kafka.KafkaListenerEndpointContainer#1-0-C-1] INFO  o.a.k.c.c.i.ConsumerCoordinator - [Consumer clientId=consumer-bootcoin-group-3, groupId=bootcoin-group] (Re-)joining group 
2025-04-28 15:12:26-927 [main] INFO  c.b.e.a.ExchangeBootcoinApiApplication - Started ExchangeBootcoinApiApplication in 7.592 seconds (process running for 8.627) 
2025-04-28 15:12:27-118 [repliesContainer-0-C-1] INFO  o.a.k.c.c.i.ConsumerCoordinator - [Consumer clientId=consumer-bootcoin-group-1, groupId=bootcoin-group] Successfully joined group with generation Generation{generationId=6, memberId='consumer-bootcoin-group-1-f6ab9e26-c9ec-4caf-a957-86efd3e7b827', protocol='range'} 
2025-04-28 15:12:27-119 [org.springframework.kafka.KafkaListenerEndpointContainer#1-0-C-1] INFO  o.a.k.c.c.i.ConsumerCoordinator - [Consumer clientId=consumer-bootcoin-group-3, groupId=bootcoin-group] Successfully joined group with generation Generation{generationId=6, memberId='consumer-bootcoin-group-3-6b7afa7e-6509-4157-a98e-55dec747eca4', protocol='range'} 
2025-04-28 15:12:27-119 [org.springframework.kafka.KafkaListenerEndpointContainer#0-0-C-1] INFO  o.a.k.c.c.i.ConsumerCoordinator - [Consumer clientId=consumer-bootcoin-group-2, groupId=bootcoin-group] Successfully joined group with generation Generation{generationId=6, memberId='consumer-bootcoin-group-2-e03454d7-3906-4d6a-84f8-26b3ca340aa4', protocol='range'} 
2025-04-28 15:12:27-186 [repliesContainer-0-C-1] INFO  o.a.k.c.c.i.ConsumerCoordinator - [Consumer clientId=consumer-bootcoin-group-1, groupId=bootcoin-group] Successfully synced group in generation Generation{generationId=6, memberId='consumer-bootcoin-group-1-f6ab9e26-c9ec-4caf-a957-86efd3e7b827', protocol='range'} 
2025-04-28 15:12:27-186 [org.springframework.kafka.KafkaListenerEndpointContainer#0-0-C-1] INFO  o.a.k.c.c.i.ConsumerCoordinator - [Consumer clientId=consumer-bootcoin-group-2, groupId=bootcoin-group] Successfully synced group in generation Generation{generationId=6, memberId='consumer-bootcoin-group-2-e03454d7-3906-4d6a-84f8-26b3ca340aa4', protocol='range'} 
2025-04-28 15:12:27-187 [org.springframework.kafka.KafkaListenerEndpointContainer#1-0-C-1] INFO  o.a.k.c.c.i.ConsumerCoordinator - [Consumer clientId=consumer-bootcoin-group-3, groupId=bootcoin-group] Successfully synced group in generation Generation{generationId=6, memberId='consumer-bootcoin-group-3-6b7afa7e-6509-4157-a98e-55dec747eca4', protocol='range'} 
2025-04-28 15:12:27-192 [repliesContainer-0-C-1] INFO  o.a.k.c.c.i.ConsumerCoordinator - [Consumer clientId=consumer-bootcoin-group-1, groupId=bootcoin-group] Notifying assignor about the new Assignment(partitions=[]) 
2025-04-28 15:12:27-192 [org.springframework.kafka.KafkaListenerEndpointContainer#1-0-C-1] INFO  o.a.k.c.c.i.ConsumerCoordinator - [Consumer clientId=consumer-bootcoin-group-3, groupId=bootcoin-group] Notifying assignor about the new Assignment(partitions=[exchange-rate-0]) 
2025-04-28 15:12:27-192 [org.springframework.kafka.KafkaListenerEndpointContainer#0-0-C-1] INFO  o.a.k.c.c.i.ConsumerCoordinator - [Consumer clientId=consumer-bootcoin-group-2, groupId=bootcoin-group] Notifying assignor about the new Assignment(partitions=[exchange-request-0]) 
2025-04-28 15:12:27-193 [repliesContainer-0-C-1] INFO  o.a.k.c.c.i.ConsumerRebalanceListenerInvoker - [Consumer clientId=consumer-bootcoin-group-1, groupId=bootcoin-group] Adding newly assigned partitions:  
2025-04-28 15:12:27-194 [repliesContainer-0-C-1] INFO  o.s.k.l.ConcurrentMessageListenerContainer - bootcoin-group: partitions assigned: [] 
2025-04-28 15:12:27-196 [org.springframework.kafka.KafkaListenerEndpointContainer#0-0-C-1] INFO  o.a.k.c.c.i.ConsumerRebalanceListenerInvoker - [Consumer clientId=consumer-bootcoin-group-2, groupId=bootcoin-group] Adding newly assigned partitions: exchange-request-0 
2025-04-28 15:12:27-197 [org.springframework.kafka.KafkaListenerEndpointContainer#1-0-C-1] INFO  o.a.k.c.c.i.ConsumerRebalanceListenerInvoker - [Consumer clientId=consumer-bootcoin-group-3, groupId=bootcoin-group] Adding newly assigned partitions: exchange-rate-0 
2025-04-28 15:12:27-218 [org.springframework.kafka.KafkaListenerEndpointContainer#0-0-C-1] INFO  o.a.k.c.c.internals.ConsumerUtils - Setting offset for partition exchange-request-0 to the committed offset FetchPosition{offset=3, offsetEpoch=Optional.empty, currentLeader=LeaderAndEpoch{leader=Optional[localhost:29092 (id: 1001 rack: null)], epoch=0}} 
2025-04-28 15:12:27-218 [org.springframework.kafka.KafkaListenerEndpointContainer#1-0-C-1] INFO  o.a.k.c.c.internals.ConsumerUtils - Setting offset for partition exchange-rate-0 to the committed offset FetchPosition{offset=1, offsetEpoch=Optional.empty, currentLeader=LeaderAndEpoch{leader=Optional[localhost:29092 (id: 1001 rack: null)], epoch=0}} 
2025-04-28 15:12:27-221 [org.springframework.kafka.KafkaListenerEndpointContainer#0-0-C-1] INFO  o.s.k.l.KafkaMessageListenerContainer - bootcoin-group: partitions assigned: [exchange-request-0] 
2025-04-28 15:12:27-221 [org.springframework.kafka.KafkaListenerEndpointContainer#1-0-C-1] INFO  o.s.k.l.KafkaMessageListenerContainer - bootcoin-group: partitions assigned: [exchange-rate-0] 
2025-04-28 15:12:33-987 [org.springframework.kafka.KafkaListenerEndpointContainer#0-0-C-1] INFO  c.b.e.api.consumer.ExchangeConsumer - Init request exchange day: {"day":[2025,4,28],"action":"GET_EXCHANGE","priceSell":30.0,"priceBuy":11.0}, replyTopic: exchange-response, correlationId: [-38, -86, -85, 18, 8, 10, 70, -18, -76, -79, -3, -121, 64, 34, 34, 55] 
2025-04-28 15:12:33-988 [org.springframework.kafka.KafkaListenerEndpointContainer#0-0-C-1] INFO  c.b.e.a.s.impl.ExchangeServiceImpl - Init get today exchange 2025-04-28 
2025-04-28 15:12:34-090 [nioEventLoopGroup-3-3] INFO  c.b.e.a.s.impl.ExchangeServiceImpl - Exchange get today {"id":"680fe09e6ea9580dea253c4a","day":[2025,4,28],"priceSell":30.0,"priceBuy":11.0} 
2025-04-28 15:12:34-091 [nioEventLoopGroup-3-3] INFO  c.b.e.api.consumer.ExchangeConsumer - Exchange day: {"id":"680fe09e6ea9580dea253c4a","day":[2025,4,28],"priceSell":30.0,"priceBuy":11.0} 
2025-04-28 15:12:34-092 [nioEventLoopGroup-3-3] INFO  c.b.e.api.consumer.ExchangeConsumer - Sending as response {"id":"680fe09e6ea9580dea253c4a","day":[2025,4,28],"priceSell":30.0,"priceBuy":11.0} 
2025-04-28 15:12:34-099 [nioEventLoopGroup-3-3] INFO  o.a.k.c.producer.ProducerConfig - ProducerConfig values: 
	acks = -1
	auto.include.jmx.reporter = true
	batch.size = 16384
	bootstrap.servers = [localhost:29092]
	buffer.memory = 33554432
	client.dns.lookup = use_all_dns_ips
	client.id = exchange-bootcoin-api-producer-1
	compression.gzip.level = -1
	compression.lz4.level = 9
	compression.type = none
	compression.zstd.level = 3
	connections.max.idle.ms = 540000
	delivery.timeout.ms = 120000
	enable.idempotence = true
	enable.metrics.push = true
	interceptor.classes = []
	key.serializer = class org.apache.kafka.common.serialization.StringSerializer
	linger.ms = 0
	max.block.ms = 60000
	max.in.flight.requests.per.connection = 5
	max.request.size = 1048576
	metadata.max.age.ms = 300000
	metadata.max.idle.ms = 300000
	metadata.recovery.strategy = none
	metric.reporters = []
	metrics.num.samples = 2
	metrics.recording.level = INFO
	metrics.sample.window.ms = 30000
	partitioner.adaptive.partitioning.enable = true
	partitioner.availability.timeout.ms = 0
	partitioner.class = null
	partitioner.ignore.keys = false
	receive.buffer.bytes = 32768
	reconnect.backoff.max.ms = 1000
	reconnect.backoff.ms = 50
	request.timeout.ms = 30000
	retries = 2147483647
	retry.backoff.max.ms = 1000
	retry.backoff.ms = 100
	sasl.client.callback.handler.class = null
	sasl.jaas.config = null
	sasl.kerberos.kinit.cmd = /usr/bin/kinit
	sasl.kerberos.min.time.before.relogin = 60000
	sasl.kerberos.service.name = null
	sasl.kerberos.ticket.renew.jitter = 0.05
	sasl.kerberos.ticket.renew.window.factor = 0.8
	sasl.login.callback.handler.class = null
	sasl.login.class = null
	sasl.login.connect.timeout.ms = null
	sasl.login.read.timeout.ms = null
	sasl.login.refresh.buffer.seconds = 300
	sasl.login.refresh.min.period.seconds = 60
	sasl.login.refresh.window.factor = 0.8
	sasl.login.refresh.window.jitter = 0.05
	sasl.login.retry.backoff.max.ms = 10000
	sasl.login.retry.backoff.ms = 100
	sasl.mechanism = GSSAPI
	sasl.oauthbearer.clock.skew.seconds = 30
	sasl.oauthbearer.expected.audience = null
	sasl.oauthbearer.expected.issuer = null
	sasl.oauthbearer.jwks.endpoint.refresh.ms = 3600000
	sasl.oauthbearer.jwks.endpoint.retry.backoff.max.ms = 10000
	sasl.oauthbearer.jwks.endpoint.retry.backoff.ms = 100
	sasl.oauthbearer.jwks.endpoint.url = null
	sasl.oauthbearer.scope.claim.name = scope
	sasl.oauthbearer.sub.claim.name = sub
	sasl.oauthbearer.token.endpoint.url = null
	security.protocol = PLAINTEXT
	security.providers = null
	send.buffer.bytes = 131072
	socket.connection.setup.timeout.max.ms = 30000
	socket.connection.setup.timeout.ms = 10000
	ssl.cipher.suites = null
	ssl.enabled.protocols = [TLSv1.2, TLSv1.3]
	ssl.endpoint.identification.algorithm = https
	ssl.engine.factory.class = null
	ssl.key.password = null
	ssl.keymanager.algorithm = SunX509
	ssl.keystore.certificate.chain = null
	ssl.keystore.key = null
	ssl.keystore.location = null
	ssl.keystore.password = null
	ssl.keystore.type = JKS
	ssl.protocol = TLSv1.3
	ssl.provider = null
	ssl.secure.random.implementation = null
	ssl.trustmanager.algorithm = PKIX
	ssl.truststore.certificates = null
	ssl.truststore.location = null
	ssl.truststore.password = null
	ssl.truststore.type = JKS
	transaction.timeout.ms = 60000
	transactional.id = null
	value.serializer = class org.apache.kafka.common.serialization.StringSerializer
 
2025-04-28 15:12:34-100 [nioEventLoopGroup-3-3] INFO  o.a.k.c.t.i.KafkaMetricsCollector - initializing Kafka metrics collector 
2025-04-28 15:12:34-111 [nioEventLoopGroup-3-3] INFO  o.a.k.clients.producer.KafkaProducer - [Producer clientId=exchange-bootcoin-api-producer-1] Instantiated an idempotent producer. 
2025-04-28 15:12:34-126 [nioEventLoopGroup-3-3] INFO  o.a.kafka.common.utils.AppInfoParser - Kafka version: 3.8.1 
2025-04-28 15:12:34-127 [nioEventLoopGroup-3-3] INFO  o.a.kafka.common.utils.AppInfoParser - Kafka commitId: 70d6ff42debf7e17 
2025-04-28 15:12:34-127 [nioEventLoopGroup-3-3] INFO  o.a.kafka.common.utils.AppInfoParser - Kafka startTimeMs: 1745871154126 
2025-04-28 15:12:34-134 [kafka-producer-network-thread | exchange-bootcoin-api-producer-1] INFO  org.apache.kafka.clients.Metadata - [Producer clientId=exchange-bootcoin-api-producer-1] Cluster ID: pQNgvDGCTc6DWdlYtyeAyg 
2025-04-28 15:12:34-134 [kafka-producer-network-thread | exchange-bootcoin-api-producer-1] INFO  o.a.k.c.p.i.TransactionManager - [Producer clientId=exchange-bootcoin-api-producer-1] ProducerId set to 3 with epoch 0 
2025-04-28 15:12:34-142 [nioEventLoopGroup-3-3] INFO  c.b.e.api.consumer.ExchangeConsumer - Successfully: Mensaje enviado al topic exchange-response 
2025-04-28 15:17:26-262 [AsyncResolver-bootstrap-executor-%d] INFO  c.n.d.s.r.aws.ConfigClusterResolver - Resolving eureka endpoints via configuration 
2025-04-28 15:18:02-577 [SpringApplicationShutdownHook] INFO  o.s.c.n.e.s.EurekaServiceRegistry - Unregistering application EXCHANGE-BOOTCOIN-API with eureka with status DOWN 
2025-04-28 15:18:02-577 [SpringApplicationShutdownHook] INFO  c.netflix.discovery.DiscoveryClient - Saw local status change event StatusChangeEvent [timestamp=1745871482577, current=DOWN, previous=UP] 
2025-04-28 15:18:02-578 [DiscoveryClient-InstanceInfoReplicator-%d] INFO  c.netflix.discovery.DiscoveryClient - DiscoveryClient_EXCHANGE-BOOTCOIN-API/exchange-bootcoin-api:8809: registering service... 
2025-04-28 15:18:02-610 [DiscoveryClient-InstanceInfoReplicator-%d] INFO  c.netflix.discovery.DiscoveryClient - DiscoveryClient_EXCHANGE-BOOTCOIN-API/exchange-bootcoin-api:8809 - registration status: 204 
2025-04-28 15:18:02-636 [repliesContainer-0-C-1] INFO  o.a.k.c.c.i.ConsumerCoordinator - [Consumer clientId=consumer-bootcoin-group-1, groupId=bootcoin-group] Member consumer-bootcoin-group-1-f6ab9e26-c9ec-4caf-a957-86efd3e7b827 sending LeaveGroup request to coordinator localhost:29092 (id: 2147482646 rack: null) due to the consumer unsubscribed from all topics 
2025-04-28 15:18:02-639 [repliesContainer-0-C-1] INFO  o.a.k.c.c.i.ConsumerCoordinator - [Consumer clientId=consumer-bootcoin-group-1, groupId=bootcoin-group] Resetting generation and member id due to: consumer pro-actively leaving the group 
2025-04-28 15:18:02-639 [repliesContainer-0-C-1] INFO  o.a.k.c.c.i.ConsumerCoordinator - [Consumer clientId=consumer-bootcoin-group-1, groupId=bootcoin-group] Request joining group due to: consumer pro-actively leaving the group 
2025-04-28 15:18:02-640 [repliesContainer-0-C-1] INFO  o.a.k.c.c.i.LegacyKafkaConsumer - [Consumer clientId=consumer-bootcoin-group-1, groupId=bootcoin-group] Unsubscribed all topics or patterns and assigned partitions 
2025-04-28 15:18:02-651 [repliesContainer-0-C-1] INFO  o.a.k.c.c.i.ConsumerCoordinator - [Consumer clientId=consumer-bootcoin-group-1, groupId=bootcoin-group] Resetting generation and member id due to: consumer pro-actively leaving the group 
2025-04-28 15:18:02-652 [repliesContainer-0-C-1] INFO  o.a.k.c.c.i.ConsumerCoordinator - [Consumer clientId=consumer-bootcoin-group-1, groupId=bootcoin-group] Request joining group due to: consumer pro-actively leaving the group 
2025-04-28 15:18:02-669 [repliesContainer-0-C-1] INFO  o.a.kafka.common.metrics.Metrics - Metrics scheduler closed 
2025-04-28 15:18:02-669 [repliesContainer-0-C-1] INFO  o.a.kafka.common.metrics.Metrics - Closing reporter org.apache.kafka.common.metrics.JmxReporter 
2025-04-28 15:18:02-669 [repliesContainer-0-C-1] INFO  o.a.kafka.common.metrics.Metrics - Closing reporter org.apache.kafka.common.telemetry.internals.ClientTelemetryReporter 
2025-04-28 15:18:02-669 [repliesContainer-0-C-1] INFO  o.a.kafka.common.metrics.Metrics - Metrics reporters closed 
2025-04-28 15:18:02-684 [repliesContainer-0-C-1] INFO  o.a.kafka.common.utils.AppInfoParser - App info kafka.consumer for consumer-bootcoin-group-1 unregistered 
2025-04-28 15:18:02-686 [repliesContainer-0-C-1] INFO  o.s.k.l.KafkaMessageListenerContainer - bootcoin-group: Consumer stopped 
2025-04-28 15:18:02-691 [org.springframework.kafka.KafkaListenerEndpointContainer#0-0-C-1] INFO  o.a.k.c.c.i.ConsumerRebalanceListenerInvoker - [Consumer clientId=consumer-bootcoin-group-2, groupId=bootcoin-group] Revoke previously assigned partitions exchange-request-0 
2025-04-28 15:18:02-691 [org.springframework.kafka.KafkaListenerEndpointContainer#1-0-C-1] INFO  o.a.k.c.c.i.ConsumerRebalanceListenerInvoker - [Consumer clientId=consumer-bootcoin-group-3, groupId=bootcoin-group] Revoke previously assigned partitions exchange-rate-0 
2025-04-28 15:18:02-692 [org.springframework.kafka.KafkaListenerEndpointContainer#0-0-C-1] INFO  o.s.k.l.KafkaMessageListenerContainer - bootcoin-group: partitions revoked: [exchange-request-0] 
2025-04-28 15:18:02-692 [org.springframework.kafka.KafkaListenerEndpointContainer#1-0-C-1] INFO  o.s.k.l.KafkaMessageListenerContainer - bootcoin-group: partitions revoked: [exchange-rate-0] 
2025-04-28 15:18:02-694 [org.springframework.kafka.KafkaListenerEndpointContainer#1-0-C-1] INFO  o.a.k.c.c.i.ConsumerCoordinator - [Consumer clientId=consumer-bootcoin-group-3, groupId=bootcoin-group] Member consumer-bootcoin-group-3-6b7afa7e-6509-4157-a98e-55dec747eca4 sending LeaveGroup request to coordinator localhost:29092 (id: 2147482646 rack: null) due to the consumer unsubscribed from all topics 
2025-04-28 15:18:02-694 [org.springframework.kafka.KafkaListenerEndpointContainer#0-0-C-1] INFO  o.a.k.c.c.i.ConsumerCoordinator - [Consumer clientId=consumer-bootcoin-group-2, groupId=bootcoin-group] Member consumer-bootcoin-group-2-e03454d7-3906-4d6a-84f8-26b3ca340aa4 sending LeaveGroup request to coordinator localhost:29092 (id: 2147482646 rack: null) due to the consumer unsubscribed from all topics 
2025-04-28 15:18:02-694 [SpringApplicationShutdownHook] INFO  o.s.b.w.e.netty.GracefulShutdown - Commencing graceful shutdown. Waiting for active requests to complete 
2025-04-28 15:18:02-695 [org.springframework.kafka.KafkaListenerEndpointContainer#1-0-C-1] INFO  o.a.k.c.c.i.ConsumerCoordinator - [Consumer clientId=consumer-bootcoin-group-3, groupId=bootcoin-group] Resetting generation and member id due to: consumer pro-actively leaving the group 
2025-04-28 15:18:02-695 [org.springframework.kafka.KafkaListenerEndpointContainer#1-0-C-1] INFO  o.a.k.c.c.i.ConsumerCoordinator - [Consumer clientId=consumer-bootcoin-group-3, groupId=bootcoin-group] Request joining group due to: consumer pro-actively leaving the group 
2025-04-28 15:18:02-695 [org.springframework.kafka.KafkaListenerEndpointContainer#1-0-C-1] INFO  o.a.k.c.c.i.LegacyKafkaConsumer - [Consumer clientId=consumer-bootcoin-group-3, groupId=bootcoin-group] Unsubscribed all topics or patterns and assigned partitions 
2025-04-28 15:18:02-695 [org.springframework.kafka.KafkaListenerEndpointContainer#0-0-C-1] INFO  o.a.k.c.c.i.ConsumerCoordinator - [Consumer clientId=consumer-bootcoin-group-2, groupId=bootcoin-group] Resetting generation and member id due to: consumer pro-actively leaving the group 
2025-04-28 15:18:02-695 [org.springframework.kafka.KafkaListenerEndpointContainer#0-0-C-1] INFO  o.a.k.c.c.i.ConsumerCoordinator - [Consumer clientId=consumer-bootcoin-group-2, groupId=bootcoin-group] Request joining group due to: consumer pro-actively leaving the group 
2025-04-28 15:18:02-695 [org.springframework.kafka.KafkaListenerEndpointContainer#0-0-C-1] INFO  o.a.k.c.c.i.LegacyKafkaConsumer - [Consumer clientId=consumer-bootcoin-group-2, groupId=bootcoin-group] Unsubscribed all topics or patterns and assigned partitions 
2025-04-28 15:18:02-695 [org.springframework.kafka.KafkaListenerEndpointContainer#1-0-C-1] INFO  o.a.k.c.c.i.ConsumerCoordinator - [Consumer clientId=consumer-bootcoin-group-3, groupId=bootcoin-group] Resetting generation and member id due to: consumer pro-actively leaving the group 
2025-04-28 15:18:02-695 [org.springframework.kafka.KafkaListenerEndpointContainer#0-0-C-1] INFO  o.a.k.c.c.i.ConsumerCoordinator - [Consumer clientId=consumer-bootcoin-group-2, groupId=bootcoin-group] Resetting generation and member id due to: consumer pro-actively leaving the group 
2025-04-28 15:18:02-695 [org.springframework.kafka.KafkaListenerEndpointContainer#1-0-C-1] INFO  o.a.k.c.c.i.ConsumerCoordinator - [Consumer clientId=consumer-bootcoin-group-3, groupId=bootcoin-group] Request joining group due to: consumer pro-actively leaving the group 
2025-04-28 15:18:02-695 [org.springframework.kafka.KafkaListenerEndpointContainer#0-0-C-1] INFO  o.a.k.c.c.i.ConsumerCoordinator - [Consumer clientId=consumer-bootcoin-group-2, groupId=bootcoin-group] Request joining group due to: consumer pro-actively leaving the group 
2025-04-28 15:18:02-714 [netty-shutdown] INFO  o.s.b.w.e.netty.GracefulShutdown - Graceful shutdown complete 
2025-04-28 15:18:02-947 [org.springframework.kafka.KafkaListenerEndpointContainer#0-0-C-1] INFO  o.a.kafka.common.metrics.Metrics - Metrics scheduler closed 
2025-04-28 15:18:02-947 [org.springframework.kafka.KafkaListenerEndpointContainer#0-0-C-1] INFO  o.a.kafka.common.metrics.Metrics - Closing reporter org.apache.kafka.common.metrics.JmxReporter 
2025-04-28 15:18:02-947 [org.springframework.kafka.KafkaListenerEndpointContainer#0-0-C-1] INFO  o.a.kafka.common.metrics.Metrics - Closing reporter org.apache.kafka.common.telemetry.internals.ClientTelemetryReporter 
2025-04-28 15:18:02-947 [org.springframework.kafka.KafkaListenerEndpointContainer#0-0-C-1] INFO  o.a.kafka.common.metrics.Metrics - Metrics reporters closed 
2025-04-28 15:18:02-953 [org.springframework.kafka.KafkaListenerEndpointContainer#0-0-C-1] INFO  o.a.kafka.common.utils.AppInfoParser - App info kafka.consumer for consumer-bootcoin-group-2 unregistered 
2025-04-28 15:18:02-953 [org.springframework.kafka.KafkaListenerEndpointContainer#0-0-C-1] INFO  o.s.k.l.KafkaMessageListenerContainer - bootcoin-group: Consumer stopped 
2025-04-28 15:18:03-111 [org.springframework.kafka.KafkaListenerEndpointContainer#1-0-C-1] INFO  o.a.kafka.common.metrics.Metrics - Metrics scheduler closed 
2025-04-28 15:18:03-111 [org.springframework.kafka.KafkaListenerEndpointContainer#1-0-C-1] INFO  o.a.kafka.common.metrics.Metrics - Closing reporter org.apache.kafka.common.metrics.JmxReporter 
2025-04-28 15:18:03-112 [org.springframework.kafka.KafkaListenerEndpointContainer#1-0-C-1] INFO  o.a.kafka.common.metrics.Metrics - Closing reporter org.apache.kafka.common.telemetry.internals.ClientTelemetryReporter 
2025-04-28 15:18:03-112 [org.springframework.kafka.KafkaListenerEndpointContainer#1-0-C-1] INFO  o.a.kafka.common.metrics.Metrics - Metrics reporters closed 
2025-04-28 15:18:03-118 [org.springframework.kafka.KafkaListenerEndpointContainer#1-0-C-1] INFO  o.a.kafka.common.utils.AppInfoParser - App info kafka.consumer for consumer-bootcoin-group-3 unregistered 
2025-04-28 15:18:03-118 [org.springframework.kafka.KafkaListenerEndpointContainer#1-0-C-1] INFO  o.s.k.l.KafkaMessageListenerContainer - bootcoin-group: Consumer stopped 
2025-04-28 15:18:04-798 [SpringApplicationShutdownHook] INFO  o.a.k.clients.producer.KafkaProducer - [Producer clientId=exchange-bootcoin-api-producer-1] Closing the Kafka producer with timeoutMillis = 30000 ms. 
2025-04-28 15:18:04-805 [SpringApplicationShutdownHook] INFO  o.a.kafka.common.metrics.Metrics - Metrics scheduler closed 
2025-04-28 15:18:04-806 [SpringApplicationShutdownHook] INFO  o.a.kafka.common.metrics.Metrics - Closing reporter org.apache.kafka.common.metrics.JmxReporter 
2025-04-28 15:18:04-806 [SpringApplicationShutdownHook] INFO  o.a.kafka.common.metrics.Metrics - Closing reporter org.apache.kafka.common.telemetry.internals.ClientTelemetryReporter 
2025-04-28 15:18:04-806 [SpringApplicationShutdownHook] INFO  o.a.kafka.common.metrics.Metrics - Metrics reporters closed 
2025-04-28 15:18:04-807 [SpringApplicationShutdownHook] INFO  o.a.kafka.common.utils.AppInfoParser - App info kafka.producer for exchange-bootcoin-api-producer-1 unregistered 
2025-04-28 15:18:06-920 [SpringApplicationShutdownHook] INFO  c.netflix.discovery.DiscoveryClient - Shutting down DiscoveryClient ... 
2025-04-28 15:18:09-934 [SpringApplicationShutdownHook] INFO  c.netflix.discovery.DiscoveryClient - Unregistering ... 
2025-04-28 15:18:09-952 [SpringApplicationShutdownHook] INFO  c.netflix.discovery.DiscoveryClient - DiscoveryClient_EXCHANGE-BOOTCOIN-API/exchange-bootcoin-api:8809 - deregister  status: 200 
2025-04-28 15:18:09-954 [SpringApplicationShutdownHook] INFO  c.netflix.discovery.DiscoveryClient - Completed shut down of DiscoveryClient 
