2025-04-28 10:35:56-106 [main] INFO  c.b.p.b.s.P2pBootcoinServiceApplication - Starting P2pBootcoinServiceApplication using Java 17.0.12 with PID 23696 (C:\Users\mgarcsar\Documents\Bootcamp\etregables\BootCoin\p2p-bootcoin-service\target\classes started by mgarcsar in C:\Users\mgarcsar\Documents\Bootcamp\etregables\BootCoin) 
2025-04-28 10:35:56-109 [main] INFO  c.b.p.b.s.P2pBootcoinServiceApplication - The following 1 profile is active: "dev" 
2025-04-28 10:35:56-139 [main] INFO  o.s.c.c.c.ConfigServerConfigDataLoader - Fetching config from server at : http://config-server-bc:8888 
2025-04-28 10:35:56-140 [main] INFO  o.s.c.c.c.ConfigServerConfigDataLoader - Exception on Url - http://config-server-bc:8888:org.springframework.web.client.ResourceAccessException: I/O error on GET request for "http://config-server-bc:8888/p2p-bootcoin-service/default": config-server-bc. Will be trying the next url if available 
2025-04-28 10:35:56-140 [main] WARN  o.s.c.c.c.ConfigServerConfigDataLoader - Could not locate PropertySource ([ConfigServerConfigDataResource@6e91893 uris = array<String>['http://config-server-bc:8888'], optional = true, profiles = 'default']): I/O error on GET request for "http://config-server-bc:8888/p2p-bootcoin-service/default": config-server-bc 
2025-04-28 10:35:56-140 [main] INFO  o.s.c.c.c.ConfigServerConfigDataLoader - Fetching config from server at : http://config-server-bc:8888 
2025-04-28 10:35:56-140 [main] INFO  o.s.c.c.c.ConfigServerConfigDataLoader - Exception on Url - http://config-server-bc:8888:org.springframework.web.client.ResourceAccessException: I/O error on GET request for "http://config-server-bc:8888/p2p-bootcoin-service/dev": config-server-bc. Will be trying the next url if available 
2025-04-28 10:35:56-140 [main] WARN  o.s.c.c.c.ConfigServerConfigDataLoader - Could not locate PropertySource ([ConfigServerConfigDataResource@6edcd0d8 uris = array<String>['http://config-server-bc:8888'], optional = true, profiles = 'dev']): I/O error on GET request for "http://config-server-bc:8888/p2p-bootcoin-service/dev": config-server-bc 
2025-04-28 10:35:56-140 [main] INFO  o.s.c.c.c.ConfigServerConfigDataLoader - Fetching config from server at : http://config-server-bc:8888 
2025-04-28 10:35:56-140 [main] INFO  o.s.c.c.c.ConfigServerConfigDataLoader - Exception on Url - http://config-server-bc:8888:org.springframework.web.client.ResourceAccessException: I/O error on GET request for "http://config-server-bc:8888/p2p-bootcoin-service/default": config-server-bc. Will be trying the next url if available 
2025-04-28 10:35:56-140 [main] WARN  o.s.c.c.c.ConfigServerConfigDataLoader - Could not locate PropertySource ([ConfigServerConfigDataResource@6136998b uris = array<String>['http://config-server-bc:8888'], optional = true, profiles = 'default']): I/O error on GET request for "http://config-server-bc:8888/p2p-bootcoin-service/default": config-server-bc 
2025-04-28 10:35:57-070 [main] INFO  o.s.cloud.context.scope.GenericScope - BeanFactory id=b4935ff0-687a-3236-991c-6ad8a6834166 
2025-04-28 10:35:58-303 [main] INFO  o.s.b.a.e.web.EndpointLinksResolver - Exposing 2 endpoints beneath base path '/actuator' 
2025-04-28 10:35:58-850 [main] INFO  o.s.c.n.e.c.DiscoveryClientOptionalArgsConfiguration - Eureka HTTP Client uses RestTemplate. 
2025-04-28 10:35:58-893 [main] WARN  o.s.c.l.c.LoadBalancerCacheAutoConfiguration$LoadBalancerCaffeineWarnLogger - Spring Cloud LoadBalancer is currently working with the default cache. While this cache implementation is useful for development and tests, it's recommended to use Caffeine cache in production.You can switch to using Caffeine cache, by adding it and org.springframework.cache.caffeine.CaffeineCacheManager to the classpath. 
2025-04-28 10:35:59-013 [main] INFO  o.a.k.c.consumer.ConsumerConfig - ConsumerConfig values: 
	allow.auto.create.topics = true
	auto.commit.interval.ms = 5000
	auto.include.jmx.reporter = true
	auto.offset.reset = latest
	bootstrap.servers = [localhost:29092]
	check.crcs = true
	client.dns.lookup = use_all_dns_ips
	client.id = consumer-exchange-group-1
	client.rack = 
	connections.max.idle.ms = 540000
	default.api.timeout.ms = 60000
	enable.auto.commit = false
	enable.metrics.push = true
	exclude.internal.topics = true
	fetch.max.bytes = 52428800
	fetch.max.wait.ms = 500
	fetch.min.bytes = 1
	group.id = exchange-group
	group.instance.id = null
	group.protocol = classic
	group.remote.assignor = null
	heartbeat.interval.ms = 3000
	interceptor.classes = []
	internal.leave.group.on.close = true
	internal.throw.on.fetch.stable.offset.unsupported = false
	isolation.level = read_uncommitted
	key.deserializer = class org.apache.kafka.common.serialization.StringDeserializer
	max.partition.fetch.bytes = 1048576
	max.poll.interval.ms = 300000
	max.poll.records = 500
	metadata.max.age.ms = 300000
	metadata.recovery.strategy = none
	metric.reporters = []
	metrics.num.samples = 2
	metrics.recording.level = INFO
	metrics.sample.window.ms = 30000
	partition.assignment.strategy = [class org.apache.kafka.clients.consumer.RangeAssignor, class org.apache.kafka.clients.consumer.CooperativeStickyAssignor]
	receive.buffer.bytes = 65536
	reconnect.backoff.max.ms = 1000
	reconnect.backoff.ms = 50
	request.timeout.ms = 30000
	retry.backoff.max.ms = 1000
	retry.backoff.ms = 100
	sasl.client.callback.handler.class = null
	sasl.jaas.config = null
	sasl.kerberos.kinit.cmd = /usr/bin/kinit
	sasl.kerberos.min.time.before.relogin = 60000
	sasl.kerberos.service.name = null
	sasl.kerberos.ticket.renew.jitter = 0.05
	sasl.kerberos.ticket.renew.window.factor = 0.8
	sasl.login.callback.handler.class = null
	sasl.login.class = null
	sasl.login.connect.timeout.ms = null
	sasl.login.read.timeout.ms = null
	sasl.login.refresh.buffer.seconds = 300
	sasl.login.refresh.min.period.seconds = 60
	sasl.login.refresh.window.factor = 0.8
	sasl.login.refresh.window.jitter = 0.05
	sasl.login.retry.backoff.max.ms = 10000
	sasl.login.retry.backoff.ms = 100
	sasl.mechanism = GSSAPI
	sasl.oauthbearer.clock.skew.seconds = 30
	sasl.oauthbearer.expected.audience = null
	sasl.oauthbearer.expected.issuer = null
	sasl.oauthbearer.jwks.endpoint.refresh.ms = 3600000
	sasl.oauthbearer.jwks.endpoint.retry.backoff.max.ms = 10000
	sasl.oauthbearer.jwks.endpoint.retry.backoff.ms = 100
	sasl.oauthbearer.jwks.endpoint.url = null
	sasl.oauthbearer.scope.claim.name = scope
	sasl.oauthbearer.sub.claim.name = sub
	sasl.oauthbearer.token.endpoint.url = null
	security.protocol = PLAINTEXT
	security.providers = null
	send.buffer.bytes = 131072
	session.timeout.ms = 45000
	socket.connection.setup.timeout.max.ms = 30000
	socket.connection.setup.timeout.ms = 10000
	ssl.cipher.suites = null
	ssl.enabled.protocols = [TLSv1.2, TLSv1.3]
	ssl.endpoint.identification.algorithm = https
	ssl.engine.factory.class = null
	ssl.key.password = null
	ssl.keymanager.algorithm = SunX509
	ssl.keystore.certificate.chain = null
	ssl.keystore.key = null
	ssl.keystore.location = null
	ssl.keystore.password = null
	ssl.keystore.type = JKS
	ssl.protocol = TLSv1.3
	ssl.provider = null
	ssl.secure.random.implementation = null
	ssl.trustmanager.algorithm = PKIX
	ssl.truststore.certificates = null
	ssl.truststore.location = null
	ssl.truststore.password = null
	ssl.truststore.type = JKS
	value.deserializer = class org.apache.kafka.common.serialization.StringDeserializer
 
2025-04-28 10:35:59-066 [main] INFO  o.a.k.c.t.i.KafkaMetricsCollector - initializing Kafka metrics collector 
2025-04-28 10:35:59-210 [main] INFO  o.a.kafka.common.utils.AppInfoParser - Kafka version: 3.8.1 
2025-04-28 10:35:59-212 [main] INFO  o.a.kafka.common.utils.AppInfoParser - Kafka commitId: 70d6ff42debf7e17 
2025-04-28 10:35:59-212 [main] INFO  o.a.kafka.common.utils.AppInfoParser - Kafka startTimeMs: 1745854559208 
2025-04-28 10:35:59-216 [main] INFO  o.a.k.c.c.i.LegacyKafkaConsumer - [Consumer clientId=consumer-exchange-group-1, groupId=exchange-group] Subscribed to topic(s): exchange-response 
2025-04-28 10:35:59-229 [main] INFO  o.a.k.c.consumer.ConsumerConfig - ConsumerConfig values: 
	allow.auto.create.topics = true
	auto.commit.interval.ms = 5000
	auto.include.jmx.reporter = true
	auto.offset.reset = latest
	bootstrap.servers = [localhost:29092]
	check.crcs = true
	client.dns.lookup = use_all_dns_ips
	client.id = consumer-transaction-group-2
	client.rack = 
	connections.max.idle.ms = 540000
	default.api.timeout.ms = 60000
	enable.auto.commit = false
	enable.metrics.push = true
	exclude.internal.topics = true
	fetch.max.bytes = 52428800
	fetch.max.wait.ms = 500
	fetch.min.bytes = 1
	group.id = transaction-group
	group.instance.id = null
	group.protocol = classic
	group.remote.assignor = null
	heartbeat.interval.ms = 3000
	interceptor.classes = []
	internal.leave.group.on.close = true
	internal.throw.on.fetch.stable.offset.unsupported = false
	isolation.level = read_uncommitted
	key.deserializer = class org.apache.kafka.common.serialization.StringDeserializer
	max.partition.fetch.bytes = 1048576
	max.poll.interval.ms = 300000
	max.poll.records = 500
	metadata.max.age.ms = 300000
	metadata.recovery.strategy = none
	metric.reporters = []
	metrics.num.samples = 2
	metrics.recording.level = INFO
	metrics.sample.window.ms = 30000
	partition.assignment.strategy = [class org.apache.kafka.clients.consumer.RangeAssignor, class org.apache.kafka.clients.consumer.CooperativeStickyAssignor]
	receive.buffer.bytes = 65536
	reconnect.backoff.max.ms = 1000
	reconnect.backoff.ms = 50
	request.timeout.ms = 30000
	retry.backoff.max.ms = 1000
	retry.backoff.ms = 100
	sasl.client.callback.handler.class = null
	sasl.jaas.config = null
	sasl.kerberos.kinit.cmd = /usr/bin/kinit
	sasl.kerberos.min.time.before.relogin = 60000
	sasl.kerberos.service.name = null
	sasl.kerberos.ticket.renew.jitter = 0.05
	sasl.kerberos.ticket.renew.window.factor = 0.8
	sasl.login.callback.handler.class = null
	sasl.login.class = null
	sasl.login.connect.timeout.ms = null
	sasl.login.read.timeout.ms = null
	sasl.login.refresh.buffer.seconds = 300
	sasl.login.refresh.min.period.seconds = 60
	sasl.login.refresh.window.factor = 0.8
	sasl.login.refresh.window.jitter = 0.05
	sasl.login.retry.backoff.max.ms = 10000
	sasl.login.retry.backoff.ms = 100
	sasl.mechanism = GSSAPI
	sasl.oauthbearer.clock.skew.seconds = 30
	sasl.oauthbearer.expected.audience = null
	sasl.oauthbearer.expected.issuer = null
	sasl.oauthbearer.jwks.endpoint.refresh.ms = 3600000
	sasl.oauthbearer.jwks.endpoint.retry.backoff.max.ms = 10000
	sasl.oauthbearer.jwks.endpoint.retry.backoff.ms = 100
	sasl.oauthbearer.jwks.endpoint.url = null
	sasl.oauthbearer.scope.claim.name = scope
	sasl.oauthbearer.sub.claim.name = sub
	sasl.oauthbearer.token.endpoint.url = null
	security.protocol = PLAINTEXT
	security.providers = null
	send.buffer.bytes = 131072
	session.timeout.ms = 45000
	socket.connection.setup.timeout.max.ms = 30000
	socket.connection.setup.timeout.ms = 10000
	ssl.cipher.suites = null
	ssl.enabled.protocols = [TLSv1.2, TLSv1.3]
	ssl.endpoint.identification.algorithm = https
	ssl.engine.factory.class = null
	ssl.key.password = null
	ssl.keymanager.algorithm = SunX509
	ssl.keystore.certificate.chain = null
	ssl.keystore.key = null
	ssl.keystore.location = null
	ssl.keystore.password = null
	ssl.keystore.type = JKS
	ssl.protocol = TLSv1.3
	ssl.provider = null
	ssl.secure.random.implementation = null
	ssl.trustmanager.algorithm = PKIX
	ssl.truststore.certificates = null
	ssl.truststore.location = null
	ssl.truststore.password = null
	ssl.truststore.type = JKS
	value.deserializer = class org.apache.kafka.common.serialization.StringDeserializer
 
2025-04-28 10:35:59-230 [main] INFO  o.a.k.c.t.i.KafkaMetricsCollector - initializing Kafka metrics collector 
2025-04-28 10:35:59-243 [main] INFO  o.a.kafka.common.utils.AppInfoParser - Kafka version: 3.8.1 
2025-04-28 10:35:59-243 [main] INFO  o.a.kafka.common.utils.AppInfoParser - Kafka commitId: 70d6ff42debf7e17 
2025-04-28 10:35:59-243 [main] INFO  o.a.kafka.common.utils.AppInfoParser - Kafka startTimeMs: 1745854559242 
2025-04-28 10:35:59-243 [main] INFO  o.a.k.c.c.i.LegacyKafkaConsumer - [Consumer clientId=consumer-transaction-group-2, groupId=transaction-group] Subscribed to topic(s): transaction-list-response 
2025-04-28 10:35:59-246 [main] INFO  o.a.k.c.consumer.ConsumerConfig - ConsumerConfig values: 
	allow.auto.create.topics = true
	auto.commit.interval.ms = 5000
	auto.include.jmx.reporter = true
	auto.offset.reset = latest
	bootstrap.servers = [localhost:29092]
	check.crcs = true
	client.dns.lookup = use_all_dns_ips
	client.id = consumer-bootuser-group-3
	client.rack = 
	connections.max.idle.ms = 540000
	default.api.timeout.ms = 60000
	enable.auto.commit = false
	enable.metrics.push = true
	exclude.internal.topics = true
	fetch.max.bytes = 52428800
	fetch.max.wait.ms = 500
	fetch.min.bytes = 1
	group.id = bootuser-group
	group.instance.id = null
	group.protocol = classic
	group.remote.assignor = null
	heartbeat.interval.ms = 3000
	interceptor.classes = []
	internal.leave.group.on.close = true
	internal.throw.on.fetch.stable.offset.unsupported = false
	isolation.level = read_uncommitted
	key.deserializer = class org.apache.kafka.common.serialization.StringDeserializer
	max.partition.fetch.bytes = 1048576
	max.poll.interval.ms = 300000
	max.poll.records = 500
	metadata.max.age.ms = 300000
	metadata.recovery.strategy = none
	metric.reporters = []
	metrics.num.samples = 2
	metrics.recording.level = INFO
	metrics.sample.window.ms = 30000
	partition.assignment.strategy = [class org.apache.kafka.clients.consumer.RangeAssignor, class org.apache.kafka.clients.consumer.CooperativeStickyAssignor]
	receive.buffer.bytes = 65536
	reconnect.backoff.max.ms = 1000
	reconnect.backoff.ms = 50
	request.timeout.ms = 30000
	retry.backoff.max.ms = 1000
	retry.backoff.ms = 100
	sasl.client.callback.handler.class = null
	sasl.jaas.config = null
	sasl.kerberos.kinit.cmd = /usr/bin/kinit
	sasl.kerberos.min.time.before.relogin = 60000
	sasl.kerberos.service.name = null
	sasl.kerberos.ticket.renew.jitter = 0.05
	sasl.kerberos.ticket.renew.window.factor = 0.8
	sasl.login.callback.handler.class = null
	sasl.login.class = null
	sasl.login.connect.timeout.ms = null
	sasl.login.read.timeout.ms = null
	sasl.login.refresh.buffer.seconds = 300
	sasl.login.refresh.min.period.seconds = 60
	sasl.login.refresh.window.factor = 0.8
	sasl.login.refresh.window.jitter = 0.05
	sasl.login.retry.backoff.max.ms = 10000
	sasl.login.retry.backoff.ms = 100
	sasl.mechanism = GSSAPI
	sasl.oauthbearer.clock.skew.seconds = 30
	sasl.oauthbearer.expected.audience = null
	sasl.oauthbearer.expected.issuer = null
	sasl.oauthbearer.jwks.endpoint.refresh.ms = 3600000
	sasl.oauthbearer.jwks.endpoint.retry.backoff.max.ms = 10000
	sasl.oauthbearer.jwks.endpoint.retry.backoff.ms = 100
	sasl.oauthbearer.jwks.endpoint.url = null
	sasl.oauthbearer.scope.claim.name = scope
	sasl.oauthbearer.sub.claim.name = sub
	sasl.oauthbearer.token.endpoint.url = null
	security.protocol = PLAINTEXT
	security.providers = null
	send.buffer.bytes = 131072
	session.timeout.ms = 45000
	socket.connection.setup.timeout.max.ms = 30000
	socket.connection.setup.timeout.ms = 10000
	ssl.cipher.suites = null
	ssl.enabled.protocols = [TLSv1.2, TLSv1.3]
	ssl.endpoint.identification.algorithm = https
	ssl.engine.factory.class = null
	ssl.key.password = null
	ssl.keymanager.algorithm = SunX509
	ssl.keystore.certificate.chain = null
	ssl.keystore.key = null
	ssl.keystore.location = null
	ssl.keystore.password = null
	ssl.keystore.type = JKS
	ssl.protocol = TLSv1.3
	ssl.provider = null
	ssl.secure.random.implementation = null
	ssl.trustmanager.algorithm = PKIX
	ssl.truststore.certificates = null
	ssl.truststore.location = null
	ssl.truststore.password = null
	ssl.truststore.type = JKS
	value.deserializer = class org.apache.kafka.common.serialization.StringDeserializer
 
2025-04-28 10:35:59-247 [main] INFO  o.a.k.c.t.i.KafkaMetricsCollector - initializing Kafka metrics collector 
2025-04-28 10:35:59-257 [main] INFO  o.a.kafka.common.utils.AppInfoParser - Kafka version: 3.8.1 
2025-04-28 10:35:59-258 [main] INFO  o.a.kafka.common.utils.AppInfoParser - Kafka commitId: 70d6ff42debf7e17 
2025-04-28 10:35:59-258 [main] INFO  o.a.kafka.common.utils.AppInfoParser - Kafka startTimeMs: 1745854559257 
2025-04-28 10:35:59-259 [main] INFO  o.a.k.c.c.i.LegacyKafkaConsumer - [Consumer clientId=consumer-bootuser-group-3, groupId=bootuser-group] Subscribed to topic(s): user-response 
2025-04-28 10:35:59-262 [main] INFO  o.a.k.c.consumer.ConsumerConfig - ConsumerConfig values: 
	allow.auto.create.topics = true
	auto.commit.interval.ms = 5000
	auto.include.jmx.reporter = true
	auto.offset.reset = latest
	bootstrap.servers = [localhost:29092]
	check.crcs = true
	client.dns.lookup = use_all_dns_ips
	client.id = consumer-wallet-group-4
	client.rack = 
	connections.max.idle.ms = 540000
	default.api.timeout.ms = 60000
	enable.auto.commit = false
	enable.metrics.push = true
	exclude.internal.topics = true
	fetch.max.bytes = 52428800
	fetch.max.wait.ms = 500
	fetch.min.bytes = 1
	group.id = wallet-group
	group.instance.id = null
	group.protocol = classic
	group.remote.assignor = null
	heartbeat.interval.ms = 3000
	interceptor.classes = []
	internal.leave.group.on.close = true
	internal.throw.on.fetch.stable.offset.unsupported = false
	isolation.level = read_uncommitted
	key.deserializer = class org.apache.kafka.common.serialization.StringDeserializer
	max.partition.fetch.bytes = 1048576
	max.poll.interval.ms = 300000
	max.poll.records = 500
	metadata.max.age.ms = 300000
	metadata.recovery.strategy = none
	metric.reporters = []
	metrics.num.samples = 2
	metrics.recording.level = INFO
	metrics.sample.window.ms = 30000
	partition.assignment.strategy = [class org.apache.kafka.clients.consumer.RangeAssignor, class org.apache.kafka.clients.consumer.CooperativeStickyAssignor]
	receive.buffer.bytes = 65536
	reconnect.backoff.max.ms = 1000
	reconnect.backoff.ms = 50
	request.timeout.ms = 30000
	retry.backoff.max.ms = 1000
	retry.backoff.ms = 100
	sasl.client.callback.handler.class = null
	sasl.jaas.config = null
	sasl.kerberos.kinit.cmd = /usr/bin/kinit
	sasl.kerberos.min.time.before.relogin = 60000
	sasl.kerberos.service.name = null
	sasl.kerberos.ticket.renew.jitter = 0.05
	sasl.kerberos.ticket.renew.window.factor = 0.8
	sasl.login.callback.handler.class = null
	sasl.login.class = null
	sasl.login.connect.timeout.ms = null
	sasl.login.read.timeout.ms = null
	sasl.login.refresh.buffer.seconds = 300
	sasl.login.refresh.min.period.seconds = 60
	sasl.login.refresh.window.factor = 0.8
	sasl.login.refresh.window.jitter = 0.05
	sasl.login.retry.backoff.max.ms = 10000
	sasl.login.retry.backoff.ms = 100
	sasl.mechanism = GSSAPI
	sasl.oauthbearer.clock.skew.seconds = 30
	sasl.oauthbearer.expected.audience = null
	sasl.oauthbearer.expected.issuer = null
	sasl.oauthbearer.jwks.endpoint.refresh.ms = 3600000
	sasl.oauthbearer.jwks.endpoint.retry.backoff.max.ms = 10000
	sasl.oauthbearer.jwks.endpoint.retry.backoff.ms = 100
	sasl.oauthbearer.jwks.endpoint.url = null
	sasl.oauthbearer.scope.claim.name = scope
	sasl.oauthbearer.sub.claim.name = sub
	sasl.oauthbearer.token.endpoint.url = null
	security.protocol = PLAINTEXT
	security.providers = null
	send.buffer.bytes = 131072
	session.timeout.ms = 45000
	socket.connection.setup.timeout.max.ms = 30000
	socket.connection.setup.timeout.ms = 10000
	ssl.cipher.suites = null
	ssl.enabled.protocols = [TLSv1.2, TLSv1.3]
	ssl.endpoint.identification.algorithm = https
	ssl.engine.factory.class = null
	ssl.key.password = null
	ssl.keymanager.algorithm = SunX509
	ssl.keystore.certificate.chain = null
	ssl.keystore.key = null
	ssl.keystore.location = null
	ssl.keystore.password = null
	ssl.keystore.type = JKS
	ssl.protocol = TLSv1.3
	ssl.provider = null
	ssl.secure.random.implementation = null
	ssl.trustmanager.algorithm = PKIX
	ssl.truststore.certificates = null
	ssl.truststore.location = null
	ssl.truststore.password = null
	ssl.truststore.type = JKS
	value.deserializer = class org.apache.kafka.common.serialization.StringDeserializer
 
2025-04-28 10:35:59-262 [main] INFO  o.a.k.c.t.i.KafkaMetricsCollector - initializing Kafka metrics collector 
2025-04-28 10:35:59-270 [main] INFO  o.a.kafka.common.utils.AppInfoParser - Kafka version: 3.8.1 
2025-04-28 10:35:59-271 [main] INFO  o.a.kafka.common.utils.AppInfoParser - Kafka commitId: 70d6ff42debf7e17 
2025-04-28 10:35:59-271 [main] INFO  o.a.kafka.common.utils.AppInfoParser - Kafka startTimeMs: 1745854559270 
2025-04-28 10:35:59-271 [main] INFO  o.a.k.c.c.i.LegacyKafkaConsumer - [Consumer clientId=consumer-wallet-group-4, groupId=wallet-group] Subscribed to topic(s): wallet-bootcoin-response 
2025-04-28 10:35:59-274 [main] INFO  o.a.k.c.consumer.ConsumerConfig - ConsumerConfig values: 
	allow.auto.create.topics = true
	auto.commit.interval.ms = 5000
	auto.include.jmx.reporter = true
	auto.offset.reset = latest
	bootstrap.servers = [localhost:29092]
	check.crcs = true
	client.dns.lookup = use_all_dns_ips
	client.id = consumer-wallet-group-5
	client.rack = 
	connections.max.idle.ms = 540000
	default.api.timeout.ms = 60000
	enable.auto.commit = false
	enable.metrics.push = true
	exclude.internal.topics = true
	fetch.max.bytes = 52428800
	fetch.max.wait.ms = 500
	fetch.min.bytes = 1
	group.id = wallet-group
	group.instance.id = null
	group.protocol = classic
	group.remote.assignor = null
	heartbeat.interval.ms = 3000
	interceptor.classes = []
	internal.leave.group.on.close = true
	internal.throw.on.fetch.stable.offset.unsupported = false
	isolation.level = read_uncommitted
	key.deserializer = class org.apache.kafka.common.serialization.StringDeserializer
	max.partition.fetch.bytes = 1048576
	max.poll.interval.ms = 300000
	max.poll.records = 500
	metadata.max.age.ms = 300000
	metadata.recovery.strategy = none
	metric.reporters = []
	metrics.num.samples = 2
	metrics.recording.level = INFO
	metrics.sample.window.ms = 30000
	partition.assignment.strategy = [class org.apache.kafka.clients.consumer.RangeAssignor, class org.apache.kafka.clients.consumer.CooperativeStickyAssignor]
	receive.buffer.bytes = 65536
	reconnect.backoff.max.ms = 1000
	reconnect.backoff.ms = 50
	request.timeout.ms = 30000
	retry.backoff.max.ms = 1000
	retry.backoff.ms = 100
	sasl.client.callback.handler.class = null
	sasl.jaas.config = null
	sasl.kerberos.kinit.cmd = /usr/bin/kinit
	sasl.kerberos.min.time.before.relogin = 60000
	sasl.kerberos.service.name = null
	sasl.kerberos.ticket.renew.jitter = 0.05
	sasl.kerberos.ticket.renew.window.factor = 0.8
	sasl.login.callback.handler.class = null
	sasl.login.class = null
	sasl.login.connect.timeout.ms = null
	sasl.login.read.timeout.ms = null
	sasl.login.refresh.buffer.seconds = 300
	sasl.login.refresh.min.period.seconds = 60
	sasl.login.refresh.window.factor = 0.8
	sasl.login.refresh.window.jitter = 0.05
	sasl.login.retry.backoff.max.ms = 10000
	sasl.login.retry.backoff.ms = 100
	sasl.mechanism = GSSAPI
	sasl.oauthbearer.clock.skew.seconds = 30
	sasl.oauthbearer.expected.audience = null
	sasl.oauthbearer.expected.issuer = null
	sasl.oauthbearer.jwks.endpoint.refresh.ms = 3600000
	sasl.oauthbearer.jwks.endpoint.retry.backoff.max.ms = 10000
	sasl.oauthbearer.jwks.endpoint.retry.backoff.ms = 100
	sasl.oauthbearer.jwks.endpoint.url = null
	sasl.oauthbearer.scope.claim.name = scope
	sasl.oauthbearer.sub.claim.name = sub
	sasl.oauthbearer.token.endpoint.url = null
	security.protocol = PLAINTEXT
	security.providers = null
	send.buffer.bytes = 131072
	session.timeout.ms = 45000
	socket.connection.setup.timeout.max.ms = 30000
	socket.connection.setup.timeout.ms = 10000
	ssl.cipher.suites = null
	ssl.enabled.protocols = [TLSv1.2, TLSv1.3]
	ssl.endpoint.identification.algorithm = https
	ssl.engine.factory.class = null
	ssl.key.password = null
	ssl.keymanager.algorithm = SunX509
	ssl.keystore.certificate.chain = null
	ssl.keystore.key = null
	ssl.keystore.location = null
	ssl.keystore.password = null
	ssl.keystore.type = JKS
	ssl.protocol = TLSv1.3
	ssl.provider = null
	ssl.secure.random.implementation = null
	ssl.trustmanager.algorithm = PKIX
	ssl.truststore.certificates = null
	ssl.truststore.location = null
	ssl.truststore.password = null
	ssl.truststore.type = JKS
	value.deserializer = class org.apache.kafka.common.serialization.StringDeserializer
 
2025-04-28 10:35:59-275 [main] INFO  o.a.k.c.t.i.KafkaMetricsCollector - initializing Kafka metrics collector 
2025-04-28 10:35:59-284 [main] INFO  o.a.kafka.common.utils.AppInfoParser - Kafka version: 3.8.1 
2025-04-28 10:35:59-284 [main] INFO  o.a.kafka.common.utils.AppInfoParser - Kafka commitId: 70d6ff42debf7e17 
2025-04-28 10:35:59-284 [main] INFO  o.a.kafka.common.utils.AppInfoParser - Kafka startTimeMs: 1745854559284 
2025-04-28 10:35:59-285 [main] INFO  o.a.k.c.c.i.LegacyKafkaConsumer - [Consumer clientId=consumer-wallet-group-5, groupId=wallet-group] Subscribed to topic(s): wallet-user-response 
2025-04-28 10:35:59-323 [main] INFO  o.s.c.n.eureka.InstanceInfoFactory - Setting initial instance status as: STARTING 
2025-04-28 10:35:59-357 [main] INFO  c.netflix.discovery.DiscoveryClient - Initializing Eureka in region us-east-1 
2025-04-28 10:35:59-362 [main] INFO  c.n.d.s.r.aws.ConfigClusterResolver - Resolving eureka endpoints via configuration 
2025-04-28 10:35:59-377 [main] INFO  c.netflix.discovery.DiscoveryClient - Disable delta property : false 
2025-04-28 10:35:59-378 [main] INFO  c.netflix.discovery.DiscoveryClient - Single vip registry refresh property : null 
2025-04-28 10:35:59-378 [main] INFO  c.netflix.discovery.DiscoveryClient - Force full registry fetch : false 
2025-04-28 10:35:59-378 [main] INFO  c.netflix.discovery.DiscoveryClient - Application is null : false 
2025-04-28 10:35:59-378 [main] INFO  c.netflix.discovery.DiscoveryClient - Registered Applications size is zero : true 
2025-04-28 10:35:59-378 [main] INFO  c.netflix.discovery.DiscoveryClient - Application version is -1: true 
2025-04-28 10:35:59-378 [main] INFO  c.netflix.discovery.DiscoveryClient - Getting all instance registry info from the eureka server 
2025-04-28 10:35:59-559 [exchangeRepliesContainer-0-C-1] INFO  o.apache.kafka.clients.NetworkClient - [Consumer clientId=consumer-exchange-group-1, groupId=exchange-group] Node -1 disconnected. 
2025-04-28 10:35:59-559 [transactionRepliesContainer-0-C-1] INFO  o.apache.kafka.clients.NetworkClient - [Consumer clientId=consumer-transaction-group-2, groupId=transaction-group] Node -1 disconnected. 
2025-04-28 10:35:59-559 [bootCoinUserRepliesContainer-0-C-1] INFO  o.apache.kafka.clients.NetworkClient - [Consumer clientId=consumer-bootuser-group-3, groupId=bootuser-group] Node -1 disconnected. 
2025-04-28 10:35:59-559 [walletUserRepliesContainer-0-C-1] INFO  o.apache.kafka.clients.NetworkClient - [Consumer clientId=consumer-wallet-group-5, groupId=wallet-group] Node -1 disconnected. 
2025-04-28 10:35:59-560 [walletRepliesContainer-0-C-1] INFO  o.apache.kafka.clients.NetworkClient - [Consumer clientId=consumer-wallet-group-4, groupId=wallet-group] Node -1 disconnected. 
2025-04-28 10:35:59-562 [bootCoinUserRepliesContainer-0-C-1] WARN  o.apache.kafka.clients.NetworkClient - [Consumer clientId=consumer-bootuser-group-3, groupId=bootuser-group] Connection to node -1 (localhost/127.0.0.1:29092) could not be established. Node may not be available. 
2025-04-28 10:35:59-562 [walletRepliesContainer-0-C-1] WARN  o.apache.kafka.clients.NetworkClient - [Consumer clientId=consumer-wallet-group-4, groupId=wallet-group] Connection to node -1 (localhost/127.0.0.1:29092) could not be established. Node may not be available. 
2025-04-28 10:35:59-562 [exchangeRepliesContainer-0-C-1] WARN  o.apache.kafka.clients.NetworkClient - [Consumer clientId=consumer-exchange-group-1, groupId=exchange-group] Connection to node -1 (localhost/127.0.0.1:29092) could not be established. Node may not be available. 
2025-04-28 10:35:59-562 [transactionRepliesContainer-0-C-1] WARN  o.apache.kafka.clients.NetworkClient - [Consumer clientId=consumer-transaction-group-2, groupId=transaction-group] Connection to node -1 (localhost/127.0.0.1:29092) could not be established. Node may not be available. 
2025-04-28 10:35:59-562 [walletUserRepliesContainer-0-C-1] WARN  o.apache.kafka.clients.NetworkClient - [Consumer clientId=consumer-wallet-group-5, groupId=wallet-group] Connection to node -1 (localhost/127.0.0.1:29092) could not be established. Node may not be available. 
2025-04-28 10:35:59-562 [exchangeRepliesContainer-0-C-1] WARN  o.apache.kafka.clients.NetworkClient - [Consumer clientId=consumer-exchange-group-1, groupId=exchange-group] Bootstrap broker localhost:29092 (id: -1 rack: null) disconnected 
2025-04-28 10:35:59-562 [transactionRepliesContainer-0-C-1] WARN  o.apache.kafka.clients.NetworkClient - [Consumer clientId=consumer-transaction-group-2, groupId=transaction-group] Bootstrap broker localhost:29092 (id: -1 rack: null) disconnected 
2025-04-28 10:35:59-562 [bootCoinUserRepliesContainer-0-C-1] WARN  o.apache.kafka.clients.NetworkClient - [Consumer clientId=consumer-bootuser-group-3, groupId=bootuser-group] Bootstrap broker localhost:29092 (id: -1 rack: null) disconnected 
2025-04-28 10:35:59-562 [walletUserRepliesContainer-0-C-1] WARN  o.apache.kafka.clients.NetworkClient - [Consumer clientId=consumer-wallet-group-5, groupId=wallet-group] Bootstrap broker localhost:29092 (id: -1 rack: null) disconnected 
2025-04-28 10:35:59-562 [walletRepliesContainer-0-C-1] WARN  o.apache.kafka.clients.NetworkClient - [Consumer clientId=consumer-wallet-group-4, groupId=wallet-group] Bootstrap broker localhost:29092 (id: -1 rack: null) disconnected 
2025-04-28 10:35:59-656 [transactionRepliesContainer-0-C-1] INFO  o.apache.kafka.clients.NetworkClient - [Consumer clientId=consumer-transaction-group-2, groupId=transaction-group] Node -1 disconnected. 
2025-04-28 10:35:59-656 [transactionRepliesContainer-0-C-1] WARN  o.apache.kafka.clients.NetworkClient - [Consumer clientId=consumer-transaction-group-2, groupId=transaction-group] Connection to node -1 (localhost/127.0.0.1:29092) could not be established. Node may not be available. 
2025-04-28 10:35:59-656 [transactionRepliesContainer-0-C-1] WARN  o.apache.kafka.clients.NetworkClient - [Consumer clientId=consumer-transaction-group-2, groupId=transaction-group] Bootstrap broker localhost:29092 (id: -1 rack: null) disconnected 
2025-04-28 10:35:59-679 [bootCoinUserRepliesContainer-0-C-1] INFO  o.apache.kafka.clients.NetworkClient - [Consumer clientId=consumer-bootuser-group-3, groupId=bootuser-group] Node -1 disconnected. 
2025-04-28 10:35:59-679 [bootCoinUserRepliesContainer-0-C-1] WARN  o.apache.kafka.clients.NetworkClient - [Consumer clientId=consumer-bootuser-group-3, groupId=bootuser-group] Connection to node -1 (localhost/127.0.0.1:29092) could not be established. Node may not be available. 
2025-04-28 10:35:59-679 [bootCoinUserRepliesContainer-0-C-1] WARN  o.apache.kafka.clients.NetworkClient - [Consumer clientId=consumer-bootuser-group-3, groupId=bootuser-group] Bootstrap broker localhost:29092 (id: -1 rack: null) disconnected 
2025-04-28 10:35:59-681 [walletRepliesContainer-0-C-1] INFO  o.apache.kafka.clients.NetworkClient - [Consumer clientId=consumer-wallet-group-4, groupId=wallet-group] Node -1 disconnected. 
2025-04-28 10:35:59-682 [walletRepliesContainer-0-C-1] WARN  o.apache.kafka.clients.NetworkClient - [Consumer clientId=consumer-wallet-group-4, groupId=wallet-group] Connection to node -1 (localhost/127.0.0.1:29092) could not be established. Node may not be available. 
2025-04-28 10:35:59-682 [walletRepliesContainer-0-C-1] WARN  o.apache.kafka.clients.NetworkClient - [Consumer clientId=consumer-wallet-group-4, groupId=wallet-group] Bootstrap broker localhost:29092 (id: -1 rack: null) disconnected 
2025-04-28 10:35:59-682 [exchangeRepliesContainer-0-C-1] INFO  o.apache.kafka.clients.NetworkClient - [Consumer clientId=consumer-exchange-group-1, groupId=exchange-group] Node -1 disconnected. 
2025-04-28 10:35:59-683 [exchangeRepliesContainer-0-C-1] WARN  o.apache.kafka.clients.NetworkClient - [Consumer clientId=consumer-exchange-group-1, groupId=exchange-group] Connection to node -1 (localhost/127.0.0.1:29092) could not be established. Node may not be available. 
2025-04-28 10:35:59-683 [exchangeRepliesContainer-0-C-1] WARN  o.apache.kafka.clients.NetworkClient - [Consumer clientId=consumer-exchange-group-1, groupId=exchange-group] Bootstrap broker localhost:29092 (id: -1 rack: null) disconnected 
2025-04-28 10:35:59-686 [walletUserRepliesContainer-0-C-1] INFO  o.apache.kafka.clients.NetworkClient - [Consumer clientId=consumer-wallet-group-5, groupId=wallet-group] Node -1 disconnected. 
2025-04-28 10:35:59-686 [walletUserRepliesContainer-0-C-1] WARN  o.apache.kafka.clients.NetworkClient - [Consumer clientId=consumer-wallet-group-5, groupId=wallet-group] Connection to node -1 (localhost/127.0.0.1:29092) could not be established. Node may not be available. 
2025-04-28 10:35:59-687 [walletUserRepliesContainer-0-C-1] WARN  o.apache.kafka.clients.NetworkClient - [Consumer clientId=consumer-wallet-group-5, groupId=wallet-group] Bootstrap broker localhost:29092 (id: -1 rack: null) disconnected 
2025-04-28 10:35:59-721 [main] INFO  c.netflix.discovery.DiscoveryClient - The response status is 200 
2025-04-28 10:35:59-724 [main] INFO  c.netflix.discovery.DiscoveryClient - Starting heartbeat executor: renew interval is: 30 
2025-04-28 10:35:59-727 [main] INFO  c.n.discovery.InstanceInfoReplicator - InstanceInfoReplicator onDemand update allowed rate per min is 4 
2025-04-28 10:35:59-728 [main] INFO  c.netflix.discovery.DiscoveryClient - Discovery Client initialized at timestamp 1745854559728 with initial instances count: 5 
2025-04-28 10:35:59-732 [main] INFO  o.s.c.n.e.s.EurekaServiceRegistry - Registering application P2P-BOOTCOIN-SERVICE with eureka with status UP 
2025-04-28 10:35:59-732 [main] INFO  c.netflix.discovery.DiscoveryClient - Saw local status change event StatusChangeEvent [timestamp=1745854559732, current=UP, previous=STARTING] 
2025-04-28 10:35:59-734 [DiscoveryClient-InstanceInfoReplicator-%d] INFO  c.netflix.discovery.DiscoveryClient - DiscoveryClient_P2P-BOOTCOIN-SERVICE/p2p-bootcoin-service:8803: registering service... 
2025-04-28 10:35:59-765 [transactionRepliesContainer-0-C-1] INFO  o.apache.kafka.clients.NetworkClient - [Consumer clientId=consumer-transaction-group-2, groupId=transaction-group] Node -1 disconnected. 
2025-04-28 10:35:59-767 [transactionRepliesContainer-0-C-1] WARN  o.apache.kafka.clients.NetworkClient - [Consumer clientId=consumer-transaction-group-2, groupId=transaction-group] Connection to node -1 (localhost/127.0.0.1:29092) could not be established. Node may not be available. 
2025-04-28 10:35:59-767 [transactionRepliesContainer-0-C-1] WARN  o.apache.kafka.clients.NetworkClient - [Consumer clientId=consumer-transaction-group-2, groupId=transaction-group] Bootstrap broker localhost:29092 (id: -1 rack: null) disconnected 
2025-04-28 10:35:59-784 [DiscoveryClient-InstanceInfoReplicator-%d] INFO  c.netflix.discovery.DiscoveryClient - DiscoveryClient_P2P-BOOTCOIN-SERVICE/p2p-bootcoin-service:8803 - registration status: 204 
2025-04-28 10:35:59-795 [bootCoinUserRepliesContainer-0-C-1] INFO  o.apache.kafka.clients.NetworkClient - [Consumer clientId=consumer-bootuser-group-3, groupId=bootuser-group] Node -1 disconnected. 
2025-04-28 10:35:59-795 [bootCoinUserRepliesContainer-0-C-1] WARN  o.apache.kafka.clients.NetworkClient - [Consumer clientId=consumer-bootuser-group-3, groupId=bootuser-group] Connection to node -1 (localhost/127.0.0.1:29092) could not be established. Node may not be available. 
2025-04-28 10:35:59-795 [bootCoinUserRepliesContainer-0-C-1] WARN  o.apache.kafka.clients.NetworkClient - [Consumer clientId=consumer-bootuser-group-3, groupId=bootuser-group] Bootstrap broker localhost:29092 (id: -1 rack: null) disconnected 
2025-04-28 10:35:59-812 [walletUserRepliesContainer-0-C-1] INFO  o.apache.kafka.clients.NetworkClient - [Consumer clientId=consumer-wallet-group-5, groupId=wallet-group] Node -1 disconnected. 
2025-04-28 10:35:59-812 [walletUserRepliesContainer-0-C-1] WARN  o.apache.kafka.clients.NetworkClient - [Consumer clientId=consumer-wallet-group-5, groupId=wallet-group] Connection to node -1 (localhost/127.0.0.1:29092) could not be established. Node may not be available. 
2025-04-28 10:35:59-812 [walletUserRepliesContainer-0-C-1] WARN  o.apache.kafka.clients.NetworkClient - [Consumer clientId=consumer-wallet-group-5, groupId=wallet-group] Bootstrap broker localhost:29092 (id: -1 rack: null) disconnected 
2025-04-28 10:35:59-856 [walletRepliesContainer-0-C-1] INFO  o.apache.kafka.clients.NetworkClient - [Consumer clientId=consumer-wallet-group-4, groupId=wallet-group] Node -1 disconnected. 
2025-04-28 10:35:59-856 [exchangeRepliesContainer-0-C-1] INFO  o.apache.kafka.clients.NetworkClient - [Consumer clientId=consumer-exchange-group-1, groupId=exchange-group] Node -1 disconnected. 
2025-04-28 10:35:59-856 [walletRepliesContainer-0-C-1] WARN  o.apache.kafka.clients.NetworkClient - [Consumer clientId=consumer-wallet-group-4, groupId=wallet-group] Connection to node -1 (localhost/127.0.0.1:29092) could not be established. Node may not be available. 
2025-04-28 10:35:59-856 [exchangeRepliesContainer-0-C-1] WARN  o.apache.kafka.clients.NetworkClient - [Consumer clientId=consumer-exchange-group-1, groupId=exchange-group] Connection to node -1 (localhost/127.0.0.1:29092) could not be established. Node may not be available. 
2025-04-28 10:35:59-856 [walletRepliesContainer-0-C-1] WARN  o.apache.kafka.clients.NetworkClient - [Consumer clientId=consumer-wallet-group-4, groupId=wallet-group] Bootstrap broker localhost:29092 (id: -1 rack: null) disconnected 
2025-04-28 10:35:59-856 [exchangeRepliesContainer-0-C-1] WARN  o.apache.kafka.clients.NetworkClient - [Consumer clientId=consumer-exchange-group-1, groupId=exchange-group] Bootstrap broker localhost:29092 (id: -1 rack: null) disconnected 
2025-04-28 10:35:59-908 [main] INFO  o.s.b.w.e.netty.NettyWebServer - Netty started on port 8803 (http) 
2025-04-28 10:35:59-910 [main] INFO  o.s.c.n.e.s.EurekaAutoServiceRegistration - Updating port to 8803 
2025-04-28 10:35:59-996 [bootCoinUserRepliesContainer-0-C-1] INFO  o.apache.kafka.clients.NetworkClient - [Consumer clientId=consumer-bootuser-group-3, groupId=bootuser-group] Node -1 disconnected. 
2025-04-28 10:35:59-996 [bootCoinUserRepliesContainer-0-C-1] WARN  o.apache.kafka.clients.NetworkClient - [Consumer clientId=consumer-bootuser-group-3, groupId=bootuser-group] Connection to node -1 (localhost/127.0.0.1:29092) could not be established. Node may not be available. 
2025-04-28 10:35:59-996 [bootCoinUserRepliesContainer-0-C-1] WARN  o.apache.kafka.clients.NetworkClient - [Consumer clientId=consumer-bootuser-group-3, groupId=bootuser-group] Bootstrap broker localhost:29092 (id: -1 rack: null) disconnected 
2025-04-28 10:36:00-058 [transactionRepliesContainer-0-C-1] INFO  o.apache.kafka.clients.NetworkClient - [Consumer clientId=consumer-transaction-group-2, groupId=transaction-group] Node -1 disconnected. 
2025-04-28 10:36:00-058 [walletUserRepliesContainer-0-C-1] INFO  o.apache.kafka.clients.NetworkClient - [Consumer clientId=consumer-wallet-group-5, groupId=wallet-group] Node -1 disconnected. 
2025-04-28 10:36:00-059 [walletUserRepliesContainer-0-C-1] WARN  o.apache.kafka.clients.NetworkClient - [Consumer clientId=consumer-wallet-group-5, groupId=wallet-group] Connection to node -1 (localhost/127.0.0.1:29092) could not be established. Node may not be available. 
2025-04-28 10:36:00-059 [transactionRepliesContainer-0-C-1] WARN  o.apache.kafka.clients.NetworkClient - [Consumer clientId=consumer-transaction-group-2, groupId=transaction-group] Connection to node -1 (localhost/127.0.0.1:29092) could not be established. Node may not be available. 
2025-04-28 10:36:00-059 [walletUserRepliesContainer-0-C-1] WARN  o.apache.kafka.clients.NetworkClient - [Consumer clientId=consumer-wallet-group-5, groupId=wallet-group] Bootstrap broker localhost:29092 (id: -1 rack: null) disconnected 
2025-04-28 10:36:00-059 [transactionRepliesContainer-0-C-1] WARN  o.apache.kafka.clients.NetworkClient - [Consumer clientId=consumer-transaction-group-2, groupId=transaction-group] Bootstrap broker localhost:29092 (id: -1 rack: null) disconnected 
2025-04-28 10:36:00-089 [exchangeRepliesContainer-0-C-1] INFO  o.apache.kafka.clients.NetworkClient - [Consumer clientId=consumer-exchange-group-1, groupId=exchange-group] Node -1 disconnected. 
2025-04-28 10:36:00-089 [walletRepliesContainer-0-C-1] INFO  o.apache.kafka.clients.NetworkClient - [Consumer clientId=consumer-wallet-group-4, groupId=wallet-group] Node -1 disconnected. 
2025-04-28 10:36:00-089 [exchangeRepliesContainer-0-C-1] WARN  o.apache.kafka.clients.NetworkClient - [Consumer clientId=consumer-exchange-group-1, groupId=exchange-group] Connection to node -1 (localhost/127.0.0.1:29092) could not be established. Node may not be available. 
2025-04-28 10:36:00-089 [walletRepliesContainer-0-C-1] WARN  o.apache.kafka.clients.NetworkClient - [Consumer clientId=consumer-wallet-group-4, groupId=wallet-group] Connection to node -1 (localhost/127.0.0.1:29092) could not be established. Node may not be available. 
2025-04-28 10:36:00-090 [walletRepliesContainer-0-C-1] WARN  o.apache.kafka.clients.NetworkClient - [Consumer clientId=consumer-wallet-group-4, groupId=wallet-group] Bootstrap broker localhost:29092 (id: -1 rack: null) disconnected 
2025-04-28 10:36:00-090 [exchangeRepliesContainer-0-C-1] WARN  o.apache.kafka.clients.NetworkClient - [Consumer clientId=consumer-exchange-group-1, groupId=exchange-group] Bootstrap broker localhost:29092 (id: -1 rack: null) disconnected 
2025-04-28 10:36:00-241 [main] INFO  c.b.p.b.s.P2pBootcoinServiceApplication - Started P2pBootcoinServiceApplication in 6.0 seconds (process running for 8.627) 
2025-04-28 10:36:00-445 [bootCoinUserRepliesContainer-0-C-1] INFO  o.apache.kafka.clients.NetworkClient - [Consumer clientId=consumer-bootuser-group-3, groupId=bootuser-group] Node -1 disconnected. 
2025-04-28 10:36:00-446 [bootCoinUserRepliesContainer-0-C-1] WARN  o.apache.kafka.clients.NetworkClient - [Consumer clientId=consumer-bootuser-group-3, groupId=bootuser-group] Connection to node -1 (localhost/127.0.0.1:29092) could not be established. Node may not be available. 
2025-04-28 10:36:00-447 [bootCoinUserRepliesContainer-0-C-1] WARN  o.apache.kafka.clients.NetworkClient - [Consumer clientId=consumer-bootuser-group-3, groupId=bootuser-group] Bootstrap broker localhost:29092 (id: -1 rack: null) disconnected 
2025-04-28 10:36:00-475 [walletUserRepliesContainer-0-C-1] INFO  o.apache.kafka.clients.NetworkClient - [Consumer clientId=consumer-wallet-group-5, groupId=wallet-group] Node -1 disconnected. 
2025-04-28 10:36:00-476 [walletUserRepliesContainer-0-C-1] WARN  o.apache.kafka.clients.NetworkClient - [Consumer clientId=consumer-wallet-group-5, groupId=wallet-group] Connection to node -1 (localhost/127.0.0.1:29092) could not be established. Node may not be available. 
2025-04-28 10:36:00-477 [walletUserRepliesContainer-0-C-1] WARN  o.apache.kafka.clients.NetworkClient - [Consumer clientId=consumer-wallet-group-5, groupId=wallet-group] Bootstrap broker localhost:29092 (id: -1 rack: null) disconnected 
2025-04-28 10:36:00-491 [exchangeRepliesContainer-0-C-1] INFO  o.apache.kafka.clients.NetworkClient - [Consumer clientId=consumer-exchange-group-1, groupId=exchange-group] Node -1 disconnected. 
2025-04-28 10:36:00-492 [exchangeRepliesContainer-0-C-1] WARN  o.apache.kafka.clients.NetworkClient - [Consumer clientId=consumer-exchange-group-1, groupId=exchange-group] Connection to node -1 (localhost/127.0.0.1:29092) could not be established. Node may not be available. 
2025-04-28 10:36:00-492 [exchangeRepliesContainer-0-C-1] WARN  o.apache.kafka.clients.NetworkClient - [Consumer clientId=consumer-exchange-group-1, groupId=exchange-group] Bootstrap broker localhost:29092 (id: -1 rack: null) disconnected 
2025-04-28 10:36:00-553 [transactionRepliesContainer-0-C-1] INFO  o.apache.kafka.clients.NetworkClient - [Consumer clientId=consumer-transaction-group-2, groupId=transaction-group] Node -1 disconnected. 
2025-04-28 10:36:00-553 [transactionRepliesContainer-0-C-1] WARN  o.apache.kafka.clients.NetworkClient - [Consumer clientId=consumer-transaction-group-2, groupId=transaction-group] Connection to node -1 (localhost/127.0.0.1:29092) could not be established. Node may not be available. 
2025-04-28 10:36:00-553 [transactionRepliesContainer-0-C-1] WARN  o.apache.kafka.clients.NetworkClient - [Consumer clientId=consumer-transaction-group-2, groupId=transaction-group] Bootstrap broker localhost:29092 (id: -1 rack: null) disconnected 
2025-04-28 10:36:00-569 [walletRepliesContainer-0-C-1] INFO  o.apache.kafka.clients.NetworkClient - [Consumer clientId=consumer-wallet-group-4, groupId=wallet-group] Node -1 disconnected. 
2025-04-28 10:36:00-569 [walletRepliesContainer-0-C-1] WARN  o.apache.kafka.clients.NetworkClient - [Consumer clientId=consumer-wallet-group-4, groupId=wallet-group] Connection to node -1 (localhost/127.0.0.1:29092) could not be established. Node may not be available. 
2025-04-28 10:36:00-569 [walletRepliesContainer-0-C-1] WARN  o.apache.kafka.clients.NetworkClient - [Consumer clientId=consumer-wallet-group-4, groupId=wallet-group] Bootstrap broker localhost:29092 (id: -1 rack: null) disconnected 
2025-04-28 10:36:01-128 [bootCoinUserRepliesContainer-0-C-1] INFO  o.apache.kafka.clients.NetworkClient - [Consumer clientId=consumer-bootuser-group-3, groupId=bootuser-group] Node -1 disconnected. 
2025-04-28 10:36:01-128 [bootCoinUserRepliesContainer-0-C-1] WARN  o.apache.kafka.clients.NetworkClient - [Consumer clientId=consumer-bootuser-group-3, groupId=bootuser-group] Connection to node -1 (localhost/127.0.0.1:29092) could not be established. Node may not be available. 
2025-04-28 10:36:01-128 [bootCoinUserRepliesContainer-0-C-1] WARN  o.apache.kafka.clients.NetworkClient - [Consumer clientId=consumer-bootuser-group-3, groupId=bootuser-group] Bootstrap broker localhost:29092 (id: -1 rack: null) disconnected 
2025-04-28 10:36:01-236 [transactionRepliesContainer-0-C-1] INFO  o.apache.kafka.clients.NetworkClient - [Consumer clientId=consumer-transaction-group-2, groupId=transaction-group] Node -1 disconnected. 
2025-04-28 10:36:01-236 [transactionRepliesContainer-0-C-1] WARN  o.apache.kafka.clients.NetworkClient - [Consumer clientId=consumer-transaction-group-2, groupId=transaction-group] Connection to node -1 (localhost/127.0.0.1:29092) could not be established. Node may not be available. 
2025-04-28 10:36:01-236 [transactionRepliesContainer-0-C-1] WARN  o.apache.kafka.clients.NetworkClient - [Consumer clientId=consumer-transaction-group-2, groupId=transaction-group] Bootstrap broker localhost:29092 (id: -1 rack: null) disconnected 
2025-04-28 10:36:01-313 [walletRepliesContainer-0-C-1] INFO  o.apache.kafka.clients.NetworkClient - [Consumer clientId=consumer-wallet-group-4, groupId=wallet-group] Node -1 disconnected. 
2025-04-28 10:36:01-313 [walletRepliesContainer-0-C-1] WARN  o.apache.kafka.clients.NetworkClient - [Consumer clientId=consumer-wallet-group-4, groupId=wallet-group] Connection to node -1 (localhost/127.0.0.1:29092) could not be established. Node may not be available. 
2025-04-28 10:36:01-313 [walletRepliesContainer-0-C-1] WARN  o.apache.kafka.clients.NetworkClient - [Consumer clientId=consumer-wallet-group-4, groupId=wallet-group] Bootstrap broker localhost:29092 (id: -1 rack: null) disconnected 
2025-04-28 10:36:01-345 [walletUserRepliesContainer-0-C-1] INFO  o.apache.kafka.clients.NetworkClient - [Consumer clientId=consumer-wallet-group-5, groupId=wallet-group] Node -1 disconnected. 
2025-04-28 10:36:01-345 [walletUserRepliesContainer-0-C-1] WARN  o.apache.kafka.clients.NetworkClient - [Consumer clientId=consumer-wallet-group-5, groupId=wallet-group] Connection to node -1 (localhost/127.0.0.1:29092) could not be established. Node may not be available. 
2025-04-28 10:36:01-345 [walletUserRepliesContainer-0-C-1] WARN  o.apache.kafka.clients.NetworkClient - [Consumer clientId=consumer-wallet-group-5, groupId=wallet-group] Bootstrap broker localhost:29092 (id: -1 rack: null) disconnected 
2025-04-28 10:36:01-377 [exchangeRepliesContainer-0-C-1] INFO  o.apache.kafka.clients.NetworkClient - [Consumer clientId=consumer-exchange-group-1, groupId=exchange-group] Node -1 disconnected. 
2025-04-28 10:36:01-377 [exchangeRepliesContainer-0-C-1] WARN  o.apache.kafka.clients.NetworkClient - [Consumer clientId=consumer-exchange-group-1, groupId=exchange-group] Connection to node -1 (localhost/127.0.0.1:29092) could not be established. Node may not be available. 
2025-04-28 10:36:01-377 [exchangeRepliesContainer-0-C-1] WARN  o.apache.kafka.clients.NetworkClient - [Consumer clientId=consumer-exchange-group-1, groupId=exchange-group] Bootstrap broker localhost:29092 (id: -1 rack: null) disconnected 
2025-04-28 10:36:02-188 [bootCoinUserRepliesContainer-0-C-1] INFO  o.apache.kafka.clients.NetworkClient - [Consumer clientId=consumer-bootuser-group-3, groupId=bootuser-group] Node -1 disconnected. 
2025-04-28 10:36:02-188 [bootCoinUserRepliesContainer-0-C-1] WARN  o.apache.kafka.clients.NetworkClient - [Consumer clientId=consumer-bootuser-group-3, groupId=bootuser-group] Connection to node -1 (localhost/127.0.0.1:29092) could not be established. Node may not be available. 
2025-04-28 10:36:02-188 [bootCoinUserRepliesContainer-0-C-1] WARN  o.apache.kafka.clients.NetworkClient - [Consumer clientId=consumer-bootuser-group-3, groupId=bootuser-group] Bootstrap broker localhost:29092 (id: -1 rack: null) disconnected 
2025-04-28 10:36:02-232 [transactionRepliesContainer-0-C-1] INFO  o.apache.kafka.clients.NetworkClient - [Consumer clientId=consumer-transaction-group-2, groupId=transaction-group] Node -1 disconnected. 
2025-04-28 10:36:02-233 [transactionRepliesContainer-0-C-1] WARN  o.apache.kafka.clients.NetworkClient - [Consumer clientId=consumer-transaction-group-2, groupId=transaction-group] Connection to node -1 (localhost/127.0.0.1:29092) could not be established. Node may not be available. 
2025-04-28 10:36:02-233 [transactionRepliesContainer-0-C-1] WARN  o.apache.kafka.clients.NetworkClient - [Consumer clientId=consumer-transaction-group-2, groupId=transaction-group] Bootstrap broker localhost:29092 (id: -1 rack: null) disconnected 
2025-04-28 10:36:02-248 [walletRepliesContainer-0-C-1] INFO  o.apache.kafka.clients.NetworkClient - [Consumer clientId=consumer-wallet-group-4, groupId=wallet-group] Node -1 disconnected. 
2025-04-28 10:36:02-248 [exchangeRepliesContainer-0-C-1] INFO  o.apache.kafka.clients.NetworkClient - [Consumer clientId=consumer-exchange-group-1, groupId=exchange-group] Node -1 disconnected. 
2025-04-28 10:36:02-249 [walletRepliesContainer-0-C-1] WARN  o.apache.kafka.clients.NetworkClient - [Consumer clientId=consumer-wallet-group-4, groupId=wallet-group] Connection to node -1 (localhost/127.0.0.1:29092) could not be established. Node may not be available. 
2025-04-28 10:36:02-249 [exchangeRepliesContainer-0-C-1] WARN  o.apache.kafka.clients.NetworkClient - [Consumer clientId=consumer-exchange-group-1, groupId=exchange-group] Connection to node -1 (localhost/127.0.0.1:29092) could not be established. Node may not be available. 
2025-04-28 10:36:02-249 [walletRepliesContainer-0-C-1] WARN  o.apache.kafka.clients.NetworkClient - [Consumer clientId=consumer-wallet-group-4, groupId=wallet-group] Bootstrap broker localhost:29092 (id: -1 rack: null) disconnected 
2025-04-28 10:36:02-249 [exchangeRepliesContainer-0-C-1] WARN  o.apache.kafka.clients.NetworkClient - [Consumer clientId=consumer-exchange-group-1, groupId=exchange-group] Bootstrap broker localhost:29092 (id: -1 rack: null) disconnected 
2025-04-28 10:36:02-343 [walletUserRepliesContainer-0-C-1] INFO  o.apache.kafka.clients.NetworkClient - [Consumer clientId=consumer-wallet-group-5, groupId=wallet-group] Node -1 disconnected. 
2025-04-28 10:36:02-343 [walletUserRepliesContainer-0-C-1] WARN  o.apache.kafka.clients.NetworkClient - [Consumer clientId=consumer-wallet-group-5, groupId=wallet-group] Connection to node -1 (localhost/127.0.0.1:29092) could not be established. Node may not be available. 
2025-04-28 10:36:02-344 [walletUserRepliesContainer-0-C-1] WARN  o.apache.kafka.clients.NetworkClient - [Consumer clientId=consumer-wallet-group-5, groupId=wallet-group] Bootstrap broker localhost:29092 (id: -1 rack: null) disconnected 
2025-04-28 10:36:03-201 [bootCoinUserRepliesContainer-0-C-1] INFO  o.apache.kafka.clients.NetworkClient - [Consumer clientId=consumer-bootuser-group-3, groupId=bootuser-group] Node -1 disconnected. 
2025-04-28 10:36:03-201 [bootCoinUserRepliesContainer-0-C-1] WARN  o.apache.kafka.clients.NetworkClient - [Consumer clientId=consumer-bootuser-group-3, groupId=bootuser-group] Connection to node -1 (localhost/127.0.0.1:29092) could not be established. Node may not be available. 
2025-04-28 10:36:03-201 [bootCoinUserRepliesContainer-0-C-1] WARN  o.apache.kafka.clients.NetworkClient - [Consumer clientId=consumer-bootuser-group-3, groupId=bootuser-group] Bootstrap broker localhost:29092 (id: -1 rack: null) disconnected 
2025-04-28 10:36:03-217 [transactionRepliesContainer-0-C-1] INFO  o.apache.kafka.clients.NetworkClient - [Consumer clientId=consumer-transaction-group-2, groupId=transaction-group] Node -1 disconnected. 
2025-04-28 10:36:03-217 [walletUserRepliesContainer-0-C-1] INFO  o.apache.kafka.clients.NetworkClient - [Consumer clientId=consumer-wallet-group-5, groupId=wallet-group] Node -1 disconnected. 
2025-04-28 10:36:03-217 [transactionRepliesContainer-0-C-1] WARN  o.apache.kafka.clients.NetworkClient - [Consumer clientId=consumer-transaction-group-2, groupId=transaction-group] Connection to node -1 (localhost/127.0.0.1:29092) could not be established. Node may not be available. 
2025-04-28 10:36:03-217 [walletUserRepliesContainer-0-C-1] WARN  o.apache.kafka.clients.NetworkClient - [Consumer clientId=consumer-wallet-group-5, groupId=wallet-group] Connection to node -1 (localhost/127.0.0.1:29092) could not be established. Node may not be available. 
2025-04-28 10:36:03-217 [transactionRepliesContainer-0-C-1] WARN  o.apache.kafka.clients.NetworkClient - [Consumer clientId=consumer-transaction-group-2, groupId=transaction-group] Bootstrap broker localhost:29092 (id: -1 rack: null) disconnected 
2025-04-28 10:36:03-217 [walletUserRepliesContainer-0-C-1] WARN  o.apache.kafka.clients.NetworkClient - [Consumer clientId=consumer-wallet-group-5, groupId=wallet-group] Bootstrap broker localhost:29092 (id: -1 rack: null) disconnected 
2025-04-28 10:36:03-262 [exchangeRepliesContainer-0-C-1] INFO  o.apache.kafka.clients.NetworkClient - [Consumer clientId=consumer-exchange-group-1, groupId=exchange-group] Node -1 disconnected. 
2025-04-28 10:36:03-262 [exchangeRepliesContainer-0-C-1] WARN  o.apache.kafka.clients.NetworkClient - [Consumer clientId=consumer-exchange-group-1, groupId=exchange-group] Connection to node -1 (localhost/127.0.0.1:29092) could not be established. Node may not be available. 
2025-04-28 10:36:03-262 [exchangeRepliesContainer-0-C-1] WARN  o.apache.kafka.clients.NetworkClient - [Consumer clientId=consumer-exchange-group-1, groupId=exchange-group] Bootstrap broker localhost:29092 (id: -1 rack: null) disconnected 
2025-04-28 10:36:03-310 [walletRepliesContainer-0-C-1] INFO  o.apache.kafka.clients.NetworkClient - [Consumer clientId=consumer-wallet-group-4, groupId=wallet-group] Node -1 disconnected. 
2025-04-28 10:36:03-310 [walletRepliesContainer-0-C-1] WARN  o.apache.kafka.clients.NetworkClient - [Consumer clientId=consumer-wallet-group-4, groupId=wallet-group] Connection to node -1 (localhost/127.0.0.1:29092) could not be established. Node may not be available. 
2025-04-28 10:36:03-310 [walletRepliesContainer-0-C-1] WARN  o.apache.kafka.clients.NetworkClient - [Consumer clientId=consumer-wallet-group-4, groupId=wallet-group] Bootstrap broker localhost:29092 (id: -1 rack: null) disconnected 
2025-04-28 10:36:04-090 [walletUserRepliesContainer-0-C-1] INFO  o.apache.kafka.clients.NetworkClient - [Consumer clientId=consumer-wallet-group-5, groupId=wallet-group] Node -1 disconnected. 
2025-04-28 10:36:04-090 [walletUserRepliesContainer-0-C-1] WARN  o.apache.kafka.clients.NetworkClient - [Consumer clientId=consumer-wallet-group-5, groupId=wallet-group] Connection to node -1 (localhost/127.0.0.1:29092) could not be established. Node may not be available. 
2025-04-28 10:36:04-090 [walletUserRepliesContainer-0-C-1] WARN  o.apache.kafka.clients.NetworkClient - [Consumer clientId=consumer-wallet-group-5, groupId=wallet-group] Bootstrap broker localhost:29092 (id: -1 rack: null) disconnected 
2025-04-28 10:36:04-121 [transactionRepliesContainer-0-C-1] INFO  o.apache.kafka.clients.NetworkClient - [Consumer clientId=consumer-transaction-group-2, groupId=transaction-group] Node -1 disconnected. 
2025-04-28 10:36:04-121 [transactionRepliesContainer-0-C-1] WARN  o.apache.kafka.clients.NetworkClient - [Consumer clientId=consumer-transaction-group-2, groupId=transaction-group] Connection to node -1 (localhost/127.0.0.1:29092) could not be established. Node may not be available. 
2025-04-28 10:36:04-121 [transactionRepliesContainer-0-C-1] WARN  o.apache.kafka.clients.NetworkClient - [Consumer clientId=consumer-transaction-group-2, groupId=transaction-group] Bootstrap broker localhost:29092 (id: -1 rack: null) disconnected 
2025-04-28 10:36:04-261 [bootCoinUserRepliesContainer-0-C-1] INFO  o.apache.kafka.clients.NetworkClient - [Consumer clientId=consumer-bootuser-group-3, groupId=bootuser-group] Node -1 disconnected. 
2025-04-28 10:36:04-261 [bootCoinUserRepliesContainer-0-C-1] WARN  o.apache.kafka.clients.NetworkClient - [Consumer clientId=consumer-bootuser-group-3, groupId=bootuser-group] Connection to node -1 (localhost/127.0.0.1:29092) could not be established. Node may not be available. 
2025-04-28 10:36:04-261 [bootCoinUserRepliesContainer-0-C-1] WARN  o.apache.kafka.clients.NetworkClient - [Consumer clientId=consumer-bootuser-group-3, groupId=bootuser-group] Bootstrap broker localhost:29092 (id: -1 rack: null) disconnected 
2025-04-28 10:36:04-355 [exchangeRepliesContainer-0-C-1] INFO  o.apache.kafka.clients.NetworkClient - [Consumer clientId=consumer-exchange-group-1, groupId=exchange-group] Node -1 disconnected. 
2025-04-28 10:36:04-355 [exchangeRepliesContainer-0-C-1] WARN  o.apache.kafka.clients.NetworkClient - [Consumer clientId=consumer-exchange-group-1, groupId=exchange-group] Connection to node -1 (localhost/127.0.0.1:29092) could not be established. Node may not be available. 
2025-04-28 10:36:04-355 [exchangeRepliesContainer-0-C-1] WARN  o.apache.kafka.clients.NetworkClient - [Consumer clientId=consumer-exchange-group-1, groupId=exchange-group] Bootstrap broker localhost:29092 (id: -1 rack: null) disconnected 
2025-04-28 10:36:04-365 [walletRepliesContainer-0-C-1] INFO  o.apache.kafka.clients.NetworkClient - [Consumer clientId=consumer-wallet-group-4, groupId=wallet-group] Node -1 disconnected. 
2025-04-28 10:36:04-366 [walletRepliesContainer-0-C-1] WARN  o.apache.kafka.clients.NetworkClient - [Consumer clientId=consumer-wallet-group-4, groupId=wallet-group] Connection to node -1 (localhost/127.0.0.1:29092) could not be established. Node may not be available. 
2025-04-28 10:36:04-366 [walletRepliesContainer-0-C-1] WARN  o.apache.kafka.clients.NetworkClient - [Consumer clientId=consumer-wallet-group-4, groupId=wallet-group] Bootstrap broker localhost:29092 (id: -1 rack: null) disconnected 
2025-04-28 10:36:05-037 [transactionRepliesContainer-0-C-1] INFO  o.apache.kafka.clients.NetworkClient - [Consumer clientId=consumer-transaction-group-2, groupId=transaction-group] Node -1 disconnected. 
2025-04-28 10:36:05-037 [transactionRepliesContainer-0-C-1] WARN  o.apache.kafka.clients.NetworkClient - [Consumer clientId=consumer-transaction-group-2, groupId=transaction-group] Connection to node -1 (localhost/127.0.0.1:29092) could not be established. Node may not be available. 
2025-04-28 10:36:05-037 [transactionRepliesContainer-0-C-1] WARN  o.apache.kafka.clients.NetworkClient - [Consumer clientId=consumer-transaction-group-2, groupId=transaction-group] Bootstrap broker localhost:29092 (id: -1 rack: null) disconnected 
2025-04-28 10:36:05-099 [walletUserRepliesContainer-0-C-1] INFO  o.apache.kafka.clients.NetworkClient - [Consumer clientId=consumer-wallet-group-5, groupId=wallet-group] Node -1 disconnected. 
2025-04-28 10:36:05-099 [walletUserRepliesContainer-0-C-1] WARN  o.apache.kafka.clients.NetworkClient - [Consumer clientId=consumer-wallet-group-5, groupId=wallet-group] Connection to node -1 (localhost/127.0.0.1:29092) could not be established. Node may not be available. 
2025-04-28 10:36:05-099 [walletUserRepliesContainer-0-C-1] WARN  o.apache.kafka.clients.NetworkClient - [Consumer clientId=consumer-wallet-group-5, groupId=wallet-group] Bootstrap broker localhost:29092 (id: -1 rack: null) disconnected 
2025-04-28 10:36:05-301 [bootCoinUserRepliesContainer-0-C-1] INFO  o.apache.kafka.clients.NetworkClient - [Consumer clientId=consumer-bootuser-group-3, groupId=bootuser-group] Node -1 disconnected. 
2025-04-28 10:36:05-301 [bootCoinUserRepliesContainer-0-C-1] WARN  o.apache.kafka.clients.NetworkClient - [Consumer clientId=consumer-bootuser-group-3, groupId=bootuser-group] Connection to node -1 (localhost/127.0.0.1:29092) could not be established. Node may not be available. 
2025-04-28 10:36:05-301 [bootCoinUserRepliesContainer-0-C-1] WARN  o.apache.kafka.clients.NetworkClient - [Consumer clientId=consumer-bootuser-group-3, groupId=bootuser-group] Bootstrap broker localhost:29092 (id: -1 rack: null) disconnected 
2025-04-28 10:36:05-332 [exchangeRepliesContainer-0-C-1] INFO  o.apache.kafka.clients.NetworkClient - [Consumer clientId=consumer-exchange-group-1, groupId=exchange-group] Node -1 disconnected. 
2025-04-28 10:36:05-332 [exchangeRepliesContainer-0-C-1] WARN  o.apache.kafka.clients.NetworkClient - [Consumer clientId=consumer-exchange-group-1, groupId=exchange-group] Connection to node -1 (localhost/127.0.0.1:29092) could not be established. Node may not be available. 
2025-04-28 10:36:05-332 [exchangeRepliesContainer-0-C-1] WARN  o.apache.kafka.clients.NetworkClient - [Consumer clientId=consumer-exchange-group-1, groupId=exchange-group] Bootstrap broker localhost:29092 (id: -1 rack: null) disconnected 
2025-04-28 10:36:05-378 [walletRepliesContainer-0-C-1] INFO  o.apache.kafka.clients.NetworkClient - [Consumer clientId=consumer-wallet-group-4, groupId=wallet-group] Node -1 disconnected. 
2025-04-28 10:36:05-378 [walletRepliesContainer-0-C-1] WARN  o.apache.kafka.clients.NetworkClient - [Consumer clientId=consumer-wallet-group-4, groupId=wallet-group] Connection to node -1 (localhost/127.0.0.1:29092) could not be established. Node may not be available. 
2025-04-28 10:36:05-378 [walletRepliesContainer-0-C-1] WARN  o.apache.kafka.clients.NetworkClient - [Consumer clientId=consumer-wallet-group-4, groupId=wallet-group] Bootstrap broker localhost:29092 (id: -1 rack: null) disconnected 
2025-04-28 10:36:06-064 [transactionRepliesContainer-0-C-1] INFO  o.apache.kafka.clients.NetworkClient - [Consumer clientId=consumer-transaction-group-2, groupId=transaction-group] Node -1 disconnected. 
2025-04-28 10:36:06-064 [transactionRepliesContainer-0-C-1] WARN  o.apache.kafka.clients.NetworkClient - [Consumer clientId=consumer-transaction-group-2, groupId=transaction-group] Connection to node -1 (localhost/127.0.0.1:29092) could not be established. Node may not be available. 
2025-04-28 10:36:06-064 [transactionRepliesContainer-0-C-1] WARN  o.apache.kafka.clients.NetworkClient - [Consumer clientId=consumer-transaction-group-2, groupId=transaction-group] Bootstrap broker localhost:29092 (id: -1 rack: null) disconnected 
2025-04-28 10:36:06-094 [walletUserRepliesContainer-0-C-1] INFO  o.apache.kafka.clients.NetworkClient - [Consumer clientId=consumer-wallet-group-5, groupId=wallet-group] Node -1 disconnected. 
2025-04-28 10:36:06-095 [walletUserRepliesContainer-0-C-1] WARN  o.apache.kafka.clients.NetworkClient - [Consumer clientId=consumer-wallet-group-5, groupId=wallet-group] Connection to node -1 (localhost/127.0.0.1:29092) could not be established. Node may not be available. 
2025-04-28 10:36:06-095 [walletUserRepliesContainer-0-C-1] WARN  o.apache.kafka.clients.NetworkClient - [Consumer clientId=consumer-wallet-group-5, groupId=wallet-group] Bootstrap broker localhost:29092 (id: -1 rack: null) disconnected 
2025-04-28 10:36:06-311 [bootCoinUserRepliesContainer-0-C-1] INFO  o.apache.kafka.clients.NetworkClient - [Consumer clientId=consumer-bootuser-group-3, groupId=bootuser-group] Node -1 disconnected. 
2025-04-28 10:36:06-311 [bootCoinUserRepliesContainer-0-C-1] WARN  o.apache.kafka.clients.NetworkClient - [Consumer clientId=consumer-bootuser-group-3, groupId=bootuser-group] Connection to node -1 (localhost/127.0.0.1:29092) could not be established. Node may not be available. 
2025-04-28 10:36:06-311 [bootCoinUserRepliesContainer-0-C-1] WARN  o.apache.kafka.clients.NetworkClient - [Consumer clientId=consumer-bootuser-group-3, groupId=bootuser-group] Bootstrap broker localhost:29092 (id: -1 rack: null) disconnected 
2025-04-28 10:36:06-388 [exchangeRepliesContainer-0-C-1] INFO  o.apache.kafka.clients.NetworkClient - [Consumer clientId=consumer-exchange-group-1, groupId=exchange-group] Node -1 disconnected. 
2025-04-28 10:36:06-388 [walletRepliesContainer-0-C-1] INFO  o.apache.kafka.clients.NetworkClient - [Consumer clientId=consumer-wallet-group-4, groupId=wallet-group] Node -1 disconnected. 
2025-04-28 10:36:06-388 [exchangeRepliesContainer-0-C-1] WARN  o.apache.kafka.clients.NetworkClient - [Consumer clientId=consumer-exchange-group-1, groupId=exchange-group] Connection to node -1 (localhost/127.0.0.1:29092) could not be established. Node may not be available. 
2025-04-28 10:36:06-388 [walletRepliesContainer-0-C-1] WARN  o.apache.kafka.clients.NetworkClient - [Consumer clientId=consumer-wallet-group-4, groupId=wallet-group] Connection to node -1 (localhost/127.0.0.1:29092) could not be established. Node may not be available. 
2025-04-28 10:36:06-388 [exchangeRepliesContainer-0-C-1] WARN  o.apache.kafka.clients.NetworkClient - [Consumer clientId=consumer-exchange-group-1, groupId=exchange-group] Bootstrap broker localhost:29092 (id: -1 rack: null) disconnected 
2025-04-28 10:36:06-388 [walletRepliesContainer-0-C-1] WARN  o.apache.kafka.clients.NetworkClient - [Consumer clientId=consumer-wallet-group-4, groupId=wallet-group] Bootstrap broker localhost:29092 (id: -1 rack: null) disconnected 
2025-04-28 10:36:06-994 [transactionRepliesContainer-0-C-1] INFO  o.apache.kafka.clients.NetworkClient - [Consumer clientId=consumer-transaction-group-2, groupId=transaction-group] Node -1 disconnected. 
2025-04-28 10:36:06-994 [transactionRepliesContainer-0-C-1] WARN  o.apache.kafka.clients.NetworkClient - [Consumer clientId=consumer-transaction-group-2, groupId=transaction-group] Connection to node -1 (localhost/127.0.0.1:29092) could not be established. Node may not be available. 
2025-04-28 10:36:06-994 [transactionRepliesContainer-0-C-1] WARN  o.apache.kafka.clients.NetworkClient - [Consumer clientId=consumer-transaction-group-2, groupId=transaction-group] Bootstrap broker localhost:29092 (id: -1 rack: null) disconnected 
2025-04-28 10:36:07-151 [walletUserRepliesContainer-0-C-1] INFO  o.apache.kafka.clients.NetworkClient - [Consumer clientId=consumer-wallet-group-5, groupId=wallet-group] Node -1 disconnected. 
2025-04-28 10:36:07-152 [walletUserRepliesContainer-0-C-1] WARN  o.apache.kafka.clients.NetworkClient - [Consumer clientId=consumer-wallet-group-5, groupId=wallet-group] Connection to node -1 (localhost/127.0.0.1:29092) could not be established. Node may not be available. 
2025-04-28 10:36:07-152 [walletUserRepliesContainer-0-C-1] WARN  o.apache.kafka.clients.NetworkClient - [Consumer clientId=consumer-wallet-group-5, groupId=wallet-group] Bootstrap broker localhost:29092 (id: -1 rack: null) disconnected 
2025-04-28 10:36:07-260 [walletRepliesContainer-0-C-1] INFO  o.apache.kafka.clients.NetworkClient - [Consumer clientId=consumer-wallet-group-4, groupId=wallet-group] Node -1 disconnected. 
2025-04-28 10:36:07-260 [walletRepliesContainer-0-C-1] WARN  o.apache.kafka.clients.NetworkClient - [Consumer clientId=consumer-wallet-group-4, groupId=wallet-group] Connection to node -1 (localhost/127.0.0.1:29092) could not be established. Node may not be available. 
2025-04-28 10:36:07-260 [walletRepliesContainer-0-C-1] WARN  o.apache.kafka.clients.NetworkClient - [Consumer clientId=consumer-wallet-group-4, groupId=wallet-group] Bootstrap broker localhost:29092 (id: -1 rack: null) disconnected 
2025-04-28 10:36:07-308 [bootCoinUserRepliesContainer-0-C-1] INFO  o.apache.kafka.clients.NetworkClient - [Consumer clientId=consumer-bootuser-group-3, groupId=bootuser-group] Node -1 disconnected. 
2025-04-28 10:36:07-308 [bootCoinUserRepliesContainer-0-C-1] WARN  o.apache.kafka.clients.NetworkClient - [Consumer clientId=consumer-bootuser-group-3, groupId=bootuser-group] Connection to node -1 (localhost/127.0.0.1:29092) could not be established. Node may not be available. 
2025-04-28 10:36:07-308 [bootCoinUserRepliesContainer-0-C-1] WARN  o.apache.kafka.clients.NetworkClient - [Consumer clientId=consumer-bootuser-group-3, groupId=bootuser-group] Bootstrap broker localhost:29092 (id: -1 rack: null) disconnected 
2025-04-28 10:36:07-400 [exchangeRepliesContainer-0-C-1] INFO  o.apache.kafka.clients.NetworkClient - [Consumer clientId=consumer-exchange-group-1, groupId=exchange-group] Node -1 disconnected. 
2025-04-28 10:36:07-400 [exchangeRepliesContainer-0-C-1] WARN  o.apache.kafka.clients.NetworkClient - [Consumer clientId=consumer-exchange-group-1, groupId=exchange-group] Connection to node -1 (localhost/127.0.0.1:29092) could not be established. Node may not be available. 
2025-04-28 10:36:07-400 [exchangeRepliesContainer-0-C-1] WARN  o.apache.kafka.clients.NetworkClient - [Consumer clientId=consumer-exchange-group-1, groupId=exchange-group] Bootstrap broker localhost:29092 (id: -1 rack: null) disconnected 
2025-04-28 10:36:08-007 [transactionRepliesContainer-0-C-1] INFO  o.apache.kafka.clients.NetworkClient - [Consumer clientId=consumer-transaction-group-2, groupId=transaction-group] Node -1 disconnected. 
2025-04-28 10:36:08-007 [transactionRepliesContainer-0-C-1] WARN  o.apache.kafka.clients.NetworkClient - [Consumer clientId=consumer-transaction-group-2, groupId=transaction-group] Connection to node -1 (localhost/127.0.0.1:29092) could not be established. Node may not be available. 
2025-04-28 10:36:08-007 [transactionRepliesContainer-0-C-1] WARN  o.apache.kafka.clients.NetworkClient - [Consumer clientId=consumer-transaction-group-2, groupId=transaction-group] Bootstrap broker localhost:29092 (id: -1 rack: null) disconnected 
2025-04-28 10:36:08-021 [walletUserRepliesContainer-0-C-1] INFO  o.apache.kafka.clients.NetworkClient - [Consumer clientId=consumer-wallet-group-5, groupId=wallet-group] Node -1 disconnected. 
2025-04-28 10:36:08-021 [walletUserRepliesContainer-0-C-1] WARN  o.apache.kafka.clients.NetworkClient - [Consumer clientId=consumer-wallet-group-5, groupId=wallet-group] Connection to node -1 (localhost/127.0.0.1:29092) could not be established. Node may not be available. 
2025-04-28 10:36:08-021 [walletUserRepliesContainer-0-C-1] WARN  o.apache.kafka.clients.NetworkClient - [Consumer clientId=consumer-wallet-group-5, groupId=wallet-group] Bootstrap broker localhost:29092 (id: -1 rack: null) disconnected 
2025-04-28 10:36:08-193 [walletRepliesContainer-0-C-1] INFO  o.apache.kafka.clients.NetworkClient - [Consumer clientId=consumer-wallet-group-4, groupId=wallet-group] Node -1 disconnected. 
2025-04-28 10:36:08-194 [walletRepliesContainer-0-C-1] WARN  o.apache.kafka.clients.NetworkClient - [Consumer clientId=consumer-wallet-group-4, groupId=wallet-group] Connection to node -1 (localhost/127.0.0.1:29092) could not be established. Node may not be available. 
2025-04-28 10:36:08-195 [walletRepliesContainer-0-C-1] WARN  o.apache.kafka.clients.NetworkClient - [Consumer clientId=consumer-wallet-group-4, groupId=wallet-group] Bootstrap broker localhost:29092 (id: -1 rack: null) disconnected 
2025-04-28 10:36:08-238 [bootCoinUserRepliesContainer-0-C-1] INFO  o.apache.kafka.clients.NetworkClient - [Consumer clientId=consumer-bootuser-group-3, groupId=bootuser-group] Node -1 disconnected. 
2025-04-28 10:36:08-238 [bootCoinUserRepliesContainer-0-C-1] WARN  o.apache.kafka.clients.NetworkClient - [Consumer clientId=consumer-bootuser-group-3, groupId=bootuser-group] Connection to node -1 (localhost/127.0.0.1:29092) could not be established. Node may not be available. 
2025-04-28 10:36:08-238 [bootCoinUserRepliesContainer-0-C-1] WARN  o.apache.kafka.clients.NetworkClient - [Consumer clientId=consumer-bootuser-group-3, groupId=bootuser-group] Bootstrap broker localhost:29092 (id: -1 rack: null) disconnected 
2025-04-28 10:36:08-395 [exchangeRepliesContainer-0-C-1] INFO  o.apache.kafka.clients.NetworkClient - [Consumer clientId=consumer-exchange-group-1, groupId=exchange-group] Node -1 disconnected. 
2025-04-28 10:36:08-395 [exchangeRepliesContainer-0-C-1] WARN  o.apache.kafka.clients.NetworkClient - [Consumer clientId=consumer-exchange-group-1, groupId=exchange-group] Connection to node -1 (localhost/127.0.0.1:29092) could not be established. Node may not be available. 
2025-04-28 10:36:08-395 [exchangeRepliesContainer-0-C-1] WARN  o.apache.kafka.clients.NetworkClient - [Consumer clientId=consumer-exchange-group-1, groupId=exchange-group] Bootstrap broker localhost:29092 (id: -1 rack: null) disconnected 
2025-04-28 10:36:08-969 [walletUserRepliesContainer-0-C-1] INFO  o.apache.kafka.clients.NetworkClient - [Consumer clientId=consumer-wallet-group-5, groupId=wallet-group] Node -1 disconnected. 
2025-04-28 10:36:08-969 [walletUserRepliesContainer-0-C-1] WARN  o.apache.kafka.clients.NetworkClient - [Consumer clientId=consumer-wallet-group-5, groupId=wallet-group] Connection to node -1 (localhost/127.0.0.1:29092) could not be established. Node may not be available. 
2025-04-28 10:36:08-969 [walletUserRepliesContainer-0-C-1] WARN  o.apache.kafka.clients.NetworkClient - [Consumer clientId=consumer-wallet-group-5, groupId=wallet-group] Bootstrap broker localhost:29092 (id: -1 rack: null) disconnected 
2025-04-28 10:36:09-002 [transactionRepliesContainer-0-C-1] INFO  o.apache.kafka.clients.NetworkClient - [Consumer clientId=consumer-transaction-group-2, groupId=transaction-group] Node -1 disconnected. 
2025-04-28 10:36:09-003 [transactionRepliesContainer-0-C-1] WARN  o.apache.kafka.clients.NetworkClient - [Consumer clientId=consumer-transaction-group-2, groupId=transaction-group] Connection to node -1 (localhost/127.0.0.1:29092) could not be established. Node may not be available. 
2025-04-28 10:36:09-003 [transactionRepliesContainer-0-C-1] WARN  o.apache.kafka.clients.NetworkClient - [Consumer clientId=consumer-transaction-group-2, groupId=transaction-group] Bootstrap broker localhost:29092 (id: -1 rack: null) disconnected 
2025-04-28 10:36:09-063 [walletRepliesContainer-0-C-1] INFO  o.apache.kafka.clients.NetworkClient - [Consumer clientId=consumer-wallet-group-4, groupId=wallet-group] Node -1 disconnected. 
2025-04-28 10:36:09-064 [walletRepliesContainer-0-C-1] WARN  o.apache.kafka.clients.NetworkClient - [Consumer clientId=consumer-wallet-group-4, groupId=wallet-group] Connection to node -1 (localhost/127.0.0.1:29092) could not be established. Node may not be available. 
2025-04-28 10:36:09-064 [walletRepliesContainer-0-C-1] WARN  o.apache.kafka.clients.NetworkClient - [Consumer clientId=consumer-wallet-group-4, groupId=wallet-group] Bootstrap broker localhost:29092 (id: -1 rack: null) disconnected 
2025-04-28 10:36:09-265 [bootCoinUserRepliesContainer-0-C-1] INFO  o.apache.kafka.clients.NetworkClient - [Consumer clientId=consumer-bootuser-group-3, groupId=bootuser-group] Node -1 disconnected. 
2025-04-28 10:36:09-265 [bootCoinUserRepliesContainer-0-C-1] WARN  o.apache.kafka.clients.NetworkClient - [Consumer clientId=consumer-bootuser-group-3, groupId=bootuser-group] Connection to node -1 (localhost/127.0.0.1:29092) could not be established. Node may not be available. 
2025-04-28 10:36:09-265 [bootCoinUserRepliesContainer-0-C-1] WARN  o.apache.kafka.clients.NetworkClient - [Consumer clientId=consumer-bootuser-group-3, groupId=bootuser-group] Bootstrap broker localhost:29092 (id: -1 rack: null) disconnected 
2025-04-28 10:36:09-425 [exchangeRepliesContainer-0-C-1] INFO  o.apache.kafka.clients.NetworkClient - [Consumer clientId=consumer-exchange-group-1, groupId=exchange-group] Node -1 disconnected. 
2025-04-28 10:36:09-425 [exchangeRepliesContainer-0-C-1] WARN  o.apache.kafka.clients.NetworkClient - [Consumer clientId=consumer-exchange-group-1, groupId=exchange-group] Connection to node -1 (localhost/127.0.0.1:29092) could not be established. Node may not be available. 
2025-04-28 10:36:09-425 [exchangeRepliesContainer-0-C-1] WARN  o.apache.kafka.clients.NetworkClient - [Consumer clientId=consumer-exchange-group-1, groupId=exchange-group] Bootstrap broker localhost:29092 (id: -1 rack: null) disconnected 
2025-04-28 10:36:09-951 [walletUserRepliesContainer-0-C-1] INFO  o.apache.kafka.clients.NetworkClient - [Consumer clientId=consumer-wallet-group-5, groupId=wallet-group] Node -1 disconnected. 
2025-04-28 10:36:09-952 [walletUserRepliesContainer-0-C-1] WARN  o.apache.kafka.clients.NetworkClient - [Consumer clientId=consumer-wallet-group-5, groupId=wallet-group] Connection to node -1 (localhost/127.0.0.1:29092) could not be established. Node may not be available. 
2025-04-28 10:36:09-952 [walletUserRepliesContainer-0-C-1] WARN  o.apache.kafka.clients.NetworkClient - [Consumer clientId=consumer-wallet-group-5, groupId=wallet-group] Bootstrap broker localhost:29092 (id: -1 rack: null) disconnected 
2025-04-28 10:36:10-014 [transactionRepliesContainer-0-C-1] INFO  o.apache.kafka.clients.NetworkClient - [Consumer clientId=consumer-transaction-group-2, groupId=transaction-group] Node -1 disconnected. 
2025-04-28 10:36:10-014 [transactionRepliesContainer-0-C-1] WARN  o.apache.kafka.clients.NetworkClient - [Consumer clientId=consumer-transaction-group-2, groupId=transaction-group] Connection to node -1 (localhost/127.0.0.1:29092) could not be established. Node may not be available. 
2025-04-28 10:36:10-014 [transactionRepliesContainer-0-C-1] WARN  o.apache.kafka.clients.NetworkClient - [Consumer clientId=consumer-transaction-group-2, groupId=transaction-group] Bootstrap broker localhost:29092 (id: -1 rack: null) disconnected 
2025-04-28 10:36:10-075 [walletRepliesContainer-0-C-1] INFO  o.apache.kafka.clients.NetworkClient - [Consumer clientId=consumer-wallet-group-4, groupId=wallet-group] Node -1 disconnected. 
2025-04-28 10:36:10-075 [walletRepliesContainer-0-C-1] WARN  o.apache.kafka.clients.NetworkClient - [Consumer clientId=consumer-wallet-group-4, groupId=wallet-group] Connection to node -1 (localhost/127.0.0.1:29092) could not be established. Node may not be available. 
2025-04-28 10:36:10-075 [walletRepliesContainer-0-C-1] WARN  o.apache.kafka.clients.NetworkClient - [Consumer clientId=consumer-wallet-group-4, groupId=wallet-group] Bootstrap broker localhost:29092 (id: -1 rack: null) disconnected 
2025-04-28 10:36:10-216 [bootCoinUserRepliesContainer-0-C-1] INFO  o.apache.kafka.clients.NetworkClient - [Consumer clientId=consumer-bootuser-group-3, groupId=bootuser-group] Node -1 disconnected. 
2025-04-28 10:36:10-216 [bootCoinUserRepliesContainer-0-C-1] WARN  o.apache.kafka.clients.NetworkClient - [Consumer clientId=consumer-bootuser-group-3, groupId=bootuser-group] Connection to node -1 (localhost/127.0.0.1:29092) could not be established. Node may not be available. 
2025-04-28 10:36:10-216 [bootCoinUserRepliesContainer-0-C-1] WARN  o.apache.kafka.clients.NetworkClient - [Consumer clientId=consumer-bootuser-group-3, groupId=bootuser-group] Bootstrap broker localhost:29092 (id: -1 rack: null) disconnected 
2025-04-28 10:36:10-434 [exchangeRepliesContainer-0-C-1] INFO  o.apache.kafka.clients.NetworkClient - [Consumer clientId=consumer-exchange-group-1, groupId=exchange-group] Node -1 disconnected. 
2025-04-28 10:36:10-435 [exchangeRepliesContainer-0-C-1] WARN  o.apache.kafka.clients.NetworkClient - [Consumer clientId=consumer-exchange-group-1, groupId=exchange-group] Connection to node -1 (localhost/127.0.0.1:29092) could not be established. Node may not be available. 
2025-04-28 10:36:10-435 [exchangeRepliesContainer-0-C-1] WARN  o.apache.kafka.clients.NetworkClient - [Consumer clientId=consumer-exchange-group-1, groupId=exchange-group] Bootstrap broker localhost:29092 (id: -1 rack: null) disconnected 
2025-04-28 10:36:10-949 [walletRepliesContainer-0-C-1] INFO  o.apache.kafka.clients.NetworkClient - [Consumer clientId=consumer-wallet-group-4, groupId=wallet-group] Node -1 disconnected. 
2025-04-28 10:36:10-950 [walletRepliesContainer-0-C-1] WARN  o.apache.kafka.clients.NetworkClient - [Consumer clientId=consumer-wallet-group-4, groupId=wallet-group] Connection to node -1 (localhost/127.0.0.1:29092) could not be established. Node may not be available. 
2025-04-28 10:36:10-950 [walletRepliesContainer-0-C-1] WARN  o.apache.kafka.clients.NetworkClient - [Consumer clientId=consumer-wallet-group-4, groupId=wallet-group] Bootstrap broker localhost:29092 (id: -1 rack: null) disconnected 
2025-04-28 10:36:10-980 [walletUserRepliesContainer-0-C-1] INFO  o.apache.kafka.clients.NetworkClient - [Consumer clientId=consumer-wallet-group-5, groupId=wallet-group] Node -1 disconnected. 
2025-04-28 10:36:10-980 [walletUserRepliesContainer-0-C-1] WARN  o.apache.kafka.clients.NetworkClient - [Consumer clientId=consumer-wallet-group-5, groupId=wallet-group] Connection to node -1 (localhost/127.0.0.1:29092) could not be established. Node may not be available. 
2025-04-28 10:36:10-980 [walletUserRepliesContainer-0-C-1] WARN  o.apache.kafka.clients.NetworkClient - [Consumer clientId=consumer-wallet-group-5, groupId=wallet-group] Bootstrap broker localhost:29092 (id: -1 rack: null) disconnected 
2025-04-28 10:36:11-027 [transactionRepliesContainer-0-C-1] INFO  o.apache.kafka.clients.NetworkClient - [Consumer clientId=consumer-transaction-group-2, groupId=transaction-group] Node -1 disconnected. 
2025-04-28 10:36:11-028 [transactionRepliesContainer-0-C-1] WARN  o.apache.kafka.clients.NetworkClient - [Consumer clientId=consumer-transaction-group-2, groupId=transaction-group] Connection to node -1 (localhost/127.0.0.1:29092) could not be established. Node may not be available. 
2025-04-28 10:36:11-028 [transactionRepliesContainer-0-C-1] WARN  o.apache.kafka.clients.NetworkClient - [Consumer clientId=consumer-transaction-group-2, groupId=transaction-group] Bootstrap broker localhost:29092 (id: -1 rack: null) disconnected 
2025-04-28 10:36:11-152 [bootCoinUserRepliesContainer-0-C-1] INFO  o.apache.kafka.clients.NetworkClient - [Consumer clientId=consumer-bootuser-group-3, groupId=bootuser-group] Node -1 disconnected. 
2025-04-28 10:36:11-152 [bootCoinUserRepliesContainer-0-C-1] WARN  o.apache.kafka.clients.NetworkClient - [Consumer clientId=consumer-bootuser-group-3, groupId=bootuser-group] Connection to node -1 (localhost/127.0.0.1:29092) could not be established. Node may not be available. 
2025-04-28 10:36:11-152 [bootCoinUserRepliesContainer-0-C-1] WARN  o.apache.kafka.clients.NetworkClient - [Consumer clientId=consumer-bootuser-group-3, groupId=bootuser-group] Bootstrap broker localhost:29092 (id: -1 rack: null) disconnected 
2025-04-28 10:36:11-446 [exchangeRepliesContainer-0-C-1] INFO  o.apache.kafka.clients.NetworkClient - [Consumer clientId=consumer-exchange-group-1, groupId=exchange-group] Node -1 disconnected. 
2025-04-28 10:36:11-447 [exchangeRepliesContainer-0-C-1] WARN  o.apache.kafka.clients.NetworkClient - [Consumer clientId=consumer-exchange-group-1, groupId=exchange-group] Connection to node -1 (localhost/127.0.0.1:29092) could not be established. Node may not be available. 
2025-04-28 10:36:11-447 [exchangeRepliesContainer-0-C-1] WARN  o.apache.kafka.clients.NetworkClient - [Consumer clientId=consumer-exchange-group-1, groupId=exchange-group] Bootstrap broker localhost:29092 (id: -1 rack: null) disconnected 
2025-04-28 10:36:11-819 [walletRepliesContainer-0-C-1] INFO  o.apache.kafka.clients.NetworkClient - [Consumer clientId=consumer-wallet-group-4, groupId=wallet-group] Node -1 disconnected. 
2025-04-28 10:36:11-819 [walletRepliesContainer-0-C-1] WARN  o.apache.kafka.clients.NetworkClient - [Consumer clientId=consumer-wallet-group-4, groupId=wallet-group] Connection to node -1 (localhost/127.0.0.1:29092) could not be established. Node may not be available. 
2025-04-28 10:36:11-819 [walletRepliesContainer-0-C-1] WARN  o.apache.kafka.clients.NetworkClient - [Consumer clientId=consumer-wallet-group-4, groupId=wallet-group] Bootstrap broker localhost:29092 (id: -1 rack: null) disconnected 
2025-04-28 10:36:11-911 [walletUserRepliesContainer-0-C-1] INFO  o.apache.kafka.clients.NetworkClient - [Consumer clientId=consumer-wallet-group-5, groupId=wallet-group] Node -1 disconnected. 
2025-04-28 10:36:11-911 [walletUserRepliesContainer-0-C-1] WARN  o.apache.kafka.clients.NetworkClient - [Consumer clientId=consumer-wallet-group-5, groupId=wallet-group] Connection to node -1 (localhost/127.0.0.1:29092) could not be established. Node may not be available. 
2025-04-28 10:36:11-911 [walletUserRepliesContainer-0-C-1] WARN  o.apache.kafka.clients.NetworkClient - [Consumer clientId=consumer-wallet-group-5, groupId=wallet-group] Bootstrap broker localhost:29092 (id: -1 rack: null) disconnected 
2025-04-28 10:36:12-081 [transactionRepliesContainer-0-C-1] INFO  o.apache.kafka.clients.NetworkClient - [Consumer clientId=consumer-transaction-group-2, groupId=transaction-group] Node -1 disconnected. 
2025-04-28 10:36:12-081 [transactionRepliesContainer-0-C-1] WARN  o.apache.kafka.clients.NetworkClient - [Consumer clientId=consumer-transaction-group-2, groupId=transaction-group] Connection to node -1 (localhost/127.0.0.1:29092) could not be established. Node may not be available. 
2025-04-28 10:36:12-081 [transactionRepliesContainer-0-C-1] WARN  o.apache.kafka.clients.NetworkClient - [Consumer clientId=consumer-transaction-group-2, groupId=transaction-group] Bootstrap broker localhost:29092 (id: -1 rack: null) disconnected 
2025-04-28 10:36:12-158 [bootCoinUserRepliesContainer-0-C-1] INFO  o.apache.kafka.clients.NetworkClient - [Consumer clientId=consumer-bootuser-group-3, groupId=bootuser-group] Node -1 disconnected. 
2025-04-28 10:36:12-158 [bootCoinUserRepliesContainer-0-C-1] WARN  o.apache.kafka.clients.NetworkClient - [Consumer clientId=consumer-bootuser-group-3, groupId=bootuser-group] Connection to node -1 (localhost/127.0.0.1:29092) could not be established. Node may not be available. 
2025-04-28 10:36:12-158 [bootCoinUserRepliesContainer-0-C-1] WARN  o.apache.kafka.clients.NetworkClient - [Consumer clientId=consumer-bootuser-group-3, groupId=bootuser-group] Bootstrap broker localhost:29092 (id: -1 rack: null) disconnected 
2025-04-28 10:36:12-314 [exchangeRepliesContainer-0-C-1] INFO  o.apache.kafka.clients.NetworkClient - [Consumer clientId=consumer-exchange-group-1, groupId=exchange-group] Node -1 disconnected. 
2025-04-28 10:36:12-314 [exchangeRepliesContainer-0-C-1] WARN  o.apache.kafka.clients.NetworkClient - [Consumer clientId=consumer-exchange-group-1, groupId=exchange-group] Connection to node -1 (localhost/127.0.0.1:29092) could not be established. Node may not be available. 
2025-04-28 10:36:12-315 [exchangeRepliesContainer-0-C-1] WARN  o.apache.kafka.clients.NetworkClient - [Consumer clientId=consumer-exchange-group-1, groupId=exchange-group] Bootstrap broker localhost:29092 (id: -1 rack: null) disconnected 
2025-04-28 10:36:12-684 [walletRepliesContainer-0-C-1] INFO  o.apache.kafka.clients.NetworkClient - [Consumer clientId=consumer-wallet-group-4, groupId=wallet-group] Node -1 disconnected. 
2025-04-28 10:36:12-685 [walletRepliesContainer-0-C-1] WARN  o.apache.kafka.clients.NetworkClient - [Consumer clientId=consumer-wallet-group-4, groupId=wallet-group] Connection to node -1 (localhost/127.0.0.1:29092) could not be established. Node may not be available. 
2025-04-28 10:36:12-685 [walletRepliesContainer-0-C-1] WARN  o.apache.kafka.clients.NetworkClient - [Consumer clientId=consumer-wallet-group-4, groupId=wallet-group] Bootstrap broker localhost:29092 (id: -1 rack: null) disconnected 
2025-04-28 10:36:12-777 [walletUserRepliesContainer-0-C-1] INFO  o.apache.kafka.clients.NetworkClient - [Consumer clientId=consumer-wallet-group-5, groupId=wallet-group] Node -1 disconnected. 
2025-04-28 10:36:12-778 [walletUserRepliesContainer-0-C-1] WARN  o.apache.kafka.clients.NetworkClient - [Consumer clientId=consumer-wallet-group-5, groupId=wallet-group] Connection to node -1 (localhost/127.0.0.1:29092) could not be established. Node may not be available. 
2025-04-28 10:36:12-778 [walletUserRepliesContainer-0-C-1] WARN  o.apache.kafka.clients.NetworkClient - [Consumer clientId=consumer-wallet-group-5, groupId=wallet-group] Bootstrap broker localhost:29092 (id: -1 rack: null) disconnected 
2025-04-28 10:36:13-104 [transactionRepliesContainer-0-C-1] INFO  o.apache.kafka.clients.NetworkClient - [Consumer clientId=consumer-transaction-group-2, groupId=transaction-group] Node -1 disconnected. 
2025-04-28 10:36:13-104 [transactionRepliesContainer-0-C-1] WARN  o.apache.kafka.clients.NetworkClient - [Consumer clientId=consumer-transaction-group-2, groupId=transaction-group] Connection to node -1 (localhost/127.0.0.1:29092) could not be established. Node may not be available. 
2025-04-28 10:36:13-104 [transactionRepliesContainer-0-C-1] WARN  o.apache.kafka.clients.NetworkClient - [Consumer clientId=consumer-transaction-group-2, groupId=transaction-group] Bootstrap broker localhost:29092 (id: -1 rack: null) disconnected 
2025-04-28 10:36:13-166 [bootCoinUserRepliesContainer-0-C-1] INFO  o.apache.kafka.clients.NetworkClient - [Consumer clientId=consumer-bootuser-group-3, groupId=bootuser-group] Node -1 disconnected. 
2025-04-28 10:36:13-166 [bootCoinUserRepliesContainer-0-C-1] WARN  o.apache.kafka.clients.NetworkClient - [Consumer clientId=consumer-bootuser-group-3, groupId=bootuser-group] Connection to node -1 (localhost/127.0.0.1:29092) could not be established. Node may not be available. 
2025-04-28 10:36:13-166 [bootCoinUserRepliesContainer-0-C-1] WARN  o.apache.kafka.clients.NetworkClient - [Consumer clientId=consumer-bootuser-group-3, groupId=bootuser-group] Bootstrap broker localhost:29092 (id: -1 rack: null) disconnected 
2025-04-28 10:36:13-324 [exchangeRepliesContainer-0-C-1] INFO  o.apache.kafka.clients.NetworkClient - [Consumer clientId=consumer-exchange-group-1, groupId=exchange-group] Node -1 disconnected. 
2025-04-28 10:36:13-324 [exchangeRepliesContainer-0-C-1] WARN  o.apache.kafka.clients.NetworkClient - [Consumer clientId=consumer-exchange-group-1, groupId=exchange-group] Connection to node -1 (localhost/127.0.0.1:29092) could not be established. Node may not be available. 
2025-04-28 10:36:13-324 [exchangeRepliesContainer-0-C-1] WARN  o.apache.kafka.clients.NetworkClient - [Consumer clientId=consumer-exchange-group-1, groupId=exchange-group] Bootstrap broker localhost:29092 (id: -1 rack: null) disconnected 
2025-04-28 10:36:13-686 [walletRepliesContainer-0-C-1] INFO  o.apache.kafka.clients.NetworkClient - [Consumer clientId=consumer-wallet-group-4, groupId=wallet-group] Node -1 disconnected. 
2025-04-28 10:36:13-686 [walletRepliesContainer-0-C-1] WARN  o.apache.kafka.clients.NetworkClient - [Consumer clientId=consumer-wallet-group-4, groupId=wallet-group] Connection to node -1 (localhost/127.0.0.1:29092) could not be established. Node may not be available. 
2025-04-28 10:36:13-686 [walletRepliesContainer-0-C-1] WARN  o.apache.kafka.clients.NetworkClient - [Consumer clientId=consumer-wallet-group-4, groupId=wallet-group] Bootstrap broker localhost:29092 (id: -1 rack: null) disconnected 
2025-04-28 10:36:13-780 [walletUserRepliesContainer-0-C-1] INFO  o.apache.kafka.clients.NetworkClient - [Consumer clientId=consumer-wallet-group-5, groupId=wallet-group] Node -1 disconnected. 
2025-04-28 10:36:13-780 [walletUserRepliesContainer-0-C-1] WARN  o.apache.kafka.clients.NetworkClient - [Consumer clientId=consumer-wallet-group-5, groupId=wallet-group] Connection to node -1 (localhost/127.0.0.1:29092) could not be established. Node may not be available. 
2025-04-28 10:36:13-780 [walletUserRepliesContainer-0-C-1] WARN  o.apache.kafka.clients.NetworkClient - [Consumer clientId=consumer-wallet-group-5, groupId=wallet-group] Bootstrap broker localhost:29092 (id: -1 rack: null) disconnected 
2025-04-28 10:36:14-106 [bootCoinUserRepliesContainer-0-C-1] INFO  o.apache.kafka.clients.NetworkClient - [Consumer clientId=consumer-bootuser-group-3, groupId=bootuser-group] Node -1 disconnected. 
2025-04-28 10:36:14-106 [transactionRepliesContainer-0-C-1] INFO  o.apache.kafka.clients.NetworkClient - [Consumer clientId=consumer-transaction-group-2, groupId=transaction-group] Node -1 disconnected. 
2025-04-28 10:36:14-106 [bootCoinUserRepliesContainer-0-C-1] WARN  o.apache.kafka.clients.NetworkClient - [Consumer clientId=consumer-bootuser-group-3, groupId=bootuser-group] Connection to node -1 (localhost/127.0.0.1:29092) could not be established. Node may not be available. 
2025-04-28 10:36:14-106 [transactionRepliesContainer-0-C-1] WARN  o.apache.kafka.clients.NetworkClient - [Consumer clientId=consumer-transaction-group-2, groupId=transaction-group] Connection to node -1 (localhost/127.0.0.1:29092) could not be established. Node may not be available. 
2025-04-28 10:36:14-106 [bootCoinUserRepliesContainer-0-C-1] WARN  o.apache.kafka.clients.NetworkClient - [Consumer clientId=consumer-bootuser-group-3, groupId=bootuser-group] Bootstrap broker localhost:29092 (id: -1 rack: null) disconnected 
2025-04-28 10:36:14-106 [transactionRepliesContainer-0-C-1] WARN  o.apache.kafka.clients.NetworkClient - [Consumer clientId=consumer-transaction-group-2, groupId=transaction-group] Bootstrap broker localhost:29092 (id: -1 rack: null) disconnected 
2025-04-28 10:36:14-260 [exchangeRepliesContainer-0-C-1] INFO  o.apache.kafka.clients.NetworkClient - [Consumer clientId=consumer-exchange-group-1, groupId=exchange-group] Node -1 disconnected. 
2025-04-28 10:36:14-260 [exchangeRepliesContainer-0-C-1] WARN  o.apache.kafka.clients.NetworkClient - [Consumer clientId=consumer-exchange-group-1, groupId=exchange-group] Connection to node -1 (localhost/127.0.0.1:29092) could not be established. Node may not be available. 
2025-04-28 10:36:14-260 [exchangeRepliesContainer-0-C-1] WARN  o.apache.kafka.clients.NetworkClient - [Consumer clientId=consumer-exchange-group-1, groupId=exchange-group] Bootstrap broker localhost:29092 (id: -1 rack: null) disconnected 
2025-04-28 10:36:14-587 [walletRepliesContainer-0-C-1] INFO  o.apache.kafka.clients.NetworkClient - [Consumer clientId=consumer-wallet-group-4, groupId=wallet-group] Node -1 disconnected. 
2025-04-28 10:36:14-588 [walletRepliesContainer-0-C-1] WARN  o.apache.kafka.clients.NetworkClient - [Consumer clientId=consumer-wallet-group-4, groupId=wallet-group] Connection to node -1 (localhost/127.0.0.1:29092) could not be established. Node may not be available. 
2025-04-28 10:36:14-588 [walletRepliesContainer-0-C-1] WARN  o.apache.kafka.clients.NetworkClient - [Consumer clientId=consumer-wallet-group-4, groupId=wallet-group] Bootstrap broker localhost:29092 (id: -1 rack: null) disconnected 
2025-04-28 10:36:14-785 [walletUserRepliesContainer-0-C-1] INFO  o.apache.kafka.clients.NetworkClient - [Consumer clientId=consumer-wallet-group-5, groupId=wallet-group] Node -1 disconnected. 
2025-04-28 10:36:14-785 [walletUserRepliesContainer-0-C-1] WARN  o.apache.kafka.clients.NetworkClient - [Consumer clientId=consumer-wallet-group-5, groupId=wallet-group] Connection to node -1 (localhost/127.0.0.1:29092) could not be established. Node may not be available. 
2025-04-28 10:36:14-785 [walletUserRepliesContainer-0-C-1] WARN  o.apache.kafka.clients.NetworkClient - [Consumer clientId=consumer-wallet-group-5, groupId=wallet-group] Bootstrap broker localhost:29092 (id: -1 rack: null) disconnected 
2025-04-28 10:36:15-107 [bootCoinUserRepliesContainer-0-C-1] INFO  o.apache.kafka.clients.NetworkClient - [Consumer clientId=consumer-bootuser-group-3, groupId=bootuser-group] Node -1 disconnected. 
2025-04-28 10:36:15-107 [bootCoinUserRepliesContainer-0-C-1] WARN  o.apache.kafka.clients.NetworkClient - [Consumer clientId=consumer-bootuser-group-3, groupId=bootuser-group] Connection to node -1 (localhost/127.0.0.1:29092) could not be established. Node may not be available. 
2025-04-28 10:36:15-107 [bootCoinUserRepliesContainer-0-C-1] WARN  o.apache.kafka.clients.NetworkClient - [Consumer clientId=consumer-bootuser-group-3, groupId=bootuser-group] Bootstrap broker localhost:29092 (id: -1 rack: null) disconnected 
2025-04-28 10:36:15-122 [exchangeRepliesContainer-0-C-1] INFO  o.apache.kafka.clients.NetworkClient - [Consumer clientId=consumer-exchange-group-1, groupId=exchange-group] Node -1 disconnected. 
2025-04-28 10:36:15-122 [transactionRepliesContainer-0-C-1] INFO  o.apache.kafka.clients.NetworkClient - [Consumer clientId=consumer-transaction-group-2, groupId=transaction-group] Node -1 disconnected. 
2025-04-28 10:36:15-123 [exchangeRepliesContainer-0-C-1] WARN  o.apache.kafka.clients.NetworkClient - [Consumer clientId=consumer-exchange-group-1, groupId=exchange-group] Connection to node -1 (localhost/127.0.0.1:29092) could not be established. Node may not be available. 
2025-04-28 10:36:15-123 [transactionRepliesContainer-0-C-1] WARN  o.apache.kafka.clients.NetworkClient - [Consumer clientId=consumer-transaction-group-2, groupId=transaction-group] Connection to node -1 (localhost/127.0.0.1:29092) could not be established. Node may not be available. 
2025-04-28 10:36:15-123 [exchangeRepliesContainer-0-C-1] WARN  o.apache.kafka.clients.NetworkClient - [Consumer clientId=consumer-exchange-group-1, groupId=exchange-group] Bootstrap broker localhost:29092 (id: -1 rack: null) disconnected 
2025-04-28 10:36:15-123 [transactionRepliesContainer-0-C-1] WARN  o.apache.kafka.clients.NetworkClient - [Consumer clientId=consumer-transaction-group-2, groupId=transaction-group] Bootstrap broker localhost:29092 (id: -1 rack: null) disconnected 
2025-04-28 10:36:15-553 [walletRepliesContainer-0-C-1] INFO  o.apache.kafka.clients.NetworkClient - [Consumer clientId=consumer-wallet-group-4, groupId=wallet-group] Node -1 disconnected. 
2025-04-28 10:36:15-553 [walletRepliesContainer-0-C-1] WARN  o.apache.kafka.clients.NetworkClient - [Consumer clientId=consumer-wallet-group-4, groupId=wallet-group] Connection to node -1 (localhost/127.0.0.1:29092) could not be established. Node may not be available. 
2025-04-28 10:36:15-553 [walletRepliesContainer-0-C-1] WARN  o.apache.kafka.clients.NetworkClient - [Consumer clientId=consumer-wallet-group-4, groupId=wallet-group] Bootstrap broker localhost:29092 (id: -1 rack: null) disconnected 
2025-04-28 10:36:15-829 [walletUserRepliesContainer-0-C-1] INFO  o.apache.kafka.clients.NetworkClient - [Consumer clientId=consumer-wallet-group-5, groupId=wallet-group] Node -1 disconnected. 
2025-04-28 10:36:15-829 [walletUserRepliesContainer-0-C-1] WARN  o.apache.kafka.clients.NetworkClient - [Consumer clientId=consumer-wallet-group-5, groupId=wallet-group] Connection to node -1 (localhost/127.0.0.1:29092) could not be established. Node may not be available. 
2025-04-28 10:36:15-829 [walletUserRepliesContainer-0-C-1] WARN  o.apache.kafka.clients.NetworkClient - [Consumer clientId=consumer-wallet-group-5, groupId=wallet-group] Bootstrap broker localhost:29092 (id: -1 rack: null) disconnected 
2025-04-28 10:36:16-006 [SpringApplicationShutdownHook] INFO  o.s.c.n.e.s.EurekaServiceRegistry - Unregistering application P2P-BOOTCOIN-SERVICE with eureka with status DOWN 
2025-04-28 10:36:16-007 [SpringApplicationShutdownHook] INFO  c.netflix.discovery.DiscoveryClient - Saw local status change event StatusChangeEvent [timestamp=1745854576007, current=DOWN, previous=UP] 
2025-04-28 10:36:16-007 [DiscoveryClient-InstanceInfoReplicator-%d] INFO  c.netflix.discovery.DiscoveryClient - DiscoveryClient_P2P-BOOTCOIN-SERVICE/p2p-bootcoin-service:8803: registering service... 
2025-04-28 10:36:16-014 [exchangeRepliesContainer-0-C-1] INFO  o.a.k.c.c.i.ConsumerCoordinator - [Consumer clientId=consumer-exchange-group-1, groupId=exchange-group] Resetting generation and member id due to: consumer pro-actively leaving the group 
2025-04-28 10:36:16-014 [exchangeRepliesContainer-0-C-1] INFO  o.a.k.c.c.i.ConsumerCoordinator - [Consumer clientId=consumer-exchange-group-1, groupId=exchange-group] Request joining group due to: consumer pro-actively leaving the group 
2025-04-28 10:36:16-014 [exchangeRepliesContainer-0-C-1] INFO  o.a.k.c.c.i.LegacyKafkaConsumer - [Consumer clientId=consumer-exchange-group-1, groupId=exchange-group] Unsubscribed all topics or patterns and assigned partitions 
2025-04-28 10:36:16-017 [exchangeRepliesContainer-0-C-1] INFO  o.a.k.c.c.i.ConsumerCoordinator - [Consumer clientId=consumer-exchange-group-1, groupId=exchange-group] Resetting generation and member id due to: consumer pro-actively leaving the group 
2025-04-28 10:36:16-017 [exchangeRepliesContainer-0-C-1] INFO  o.a.k.c.c.i.ConsumerCoordinator - [Consumer clientId=consumer-exchange-group-1, groupId=exchange-group] Request joining group due to: consumer pro-actively leaving the group 
2025-04-28 10:36:16-022 [exchangeRepliesContainer-0-C-1] INFO  o.a.kafka.common.metrics.Metrics - Metrics scheduler closed 
2025-04-28 10:36:16-022 [exchangeRepliesContainer-0-C-1] INFO  o.a.kafka.common.metrics.Metrics - Closing reporter org.apache.kafka.common.metrics.JmxReporter 
2025-04-28 10:36:16-023 [exchangeRepliesContainer-0-C-1] INFO  o.a.kafka.common.metrics.Metrics - Closing reporter org.apache.kafka.common.telemetry.internals.ClientTelemetryReporter 
2025-04-28 10:36:16-023 [exchangeRepliesContainer-0-C-1] INFO  o.a.kafka.common.metrics.Metrics - Metrics reporters closed 
2025-04-28 10:36:16-030 [exchangeRepliesContainer-0-C-1] INFO  o.a.kafka.common.utils.AppInfoParser - App info kafka.consumer for consumer-exchange-group-1 unregistered 
2025-04-28 10:36:16-032 [exchangeRepliesContainer-0-C-1] INFO  o.s.k.l.KafkaMessageListenerContainer - exchange-group: Consumer stopped 
2025-04-28 10:36:16-032 [DiscoveryClient-InstanceInfoReplicator-%d] INFO  c.netflix.discovery.DiscoveryClient - DiscoveryClient_P2P-BOOTCOIN-SERVICE/p2p-bootcoin-service:8803 - registration status: 204 
2025-04-28 10:36:16-033 [transactionRepliesContainer-0-C-1] INFO  o.a.k.c.c.i.ConsumerCoordinator - [Consumer clientId=consumer-transaction-group-2, groupId=transaction-group] Resetting generation and member id due to: consumer pro-actively leaving the group 
2025-04-28 10:36:16-034 [transactionRepliesContainer-0-C-1] INFO  o.a.k.c.c.i.ConsumerCoordinator - [Consumer clientId=consumer-transaction-group-2, groupId=transaction-group] Request joining group due to: consumer pro-actively leaving the group 
2025-04-28 10:36:16-034 [transactionRepliesContainer-0-C-1] INFO  o.a.k.c.c.i.LegacyKafkaConsumer - [Consumer clientId=consumer-transaction-group-2, groupId=transaction-group] Unsubscribed all topics or patterns and assigned partitions 
2025-04-28 10:36:16-034 [transactionRepliesContainer-0-C-1] INFO  o.a.k.c.c.i.ConsumerCoordinator - [Consumer clientId=consumer-transaction-group-2, groupId=transaction-group] Resetting generation and member id due to: consumer pro-actively leaving the group 
2025-04-28 10:36:16-034 [transactionRepliesContainer-0-C-1] INFO  o.a.k.c.c.i.ConsumerCoordinator - [Consumer clientId=consumer-transaction-group-2, groupId=transaction-group] Request joining group due to: consumer pro-actively leaving the group 
2025-04-28 10:36:16-038 [transactionRepliesContainer-0-C-1] INFO  o.a.kafka.common.metrics.Metrics - Metrics scheduler closed 
2025-04-28 10:36:16-038 [transactionRepliesContainer-0-C-1] INFO  o.a.kafka.common.metrics.Metrics - Closing reporter org.apache.kafka.common.metrics.JmxReporter 
2025-04-28 10:36:16-038 [transactionRepliesContainer-0-C-1] INFO  o.a.kafka.common.metrics.Metrics - Closing reporter org.apache.kafka.common.telemetry.internals.ClientTelemetryReporter 
2025-04-28 10:36:16-038 [transactionRepliesContainer-0-C-1] INFO  o.a.kafka.common.metrics.Metrics - Metrics reporters closed 
2025-04-28 10:36:16-042 [transactionRepliesContainer-0-C-1] INFO  o.a.kafka.common.utils.AppInfoParser - App info kafka.consumer for consumer-transaction-group-2 unregistered 
2025-04-28 10:36:16-042 [transactionRepliesContainer-0-C-1] INFO  o.s.k.l.KafkaMessageListenerContainer - transaction-group: Consumer stopped 
2025-04-28 10:36:16-043 [bootCoinUserRepliesContainer-0-C-1] INFO  o.a.k.c.c.i.ConsumerCoordinator - [Consumer clientId=consumer-bootuser-group-3, groupId=bootuser-group] Resetting generation and member id due to: consumer pro-actively leaving the group 
2025-04-28 10:36:16-043 [bootCoinUserRepliesContainer-0-C-1] INFO  o.a.k.c.c.i.ConsumerCoordinator - [Consumer clientId=consumer-bootuser-group-3, groupId=bootuser-group] Request joining group due to: consumer pro-actively leaving the group 
2025-04-28 10:36:16-043 [bootCoinUserRepliesContainer-0-C-1] INFO  o.a.k.c.c.i.LegacyKafkaConsumer - [Consumer clientId=consumer-bootuser-group-3, groupId=bootuser-group] Unsubscribed all topics or patterns and assigned partitions 
2025-04-28 10:36:16-043 [bootCoinUserRepliesContainer-0-C-1] INFO  o.a.k.c.c.i.ConsumerCoordinator - [Consumer clientId=consumer-bootuser-group-3, groupId=bootuser-group] Resetting generation and member id due to: consumer pro-actively leaving the group 
2025-04-28 10:36:16-044 [bootCoinUserRepliesContainer-0-C-1] INFO  o.a.k.c.c.i.ConsumerCoordinator - [Consumer clientId=consumer-bootuser-group-3, groupId=bootuser-group] Request joining group due to: consumer pro-actively leaving the group 
2025-04-28 10:36:16-044 [bootCoinUserRepliesContainer-0-C-1] INFO  o.a.kafka.common.metrics.Metrics - Metrics scheduler closed 
2025-04-28 10:36:16-044 [bootCoinUserRepliesContainer-0-C-1] INFO  o.a.kafka.common.metrics.Metrics - Closing reporter org.apache.kafka.common.metrics.JmxReporter 
2025-04-28 10:36:16-044 [bootCoinUserRepliesContainer-0-C-1] INFO  o.a.kafka.common.metrics.Metrics - Closing reporter org.apache.kafka.common.telemetry.internals.ClientTelemetryReporter 
2025-04-28 10:36:16-044 [bootCoinUserRepliesContainer-0-C-1] INFO  o.a.kafka.common.metrics.Metrics - Metrics reporters closed 
2025-04-28 10:36:16-047 [bootCoinUserRepliesContainer-0-C-1] INFO  o.a.kafka.common.utils.AppInfoParser - App info kafka.consumer for consumer-bootuser-group-3 unregistered 
2025-04-28 10:36:16-047 [bootCoinUserRepliesContainer-0-C-1] INFO  o.s.k.l.KafkaMessageListenerContainer - bootuser-group: Consumer stopped 
2025-04-28 10:36:16-048 [walletRepliesContainer-0-C-1] INFO  o.a.k.c.c.i.ConsumerCoordinator - [Consumer clientId=consumer-wallet-group-4, groupId=wallet-group] Resetting generation and member id due to: consumer pro-actively leaving the group 
2025-04-28 10:36:16-048 [walletRepliesContainer-0-C-1] INFO  o.a.k.c.c.i.ConsumerCoordinator - [Consumer clientId=consumer-wallet-group-4, groupId=wallet-group] Request joining group due to: consumer pro-actively leaving the group 
2025-04-28 10:36:16-048 [walletRepliesContainer-0-C-1] INFO  o.a.k.c.c.i.LegacyKafkaConsumer - [Consumer clientId=consumer-wallet-group-4, groupId=wallet-group] Unsubscribed all topics or patterns and assigned partitions 
2025-04-28 10:36:16-048 [walletRepliesContainer-0-C-1] INFO  o.a.k.c.c.i.ConsumerCoordinator - [Consumer clientId=consumer-wallet-group-4, groupId=wallet-group] Resetting generation and member id due to: consumer pro-actively leaving the group 
2025-04-28 10:36:16-048 [walletRepliesContainer-0-C-1] INFO  o.a.k.c.c.i.ConsumerCoordinator - [Consumer clientId=consumer-wallet-group-4, groupId=wallet-group] Request joining group due to: consumer pro-actively leaving the group 
2025-04-28 10:36:16-049 [walletRepliesContainer-0-C-1] INFO  o.a.kafka.common.metrics.Metrics - Metrics scheduler closed 
2025-04-28 10:36:16-049 [walletRepliesContainer-0-C-1] INFO  o.a.kafka.common.metrics.Metrics - Closing reporter org.apache.kafka.common.metrics.JmxReporter 
2025-04-28 10:36:16-049 [walletRepliesContainer-0-C-1] INFO  o.a.kafka.common.metrics.Metrics - Closing reporter org.apache.kafka.common.telemetry.internals.ClientTelemetryReporter 
2025-04-28 10:36:16-049 [walletRepliesContainer-0-C-1] INFO  o.a.kafka.common.metrics.Metrics - Metrics reporters closed 
2025-04-28 10:36:16-051 [walletRepliesContainer-0-C-1] INFO  o.a.kafka.common.utils.AppInfoParser - App info kafka.consumer for consumer-wallet-group-4 unregistered 
2025-04-28 10:36:16-051 [walletRepliesContainer-0-C-1] INFO  o.s.k.l.KafkaMessageListenerContainer - wallet-group: Consumer stopped 
2025-04-28 10:36:16-052 [walletUserRepliesContainer-0-C-1] INFO  o.a.k.c.c.i.ConsumerCoordinator - [Consumer clientId=consumer-wallet-group-5, groupId=wallet-group] Resetting generation and member id due to: consumer pro-actively leaving the group 
2025-04-28 10:36:16-052 [walletUserRepliesContainer-0-C-1] INFO  o.a.k.c.c.i.ConsumerCoordinator - [Consumer clientId=consumer-wallet-group-5, groupId=wallet-group] Request joining group due to: consumer pro-actively leaving the group 
2025-04-28 10:36:16-052 [walletUserRepliesContainer-0-C-1] INFO  o.a.k.c.c.i.LegacyKafkaConsumer - [Consumer clientId=consumer-wallet-group-5, groupId=wallet-group] Unsubscribed all topics or patterns and assigned partitions 
2025-04-28 10:36:16-052 [walletUserRepliesContainer-0-C-1] INFO  o.a.k.c.c.i.ConsumerCoordinator - [Consumer clientId=consumer-wallet-group-5, groupId=wallet-group] Resetting generation and member id due to: consumer pro-actively leaving the group 
2025-04-28 10:36:16-052 [walletUserRepliesContainer-0-C-1] INFO  o.a.k.c.c.i.ConsumerCoordinator - [Consumer clientId=consumer-wallet-group-5, groupId=wallet-group] Request joining group due to: consumer pro-actively leaving the group 
2025-04-28 10:36:16-052 [walletUserRepliesContainer-0-C-1] INFO  o.a.kafka.common.metrics.Metrics - Metrics scheduler closed 
2025-04-28 10:36:16-052 [walletUserRepliesContainer-0-C-1] INFO  o.a.kafka.common.metrics.Metrics - Closing reporter org.apache.kafka.common.metrics.JmxReporter 
2025-04-28 10:36:16-052 [walletUserRepliesContainer-0-C-1] INFO  o.a.kafka.common.metrics.Metrics - Closing reporter org.apache.kafka.common.telemetry.internals.ClientTelemetryReporter 
2025-04-28 10:36:16-053 [walletUserRepliesContainer-0-C-1] INFO  o.a.kafka.common.metrics.Metrics - Metrics reporters closed 
2025-04-28 10:36:16-055 [walletUserRepliesContainer-0-C-1] INFO  o.a.kafka.common.utils.AppInfoParser - App info kafka.consumer for consumer-wallet-group-5 unregistered 
2025-04-28 10:36:16-055 [walletUserRepliesContainer-0-C-1] INFO  o.s.k.l.KafkaMessageListenerContainer - wallet-group: Consumer stopped 
2025-04-28 10:36:16-057 [SpringApplicationShutdownHook] INFO  o.s.b.w.e.netty.GracefulShutdown - Commencing graceful shutdown. Waiting for active requests to complete 
2025-04-28 10:36:16-064 [netty-shutdown] INFO  o.s.b.w.e.netty.GracefulShutdown - Graceful shutdown complete 
2025-04-28 10:36:25-173 [main] INFO  c.b.p.b.s.P2pBootcoinServiceApplication - Starting P2pBootcoinServiceApplication using Java 17.0.12 with PID 21104 (C:\Users\mgarcsar\Documents\Bootcamp\etregables\BootCoin\p2p-bootcoin-service\target\classes started by mgarcsar in C:\Users\mgarcsar\Documents\Bootcamp\etregables\BootCoin) 
2025-04-28 10:36:25-177 [main] INFO  c.b.p.b.s.P2pBootcoinServiceApplication - The following 1 profile is active: "dev" 
2025-04-28 10:36:26-496 [main] INFO  o.s.cloud.context.scope.GenericScope - BeanFactory id=63bdf235-9fe9-3bb3-8101-479c9375d43e 
2025-04-28 10:36:27-849 [main] INFO  o.s.b.a.e.web.EndpointLinksResolver - Exposing 2 endpoints beneath base path '/actuator' 
2025-04-28 10:36:28-473 [main] INFO  o.s.c.n.e.c.DiscoveryClientOptionalArgsConfiguration - Eureka HTTP Client uses RestTemplate. 
2025-04-28 10:36:28-522 [main] WARN  o.s.c.l.c.LoadBalancerCacheAutoConfiguration$LoadBalancerCaffeineWarnLogger - Spring Cloud LoadBalancer is currently working with the default cache. While this cache implementation is useful for development and tests, it's recommended to use Caffeine cache in production.You can switch to using Caffeine cache, by adding it and org.springframework.cache.caffeine.CaffeineCacheManager to the classpath. 
2025-04-28 10:36:28-646 [main] INFO  o.a.k.c.consumer.ConsumerConfig - ConsumerConfig values: 
	allow.auto.create.topics = true
	auto.commit.interval.ms = 5000
	auto.include.jmx.reporter = true
	auto.offset.reset = latest
	bootstrap.servers = [localhost:29092]
	check.crcs = true
	client.dns.lookup = use_all_dns_ips
	client.id = consumer-exchange-group-1
	client.rack = 
	connections.max.idle.ms = 540000
	default.api.timeout.ms = 60000
	enable.auto.commit = false
	enable.metrics.push = true
	exclude.internal.topics = true
	fetch.max.bytes = 52428800
	fetch.max.wait.ms = 500
	fetch.min.bytes = 1
	group.id = exchange-group
	group.instance.id = null
	group.protocol = classic
	group.remote.assignor = null
	heartbeat.interval.ms = 3000
	interceptor.classes = []
	internal.leave.group.on.close = true
	internal.throw.on.fetch.stable.offset.unsupported = false
	isolation.level = read_uncommitted
	key.deserializer = class org.apache.kafka.common.serialization.StringDeserializer
	max.partition.fetch.bytes = 1048576
	max.poll.interval.ms = 300000
	max.poll.records = 500
	metadata.max.age.ms = 300000
	metadata.recovery.strategy = none
	metric.reporters = []
	metrics.num.samples = 2
	metrics.recording.level = INFO
	metrics.sample.window.ms = 30000
	partition.assignment.strategy = [class org.apache.kafka.clients.consumer.RangeAssignor, class org.apache.kafka.clients.consumer.CooperativeStickyAssignor]
	receive.buffer.bytes = 65536
	reconnect.backoff.max.ms = 1000
	reconnect.backoff.ms = 50
	request.timeout.ms = 30000
	retry.backoff.max.ms = 1000
	retry.backoff.ms = 100
	sasl.client.callback.handler.class = null
	sasl.jaas.config = null
	sasl.kerberos.kinit.cmd = /usr/bin/kinit
	sasl.kerberos.min.time.before.relogin = 60000
	sasl.kerberos.service.name = null
	sasl.kerberos.ticket.renew.jitter = 0.05
	sasl.kerberos.ticket.renew.window.factor = 0.8
	sasl.login.callback.handler.class = null
	sasl.login.class = null
	sasl.login.connect.timeout.ms = null
	sasl.login.read.timeout.ms = null
	sasl.login.refresh.buffer.seconds = 300
	sasl.login.refresh.min.period.seconds = 60
	sasl.login.refresh.window.factor = 0.8
	sasl.login.refresh.window.jitter = 0.05
	sasl.login.retry.backoff.max.ms = 10000
	sasl.login.retry.backoff.ms = 100
	sasl.mechanism = GSSAPI
	sasl.oauthbearer.clock.skew.seconds = 30
	sasl.oauthbearer.expected.audience = null
	sasl.oauthbearer.expected.issuer = null
	sasl.oauthbearer.jwks.endpoint.refresh.ms = 3600000
	sasl.oauthbearer.jwks.endpoint.retry.backoff.max.ms = 10000
	sasl.oauthbearer.jwks.endpoint.retry.backoff.ms = 100
	sasl.oauthbearer.jwks.endpoint.url = null
	sasl.oauthbearer.scope.claim.name = scope
	sasl.oauthbearer.sub.claim.name = sub
	sasl.oauthbearer.token.endpoint.url = null
	security.protocol = PLAINTEXT
	security.providers = null
	send.buffer.bytes = 131072
	session.timeout.ms = 45000
	socket.connection.setup.timeout.max.ms = 30000
	socket.connection.setup.timeout.ms = 10000
	ssl.cipher.suites = null
	ssl.enabled.protocols = [TLSv1.2, TLSv1.3]
	ssl.endpoint.identification.algorithm = https
	ssl.engine.factory.class = null
	ssl.key.password = null
	ssl.keymanager.algorithm = SunX509
	ssl.keystore.certificate.chain = null
	ssl.keystore.key = null
	ssl.keystore.location = null
	ssl.keystore.password = null
	ssl.keystore.type = JKS
	ssl.protocol = TLSv1.3
	ssl.provider = null
	ssl.secure.random.implementation = null
	ssl.trustmanager.algorithm = PKIX
	ssl.truststore.certificates = null
	ssl.truststore.location = null
	ssl.truststore.password = null
	ssl.truststore.type = JKS
	value.deserializer = class org.apache.kafka.common.serialization.StringDeserializer
 
2025-04-28 10:36:28-731 [main] INFO  o.a.k.c.t.i.KafkaMetricsCollector - initializing Kafka metrics collector 
2025-04-28 10:36:28-885 [main] INFO  o.a.kafka.common.utils.AppInfoParser - Kafka version: 3.8.1 
2025-04-28 10:36:28-887 [main] INFO  o.a.kafka.common.utils.AppInfoParser - Kafka commitId: 70d6ff42debf7e17 
2025-04-28 10:36:28-887 [main] INFO  o.a.kafka.common.utils.AppInfoParser - Kafka startTimeMs: 1745854588884 
2025-04-28 10:36:28-890 [main] INFO  o.a.k.c.c.i.LegacyKafkaConsumer - [Consumer clientId=consumer-exchange-group-1, groupId=exchange-group] Subscribed to topic(s): exchange-response 
2025-04-28 10:36:28-904 [main] INFO  o.a.k.c.consumer.ConsumerConfig - ConsumerConfig values: 
	allow.auto.create.topics = true
	auto.commit.interval.ms = 5000
	auto.include.jmx.reporter = true
	auto.offset.reset = latest
	bootstrap.servers = [localhost:29092]
	check.crcs = true
	client.dns.lookup = use_all_dns_ips
	client.id = consumer-transaction-group-2
	client.rack = 
	connections.max.idle.ms = 540000
	default.api.timeout.ms = 60000
	enable.auto.commit = false
	enable.metrics.push = true
	exclude.internal.topics = true
	fetch.max.bytes = 52428800
	fetch.max.wait.ms = 500
	fetch.min.bytes = 1
	group.id = transaction-group
	group.instance.id = null
	group.protocol = classic
	group.remote.assignor = null
	heartbeat.interval.ms = 3000
	interceptor.classes = []
	internal.leave.group.on.close = true
	internal.throw.on.fetch.stable.offset.unsupported = false
	isolation.level = read_uncommitted
	key.deserializer = class org.apache.kafka.common.serialization.StringDeserializer
	max.partition.fetch.bytes = 1048576
	max.poll.interval.ms = 300000
	max.poll.records = 500
	metadata.max.age.ms = 300000
	metadata.recovery.strategy = none
	metric.reporters = []
	metrics.num.samples = 2
	metrics.recording.level = INFO
	metrics.sample.window.ms = 30000
	partition.assignment.strategy = [class org.apache.kafka.clients.consumer.RangeAssignor, class org.apache.kafka.clients.consumer.CooperativeStickyAssignor]
	receive.buffer.bytes = 65536
	reconnect.backoff.max.ms = 1000
	reconnect.backoff.ms = 50
	request.timeout.ms = 30000
	retry.backoff.max.ms = 1000
	retry.backoff.ms = 100
	sasl.client.callback.handler.class = null
	sasl.jaas.config = null
	sasl.kerberos.kinit.cmd = /usr/bin/kinit
	sasl.kerberos.min.time.before.relogin = 60000
	sasl.kerberos.service.name = null
	sasl.kerberos.ticket.renew.jitter = 0.05
	sasl.kerberos.ticket.renew.window.factor = 0.8
	sasl.login.callback.handler.class = null
	sasl.login.class = null
	sasl.login.connect.timeout.ms = null
	sasl.login.read.timeout.ms = null
	sasl.login.refresh.buffer.seconds = 300
	sasl.login.refresh.min.period.seconds = 60
	sasl.login.refresh.window.factor = 0.8
	sasl.login.refresh.window.jitter = 0.05
	sasl.login.retry.backoff.max.ms = 10000
	sasl.login.retry.backoff.ms = 100
	sasl.mechanism = GSSAPI
	sasl.oauthbearer.clock.skew.seconds = 30
	sasl.oauthbearer.expected.audience = null
	sasl.oauthbearer.expected.issuer = null
	sasl.oauthbearer.jwks.endpoint.refresh.ms = 3600000
	sasl.oauthbearer.jwks.endpoint.retry.backoff.max.ms = 10000
	sasl.oauthbearer.jwks.endpoint.retry.backoff.ms = 100
	sasl.oauthbearer.jwks.endpoint.url = null
	sasl.oauthbearer.scope.claim.name = scope
	sasl.oauthbearer.sub.claim.name = sub
	sasl.oauthbearer.token.endpoint.url = null
	security.protocol = PLAINTEXT
	security.providers = null
	send.buffer.bytes = 131072
	session.timeout.ms = 45000
	socket.connection.setup.timeout.max.ms = 30000
	socket.connection.setup.timeout.ms = 10000
	ssl.cipher.suites = null
	ssl.enabled.protocols = [TLSv1.2, TLSv1.3]
	ssl.endpoint.identification.algorithm = https
	ssl.engine.factory.class = null
	ssl.key.password = null
	ssl.keymanager.algorithm = SunX509
	ssl.keystore.certificate.chain = null
	ssl.keystore.key = null
	ssl.keystore.location = null
	ssl.keystore.password = null
	ssl.keystore.type = JKS
	ssl.protocol = TLSv1.3
	ssl.provider = null
	ssl.secure.random.implementation = null
	ssl.trustmanager.algorithm = PKIX
	ssl.truststore.certificates = null
	ssl.truststore.location = null
	ssl.truststore.password = null
	ssl.truststore.type = JKS
	value.deserializer = class org.apache.kafka.common.serialization.StringDeserializer
 
2025-04-28 10:36:28-904 [main] INFO  o.a.k.c.t.i.KafkaMetricsCollector - initializing Kafka metrics collector 
2025-04-28 10:36:28-916 [main] INFO  o.a.kafka.common.utils.AppInfoParser - Kafka version: 3.8.1 
2025-04-28 10:36:28-916 [main] INFO  o.a.kafka.common.utils.AppInfoParser - Kafka commitId: 70d6ff42debf7e17 
2025-04-28 10:36:28-916 [main] INFO  o.a.kafka.common.utils.AppInfoParser - Kafka startTimeMs: 1745854588916 
2025-04-28 10:36:28-917 [main] INFO  o.a.k.c.c.i.LegacyKafkaConsumer - [Consumer clientId=consumer-transaction-group-2, groupId=transaction-group] Subscribed to topic(s): transaction-list-response 
2025-04-28 10:36:28-919 [main] INFO  o.a.k.c.consumer.ConsumerConfig - ConsumerConfig values: 
	allow.auto.create.topics = true
	auto.commit.interval.ms = 5000
	auto.include.jmx.reporter = true
	auto.offset.reset = latest
	bootstrap.servers = [localhost:29092]
	check.crcs = true
	client.dns.lookup = use_all_dns_ips
	client.id = consumer-bootuser-group-3
	client.rack = 
	connections.max.idle.ms = 540000
	default.api.timeout.ms = 60000
	enable.auto.commit = false
	enable.metrics.push = true
	exclude.internal.topics = true
	fetch.max.bytes = 52428800
	fetch.max.wait.ms = 500
	fetch.min.bytes = 1
	group.id = bootuser-group
	group.instance.id = null
	group.protocol = classic
	group.remote.assignor = null
	heartbeat.interval.ms = 3000
	interceptor.classes = []
	internal.leave.group.on.close = true
	internal.throw.on.fetch.stable.offset.unsupported = false
	isolation.level = read_uncommitted
	key.deserializer = class org.apache.kafka.common.serialization.StringDeserializer
	max.partition.fetch.bytes = 1048576
	max.poll.interval.ms = 300000
	max.poll.records = 500
	metadata.max.age.ms = 300000
	metadata.recovery.strategy = none
	metric.reporters = []
	metrics.num.samples = 2
	metrics.recording.level = INFO
	metrics.sample.window.ms = 30000
	partition.assignment.strategy = [class org.apache.kafka.clients.consumer.RangeAssignor, class org.apache.kafka.clients.consumer.CooperativeStickyAssignor]
	receive.buffer.bytes = 65536
	reconnect.backoff.max.ms = 1000
	reconnect.backoff.ms = 50
	request.timeout.ms = 30000
	retry.backoff.max.ms = 1000
	retry.backoff.ms = 100
	sasl.client.callback.handler.class = null
	sasl.jaas.config = null
	sasl.kerberos.kinit.cmd = /usr/bin/kinit
	sasl.kerberos.min.time.before.relogin = 60000
	sasl.kerberos.service.name = null
	sasl.kerberos.ticket.renew.jitter = 0.05
	sasl.kerberos.ticket.renew.window.factor = 0.8
	sasl.login.callback.handler.class = null
	sasl.login.class = null
	sasl.login.connect.timeout.ms = null
	sasl.login.read.timeout.ms = null
	sasl.login.refresh.buffer.seconds = 300
	sasl.login.refresh.min.period.seconds = 60
	sasl.login.refresh.window.factor = 0.8
	sasl.login.refresh.window.jitter = 0.05
	sasl.login.retry.backoff.max.ms = 10000
	sasl.login.retry.backoff.ms = 100
	sasl.mechanism = GSSAPI
	sasl.oauthbearer.clock.skew.seconds = 30
	sasl.oauthbearer.expected.audience = null
	sasl.oauthbearer.expected.issuer = null
	sasl.oauthbearer.jwks.endpoint.refresh.ms = 3600000
	sasl.oauthbearer.jwks.endpoint.retry.backoff.max.ms = 10000
	sasl.oauthbearer.jwks.endpoint.retry.backoff.ms = 100
	sasl.oauthbearer.jwks.endpoint.url = null
	sasl.oauthbearer.scope.claim.name = scope
	sasl.oauthbearer.sub.claim.name = sub
	sasl.oauthbearer.token.endpoint.url = null
	security.protocol = PLAINTEXT
	security.providers = null
	send.buffer.bytes = 131072
	session.timeout.ms = 45000
	socket.connection.setup.timeout.max.ms = 30000
	socket.connection.setup.timeout.ms = 10000
	ssl.cipher.suites = null
	ssl.enabled.protocols = [TLSv1.2, TLSv1.3]
	ssl.endpoint.identification.algorithm = https
	ssl.engine.factory.class = null
	ssl.key.password = null
	ssl.keymanager.algorithm = SunX509
	ssl.keystore.certificate.chain = null
	ssl.keystore.key = null
	ssl.keystore.location = null
	ssl.keystore.password = null
	ssl.keystore.type = JKS
	ssl.protocol = TLSv1.3
	ssl.provider = null
	ssl.secure.random.implementation = null
	ssl.trustmanager.algorithm = PKIX
	ssl.truststore.certificates = null
	ssl.truststore.location = null
	ssl.truststore.password = null
	ssl.truststore.type = JKS
	value.deserializer = class org.apache.kafka.common.serialization.StringDeserializer
 
2025-04-28 10:36:28-920 [main] INFO  o.a.k.c.t.i.KafkaMetricsCollector - initializing Kafka metrics collector 
2025-04-28 10:36:28-929 [main] INFO  o.a.kafka.common.utils.AppInfoParser - Kafka version: 3.8.1 
2025-04-28 10:36:28-929 [main] INFO  o.a.kafka.common.utils.AppInfoParser - Kafka commitId: 70d6ff42debf7e17 
2025-04-28 10:36:28-929 [main] INFO  o.a.kafka.common.utils.AppInfoParser - Kafka startTimeMs: 1745854588929 
2025-04-28 10:36:28-930 [main] INFO  o.a.k.c.c.i.LegacyKafkaConsumer - [Consumer clientId=consumer-bootuser-group-3, groupId=bootuser-group] Subscribed to topic(s): user-response 
2025-04-28 10:36:28-932 [main] INFO  o.a.k.c.consumer.ConsumerConfig - ConsumerConfig values: 
	allow.auto.create.topics = true
	auto.commit.interval.ms = 5000
	auto.include.jmx.reporter = true
	auto.offset.reset = latest
	bootstrap.servers = [localhost:29092]
	check.crcs = true
	client.dns.lookup = use_all_dns_ips
	client.id = consumer-wallet-group-4
	client.rack = 
	connections.max.idle.ms = 540000
	default.api.timeout.ms = 60000
	enable.auto.commit = false
	enable.metrics.push = true
	exclude.internal.topics = true
	fetch.max.bytes = 52428800
	fetch.max.wait.ms = 500
	fetch.min.bytes = 1
	group.id = wallet-group
	group.instance.id = null
	group.protocol = classic
	group.remote.assignor = null
	heartbeat.interval.ms = 3000
	interceptor.classes = []
	internal.leave.group.on.close = true
	internal.throw.on.fetch.stable.offset.unsupported = false
	isolation.level = read_uncommitted
	key.deserializer = class org.apache.kafka.common.serialization.StringDeserializer
	max.partition.fetch.bytes = 1048576
	max.poll.interval.ms = 300000
	max.poll.records = 500
	metadata.max.age.ms = 300000
	metadata.recovery.strategy = none
	metric.reporters = []
	metrics.num.samples = 2
	metrics.recording.level = INFO
	metrics.sample.window.ms = 30000
	partition.assignment.strategy = [class org.apache.kafka.clients.consumer.RangeAssignor, class org.apache.kafka.clients.consumer.CooperativeStickyAssignor]
	receive.buffer.bytes = 65536
	reconnect.backoff.max.ms = 1000
	reconnect.backoff.ms = 50
	request.timeout.ms = 30000
	retry.backoff.max.ms = 1000
	retry.backoff.ms = 100
	sasl.client.callback.handler.class = null
	sasl.jaas.config = null
	sasl.kerberos.kinit.cmd = /usr/bin/kinit
	sasl.kerberos.min.time.before.relogin = 60000
	sasl.kerberos.service.name = null
	sasl.kerberos.ticket.renew.jitter = 0.05
	sasl.kerberos.ticket.renew.window.factor = 0.8
	sasl.login.callback.handler.class = null
	sasl.login.class = null
	sasl.login.connect.timeout.ms = null
	sasl.login.read.timeout.ms = null
	sasl.login.refresh.buffer.seconds = 300
	sasl.login.refresh.min.period.seconds = 60
	sasl.login.refresh.window.factor = 0.8
	sasl.login.refresh.window.jitter = 0.05
	sasl.login.retry.backoff.max.ms = 10000
	sasl.login.retry.backoff.ms = 100
	sasl.mechanism = GSSAPI
	sasl.oauthbearer.clock.skew.seconds = 30
	sasl.oauthbearer.expected.audience = null
	sasl.oauthbearer.expected.issuer = null
	sasl.oauthbearer.jwks.endpoint.refresh.ms = 3600000
	sasl.oauthbearer.jwks.endpoint.retry.backoff.max.ms = 10000
	sasl.oauthbearer.jwks.endpoint.retry.backoff.ms = 100
	sasl.oauthbearer.jwks.endpoint.url = null
	sasl.oauthbearer.scope.claim.name = scope
	sasl.oauthbearer.sub.claim.name = sub
	sasl.oauthbearer.token.endpoint.url = null
	security.protocol = PLAINTEXT
	security.providers = null
	send.buffer.bytes = 131072
	session.timeout.ms = 45000
	socket.connection.setup.timeout.max.ms = 30000
	socket.connection.setup.timeout.ms = 10000
	ssl.cipher.suites = null
	ssl.enabled.protocols = [TLSv1.2, TLSv1.3]
	ssl.endpoint.identification.algorithm = https
	ssl.engine.factory.class = null
	ssl.key.password = null
	ssl.keymanager.algorithm = SunX509
	ssl.keystore.certificate.chain = null
	ssl.keystore.key = null
	ssl.keystore.location = null
	ssl.keystore.password = null
	ssl.keystore.type = JKS
	ssl.protocol = TLSv1.3
	ssl.provider = null
	ssl.secure.random.implementation = null
	ssl.trustmanager.algorithm = PKIX
	ssl.truststore.certificates = null
	ssl.truststore.location = null
	ssl.truststore.password = null
	ssl.truststore.type = JKS
	value.deserializer = class org.apache.kafka.common.serialization.StringDeserializer
 
2025-04-28 10:36:28-933 [main] INFO  o.a.k.c.t.i.KafkaMetricsCollector - initializing Kafka metrics collector 
2025-04-28 10:36:28-939 [main] INFO  o.a.kafka.common.utils.AppInfoParser - Kafka version: 3.8.1 
2025-04-28 10:36:28-940 [main] INFO  o.a.kafka.common.utils.AppInfoParser - Kafka commitId: 70d6ff42debf7e17 
2025-04-28 10:36:28-940 [main] INFO  o.a.kafka.common.utils.AppInfoParser - Kafka startTimeMs: 1745854588939 
2025-04-28 10:36:28-940 [main] INFO  o.a.k.c.c.i.LegacyKafkaConsumer - [Consumer clientId=consumer-wallet-group-4, groupId=wallet-group] Subscribed to topic(s): wallet-bootcoin-response 
2025-04-28 10:36:28-943 [main] INFO  o.a.k.c.consumer.ConsumerConfig - ConsumerConfig values: 
	allow.auto.create.topics = true
	auto.commit.interval.ms = 5000
	auto.include.jmx.reporter = true
	auto.offset.reset = latest
	bootstrap.servers = [localhost:29092]
	check.crcs = true
	client.dns.lookup = use_all_dns_ips
	client.id = consumer-wallet-group-5
	client.rack = 
	connections.max.idle.ms = 540000
	default.api.timeout.ms = 60000
	enable.auto.commit = false
	enable.metrics.push = true
	exclude.internal.topics = true
	fetch.max.bytes = 52428800
	fetch.max.wait.ms = 500
	fetch.min.bytes = 1
	group.id = wallet-group
	group.instance.id = null
	group.protocol = classic
	group.remote.assignor = null
	heartbeat.interval.ms = 3000
	interceptor.classes = []
	internal.leave.group.on.close = true
	internal.throw.on.fetch.stable.offset.unsupported = false
	isolation.level = read_uncommitted
	key.deserializer = class org.apache.kafka.common.serialization.StringDeserializer
	max.partition.fetch.bytes = 1048576
	max.poll.interval.ms = 300000
	max.poll.records = 500
	metadata.max.age.ms = 300000
	metadata.recovery.strategy = none
	metric.reporters = []
	metrics.num.samples = 2
	metrics.recording.level = INFO
	metrics.sample.window.ms = 30000
	partition.assignment.strategy = [class org.apache.kafka.clients.consumer.RangeAssignor, class org.apache.kafka.clients.consumer.CooperativeStickyAssignor]
	receive.buffer.bytes = 65536
	reconnect.backoff.max.ms = 1000
	reconnect.backoff.ms = 50
	request.timeout.ms = 30000
	retry.backoff.max.ms = 1000
	retry.backoff.ms = 100
	sasl.client.callback.handler.class = null
	sasl.jaas.config = null
	sasl.kerberos.kinit.cmd = /usr/bin/kinit
	sasl.kerberos.min.time.before.relogin = 60000
	sasl.kerberos.service.name = null
	sasl.kerberos.ticket.renew.jitter = 0.05
	sasl.kerberos.ticket.renew.window.factor = 0.8
	sasl.login.callback.handler.class = null
	sasl.login.class = null
	sasl.login.connect.timeout.ms = null
	sasl.login.read.timeout.ms = null
	sasl.login.refresh.buffer.seconds = 300
	sasl.login.refresh.min.period.seconds = 60
	sasl.login.refresh.window.factor = 0.8
	sasl.login.refresh.window.jitter = 0.05
	sasl.login.retry.backoff.max.ms = 10000
	sasl.login.retry.backoff.ms = 100
	sasl.mechanism = GSSAPI
	sasl.oauthbearer.clock.skew.seconds = 30
	sasl.oauthbearer.expected.audience = null
	sasl.oauthbearer.expected.issuer = null
	sasl.oauthbearer.jwks.endpoint.refresh.ms = 3600000
	sasl.oauthbearer.jwks.endpoint.retry.backoff.max.ms = 10000
	sasl.oauthbearer.jwks.endpoint.retry.backoff.ms = 100
	sasl.oauthbearer.jwks.endpoint.url = null
	sasl.oauthbearer.scope.claim.name = scope
	sasl.oauthbearer.sub.claim.name = sub
	sasl.oauthbearer.token.endpoint.url = null
	security.protocol = PLAINTEXT
	security.providers = null
	send.buffer.bytes = 131072
	session.timeout.ms = 45000
	socket.connection.setup.timeout.max.ms = 30000
	socket.connection.setup.timeout.ms = 10000
	ssl.cipher.suites = null
	ssl.enabled.protocols = [TLSv1.2, TLSv1.3]
	ssl.endpoint.identification.algorithm = https
	ssl.engine.factory.class = null
	ssl.key.password = null
	ssl.keymanager.algorithm = SunX509
	ssl.keystore.certificate.chain = null
	ssl.keystore.key = null
	ssl.keystore.location = null
	ssl.keystore.password = null
	ssl.keystore.type = JKS
	ssl.protocol = TLSv1.3
	ssl.provider = null
	ssl.secure.random.implementation = null
	ssl.trustmanager.algorithm = PKIX
	ssl.truststore.certificates = null
	ssl.truststore.location = null
	ssl.truststore.password = null
	ssl.truststore.type = JKS
	value.deserializer = class org.apache.kafka.common.serialization.StringDeserializer
 
2025-04-28 10:36:28-943 [main] INFO  o.a.k.c.t.i.KafkaMetricsCollector - initializing Kafka metrics collector 
2025-04-28 10:36:28-950 [main] INFO  o.a.kafka.common.utils.AppInfoParser - Kafka version: 3.8.1 
2025-04-28 10:36:28-950 [main] INFO  o.a.kafka.common.utils.AppInfoParser - Kafka commitId: 70d6ff42debf7e17 
2025-04-28 10:36:28-951 [main] INFO  o.a.kafka.common.utils.AppInfoParser - Kafka startTimeMs: 1745854588950 
2025-04-28 10:36:28-951 [main] INFO  o.a.k.c.c.i.LegacyKafkaConsumer - [Consumer clientId=consumer-wallet-group-5, groupId=wallet-group] Subscribed to topic(s): wallet-user-response 
2025-04-28 10:36:28-982 [main] INFO  o.s.c.n.eureka.InstanceInfoFactory - Setting initial instance status as: STARTING 
2025-04-28 10:36:29-022 [main] INFO  c.netflix.discovery.DiscoveryClient - Initializing Eureka in region us-east-1 
2025-04-28 10:36:29-028 [main] INFO  c.n.d.s.r.aws.ConfigClusterResolver - Resolving eureka endpoints via configuration 
2025-04-28 10:36:29-042 [main] INFO  c.netflix.discovery.DiscoveryClient - Disable delta property : false 
2025-04-28 10:36:29-042 [main] INFO  c.netflix.discovery.DiscoveryClient - Single vip registry refresh property : null 
2025-04-28 10:36:29-042 [main] INFO  c.netflix.discovery.DiscoveryClient - Force full registry fetch : false 
2025-04-28 10:36:29-042 [main] INFO  c.netflix.discovery.DiscoveryClient - Application is null : false 
2025-04-28 10:36:29-042 [main] INFO  c.netflix.discovery.DiscoveryClient - Registered Applications size is zero : true 
2025-04-28 10:36:29-042 [main] INFO  c.netflix.discovery.DiscoveryClient - Application version is -1: true 
2025-04-28 10:36:29-042 [main] INFO  c.netflix.discovery.DiscoveryClient - Getting all instance registry info from the eureka server 
2025-04-28 10:36:29-254 [walletUserRepliesContainer-0-C-1] INFO  o.apache.kafka.clients.NetworkClient - [Consumer clientId=consumer-wallet-group-5, groupId=wallet-group] Node -1 disconnected. 
2025-04-28 10:36:29-254 [exchangeRepliesContainer-0-C-1] INFO  o.apache.kafka.clients.NetworkClient - [Consumer clientId=consumer-exchange-group-1, groupId=exchange-group] Node -1 disconnected. 
2025-04-28 10:36:29-254 [transactionRepliesContainer-0-C-1] INFO  o.apache.kafka.clients.NetworkClient - [Consumer clientId=consumer-transaction-group-2, groupId=transaction-group] Node -1 disconnected. 
2025-04-28 10:36:29-254 [walletRepliesContainer-0-C-1] INFO  o.apache.kafka.clients.NetworkClient - [Consumer clientId=consumer-wallet-group-4, groupId=wallet-group] Node -1 disconnected. 
2025-04-28 10:36:29-254 [bootCoinUserRepliesContainer-0-C-1] INFO  o.apache.kafka.clients.NetworkClient - [Consumer clientId=consumer-bootuser-group-3, groupId=bootuser-group] Node -1 disconnected. 
2025-04-28 10:36:29-257 [exchangeRepliesContainer-0-C-1] WARN  o.apache.kafka.clients.NetworkClient - [Consumer clientId=consumer-exchange-group-1, groupId=exchange-group] Connection to node -1 (localhost/127.0.0.1:29092) could not be established. Node may not be available. 
2025-04-28 10:36:29-257 [walletRepliesContainer-0-C-1] WARN  o.apache.kafka.clients.NetworkClient - [Consumer clientId=consumer-wallet-group-4, groupId=wallet-group] Connection to node -1 (localhost/127.0.0.1:29092) could not be established. Node may not be available. 
2025-04-28 10:36:29-257 [bootCoinUserRepliesContainer-0-C-1] WARN  o.apache.kafka.clients.NetworkClient - [Consumer clientId=consumer-bootuser-group-3, groupId=bootuser-group] Connection to node -1 (localhost/127.0.0.1:29092) could not be established. Node may not be available. 
2025-04-28 10:36:29-257 [transactionRepliesContainer-0-C-1] WARN  o.apache.kafka.clients.NetworkClient - [Consumer clientId=consumer-transaction-group-2, groupId=transaction-group] Connection to node -1 (localhost/127.0.0.1:29092) could not be established. Node may not be available. 
2025-04-28 10:36:29-257 [walletUserRepliesContainer-0-C-1] WARN  o.apache.kafka.clients.NetworkClient - [Consumer clientId=consumer-wallet-group-5, groupId=wallet-group] Connection to node -1 (localhost/127.0.0.1:29092) could not be established. Node may not be available. 
2025-04-28 10:36:29-258 [bootCoinUserRepliesContainer-0-C-1] WARN  o.apache.kafka.clients.NetworkClient - [Consumer clientId=consumer-bootuser-group-3, groupId=bootuser-group] Bootstrap broker localhost:29092 (id: -1 rack: null) disconnected 
2025-04-28 10:36:29-258 [walletRepliesContainer-0-C-1] WARN  o.apache.kafka.clients.NetworkClient - [Consumer clientId=consumer-wallet-group-4, groupId=wallet-group] Bootstrap broker localhost:29092 (id: -1 rack: null) disconnected 
2025-04-28 10:36:29-258 [exchangeRepliesContainer-0-C-1] WARN  o.apache.kafka.clients.NetworkClient - [Consumer clientId=consumer-exchange-group-1, groupId=exchange-group] Bootstrap broker localhost:29092 (id: -1 rack: null) disconnected 
2025-04-28 10:36:29-258 [transactionRepliesContainer-0-C-1] WARN  o.apache.kafka.clients.NetworkClient - [Consumer clientId=consumer-transaction-group-2, groupId=transaction-group] Bootstrap broker localhost:29092 (id: -1 rack: null) disconnected 
2025-04-28 10:36:29-258 [walletUserRepliesContainer-0-C-1] WARN  o.apache.kafka.clients.NetworkClient - [Consumer clientId=consumer-wallet-group-5, groupId=wallet-group] Bootstrap broker localhost:29092 (id: -1 rack: null) disconnected 
2025-04-28 10:36:29-354 [walletRepliesContainer-0-C-1] INFO  o.apache.kafka.clients.NetworkClient - [Consumer clientId=consumer-wallet-group-4, groupId=wallet-group] Node -1 disconnected. 
2025-04-28 10:36:29-355 [walletRepliesContainer-0-C-1] WARN  o.apache.kafka.clients.NetworkClient - [Consumer clientId=consumer-wallet-group-4, groupId=wallet-group] Connection to node -1 (localhost/127.0.0.1:29092) could not be established. Node may not be available. 
2025-04-28 10:36:29-355 [walletRepliesContainer-0-C-1] WARN  o.apache.kafka.clients.NetworkClient - [Consumer clientId=consumer-wallet-group-4, groupId=wallet-group] Bootstrap broker localhost:29092 (id: -1 rack: null) disconnected 
2025-04-28 10:36:29-357 [exchangeRepliesContainer-0-C-1] INFO  o.apache.kafka.clients.NetworkClient - [Consumer clientId=consumer-exchange-group-1, groupId=exchange-group] Node -1 disconnected. 
2025-04-28 10:36:29-357 [exchangeRepliesContainer-0-C-1] WARN  o.apache.kafka.clients.NetworkClient - [Consumer clientId=consumer-exchange-group-1, groupId=exchange-group] Connection to node -1 (localhost/127.0.0.1:29092) could not be established. Node may not be available. 
2025-04-28 10:36:29-358 [exchangeRepliesContainer-0-C-1] WARN  o.apache.kafka.clients.NetworkClient - [Consumer clientId=consumer-exchange-group-1, groupId=exchange-group] Bootstrap broker localhost:29092 (id: -1 rack: null) disconnected 
2025-04-28 10:36:29-359 [walletUserRepliesContainer-0-C-1] INFO  o.apache.kafka.clients.NetworkClient - [Consumer clientId=consumer-wallet-group-5, groupId=wallet-group] Node -1 disconnected. 
2025-04-28 10:36:29-359 [walletUserRepliesContainer-0-C-1] WARN  o.apache.kafka.clients.NetworkClient - [Consumer clientId=consumer-wallet-group-5, groupId=wallet-group] Connection to node -1 (localhost/127.0.0.1:29092) could not be established. Node may not be available. 
2025-04-28 10:36:29-359 [walletUserRepliesContainer-0-C-1] WARN  o.apache.kafka.clients.NetworkClient - [Consumer clientId=consumer-wallet-group-5, groupId=wallet-group] Bootstrap broker localhost:29092 (id: -1 rack: null) disconnected 
2025-04-28 10:36:29-359 [bootCoinUserRepliesContainer-0-C-1] INFO  o.apache.kafka.clients.NetworkClient - [Consumer clientId=consumer-bootuser-group-3, groupId=bootuser-group] Node -1 disconnected. 
2025-04-28 10:36:29-360 [bootCoinUserRepliesContainer-0-C-1] WARN  o.apache.kafka.clients.NetworkClient - [Consumer clientId=consumer-bootuser-group-3, groupId=bootuser-group] Connection to node -1 (localhost/127.0.0.1:29092) could not be established. Node may not be available. 
2025-04-28 10:36:29-360 [bootCoinUserRepliesContainer-0-C-1] WARN  o.apache.kafka.clients.NetworkClient - [Consumer clientId=consumer-bootuser-group-3, groupId=bootuser-group] Bootstrap broker localhost:29092 (id: -1 rack: null) disconnected 
2025-04-28 10:36:29-366 [transactionRepliesContainer-0-C-1] INFO  o.apache.kafka.clients.NetworkClient - [Consumer clientId=consumer-transaction-group-2, groupId=transaction-group] Node -1 disconnected. 
2025-04-28 10:36:29-366 [transactionRepliesContainer-0-C-1] WARN  o.apache.kafka.clients.NetworkClient - [Consumer clientId=consumer-transaction-group-2, groupId=transaction-group] Connection to node -1 (localhost/127.0.0.1:29092) could not be established. Node may not be available. 
2025-04-28 10:36:29-366 [transactionRepliesContainer-0-C-1] WARN  o.apache.kafka.clients.NetworkClient - [Consumer clientId=consumer-transaction-group-2, groupId=transaction-group] Bootstrap broker localhost:29092 (id: -1 rack: null) disconnected 
2025-04-28 10:36:29-469 [bootCoinUserRepliesContainer-0-C-1] INFO  o.apache.kafka.clients.NetworkClient - [Consumer clientId=consumer-bootuser-group-3, groupId=bootuser-group] Node -1 disconnected. 
2025-04-28 10:36:29-469 [walletRepliesContainer-0-C-1] INFO  o.apache.kafka.clients.NetworkClient - [Consumer clientId=consumer-wallet-group-4, groupId=wallet-group] Node -1 disconnected. 
2025-04-28 10:36:29-470 [walletRepliesContainer-0-C-1] WARN  o.apache.kafka.clients.NetworkClient - [Consumer clientId=consumer-wallet-group-4, groupId=wallet-group] Connection to node -1 (localhost/127.0.0.1:29092) could not be established. Node may not be available. 
2025-04-28 10:36:29-470 [bootCoinUserRepliesContainer-0-C-1] WARN  o.apache.kafka.clients.NetworkClient - [Consumer clientId=consumer-bootuser-group-3, groupId=bootuser-group] Connection to node -1 (localhost/127.0.0.1:29092) could not be established. Node may not be available. 
2025-04-28 10:36:29-470 [walletRepliesContainer-0-C-1] WARN  o.apache.kafka.clients.NetworkClient - [Consumer clientId=consumer-wallet-group-4, groupId=wallet-group] Bootstrap broker localhost:29092 (id: -1 rack: null) disconnected 
2025-04-28 10:36:29-470 [bootCoinUserRepliesContainer-0-C-1] WARN  o.apache.kafka.clients.NetworkClient - [Consumer clientId=consumer-bootuser-group-3, groupId=bootuser-group] Bootstrap broker localhost:29092 (id: -1 rack: null) disconnected 
2025-04-28 10:36:29-484 [transactionRepliesContainer-0-C-1] INFO  o.apache.kafka.clients.NetworkClient - [Consumer clientId=consumer-transaction-group-2, groupId=transaction-group] Node -1 disconnected. 
2025-04-28 10:36:29-484 [transactionRepliesContainer-0-C-1] WARN  o.apache.kafka.clients.NetworkClient - [Consumer clientId=consumer-transaction-group-2, groupId=transaction-group] Connection to node -1 (localhost/127.0.0.1:29092) could not be established. Node may not be available. 
2025-04-28 10:36:29-484 [transactionRepliesContainer-0-C-1] WARN  o.apache.kafka.clients.NetworkClient - [Consumer clientId=consumer-transaction-group-2, groupId=transaction-group] Bootstrap broker localhost:29092 (id: -1 rack: null) disconnected 
2025-04-28 10:36:29-486 [main] INFO  c.netflix.discovery.DiscoveryClient - The response status is 200 
2025-04-28 10:36:29-489 [main] INFO  c.netflix.discovery.DiscoveryClient - Starting heartbeat executor: renew interval is: 30 
2025-04-28 10:36:29-493 [main] INFO  c.n.discovery.InstanceInfoReplicator - InstanceInfoReplicator onDemand update allowed rate per min is 4 
2025-04-28 10:36:29-495 [main] INFO  c.netflix.discovery.DiscoveryClient - Discovery Client initialized at timestamp 1745854589494 with initial instances count: 6 
2025-04-28 10:36:29-498 [main] INFO  o.s.c.n.e.s.EurekaServiceRegistry - Registering application P2P-BOOTCOIN-SERVICE with eureka with status UP 
2025-04-28 10:36:29-498 [main] INFO  c.netflix.discovery.DiscoveryClient - Saw local status change event StatusChangeEvent [timestamp=1745854589498, current=UP, previous=STARTING] 
2025-04-28 10:36:29-499 [exchangeRepliesContainer-0-C-1] INFO  o.apache.kafka.clients.NetworkClient - [Consumer clientId=consumer-exchange-group-1, groupId=exchange-group] Node -1 disconnected. 
2025-04-28 10:36:29-499 [exchangeRepliesContainer-0-C-1] WARN  o.apache.kafka.clients.NetworkClient - [Consumer clientId=consumer-exchange-group-1, groupId=exchange-group] Connection to node -1 (localhost/127.0.0.1:29092) could not be established. Node may not be available. 
2025-04-28 10:36:29-500 [exchangeRepliesContainer-0-C-1] WARN  o.apache.kafka.clients.NetworkClient - [Consumer clientId=consumer-exchange-group-1, groupId=exchange-group] Bootstrap broker localhost:29092 (id: -1 rack: null) disconnected 
2025-04-28 10:36:29-501 [DiscoveryClient-InstanceInfoReplicator-%d] INFO  c.netflix.discovery.DiscoveryClient - DiscoveryClient_P2P-BOOTCOIN-SERVICE/p2p-bootcoin-service:8803: registering service... 
2025-04-28 10:36:29-530 [walletUserRepliesContainer-0-C-1] INFO  o.apache.kafka.clients.NetworkClient - [Consumer clientId=consumer-wallet-group-5, groupId=wallet-group] Node -1 disconnected. 
2025-04-28 10:36:29-531 [walletUserRepliesContainer-0-C-1] WARN  o.apache.kafka.clients.NetworkClient - [Consumer clientId=consumer-wallet-group-5, groupId=wallet-group] Connection to node -1 (localhost/127.0.0.1:29092) could not be established. Node may not be available. 
2025-04-28 10:36:29-531 [walletUserRepliesContainer-0-C-1] WARN  o.apache.kafka.clients.NetworkClient - [Consumer clientId=consumer-wallet-group-5, groupId=wallet-group] Bootstrap broker localhost:29092 (id: -1 rack: null) disconnected 
2025-04-28 10:36:29-550 [DiscoveryClient-InstanceInfoReplicator-%d] INFO  c.netflix.discovery.DiscoveryClient - DiscoveryClient_P2P-BOOTCOIN-SERVICE/p2p-bootcoin-service:8803 - registration status: 204 
2025-04-28 10:36:29-669 [main] INFO  o.s.b.w.e.netty.NettyWebServer - Netty started on port 8803 (http) 
2025-04-28 10:36:29-671 [main] INFO  o.s.c.n.e.s.EurekaAutoServiceRegistration - Updating port to 8803 
2025-04-28 10:36:29-701 [exchangeRepliesContainer-0-C-1] INFO  o.apache.kafka.clients.NetworkClient - [Consumer clientId=consumer-exchange-group-1, groupId=exchange-group] Node -1 disconnected. 
2025-04-28 10:36:29-701 [walletRepliesContainer-0-C-1] INFO  o.apache.kafka.clients.NetworkClient - [Consumer clientId=consumer-wallet-group-4, groupId=wallet-group] Node -1 disconnected. 
2025-04-28 10:36:29-701 [walletRepliesContainer-0-C-1] WARN  o.apache.kafka.clients.NetworkClient - [Consumer clientId=consumer-wallet-group-4, groupId=wallet-group] Connection to node -1 (localhost/127.0.0.1:29092) could not be established. Node may not be available. 
2025-04-28 10:36:29-701 [exchangeRepliesContainer-0-C-1] WARN  o.apache.kafka.clients.NetworkClient - [Consumer clientId=consumer-exchange-group-1, groupId=exchange-group] Connection to node -1 (localhost/127.0.0.1:29092) could not be established. Node may not be available. 
2025-04-28 10:36:29-701 [walletRepliesContainer-0-C-1] WARN  o.apache.kafka.clients.NetworkClient - [Consumer clientId=consumer-wallet-group-4, groupId=wallet-group] Bootstrap broker localhost:29092 (id: -1 rack: null) disconnected 
2025-04-28 10:36:29-702 [exchangeRepliesContainer-0-C-1] WARN  o.apache.kafka.clients.NetworkClient - [Consumer clientId=consumer-exchange-group-1, groupId=exchange-group] Bootstrap broker localhost:29092 (id: -1 rack: null) disconnected 
2025-04-28 10:36:29-717 [bootCoinUserRepliesContainer-0-C-1] INFO  o.apache.kafka.clients.NetworkClient - [Consumer clientId=consumer-bootuser-group-3, groupId=bootuser-group] Node -1 disconnected. 
2025-04-28 10:36:29-717 [transactionRepliesContainer-0-C-1] INFO  o.apache.kafka.clients.NetworkClient - [Consumer clientId=consumer-transaction-group-2, groupId=transaction-group] Node -1 disconnected. 
2025-04-28 10:36:29-717 [walletUserRepliesContainer-0-C-1] INFO  o.apache.kafka.clients.NetworkClient - [Consumer clientId=consumer-wallet-group-5, groupId=wallet-group] Node -1 disconnected. 
2025-04-28 10:36:29-717 [bootCoinUserRepliesContainer-0-C-1] WARN  o.apache.kafka.clients.NetworkClient - [Consumer clientId=consumer-bootuser-group-3, groupId=bootuser-group] Connection to node -1 (localhost/127.0.0.1:29092) could not be established. Node may not be available. 
2025-04-28 10:36:29-717 [transactionRepliesContainer-0-C-1] WARN  o.apache.kafka.clients.NetworkClient - [Consumer clientId=consumer-transaction-group-2, groupId=transaction-group] Connection to node -1 (localhost/127.0.0.1:29092) could not be established. Node may not be available. 
2025-04-28 10:36:29-717 [walletUserRepliesContainer-0-C-1] WARN  o.apache.kafka.clients.NetworkClient - [Consumer clientId=consumer-wallet-group-5, groupId=wallet-group] Connection to node -1 (localhost/127.0.0.1:29092) could not be established. Node may not be available. 
2025-04-28 10:36:29-717 [bootCoinUserRepliesContainer-0-C-1] WARN  o.apache.kafka.clients.NetworkClient - [Consumer clientId=consumer-bootuser-group-3, groupId=bootuser-group] Bootstrap broker localhost:29092 (id: -1 rack: null) disconnected 
2025-04-28 10:36:29-717 [walletUserRepliesContainer-0-C-1] WARN  o.apache.kafka.clients.NetworkClient - [Consumer clientId=consumer-wallet-group-5, groupId=wallet-group] Bootstrap broker localhost:29092 (id: -1 rack: null) disconnected 
2025-04-28 10:36:29-717 [transactionRepliesContainer-0-C-1] WARN  o.apache.kafka.clients.NetworkClient - [Consumer clientId=consumer-transaction-group-2, groupId=transaction-group] Bootstrap broker localhost:29092 (id: -1 rack: null) disconnected 
2025-04-28 10:36:29-967 [main] INFO  c.b.p.b.s.P2pBootcoinServiceApplication - Started P2pBootcoinServiceApplication in 5.566 seconds (process running for 7.295) 
2025-04-28 10:36:30-091 [transactionRepliesContainer-0-C-1] INFO  o.apache.kafka.clients.NetworkClient - [Consumer clientId=consumer-transaction-group-2, groupId=transaction-group] Node -1 disconnected. 
2025-04-28 10:36:30-091 [transactionRepliesContainer-0-C-1] WARN  o.apache.kafka.clients.NetworkClient - [Consumer clientId=consumer-transaction-group-2, groupId=transaction-group] Connection to node -1 (localhost/127.0.0.1:29092) could not be established. Node may not be available. 
2025-04-28 10:36:30-091 [transactionRepliesContainer-0-C-1] WARN  o.apache.kafka.clients.NetworkClient - [Consumer clientId=consumer-transaction-group-2, groupId=transaction-group] Bootstrap broker localhost:29092 (id: -1 rack: null) disconnected 
2025-04-28 10:36:30-091 [bootCoinUserRepliesContainer-0-C-1] INFO  o.apache.kafka.clients.NetworkClient - [Consumer clientId=consumer-bootuser-group-3, groupId=bootuser-group] Node -1 disconnected. 
2025-04-28 10:36:30-092 [bootCoinUserRepliesContainer-0-C-1] WARN  o.apache.kafka.clients.NetworkClient - [Consumer clientId=consumer-bootuser-group-3, groupId=bootuser-group] Connection to node -1 (localhost/127.0.0.1:29092) could not be established. Node may not be available. 
2025-04-28 10:36:30-093 [bootCoinUserRepliesContainer-0-C-1] WARN  o.apache.kafka.clients.NetworkClient - [Consumer clientId=consumer-bootuser-group-3, groupId=bootuser-group] Bootstrap broker localhost:29092 (id: -1 rack: null) disconnected 
2025-04-28 10:36:30-167 [exchangeRepliesContainer-0-C-1] INFO  o.apache.kafka.clients.NetworkClient - [Consumer clientId=consumer-exchange-group-1, groupId=exchange-group] Node -1 disconnected. 
2025-04-28 10:36:30-168 [exchangeRepliesContainer-0-C-1] WARN  o.apache.kafka.clients.NetworkClient - [Consumer clientId=consumer-exchange-group-1, groupId=exchange-group] Connection to node -1 (localhost/127.0.0.1:29092) could not be established. Node may not be available. 
2025-04-28 10:36:30-168 [exchangeRepliesContainer-0-C-1] WARN  o.apache.kafka.clients.NetworkClient - [Consumer clientId=consumer-exchange-group-1, groupId=exchange-group] Bootstrap broker localhost:29092 (id: -1 rack: null) disconnected 
2025-04-28 10:36:30-182 [walletRepliesContainer-0-C-1] INFO  o.apache.kafka.clients.NetworkClient - [Consumer clientId=consumer-wallet-group-4, groupId=wallet-group] Node -1 disconnected. 
2025-04-28 10:36:30-182 [walletRepliesContainer-0-C-1] WARN  o.apache.kafka.clients.NetworkClient - [Consumer clientId=consumer-wallet-group-4, groupId=wallet-group] Connection to node -1 (localhost/127.0.0.1:29092) could not be established. Node may not be available. 
2025-04-28 10:36:30-182 [walletRepliesContainer-0-C-1] WARN  o.apache.kafka.clients.NetworkClient - [Consumer clientId=consumer-wallet-group-4, groupId=wallet-group] Bootstrap broker localhost:29092 (id: -1 rack: null) disconnected 
2025-04-28 10:36:30-213 [walletUserRepliesContainer-0-C-1] INFO  o.apache.kafka.clients.NetworkClient - [Consumer clientId=consumer-wallet-group-5, groupId=wallet-group] Node -1 disconnected. 
2025-04-28 10:36:30-214 [walletUserRepliesContainer-0-C-1] WARN  o.apache.kafka.clients.NetworkClient - [Consumer clientId=consumer-wallet-group-5, groupId=wallet-group] Connection to node -1 (localhost/127.0.0.1:29092) could not be established. Node may not be available. 
2025-04-28 10:36:30-214 [walletUserRepliesContainer-0-C-1] WARN  o.apache.kafka.clients.NetworkClient - [Consumer clientId=consumer-wallet-group-5, groupId=wallet-group] Bootstrap broker localhost:29092 (id: -1 rack: null) disconnected 
2025-04-28 10:36:30-925 [walletRepliesContainer-0-C-1] INFO  o.apache.kafka.clients.NetworkClient - [Consumer clientId=consumer-wallet-group-4, groupId=wallet-group] Node -1 disconnected. 
2025-04-28 10:36:30-925 [walletRepliesContainer-0-C-1] WARN  o.apache.kafka.clients.NetworkClient - [Consumer clientId=consumer-wallet-group-4, groupId=wallet-group] Connection to node -1 (localhost/127.0.0.1:29092) could not be established. Node may not be available. 
2025-04-28 10:36:30-926 [walletRepliesContainer-0-C-1] WARN  o.apache.kafka.clients.NetworkClient - [Consumer clientId=consumer-wallet-group-4, groupId=wallet-group] Bootstrap broker localhost:29092 (id: -1 rack: null) disconnected 
2025-04-28 10:36:30-960 [walletUserRepliesContainer-0-C-1] INFO  o.apache.kafka.clients.NetworkClient - [Consumer clientId=consumer-wallet-group-5, groupId=wallet-group] Node -1 disconnected. 
2025-04-28 10:36:30-960 [walletUserRepliesContainer-0-C-1] WARN  o.apache.kafka.clients.NetworkClient - [Consumer clientId=consumer-wallet-group-5, groupId=wallet-group] Connection to node -1 (localhost/127.0.0.1:29092) could not be established. Node may not be available. 
2025-04-28 10:36:30-960 [walletUserRepliesContainer-0-C-1] WARN  o.apache.kafka.clients.NetworkClient - [Consumer clientId=consumer-wallet-group-5, groupId=wallet-group] Bootstrap broker localhost:29092 (id: -1 rack: null) disconnected 
2025-04-28 10:36:30-973 [exchangeRepliesContainer-0-C-1] INFO  o.apache.kafka.clients.NetworkClient - [Consumer clientId=consumer-exchange-group-1, groupId=exchange-group] Node -1 disconnected. 
2025-04-28 10:36:30-974 [exchangeRepliesContainer-0-C-1] WARN  o.apache.kafka.clients.NetworkClient - [Consumer clientId=consumer-exchange-group-1, groupId=exchange-group] Connection to node -1 (localhost/127.0.0.1:29092) could not be established. Node may not be available. 
2025-04-28 10:36:30-974 [exchangeRepliesContainer-0-C-1] WARN  o.apache.kafka.clients.NetworkClient - [Consumer clientId=consumer-exchange-group-1, groupId=exchange-group] Bootstrap broker localhost:29092 (id: -1 rack: null) disconnected 
2025-04-28 10:36:31-037 [transactionRepliesContainer-0-C-1] INFO  o.apache.kafka.clients.NetworkClient - [Consumer clientId=consumer-transaction-group-2, groupId=transaction-group] Node -1 disconnected. 
2025-04-28 10:36:31-037 [transactionRepliesContainer-0-C-1] WARN  o.apache.kafka.clients.NetworkClient - [Consumer clientId=consumer-transaction-group-2, groupId=transaction-group] Connection to node -1 (localhost/127.0.0.1:29092) could not be established. Node may not be available. 
2025-04-28 10:36:31-037 [transactionRepliesContainer-0-C-1] WARN  o.apache.kafka.clients.NetworkClient - [Consumer clientId=consumer-transaction-group-2, groupId=transaction-group] Bootstrap broker localhost:29092 (id: -1 rack: null) disconnected 
2025-04-28 10:36:31-085 [bootCoinUserRepliesContainer-0-C-1] INFO  o.apache.kafka.clients.NetworkClient - [Consumer clientId=consumer-bootuser-group-3, groupId=bootuser-group] Node -1 disconnected. 
2025-04-28 10:36:31-085 [bootCoinUserRepliesContainer-0-C-1] WARN  o.apache.kafka.clients.NetworkClient - [Consumer clientId=consumer-bootuser-group-3, groupId=bootuser-group] Connection to node -1 (localhost/127.0.0.1:29092) could not be established. Node may not be available. 
2025-04-28 10:36:31-085 [bootCoinUserRepliesContainer-0-C-1] WARN  o.apache.kafka.clients.NetworkClient - [Consumer clientId=consumer-bootuser-group-3, groupId=bootuser-group] Bootstrap broker localhost:29092 (id: -1 rack: null) disconnected 
2025-04-28 10:36:31-828 [walletRepliesContainer-0-C-1] INFO  o.apache.kafka.clients.NetworkClient - [Consumer clientId=consumer-wallet-group-4, groupId=wallet-group] Node -1 disconnected. 
2025-04-28 10:36:31-828 [walletUserRepliesContainer-0-C-1] INFO  o.apache.kafka.clients.NetworkClient - [Consumer clientId=consumer-wallet-group-5, groupId=wallet-group] Node -1 disconnected. 
2025-04-28 10:36:31-828 [walletRepliesContainer-0-C-1] WARN  o.apache.kafka.clients.NetworkClient - [Consumer clientId=consumer-wallet-group-4, groupId=wallet-group] Connection to node -1 (localhost/127.0.0.1:29092) could not be established. Node may not be available. 
2025-04-28 10:36:31-828 [walletRepliesContainer-0-C-1] WARN  o.apache.kafka.clients.NetworkClient - [Consumer clientId=consumer-wallet-group-4, groupId=wallet-group] Bootstrap broker localhost:29092 (id: -1 rack: null) disconnected 
2025-04-28 10:36:31-828 [walletUserRepliesContainer-0-C-1] WARN  o.apache.kafka.clients.NetworkClient - [Consumer clientId=consumer-wallet-group-5, groupId=wallet-group] Connection to node -1 (localhost/127.0.0.1:29092) could not be established. Node may not be available. 
2025-04-28 10:36:31-828 [walletUserRepliesContainer-0-C-1] WARN  o.apache.kafka.clients.NetworkClient - [Consumer clientId=consumer-wallet-group-5, groupId=wallet-group] Bootstrap broker localhost:29092 (id: -1 rack: null) disconnected 
2025-04-28 10:36:32-028 [exchangeRepliesContainer-0-C-1] INFO  o.apache.kafka.clients.NetworkClient - [Consumer clientId=consumer-exchange-group-1, groupId=exchange-group] Node -1 disconnected. 
2025-04-28 10:36:32-029 [exchangeRepliesContainer-0-C-1] WARN  o.apache.kafka.clients.NetworkClient - [Consumer clientId=consumer-exchange-group-1, groupId=exchange-group] Connection to node -1 (localhost/127.0.0.1:29092) could not be established. Node may not be available. 
2025-04-28 10:36:32-029 [exchangeRepliesContainer-0-C-1] WARN  o.apache.kafka.clients.NetworkClient - [Consumer clientId=consumer-exchange-group-1, groupId=exchange-group] Bootstrap broker localhost:29092 (id: -1 rack: null) disconnected 
2025-04-28 10:36:32-093 [transactionRepliesContainer-0-C-1] INFO  o.apache.kafka.clients.NetworkClient - [Consumer clientId=consumer-transaction-group-2, groupId=transaction-group] Node -1 disconnected. 
2025-04-28 10:36:32-093 [transactionRepliesContainer-0-C-1] WARN  o.apache.kafka.clients.NetworkClient - [Consumer clientId=consumer-transaction-group-2, groupId=transaction-group] Connection to node -1 (localhost/127.0.0.1:29092) could not be established. Node may not be available. 
2025-04-28 10:36:32-093 [transactionRepliesContainer-0-C-1] WARN  o.apache.kafka.clients.NetworkClient - [Consumer clientId=consumer-transaction-group-2, groupId=transaction-group] Bootstrap broker localhost:29092 (id: -1 rack: null) disconnected 
2025-04-28 10:36:32-140 [bootCoinUserRepliesContainer-0-C-1] INFO  o.apache.kafka.clients.NetworkClient - [Consumer clientId=consumer-bootuser-group-3, groupId=bootuser-group] Node -1 disconnected. 
2025-04-28 10:36:32-141 [bootCoinUserRepliesContainer-0-C-1] WARN  o.apache.kafka.clients.NetworkClient - [Consumer clientId=consumer-bootuser-group-3, groupId=bootuser-group] Connection to node -1 (localhost/127.0.0.1:29092) could not be established. Node may not be available. 
2025-04-28 10:36:32-141 [bootCoinUserRepliesContainer-0-C-1] WARN  o.apache.kafka.clients.NetworkClient - [Consumer clientId=consumer-bootuser-group-3, groupId=bootuser-group] Bootstrap broker localhost:29092 (id: -1 rack: null) disconnected 
2025-04-28 10:36:32-764 [walletRepliesContainer-0-C-1] INFO  o.apache.kafka.clients.NetworkClient - [Consumer clientId=consumer-wallet-group-4, groupId=wallet-group] Node -1 disconnected. 
2025-04-28 10:36:32-764 [walletRepliesContainer-0-C-1] WARN  o.apache.kafka.clients.NetworkClient - [Consumer clientId=consumer-wallet-group-4, groupId=wallet-group] Connection to node -1 (localhost/127.0.0.1:29092) could not be established. Node may not be available. 
2025-04-28 10:36:32-765 [walletRepliesContainer-0-C-1] WARN  o.apache.kafka.clients.NetworkClient - [Consumer clientId=consumer-wallet-group-4, groupId=wallet-group] Bootstrap broker localhost:29092 (id: -1 rack: null) disconnected 
2025-04-28 10:36:32-842 [walletUserRepliesContainer-0-C-1] INFO  o.apache.kafka.clients.NetworkClient - [Consumer clientId=consumer-wallet-group-5, groupId=wallet-group] Node -1 disconnected. 
2025-04-28 10:36:32-842 [walletUserRepliesContainer-0-C-1] WARN  o.apache.kafka.clients.NetworkClient - [Consumer clientId=consumer-wallet-group-5, groupId=wallet-group] Connection to node -1 (localhost/127.0.0.1:29092) could not be established. Node may not be available. 
2025-04-28 10:36:32-842 [walletUserRepliesContainer-0-C-1] WARN  o.apache.kafka.clients.NetworkClient - [Consumer clientId=consumer-wallet-group-5, groupId=wallet-group] Bootstrap broker localhost:29092 (id: -1 rack: null) disconnected 
2025-04-28 10:36:33-026 [transactionRepliesContainer-0-C-1] INFO  o.apache.kafka.clients.NetworkClient - [Consumer clientId=consumer-transaction-group-2, groupId=transaction-group] Node -1 disconnected. 
2025-04-28 10:36:33-026 [transactionRepliesContainer-0-C-1] WARN  o.apache.kafka.clients.NetworkClient - [Consumer clientId=consumer-transaction-group-2, groupId=transaction-group] Connection to node -1 (localhost/127.0.0.1:29092) could not be established. Node may not be available. 
2025-04-28 10:36:33-026 [transactionRepliesContainer-0-C-1] WARN  o.apache.kafka.clients.NetworkClient - [Consumer clientId=consumer-transaction-group-2, groupId=transaction-group] Bootstrap broker localhost:29092 (id: -1 rack: null) disconnected 
2025-04-28 10:36:33-042 [exchangeRepliesContainer-0-C-1] INFO  o.apache.kafka.clients.NetworkClient - [Consumer clientId=consumer-exchange-group-1, groupId=exchange-group] Node -1 disconnected. 
2025-04-28 10:36:33-042 [exchangeRepliesContainer-0-C-1] WARN  o.apache.kafka.clients.NetworkClient - [Consumer clientId=consumer-exchange-group-1, groupId=exchange-group] Connection to node -1 (localhost/127.0.0.1:29092) could not be established. Node may not be available. 
2025-04-28 10:36:33-042 [exchangeRepliesContainer-0-C-1] WARN  o.apache.kafka.clients.NetworkClient - [Consumer clientId=consumer-exchange-group-1, groupId=exchange-group] Bootstrap broker localhost:29092 (id: -1 rack: null) disconnected 
2025-04-28 10:36:33-197 [bootCoinUserRepliesContainer-0-C-1] INFO  o.apache.kafka.clients.NetworkClient - [Consumer clientId=consumer-bootuser-group-3, groupId=bootuser-group] Node -1 disconnected. 
2025-04-28 10:36:33-197 [bootCoinUserRepliesContainer-0-C-1] WARN  o.apache.kafka.clients.NetworkClient - [Consumer clientId=consumer-bootuser-group-3, groupId=bootuser-group] Connection to node -1 (localhost/127.0.0.1:29092) could not be established. Node may not be available. 
2025-04-28 10:36:33-197 [bootCoinUserRepliesContainer-0-C-1] WARN  o.apache.kafka.clients.NetworkClient - [Consumer clientId=consumer-bootuser-group-3, groupId=bootuser-group] Bootstrap broker localhost:29092 (id: -1 rack: null) disconnected 
2025-04-28 10:36:33-756 [walletRepliesContainer-0-C-1] INFO  o.apache.kafka.clients.NetworkClient - [Consumer clientId=consumer-wallet-group-4, groupId=wallet-group] Node -1 disconnected. 
2025-04-28 10:36:33-756 [walletRepliesContainer-0-C-1] WARN  o.apache.kafka.clients.NetworkClient - [Consumer clientId=consumer-wallet-group-4, groupId=wallet-group] Connection to node -1 (localhost/127.0.0.1:29092) could not be established. Node may not be available. 
2025-04-28 10:36:33-756 [walletRepliesContainer-0-C-1] WARN  o.apache.kafka.clients.NetworkClient - [Consumer clientId=consumer-wallet-group-4, groupId=wallet-group] Bootstrap broker localhost:29092 (id: -1 rack: null) disconnected 
2025-04-28 10:36:33-852 [walletUserRepliesContainer-0-C-1] INFO  o.apache.kafka.clients.NetworkClient - [Consumer clientId=consumer-wallet-group-5, groupId=wallet-group] Node -1 disconnected. 
2025-04-28 10:36:33-852 [walletUserRepliesContainer-0-C-1] WARN  o.apache.kafka.clients.NetworkClient - [Consumer clientId=consumer-wallet-group-5, groupId=wallet-group] Connection to node -1 (localhost/127.0.0.1:29092) could not be established. Node may not be available. 
2025-04-28 10:36:33-852 [walletUserRepliesContainer-0-C-1] WARN  o.apache.kafka.clients.NetworkClient - [Consumer clientId=consumer-wallet-group-5, groupId=wallet-group] Bootstrap broker localhost:29092 (id: -1 rack: null) disconnected 
2025-04-28 10:36:34-004 [exchangeRepliesContainer-0-C-1] INFO  o.apache.kafka.clients.NetworkClient - [Consumer clientId=consumer-exchange-group-1, groupId=exchange-group] Node -1 disconnected. 
2025-04-28 10:36:34-004 [exchangeRepliesContainer-0-C-1] WARN  o.apache.kafka.clients.NetworkClient - [Consumer clientId=consumer-exchange-group-1, groupId=exchange-group] Connection to node -1 (localhost/127.0.0.1:29092) could not be established. Node may not be available. 
2025-04-28 10:36:34-004 [exchangeRepliesContainer-0-C-1] WARN  o.apache.kafka.clients.NetworkClient - [Consumer clientId=consumer-exchange-group-1, groupId=exchange-group] Bootstrap broker localhost:29092 (id: -1 rack: null) disconnected 
2025-04-28 10:36:34-027 [transactionRepliesContainer-0-C-1] INFO  o.apache.kafka.clients.NetworkClient - [Consumer clientId=consumer-transaction-group-2, groupId=transaction-group] Node -1 disconnected. 
2025-04-28 10:36:34-027 [transactionRepliesContainer-0-C-1] WARN  o.apache.kafka.clients.NetworkClient - [Consumer clientId=consumer-transaction-group-2, groupId=transaction-group] Connection to node -1 (localhost/127.0.0.1:29092) could not be established. Node may not be available. 
2025-04-28 10:36:34-027 [transactionRepliesContainer-0-C-1] WARN  o.apache.kafka.clients.NetworkClient - [Consumer clientId=consumer-transaction-group-2, groupId=transaction-group] Bootstrap broker localhost:29092 (id: -1 rack: null) disconnected 
2025-04-28 10:36:34-208 [bootCoinUserRepliesContainer-0-C-1] INFO  o.apache.kafka.clients.NetworkClient - [Consumer clientId=consumer-bootuser-group-3, groupId=bootuser-group] Node -1 disconnected. 
2025-04-28 10:36:34-208 [bootCoinUserRepliesContainer-0-C-1] WARN  o.apache.kafka.clients.NetworkClient - [Consumer clientId=consumer-bootuser-group-3, groupId=bootuser-group] Connection to node -1 (localhost/127.0.0.1:29092) could not be established. Node may not be available. 
2025-04-28 10:36:34-208 [bootCoinUserRepliesContainer-0-C-1] WARN  o.apache.kafka.clients.NetworkClient - [Consumer clientId=consumer-bootuser-group-3, groupId=bootuser-group] Bootstrap broker localhost:29092 (id: -1 rack: null) disconnected 
2025-04-28 10:36:34-671 [walletUserRepliesContainer-0-C-1] INFO  o.apache.kafka.clients.NetworkClient - [Consumer clientId=consumer-wallet-group-5, groupId=wallet-group] Node -1 disconnected. 
2025-04-28 10:36:34-672 [walletUserRepliesContainer-0-C-1] WARN  o.apache.kafka.clients.NetworkClient - [Consumer clientId=consumer-wallet-group-5, groupId=wallet-group] Connection to node -1 (localhost/127.0.0.1:29092) could not be established. Node may not be available. 
2025-04-28 10:36:34-672 [walletUserRepliesContainer-0-C-1] WARN  o.apache.kafka.clients.NetworkClient - [Consumer clientId=consumer-wallet-group-5, groupId=wallet-group] Bootstrap broker localhost:29092 (id: -1 rack: null) disconnected 
2025-04-28 10:36:34-765 [walletRepliesContainer-0-C-1] INFO  o.apache.kafka.clients.NetworkClient - [Consumer clientId=consumer-wallet-group-4, groupId=wallet-group] Node -1 disconnected. 
2025-04-28 10:36:34-765 [walletRepliesContainer-0-C-1] WARN  o.apache.kafka.clients.NetworkClient - [Consumer clientId=consumer-wallet-group-4, groupId=wallet-group] Connection to node -1 (localhost/127.0.0.1:29092) could not be established. Node may not be available. 
2025-04-28 10:36:34-765 [walletRepliesContainer-0-C-1] WARN  o.apache.kafka.clients.NetworkClient - [Consumer clientId=consumer-wallet-group-4, groupId=wallet-group] Bootstrap broker localhost:29092 (id: -1 rack: null) disconnected 
2025-04-28 10:36:34-984 [transactionRepliesContainer-0-C-1] INFO  o.apache.kafka.clients.NetworkClient - [Consumer clientId=consumer-transaction-group-2, groupId=transaction-group] Node -1 disconnected. 
2025-04-28 10:36:34-984 [transactionRepliesContainer-0-C-1] WARN  o.apache.kafka.clients.NetworkClient - [Consumer clientId=consumer-transaction-group-2, groupId=transaction-group] Connection to node -1 (localhost/127.0.0.1:29092) could not be established. Node may not be available. 
2025-04-28 10:36:34-984 [transactionRepliesContainer-0-C-1] WARN  o.apache.kafka.clients.NetworkClient - [Consumer clientId=consumer-transaction-group-2, groupId=transaction-group] Bootstrap broker localhost:29092 (id: -1 rack: null) disconnected 
2025-04-28 10:36:35-014 [exchangeRepliesContainer-0-C-1] INFO  o.apache.kafka.clients.NetworkClient - [Consumer clientId=consumer-exchange-group-1, groupId=exchange-group] Node -1 disconnected. 
2025-04-28 10:36:35-014 [exchangeRepliesContainer-0-C-1] WARN  o.apache.kafka.clients.NetworkClient - [Consumer clientId=consumer-exchange-group-1, groupId=exchange-group] Connection to node -1 (localhost/127.0.0.1:29092) could not be established. Node may not be available. 
2025-04-28 10:36:35-014 [exchangeRepliesContainer-0-C-1] WARN  o.apache.kafka.clients.NetworkClient - [Consumer clientId=consumer-exchange-group-1, groupId=exchange-group] Bootstrap broker localhost:29092 (id: -1 rack: null) disconnected 
2025-04-28 10:36:35-215 [bootCoinUserRepliesContainer-0-C-1] INFO  o.apache.kafka.clients.NetworkClient - [Consumer clientId=consumer-bootuser-group-3, groupId=bootuser-group] Node -1 disconnected. 
2025-04-28 10:36:35-215 [bootCoinUserRepliesContainer-0-C-1] WARN  o.apache.kafka.clients.NetworkClient - [Consumer clientId=consumer-bootuser-group-3, groupId=bootuser-group] Connection to node -1 (localhost/127.0.0.1:29092) could not be established. Node may not be available. 
2025-04-28 10:36:35-215 [bootCoinUserRepliesContainer-0-C-1] WARN  o.apache.kafka.clients.NetworkClient - [Consumer clientId=consumer-bootuser-group-3, groupId=bootuser-group] Bootstrap broker localhost:29092 (id: -1 rack: null) disconnected 
2025-04-28 10:36:35-541 [walletUserRepliesContainer-0-C-1] INFO  o.apache.kafka.clients.NetworkClient - [Consumer clientId=consumer-wallet-group-5, groupId=wallet-group] Node -1 disconnected. 
2025-04-28 10:36:35-542 [walletUserRepliesContainer-0-C-1] WARN  o.apache.kafka.clients.NetworkClient - [Consumer clientId=consumer-wallet-group-5, groupId=wallet-group] Connection to node -1 (localhost/127.0.0.1:29092) could not be established. Node may not be available. 
2025-04-28 10:36:35-542 [walletUserRepliesContainer-0-C-1] WARN  o.apache.kafka.clients.NetworkClient - [Consumer clientId=consumer-wallet-group-5, groupId=wallet-group] Bootstrap broker localhost:29092 (id: -1 rack: null) disconnected 
2025-04-28 10:36:35-804 [walletRepliesContainer-0-C-1] INFO  o.apache.kafka.clients.NetworkClient - [Consumer clientId=consumer-wallet-group-4, groupId=wallet-group] Node -1 disconnected. 
2025-04-28 10:36:35-804 [walletRepliesContainer-0-C-1] WARN  o.apache.kafka.clients.NetworkClient - [Consumer clientId=consumer-wallet-group-4, groupId=wallet-group] Connection to node -1 (localhost/127.0.0.1:29092) could not be established. Node may not be available. 
2025-04-28 10:36:35-804 [walletRepliesContainer-0-C-1] WARN  o.apache.kafka.clients.NetworkClient - [Consumer clientId=consumer-wallet-group-4, groupId=wallet-group] Bootstrap broker localhost:29092 (id: -1 rack: null) disconnected 
2025-04-28 10:36:35-852 [transactionRepliesContainer-0-C-1] INFO  o.apache.kafka.clients.NetworkClient - [Consumer clientId=consumer-transaction-group-2, groupId=transaction-group] Node -1 disconnected. 
2025-04-28 10:36:35-852 [transactionRepliesContainer-0-C-1] WARN  o.apache.kafka.clients.NetworkClient - [Consumer clientId=consumer-transaction-group-2, groupId=transaction-group] Connection to node -1 (localhost/127.0.0.1:29092) could not be established. Node may not be available. 
2025-04-28 10:36:35-852 [transactionRepliesContainer-0-C-1] WARN  o.apache.kafka.clients.NetworkClient - [Consumer clientId=consumer-transaction-group-2, groupId=transaction-group] Bootstrap broker localhost:29092 (id: -1 rack: null) disconnected 
2025-04-28 10:36:36-007 [exchangeRepliesContainer-0-C-1] INFO  o.apache.kafka.clients.NetworkClient - [Consumer clientId=consumer-exchange-group-1, groupId=exchange-group] Node -1 disconnected. 
2025-04-28 10:36:36-007 [exchangeRepliesContainer-0-C-1] WARN  o.apache.kafka.clients.NetworkClient - [Consumer clientId=consumer-exchange-group-1, groupId=exchange-group] Connection to node -1 (localhost/127.0.0.1:29092) could not be established. Node may not be available. 
2025-04-28 10:36:36-007 [exchangeRepliesContainer-0-C-1] WARN  o.apache.kafka.clients.NetworkClient - [Consumer clientId=consumer-exchange-group-1, groupId=exchange-group] Bootstrap broker localhost:29092 (id: -1 rack: null) disconnected 
2025-04-28 10:36:36-225 [bootCoinUserRepliesContainer-0-C-1] INFO  o.apache.kafka.clients.NetworkClient - [Consumer clientId=consumer-bootuser-group-3, groupId=bootuser-group] Node -1 disconnected. 
2025-04-28 10:36:36-225 [bootCoinUserRepliesContainer-0-C-1] WARN  o.apache.kafka.clients.NetworkClient - [Consumer clientId=consumer-bootuser-group-3, groupId=bootuser-group] Connection to node -1 (localhost/127.0.0.1:29092) could not be established. Node may not be available. 
2025-04-28 10:36:36-226 [bootCoinUserRepliesContainer-0-C-1] WARN  o.apache.kafka.clients.NetworkClient - [Consumer clientId=consumer-bootuser-group-3, groupId=bootuser-group] Bootstrap broker localhost:29092 (id: -1 rack: null) disconnected 
2025-04-28 10:36:36-600 [walletUserRepliesContainer-0-C-1] INFO  o.apache.kafka.clients.NetworkClient - [Consumer clientId=consumer-wallet-group-5, groupId=wallet-group] Node -1 disconnected. 
2025-04-28 10:36:36-600 [walletUserRepliesContainer-0-C-1] WARN  o.apache.kafka.clients.NetworkClient - [Consumer clientId=consumer-wallet-group-5, groupId=wallet-group] Connection to node -1 (localhost/127.0.0.1:29092) could not be established. Node may not be available. 
2025-04-28 10:36:36-600 [walletUserRepliesContainer-0-C-1] WARN  o.apache.kafka.clients.NetworkClient - [Consumer clientId=consumer-wallet-group-5, groupId=wallet-group] Bootstrap broker localhost:29092 (id: -1 rack: null) disconnected 
2025-04-28 10:36:36-709 [walletRepliesContainer-0-C-1] INFO  o.apache.kafka.clients.NetworkClient - [Consumer clientId=consumer-wallet-group-4, groupId=wallet-group] Node -1 disconnected. 
2025-04-28 10:36:36-709 [walletRepliesContainer-0-C-1] WARN  o.apache.kafka.clients.NetworkClient - [Consumer clientId=consumer-wallet-group-4, groupId=wallet-group] Connection to node -1 (localhost/127.0.0.1:29092) could not be established. Node may not be available. 
2025-04-28 10:36:36-710 [walletRepliesContainer-0-C-1] WARN  o.apache.kafka.clients.NetworkClient - [Consumer clientId=consumer-wallet-group-4, groupId=wallet-group] Bootstrap broker localhost:29092 (id: -1 rack: null) disconnected 
2025-04-28 10:36:36-804 [transactionRepliesContainer-0-C-1] INFO  o.apache.kafka.clients.NetworkClient - [Consumer clientId=consumer-transaction-group-2, groupId=transaction-group] Node -1 disconnected. 
2025-04-28 10:36:36-805 [transactionRepliesContainer-0-C-1] WARN  o.apache.kafka.clients.NetworkClient - [Consumer clientId=consumer-transaction-group-2, groupId=transaction-group] Connection to node -1 (localhost/127.0.0.1:29092) could not be established. Node may not be available. 
2025-04-28 10:36:36-805 [transactionRepliesContainer-0-C-1] WARN  o.apache.kafka.clients.NetworkClient - [Consumer clientId=consumer-transaction-group-2, groupId=transaction-group] Bootstrap broker localhost:29092 (id: -1 rack: null) disconnected 
2025-04-28 10:36:36-958 [exchangeRepliesContainer-0-C-1] INFO  o.apache.kafka.clients.NetworkClient - [Consumer clientId=consumer-exchange-group-1, groupId=exchange-group] Node -1 disconnected. 
2025-04-28 10:36:36-959 [exchangeRepliesContainer-0-C-1] WARN  o.apache.kafka.clients.NetworkClient - [Consumer clientId=consumer-exchange-group-1, groupId=exchange-group] Connection to node -1 (localhost/127.0.0.1:29092) could not be established. Node may not be available. 
2025-04-28 10:36:36-959 [exchangeRepliesContainer-0-C-1] WARN  o.apache.kafka.clients.NetworkClient - [Consumer clientId=consumer-exchange-group-1, groupId=exchange-group] Bootstrap broker localhost:29092 (id: -1 rack: null) disconnected 
2025-04-28 10:36:37-208 [bootCoinUserRepliesContainer-0-C-1] INFO  o.apache.kafka.clients.NetworkClient - [Consumer clientId=consumer-bootuser-group-3, groupId=bootuser-group] Node -1 disconnected. 
2025-04-28 10:36:37-209 [bootCoinUserRepliesContainer-0-C-1] WARN  o.apache.kafka.clients.NetworkClient - [Consumer clientId=consumer-bootuser-group-3, groupId=bootuser-group] Connection to node -1 (localhost/127.0.0.1:29092) could not be established. Node may not be available. 
2025-04-28 10:36:37-209 [bootCoinUserRepliesContainer-0-C-1] WARN  o.apache.kafka.clients.NetworkClient - [Consumer clientId=consumer-bootuser-group-3, groupId=bootuser-group] Bootstrap broker localhost:29092 (id: -1 rack: null) disconnected 
2025-04-28 10:36:37-579 [walletUserRepliesContainer-0-C-1] INFO  o.apache.kafka.clients.NetworkClient - [Consumer clientId=consumer-wallet-group-5, groupId=wallet-group] Node -1 disconnected. 
2025-04-28 10:36:37-579 [walletUserRepliesContainer-0-C-1] WARN  o.apache.kafka.clients.NetworkClient - [Consumer clientId=consumer-wallet-group-5, groupId=wallet-group] Connection to node -1 (localhost/127.0.0.1:29092) could not be established. Node may not be available. 
2025-04-28 10:36:37-579 [walletUserRepliesContainer-0-C-1] WARN  o.apache.kafka.clients.NetworkClient - [Consumer clientId=consumer-wallet-group-5, groupId=wallet-group] Bootstrap broker localhost:29092 (id: -1 rack: null) disconnected 
2025-04-28 10:36:37-594 [walletRepliesContainer-0-C-1] INFO  o.apache.kafka.clients.NetworkClient - [Consumer clientId=consumer-wallet-group-4, groupId=wallet-group] Node -1 disconnected. 
2025-04-28 10:36:37-595 [walletRepliesContainer-0-C-1] WARN  o.apache.kafka.clients.NetworkClient - [Consumer clientId=consumer-wallet-group-4, groupId=wallet-group] Connection to node -1 (localhost/127.0.0.1:29092) could not be established. Node may not be available. 
2025-04-28 10:36:37-595 [walletRepliesContainer-0-C-1] WARN  o.apache.kafka.clients.NetworkClient - [Consumer clientId=consumer-wallet-group-4, groupId=wallet-group] Bootstrap broker localhost:29092 (id: -1 rack: null) disconnected 
2025-04-28 10:36:37-813 [transactionRepliesContainer-0-C-1] INFO  o.apache.kafka.clients.NetworkClient - [Consumer clientId=consumer-transaction-group-2, groupId=transaction-group] Node -1 disconnected. 
2025-04-28 10:36:37-813 [transactionRepliesContainer-0-C-1] WARN  o.apache.kafka.clients.NetworkClient - [Consumer clientId=consumer-transaction-group-2, groupId=transaction-group] Connection to node -1 (localhost/127.0.0.1:29092) could not be established. Node may not be available. 
2025-04-28 10:36:37-813 [transactionRepliesContainer-0-C-1] WARN  o.apache.kafka.clients.NetworkClient - [Consumer clientId=consumer-transaction-group-2, groupId=transaction-group] Bootstrap broker localhost:29092 (id: -1 rack: null) disconnected 
2025-04-28 10:36:37-952 [exchangeRepliesContainer-0-C-1] INFO  o.apache.kafka.clients.NetworkClient - [Consumer clientId=consumer-exchange-group-1, groupId=exchange-group] Node -1 disconnected. 
2025-04-28 10:36:37-952 [exchangeRepliesContainer-0-C-1] WARN  o.apache.kafka.clients.NetworkClient - [Consumer clientId=consumer-exchange-group-1, groupId=exchange-group] Connection to node -1 (localhost/127.0.0.1:29092) could not be established. Node may not be available. 
2025-04-28 10:36:37-952 [exchangeRepliesContainer-0-C-1] WARN  o.apache.kafka.clients.NetworkClient - [Consumer clientId=consumer-exchange-group-1, groupId=exchange-group] Bootstrap broker localhost:29092 (id: -1 rack: null) disconnected 
2025-04-28 10:36:38-076 [bootCoinUserRepliesContainer-0-C-1] INFO  o.apache.kafka.clients.NetworkClient - [Consumer clientId=consumer-bootuser-group-3, groupId=bootuser-group] Node -1 disconnected. 
2025-04-28 10:36:38-076 [bootCoinUserRepliesContainer-0-C-1] WARN  o.apache.kafka.clients.NetworkClient - [Consumer clientId=consumer-bootuser-group-3, groupId=bootuser-group] Connection to node -1 (localhost/127.0.0.1:29092) could not be established. Node may not be available. 
2025-04-28 10:36:38-076 [bootCoinUserRepliesContainer-0-C-1] WARN  o.apache.kafka.clients.NetworkClient - [Consumer clientId=consumer-bootuser-group-3, groupId=bootuser-group] Bootstrap broker localhost:29092 (id: -1 rack: null) disconnected 
2025-04-28 10:36:38-603 [walletRepliesContainer-0-C-1] INFO  o.apache.kafka.clients.NetworkClient - [Consumer clientId=consumer-wallet-group-4, groupId=wallet-group] Node -1 disconnected. 
2025-04-28 10:36:38-603 [walletUserRepliesContainer-0-C-1] INFO  o.apache.kafka.clients.NetworkClient - [Consumer clientId=consumer-wallet-group-5, groupId=wallet-group] Node -1 disconnected. 
2025-04-28 10:36:38-603 [walletRepliesContainer-0-C-1] WARN  o.apache.kafka.clients.NetworkClient - [Consumer clientId=consumer-wallet-group-4, groupId=wallet-group] Connection to node -1 (localhost/127.0.0.1:29092) could not be established. Node may not be available. 
2025-04-28 10:36:38-603 [walletUserRepliesContainer-0-C-1] WARN  o.apache.kafka.clients.NetworkClient - [Consumer clientId=consumer-wallet-group-5, groupId=wallet-group] Connection to node -1 (localhost/127.0.0.1:29092) could not be established. Node may not be available. 
2025-04-28 10:36:38-604 [walletRepliesContainer-0-C-1] WARN  o.apache.kafka.clients.NetworkClient - [Consumer clientId=consumer-wallet-group-4, groupId=wallet-group] Bootstrap broker localhost:29092 (id: -1 rack: null) disconnected 
2025-04-28 10:36:38-604 [walletUserRepliesContainer-0-C-1] WARN  o.apache.kafka.clients.NetworkClient - [Consumer clientId=consumer-wallet-group-5, groupId=wallet-group] Bootstrap broker localhost:29092 (id: -1 rack: null) disconnected 
2025-04-28 10:36:38-683 [transactionRepliesContainer-0-C-1] INFO  o.apache.kafka.clients.NetworkClient - [Consumer clientId=consumer-transaction-group-2, groupId=transaction-group] Node -1 disconnected. 
2025-04-28 10:36:38-683 [transactionRepliesContainer-0-C-1] WARN  o.apache.kafka.clients.NetworkClient - [Consumer clientId=consumer-transaction-group-2, groupId=transaction-group] Connection to node -1 (localhost/127.0.0.1:29092) could not be established. Node may not be available. 
2025-04-28 10:36:38-683 [transactionRepliesContainer-0-C-1] WARN  o.apache.kafka.clients.NetworkClient - [Consumer clientId=consumer-transaction-group-2, groupId=transaction-group] Bootstrap broker localhost:29092 (id: -1 rack: null) disconnected 
2025-04-28 10:36:38-932 [exchangeRepliesContainer-0-C-1] INFO  o.apache.kafka.clients.NetworkClient - [Consumer clientId=consumer-exchange-group-1, groupId=exchange-group] Node -1 disconnected. 
2025-04-28 10:36:38-932 [exchangeRepliesContainer-0-C-1] WARN  o.apache.kafka.clients.NetworkClient - [Consumer clientId=consumer-exchange-group-1, groupId=exchange-group] Connection to node -1 (localhost/127.0.0.1:29092) could not be established. Node may not be available. 
2025-04-28 10:36:38-932 [exchangeRepliesContainer-0-C-1] WARN  o.apache.kafka.clients.NetworkClient - [Consumer clientId=consumer-exchange-group-1, groupId=exchange-group] Bootstrap broker localhost:29092 (id: -1 rack: null) disconnected 
2025-04-28 10:36:39-093 [bootCoinUserRepliesContainer-0-C-1] INFO  o.apache.kafka.clients.NetworkClient - [Consumer clientId=consumer-bootuser-group-3, groupId=bootuser-group] Node -1 disconnected. 
2025-04-28 10:36:39-093 [bootCoinUserRepliesContainer-0-C-1] WARN  o.apache.kafka.clients.NetworkClient - [Consumer clientId=consumer-bootuser-group-3, groupId=bootuser-group] Connection to node -1 (localhost/127.0.0.1:29092) could not be established. Node may not be available. 
2025-04-28 10:36:39-093 [bootCoinUserRepliesContainer-0-C-1] WARN  o.apache.kafka.clients.NetworkClient - [Consumer clientId=consumer-bootuser-group-3, groupId=bootuser-group] Bootstrap broker localhost:29092 (id: -1 rack: null) disconnected 
2025-04-28 10:36:39-539 [transactionRepliesContainer-0-C-1] INFO  o.apache.kafka.clients.NetworkClient - [Consumer clientId=consumer-transaction-group-2, groupId=transaction-group] Node -1 disconnected. 
2025-04-28 10:36:39-539 [transactionRepliesContainer-0-C-1] WARN  o.apache.kafka.clients.NetworkClient - [Consumer clientId=consumer-transaction-group-2, groupId=transaction-group] Connection to node -1 (localhost/127.0.0.1:29092) could not be established. Node may not be available. 
2025-04-28 10:36:39-539 [transactionRepliesContainer-0-C-1] WARN  o.apache.kafka.clients.NetworkClient - [Consumer clientId=consumer-transaction-group-2, groupId=transaction-group] Bootstrap broker localhost:29092 (id: -1 rack: null) disconnected 
2025-04-28 10:36:39-602 [walletRepliesContainer-0-C-1] INFO  o.apache.kafka.clients.NetworkClient - [Consumer clientId=consumer-wallet-group-4, groupId=wallet-group] Node -1 disconnected. 
2025-04-28 10:36:39-602 [walletRepliesContainer-0-C-1] WARN  o.apache.kafka.clients.NetworkClient - [Consumer clientId=consumer-wallet-group-4, groupId=wallet-group] Connection to node -1 (localhost/127.0.0.1:29092) could not be established. Node may not be available. 
2025-04-28 10:36:39-602 [walletRepliesContainer-0-C-1] WARN  o.apache.kafka.clients.NetworkClient - [Consumer clientId=consumer-wallet-group-4, groupId=wallet-group] Bootstrap broker localhost:29092 (id: -1 rack: null) disconnected 
2025-04-28 10:36:39-618 [walletUserRepliesContainer-0-C-1] INFO  o.apache.kafka.clients.NetworkClient - [Consumer clientId=consumer-wallet-group-5, groupId=wallet-group] Node -1 disconnected. 
2025-04-28 10:36:39-618 [walletUserRepliesContainer-0-C-1] WARN  o.apache.kafka.clients.NetworkClient - [Consumer clientId=consumer-wallet-group-5, groupId=wallet-group] Connection to node -1 (localhost/127.0.0.1:29092) could not be established. Node may not be available. 
2025-04-28 10:36:39-618 [walletUserRepliesContainer-0-C-1] WARN  o.apache.kafka.clients.NetworkClient - [Consumer clientId=consumer-wallet-group-5, groupId=wallet-group] Bootstrap broker localhost:29092 (id: -1 rack: null) disconnected 
2025-04-28 10:36:39-976 [exchangeRepliesContainer-0-C-1] INFO  o.apache.kafka.clients.NetworkClient - [Consumer clientId=consumer-exchange-group-1, groupId=exchange-group] Node -1 disconnected. 
2025-04-28 10:36:39-976 [exchangeRepliesContainer-0-C-1] WARN  o.apache.kafka.clients.NetworkClient - [Consumer clientId=consumer-exchange-group-1, groupId=exchange-group] Connection to node -1 (localhost/127.0.0.1:29092) could not be established. Node may not be available. 
2025-04-28 10:36:39-976 [exchangeRepliesContainer-0-C-1] WARN  o.apache.kafka.clients.NetworkClient - [Consumer clientId=consumer-exchange-group-1, groupId=exchange-group] Bootstrap broker localhost:29092 (id: -1 rack: null) disconnected 
2025-04-28 10:36:40-021 [bootCoinUserRepliesContainer-0-C-1] INFO  o.apache.kafka.clients.NetworkClient - [Consumer clientId=consumer-bootuser-group-3, groupId=bootuser-group] Node -1 disconnected. 
2025-04-28 10:36:40-021 [bootCoinUserRepliesContainer-0-C-1] WARN  o.apache.kafka.clients.NetworkClient - [Consumer clientId=consumer-bootuser-group-3, groupId=bootuser-group] Connection to node -1 (localhost/127.0.0.1:29092) could not be established. Node may not be available. 
2025-04-28 10:36:40-021 [bootCoinUserRepliesContainer-0-C-1] WARN  o.apache.kafka.clients.NetworkClient - [Consumer clientId=consumer-bootuser-group-3, groupId=bootuser-group] Bootstrap broker localhost:29092 (id: -1 rack: null) disconnected 
2025-04-28 10:36:40-411 [transactionRepliesContainer-0-C-1] INFO  o.apache.kafka.clients.NetworkClient - [Consumer clientId=consumer-transaction-group-2, groupId=transaction-group] Node -1 disconnected. 
2025-04-28 10:36:40-411 [transactionRepliesContainer-0-C-1] WARN  o.apache.kafka.clients.NetworkClient - [Consumer clientId=consumer-transaction-group-2, groupId=transaction-group] Connection to node -1 (localhost/127.0.0.1:29092) could not be established. Node may not be available. 
2025-04-28 10:36:40-411 [transactionRepliesContainer-0-C-1] WARN  o.apache.kafka.clients.NetworkClient - [Consumer clientId=consumer-transaction-group-2, groupId=transaction-group] Bootstrap broker localhost:29092 (id: -1 rack: null) disconnected 
2025-04-28 10:36:40-474 [walletRepliesContainer-0-C-1] INFO  o.apache.kafka.clients.NetworkClient - [Consumer clientId=consumer-wallet-group-4, groupId=wallet-group] Node -1 disconnected. 
2025-04-28 10:36:40-474 [walletRepliesContainer-0-C-1] WARN  o.apache.kafka.clients.NetworkClient - [Consumer clientId=consumer-wallet-group-4, groupId=wallet-group] Connection to node -1 (localhost/127.0.0.1:29092) could not be established. Node may not be available. 
2025-04-28 10:36:40-474 [walletRepliesContainer-0-C-1] WARN  o.apache.kafka.clients.NetworkClient - [Consumer clientId=consumer-wallet-group-4, groupId=wallet-group] Bootstrap broker localhost:29092 (id: -1 rack: null) disconnected 
2025-04-28 10:36:40-657 [walletUserRepliesContainer-0-C-1] INFO  o.apache.kafka.clients.NetworkClient - [Consumer clientId=consumer-wallet-group-5, groupId=wallet-group] Node -1 disconnected. 
2025-04-28 10:36:40-657 [walletUserRepliesContainer-0-C-1] WARN  o.apache.kafka.clients.NetworkClient - [Consumer clientId=consumer-wallet-group-5, groupId=wallet-group] Connection to node -1 (localhost/127.0.0.1:29092) could not be established. Node may not be available. 
2025-04-28 10:36:40-657 [walletUserRepliesContainer-0-C-1] WARN  o.apache.kafka.clients.NetworkClient - [Consumer clientId=consumer-wallet-group-5, groupId=wallet-group] Bootstrap broker localhost:29092 (id: -1 rack: null) disconnected 
2025-04-28 10:36:40-894 [bootCoinUserRepliesContainer-0-C-1] INFO  o.apache.kafka.clients.NetworkClient - [Consumer clientId=consumer-bootuser-group-3, groupId=bootuser-group] Node -1 disconnected. 
2025-04-28 10:36:40-894 [bootCoinUserRepliesContainer-0-C-1] WARN  o.apache.kafka.clients.NetworkClient - [Consumer clientId=consumer-bootuser-group-3, groupId=bootuser-group] Connection to node -1 (localhost/127.0.0.1:29092) could not be established. Node may not be available. 
2025-04-28 10:36:40-894 [bootCoinUserRepliesContainer-0-C-1] WARN  o.apache.kafka.clients.NetworkClient - [Consumer clientId=consumer-bootuser-group-3, groupId=bootuser-group] Bootstrap broker localhost:29092 (id: -1 rack: null) disconnected 
2025-04-28 10:36:41-019 [exchangeRepliesContainer-0-C-1] INFO  o.apache.kafka.clients.NetworkClient - [Consumer clientId=consumer-exchange-group-1, groupId=exchange-group] Node -1 disconnected. 
2025-04-28 10:36:41-019 [exchangeRepliesContainer-0-C-1] WARN  o.apache.kafka.clients.NetworkClient - [Consumer clientId=consumer-exchange-group-1, groupId=exchange-group] Connection to node -1 (localhost/127.0.0.1:29092) could not be established. Node may not be available. 
2025-04-28 10:36:41-019 [exchangeRepliesContainer-0-C-1] WARN  o.apache.kafka.clients.NetworkClient - [Consumer clientId=consumer-exchange-group-1, groupId=exchange-group] Bootstrap broker localhost:29092 (id: -1 rack: null) disconnected 
2025-04-28 10:36:41-357 [walletRepliesContainer-0-C-1] INFO  o.apache.kafka.clients.NetworkClient - [Consumer clientId=consumer-wallet-group-4, groupId=wallet-group] Node -1 disconnected. 
2025-04-28 10:36:41-357 [walletRepliesContainer-0-C-1] WARN  o.apache.kafka.clients.NetworkClient - [Consumer clientId=consumer-wallet-group-4, groupId=wallet-group] Connection to node -1 (localhost/127.0.0.1:29092) could not be established. Node may not be available. 
2025-04-28 10:36:41-357 [walletRepliesContainer-0-C-1] WARN  o.apache.kafka.clients.NetworkClient - [Consumer clientId=consumer-wallet-group-4, groupId=wallet-group] Bootstrap broker localhost:29092 (id: -1 rack: null) disconnected 
2025-04-28 10:36:41-419 [transactionRepliesContainer-0-C-1] INFO  o.apache.kafka.clients.NetworkClient - [Consumer clientId=consumer-transaction-group-2, groupId=transaction-group] Node -1 disconnected. 
2025-04-28 10:36:41-420 [transactionRepliesContainer-0-C-1] WARN  o.apache.kafka.clients.NetworkClient - [Consumer clientId=consumer-transaction-group-2, groupId=transaction-group] Connection to node -1 (localhost/127.0.0.1:29092) could not be established. Node may not be available. 
2025-04-28 10:36:41-420 [transactionRepliesContainer-0-C-1] WARN  o.apache.kafka.clients.NetworkClient - [Consumer clientId=consumer-transaction-group-2, groupId=transaction-group] Bootstrap broker localhost:29092 (id: -1 rack: null) disconnected 
2025-04-28 10:36:41-666 [walletUserRepliesContainer-0-C-1] INFO  o.apache.kafka.clients.NetworkClient - [Consumer clientId=consumer-wallet-group-5, groupId=wallet-group] Node -1 disconnected. 
2025-04-28 10:36:41-666 [walletUserRepliesContainer-0-C-1] WARN  o.apache.kafka.clients.NetworkClient - [Consumer clientId=consumer-wallet-group-5, groupId=wallet-group] Connection to node -1 (localhost/127.0.0.1:29092) could not be established. Node may not be available. 
2025-04-28 10:36:41-666 [walletUserRepliesContainer-0-C-1] WARN  o.apache.kafka.clients.NetworkClient - [Consumer clientId=consumer-wallet-group-5, groupId=wallet-group] Bootstrap broker localhost:29092 (id: -1 rack: null) disconnected 
2025-04-28 10:36:41-925 [bootCoinUserRepliesContainer-0-C-1] INFO  o.apache.kafka.clients.NetworkClient - [Consumer clientId=consumer-bootuser-group-3, groupId=bootuser-group] Node -1 disconnected. 
2025-04-28 10:36:41-925 [bootCoinUserRepliesContainer-0-C-1] WARN  o.apache.kafka.clients.NetworkClient - [Consumer clientId=consumer-bootuser-group-3, groupId=bootuser-group] Connection to node -1 (localhost/127.0.0.1:29092) could not be established. Node may not be available. 
2025-04-28 10:36:41-925 [bootCoinUserRepliesContainer-0-C-1] WARN  o.apache.kafka.clients.NetworkClient - [Consumer clientId=consumer-bootuser-group-3, groupId=bootuser-group] Bootstrap broker localhost:29092 (id: -1 rack: null) disconnected 
2025-04-28 10:36:42-021 [exchangeRepliesContainer-0-C-1] INFO  o.apache.kafka.clients.NetworkClient - [Consumer clientId=consumer-exchange-group-1, groupId=exchange-group] Node -1 disconnected. 
2025-04-28 10:36:42-021 [exchangeRepliesContainer-0-C-1] WARN  o.apache.kafka.clients.NetworkClient - [Consumer clientId=consumer-exchange-group-1, groupId=exchange-group] Connection to node -1 (localhost/127.0.0.1:29092) could not be established. Node may not be available. 
2025-04-28 10:36:42-021 [exchangeRepliesContainer-0-C-1] WARN  o.apache.kafka.clients.NetworkClient - [Consumer clientId=consumer-exchange-group-1, groupId=exchange-group] Bootstrap broker localhost:29092 (id: -1 rack: null) disconnected 
2025-04-28 10:36:42-286 [walletRepliesContainer-0-C-1] INFO  o.apache.kafka.clients.NetworkClient - [Consumer clientId=consumer-wallet-group-4, groupId=wallet-group] Node -1 disconnected. 
2025-04-28 10:36:42-286 [walletRepliesContainer-0-C-1] WARN  o.apache.kafka.clients.NetworkClient - [Consumer clientId=consumer-wallet-group-4, groupId=wallet-group] Connection to node -1 (localhost/127.0.0.1:29092) could not be established. Node may not be available. 
2025-04-28 10:36:42-287 [walletRepliesContainer-0-C-1] WARN  o.apache.kafka.clients.NetworkClient - [Consumer clientId=consumer-wallet-group-4, groupId=wallet-group] Bootstrap broker localhost:29092 (id: -1 rack: null) disconnected 
2025-04-28 10:36:42-425 [transactionRepliesContainer-0-C-1] INFO  o.apache.kafka.clients.NetworkClient - [Consumer clientId=consumer-transaction-group-2, groupId=transaction-group] Node -1 disconnected. 
2025-04-28 10:36:42-425 [transactionRepliesContainer-0-C-1] WARN  o.apache.kafka.clients.NetworkClient - [Consumer clientId=consumer-transaction-group-2, groupId=transaction-group] Connection to node -1 (localhost/127.0.0.1:29092) could not be established. Node may not be available. 
2025-04-28 10:36:42-425 [transactionRepliesContainer-0-C-1] WARN  o.apache.kafka.clients.NetworkClient - [Consumer clientId=consumer-transaction-group-2, groupId=transaction-group] Bootstrap broker localhost:29092 (id: -1 rack: null) disconnected 
2025-04-28 10:36:42-673 [walletUserRepliesContainer-0-C-1] INFO  o.apache.kafka.clients.NetworkClient - [Consumer clientId=consumer-wallet-group-5, groupId=wallet-group] Node -1 disconnected. 
2025-04-28 10:36:42-673 [walletUserRepliesContainer-0-C-1] WARN  o.apache.kafka.clients.NetworkClient - [Consumer clientId=consumer-wallet-group-5, groupId=wallet-group] Connection to node -1 (localhost/127.0.0.1:29092) could not be established. Node may not be available. 
2025-04-28 10:36:42-673 [walletUserRepliesContainer-0-C-1] WARN  o.apache.kafka.clients.NetworkClient - [Consumer clientId=consumer-wallet-group-5, groupId=wallet-group] Bootstrap broker localhost:29092 (id: -1 rack: null) disconnected 
2025-04-28 10:36:42-983 [bootCoinUserRepliesContainer-0-C-1] INFO  o.apache.kafka.clients.NetworkClient - [Consumer clientId=consumer-bootuser-group-3, groupId=bootuser-group] Node -1 disconnected. 
2025-04-28 10:36:42-983 [bootCoinUserRepliesContainer-0-C-1] WARN  o.apache.kafka.clients.NetworkClient - [Consumer clientId=consumer-bootuser-group-3, groupId=bootuser-group] Connection to node -1 (localhost/127.0.0.1:29092) could not be established. Node may not be available. 
2025-04-28 10:36:42-983 [bootCoinUserRepliesContainer-0-C-1] WARN  o.apache.kafka.clients.NetworkClient - [Consumer clientId=consumer-bootuser-group-3, groupId=bootuser-group] Bootstrap broker localhost:29092 (id: -1 rack: null) disconnected 
2025-04-28 10:36:43-062 [exchangeRepliesContainer-0-C-1] INFO  o.apache.kafka.clients.NetworkClient - [Consumer clientId=consumer-exchange-group-1, groupId=exchange-group] Node -1 disconnected. 
2025-04-28 10:36:43-062 [exchangeRepliesContainer-0-C-1] WARN  o.apache.kafka.clients.NetworkClient - [Consumer clientId=consumer-exchange-group-1, groupId=exchange-group] Connection to node -1 (localhost/127.0.0.1:29092) could not be established. Node may not be available. 
2025-04-28 10:36:43-062 [exchangeRepliesContainer-0-C-1] WARN  o.apache.kafka.clients.NetworkClient - [Consumer clientId=consumer-exchange-group-1, groupId=exchange-group] Bootstrap broker localhost:29092 (id: -1 rack: null) disconnected 
2025-04-28 10:36:43-155 [walletRepliesContainer-0-C-1] INFO  o.apache.kafka.clients.NetworkClient - [Consumer clientId=consumer-wallet-group-4, groupId=wallet-group] Node -1 disconnected. 
2025-04-28 10:36:43-156 [walletRepliesContainer-0-C-1] WARN  o.apache.kafka.clients.NetworkClient - [Consumer clientId=consumer-wallet-group-4, groupId=wallet-group] Connection to node -1 (localhost/127.0.0.1:29092) could not be established. Node may not be available. 
2025-04-28 10:36:43-156 [walletRepliesContainer-0-C-1] WARN  o.apache.kafka.clients.NetworkClient - [Consumer clientId=consumer-wallet-group-4, groupId=wallet-group] Bootstrap broker localhost:29092 (id: -1 rack: null) disconnected 
2025-04-28 10:36:43-294 [transactionRepliesContainer-0-C-1] INFO  o.apache.kafka.clients.NetworkClient - [Consumer clientId=consumer-transaction-group-2, groupId=transaction-group] Node -1 disconnected. 
2025-04-28 10:36:43-294 [transactionRepliesContainer-0-C-1] WARN  o.apache.kafka.clients.NetworkClient - [Consumer clientId=consumer-transaction-group-2, groupId=transaction-group] Connection to node -1 (localhost/127.0.0.1:29092) could not be established. Node may not be available. 
2025-04-28 10:36:43-294 [transactionRepliesContainer-0-C-1] WARN  o.apache.kafka.clients.NetworkClient - [Consumer clientId=consumer-transaction-group-2, groupId=transaction-group] Bootstrap broker localhost:29092 (id: -1 rack: null) disconnected 
2025-04-28 10:36:43-684 [walletUserRepliesContainer-0-C-1] INFO  o.apache.kafka.clients.NetworkClient - [Consumer clientId=consumer-wallet-group-5, groupId=wallet-group] Node -1 disconnected. 
2025-04-28 10:36:43-685 [walletUserRepliesContainer-0-C-1] WARN  o.apache.kafka.clients.NetworkClient - [Consumer clientId=consumer-wallet-group-5, groupId=wallet-group] Connection to node -1 (localhost/127.0.0.1:29092) could not be established. Node may not be available. 
2025-04-28 10:36:43-685 [walletUserRepliesContainer-0-C-1] WARN  o.apache.kafka.clients.NetworkClient - [Consumer clientId=consumer-wallet-group-5, groupId=wallet-group] Bootstrap broker localhost:29092 (id: -1 rack: null) disconnected 
2025-04-28 10:36:44-037 [bootCoinUserRepliesContainer-0-C-1] INFO  o.apache.kafka.clients.NetworkClient - [Consumer clientId=consumer-bootuser-group-3, groupId=bootuser-group] Node -1 disconnected. 
2025-04-28 10:36:44-037 [bootCoinUserRepliesContainer-0-C-1] WARN  o.apache.kafka.clients.NetworkClient - [Consumer clientId=consumer-bootuser-group-3, groupId=bootuser-group] Connection to node -1 (localhost/127.0.0.1:29092) could not be established. Node may not be available. 
2025-04-28 10:36:44-037 [bootCoinUserRepliesContainer-0-C-1] WARN  o.apache.kafka.clients.NetworkClient - [Consumer clientId=consumer-bootuser-group-3, groupId=bootuser-group] Bootstrap broker localhost:29092 (id: -1 rack: null) disconnected 
2025-04-28 10:36:44-063 [exchangeRepliesContainer-0-C-1] INFO  o.apache.kafka.clients.NetworkClient - [Consumer clientId=consumer-exchange-group-1, groupId=exchange-group] Node -1 disconnected. 
2025-04-28 10:36:44-063 [exchangeRepliesContainer-0-C-1] WARN  o.apache.kafka.clients.NetworkClient - [Consumer clientId=consumer-exchange-group-1, groupId=exchange-group] Connection to node -1 (localhost/127.0.0.1:29092) could not be established. Node may not be available. 
2025-04-28 10:36:44-063 [exchangeRepliesContainer-0-C-1] WARN  o.apache.kafka.clients.NetworkClient - [Consumer clientId=consumer-exchange-group-1, groupId=exchange-group] Bootstrap broker localhost:29092 (id: -1 rack: null) disconnected 
2025-04-28 10:36:44-151 [transactionRepliesContainer-0-C-1] INFO  o.apache.kafka.clients.NetworkClient - [Consumer clientId=consumer-transaction-group-2, groupId=transaction-group] Node -1 disconnected. 
2025-04-28 10:36:44-151 [transactionRepliesContainer-0-C-1] WARN  o.apache.kafka.clients.NetworkClient - [Consumer clientId=consumer-transaction-group-2, groupId=transaction-group] Connection to node -1 (localhost/127.0.0.1:29092) could not be established. Node may not be available. 
2025-04-28 10:36:44-151 [transactionRepliesContainer-0-C-1] WARN  o.apache.kafka.clients.NetworkClient - [Consumer clientId=consumer-transaction-group-2, groupId=transaction-group] Bootstrap broker localhost:29092 (id: -1 rack: null) disconnected 
2025-04-28 10:36:44-166 [walletRepliesContainer-0-C-1] INFO  o.apache.kafka.clients.NetworkClient - [Consumer clientId=consumer-wallet-group-4, groupId=wallet-group] Node -1 disconnected. 
2025-04-28 10:36:44-166 [walletRepliesContainer-0-C-1] WARN  o.apache.kafka.clients.NetworkClient - [Consumer clientId=consumer-wallet-group-4, groupId=wallet-group] Connection to node -1 (localhost/127.0.0.1:29092) could not be established. Node may not be available. 
2025-04-28 10:36:44-166 [walletRepliesContainer-0-C-1] WARN  o.apache.kafka.clients.NetworkClient - [Consumer clientId=consumer-wallet-group-4, groupId=wallet-group] Bootstrap broker localhost:29092 (id: -1 rack: null) disconnected 
2025-04-28 10:36:44-681 [walletUserRepliesContainer-0-C-1] INFO  o.apache.kafka.clients.NetworkClient - [Consumer clientId=consumer-wallet-group-5, groupId=wallet-group] Node -1 disconnected. 
2025-04-28 10:36:44-682 [walletUserRepliesContainer-0-C-1] WARN  o.apache.kafka.clients.NetworkClient - [Consumer clientId=consumer-wallet-group-5, groupId=wallet-group] Connection to node -1 (localhost/127.0.0.1:29092) could not be established. Node may not be available. 
2025-04-28 10:36:44-682 [walletUserRepliesContainer-0-C-1] WARN  o.apache.kafka.clients.NetworkClient - [Consumer clientId=consumer-wallet-group-5, groupId=wallet-group] Bootstrap broker localhost:29092 (id: -1 rack: null) disconnected 
2025-04-28 10:36:45-040 [bootCoinUserRepliesContainer-0-C-1] INFO  o.apache.kafka.clients.NetworkClient - [Consumer clientId=consumer-bootuser-group-3, groupId=bootuser-group] Node -1 disconnected. 
2025-04-28 10:36:45-042 [bootCoinUserRepliesContainer-0-C-1] WARN  o.apache.kafka.clients.NetworkClient - [Consumer clientId=consumer-bootuser-group-3, groupId=bootuser-group] Connection to node -1 (localhost/127.0.0.1:29092) could not be established. Node may not be available. 
2025-04-28 10:36:45-042 [bootCoinUserRepliesContainer-0-C-1] WARN  o.apache.kafka.clients.NetworkClient - [Consumer clientId=consumer-bootuser-group-3, groupId=bootuser-group] Bootstrap broker localhost:29092 (id: -1 rack: null) disconnected 
2025-04-28 10:36:45-056 [transactionRepliesContainer-0-C-1] INFO  o.apache.kafka.clients.NetworkClient - [Consumer clientId=consumer-transaction-group-2, groupId=transaction-group] Node -1 disconnected. 
2025-04-28 10:36:45-056 [transactionRepliesContainer-0-C-1] WARN  o.apache.kafka.clients.NetworkClient - [Consumer clientId=consumer-transaction-group-2, groupId=transaction-group] Connection to node -1 (localhost/127.0.0.1:29092) could not be established. Node may not be available. 
2025-04-28 10:36:45-056 [transactionRepliesContainer-0-C-1] WARN  o.apache.kafka.clients.NetworkClient - [Consumer clientId=consumer-transaction-group-2, groupId=transaction-group] Bootstrap broker localhost:29092 (id: -1 rack: null) disconnected 
2025-04-28 10:36:45-071 [exchangeRepliesContainer-0-C-1] INFO  o.apache.kafka.clients.NetworkClient - [Consumer clientId=consumer-exchange-group-1, groupId=exchange-group] Node -1 disconnected. 
2025-04-28 10:36:45-071 [exchangeRepliesContainer-0-C-1] WARN  o.apache.kafka.clients.NetworkClient - [Consumer clientId=consumer-exchange-group-1, groupId=exchange-group] Connection to node -1 (localhost/127.0.0.1:29092) could not be established. Node may not be available. 
2025-04-28 10:36:45-071 [exchangeRepliesContainer-0-C-1] WARN  o.apache.kafka.clients.NetworkClient - [Consumer clientId=consumer-exchange-group-1, groupId=exchange-group] Bootstrap broker localhost:29092 (id: -1 rack: null) disconnected 
2025-04-28 10:36:45-165 [walletRepliesContainer-0-C-1] INFO  o.apache.kafka.clients.NetworkClient - [Consumer clientId=consumer-wallet-group-4, groupId=wallet-group] Node -1 disconnected. 
2025-04-28 10:36:45-165 [walletRepliesContainer-0-C-1] WARN  o.apache.kafka.clients.NetworkClient - [Consumer clientId=consumer-wallet-group-4, groupId=wallet-group] Connection to node -1 (localhost/127.0.0.1:29092) could not be established. Node may not be available. 
2025-04-28 10:36:45-165 [walletRepliesContainer-0-C-1] WARN  o.apache.kafka.clients.NetworkClient - [Consumer clientId=consumer-wallet-group-4, groupId=wallet-group] Bootstrap broker localhost:29092 (id: -1 rack: null) disconnected 
2025-04-28 10:36:45-694 [walletUserRepliesContainer-0-C-1] INFO  o.apache.kafka.clients.NetworkClient - [Consumer clientId=consumer-wallet-group-5, groupId=wallet-group] Node -1 disconnected. 
2025-04-28 10:36:45-695 [walletUserRepliesContainer-0-C-1] WARN  o.apache.kafka.clients.NetworkClient - [Consumer clientId=consumer-wallet-group-5, groupId=wallet-group] Connection to node -1 (localhost/127.0.0.1:29092) could not be established. Node may not be available. 
2025-04-28 10:36:45-695 [walletUserRepliesContainer-0-C-1] WARN  o.apache.kafka.clients.NetworkClient - [Consumer clientId=consumer-wallet-group-5, groupId=wallet-group] Bootstrap broker localhost:29092 (id: -1 rack: null) disconnected 
2025-04-28 10:36:45-927 [exchangeRepliesContainer-0-C-1] INFO  o.apache.kafka.clients.NetworkClient - [Consumer clientId=consumer-exchange-group-1, groupId=exchange-group] Node -1 disconnected. 
2025-04-28 10:36:45-927 [exchangeRepliesContainer-0-C-1] WARN  o.apache.kafka.clients.NetworkClient - [Consumer clientId=consumer-exchange-group-1, groupId=exchange-group] Connection to node -1 (localhost/127.0.0.1:29092) could not be established. Node may not be available. 
2025-04-28 10:36:45-927 [exchangeRepliesContainer-0-C-1] WARN  o.apache.kafka.clients.NetworkClient - [Consumer clientId=consumer-exchange-group-1, groupId=exchange-group] Bootstrap broker localhost:29092 (id: -1 rack: null) disconnected 
2025-04-28 10:36:46-066 [transactionRepliesContainer-0-C-1] INFO  o.apache.kafka.clients.NetworkClient - [Consumer clientId=consumer-transaction-group-2, groupId=transaction-group] Node -1 disconnected. 
2025-04-28 10:36:46-066 [transactionRepliesContainer-0-C-1] WARN  o.apache.kafka.clients.NetworkClient - [Consumer clientId=consumer-transaction-group-2, groupId=transaction-group] Connection to node -1 (localhost/127.0.0.1:29092) could not be established. Node may not be available. 
2025-04-28 10:36:46-066 [transactionRepliesContainer-0-C-1] WARN  o.apache.kafka.clients.NetworkClient - [Consumer clientId=consumer-transaction-group-2, groupId=transaction-group] Bootstrap broker localhost:29092 (id: -1 rack: null) disconnected 
2025-04-28 10:36:46-097 [bootCoinUserRepliesContainer-0-C-1] INFO  o.apache.kafka.clients.NetworkClient - [Consumer clientId=consumer-bootuser-group-3, groupId=bootuser-group] Node -1 disconnected. 
2025-04-28 10:36:46-097 [bootCoinUserRepliesContainer-0-C-1] WARN  o.apache.kafka.clients.NetworkClient - [Consumer clientId=consumer-bootuser-group-3, groupId=bootuser-group] Connection to node -1 (localhost/127.0.0.1:29092) could not be established. Node may not be available. 
2025-04-28 10:36:46-097 [bootCoinUserRepliesContainer-0-C-1] WARN  o.apache.kafka.clients.NetworkClient - [Consumer clientId=consumer-bootuser-group-3, groupId=bootuser-group] Bootstrap broker localhost:29092 (id: -1 rack: null) disconnected 
2025-04-28 10:36:46-159 [walletRepliesContainer-0-C-1] INFO  o.apache.kafka.clients.NetworkClient - [Consumer clientId=consumer-wallet-group-4, groupId=wallet-group] Node -1 disconnected. 
2025-04-28 10:36:46-159 [walletRepliesContainer-0-C-1] WARN  o.apache.kafka.clients.NetworkClient - [Consumer clientId=consumer-wallet-group-4, groupId=wallet-group] Connection to node -1 (localhost/127.0.0.1:29092) could not be established. Node may not be available. 
2025-04-28 10:36:46-159 [walletRepliesContainer-0-C-1] WARN  o.apache.kafka.clients.NetworkClient - [Consumer clientId=consumer-wallet-group-4, groupId=wallet-group] Bootstrap broker localhost:29092 (id: -1 rack: null) disconnected 
2025-04-28 10:36:46-564 [walletUserRepliesContainer-0-C-1] INFO  o.apache.kafka.clients.NetworkClient - [Consumer clientId=consumer-wallet-group-5, groupId=wallet-group] Node -1 disconnected. 
2025-04-28 10:36:46-565 [walletUserRepliesContainer-0-C-1] WARN  o.apache.kafka.clients.NetworkClient - [Consumer clientId=consumer-wallet-group-5, groupId=wallet-group] Connection to node -1 (localhost/127.0.0.1:29092) could not be established. Node may not be available. 
2025-04-28 10:36:46-565 [walletUserRepliesContainer-0-C-1] WARN  o.apache.kafka.clients.NetworkClient - [Consumer clientId=consumer-wallet-group-5, groupId=wallet-group] Bootstrap broker localhost:29092 (id: -1 rack: null) disconnected 
2025-04-28 10:36:46-954 [exchangeRepliesContainer-0-C-1] INFO  o.apache.kafka.clients.NetworkClient - [Consumer clientId=consumer-exchange-group-1, groupId=exchange-group] Node -1 disconnected. 
2025-04-28 10:36:46-955 [exchangeRepliesContainer-0-C-1] WARN  o.apache.kafka.clients.NetworkClient - [Consumer clientId=consumer-exchange-group-1, groupId=exchange-group] Connection to node -1 (localhost/127.0.0.1:29092) could not be established. Node may not be available. 
2025-04-28 10:36:46-955 [exchangeRepliesContainer-0-C-1] WARN  o.apache.kafka.clients.NetworkClient - [Consumer clientId=consumer-exchange-group-1, groupId=exchange-group] Bootstrap broker localhost:29092 (id: -1 rack: null) disconnected 
2025-04-28 10:36:46-970 [bootCoinUserRepliesContainer-0-C-1] INFO  o.apache.kafka.clients.NetworkClient - [Consumer clientId=consumer-bootuser-group-3, groupId=bootuser-group] Node -1 disconnected. 
2025-04-28 10:36:46-970 [bootCoinUserRepliesContainer-0-C-1] WARN  o.apache.kafka.clients.NetworkClient - [Consumer clientId=consumer-bootuser-group-3, groupId=bootuser-group] Connection to node -1 (localhost/127.0.0.1:29092) could not be established. Node may not be available. 
2025-04-28 10:36:46-970 [bootCoinUserRepliesContainer-0-C-1] WARN  o.apache.kafka.clients.NetworkClient - [Consumer clientId=consumer-bootuser-group-3, groupId=bootuser-group] Bootstrap broker localhost:29092 (id: -1 rack: null) disconnected 
2025-04-28 10:36:47-049 [walletRepliesContainer-0-C-1] INFO  o.apache.kafka.clients.NetworkClient - [Consumer clientId=consumer-wallet-group-4, groupId=wallet-group] Node -1 disconnected. 
2025-04-28 10:36:47-049 [walletRepliesContainer-0-C-1] WARN  o.apache.kafka.clients.NetworkClient - [Consumer clientId=consumer-wallet-group-4, groupId=wallet-group] Connection to node -1 (localhost/127.0.0.1:29092) could not be established. Node may not be available. 
2025-04-28 10:36:47-049 [walletRepliesContainer-0-C-1] WARN  o.apache.kafka.clients.NetworkClient - [Consumer clientId=consumer-wallet-group-4, groupId=wallet-group] Bootstrap broker localhost:29092 (id: -1 rack: null) disconnected 
2025-04-28 10:36:47-125 [transactionRepliesContainer-0-C-1] INFO  o.apache.kafka.clients.NetworkClient - [Consumer clientId=consumer-transaction-group-2, groupId=transaction-group] Node -1 disconnected. 
2025-04-28 10:36:47-126 [transactionRepliesContainer-0-C-1] WARN  o.apache.kafka.clients.NetworkClient - [Consumer clientId=consumer-transaction-group-2, groupId=transaction-group] Connection to node -1 (localhost/127.0.0.1:29092) could not be established. Node may not be available. 
2025-04-28 10:36:47-126 [transactionRepliesContainer-0-C-1] WARN  o.apache.kafka.clients.NetworkClient - [Consumer clientId=consumer-transaction-group-2, groupId=transaction-group] Bootstrap broker localhost:29092 (id: -1 rack: null) disconnected 
2025-04-28 10:36:47-437 [walletUserRepliesContainer-0-C-1] INFO  o.apache.kafka.clients.NetworkClient - [Consumer clientId=consumer-wallet-group-5, groupId=wallet-group] Node -1 disconnected. 
2025-04-28 10:36:47-438 [walletUserRepliesContainer-0-C-1] WARN  o.apache.kafka.clients.NetworkClient - [Consumer clientId=consumer-wallet-group-5, groupId=wallet-group] Connection to node -1 (localhost/127.0.0.1:29092) could not be established. Node may not be available. 
2025-04-28 10:36:47-438 [walletUserRepliesContainer-0-C-1] WARN  o.apache.kafka.clients.NetworkClient - [Consumer clientId=consumer-wallet-group-5, groupId=wallet-group] Bootstrap broker localhost:29092 (id: -1 rack: null) disconnected 
2025-04-28 10:36:47-934 [bootCoinUserRepliesContainer-0-C-1] INFO  o.apache.kafka.clients.NetworkClient - [Consumer clientId=consumer-bootuser-group-3, groupId=bootuser-group] Node -1 disconnected. 
2025-04-28 10:36:47-934 [bootCoinUserRepliesContainer-0-C-1] WARN  o.apache.kafka.clients.NetworkClient - [Consumer clientId=consumer-bootuser-group-3, groupId=bootuser-group] Connection to node -1 (localhost/127.0.0.1:29092) could not be established. Node may not be available. 
2025-04-28 10:36:47-934 [bootCoinUserRepliesContainer-0-C-1] WARN  o.apache.kafka.clients.NetworkClient - [Consumer clientId=consumer-bootuser-group-3, groupId=bootuser-group] Bootstrap broker localhost:29092 (id: -1 rack: null) disconnected 
2025-04-28 10:36:47-966 [exchangeRepliesContainer-0-C-1] INFO  o.apache.kafka.clients.NetworkClient - [Consumer clientId=consumer-exchange-group-1, groupId=exchange-group] Node -1 disconnected. 
2025-04-28 10:36:47-966 [exchangeRepliesContainer-0-C-1] WARN  o.apache.kafka.clients.NetworkClient - [Consumer clientId=consumer-exchange-group-1, groupId=exchange-group] Connection to node -1 (localhost/127.0.0.1:29092) could not be established. Node may not be available. 
2025-04-28 10:36:47-966 [exchangeRepliesContainer-0-C-1] WARN  o.apache.kafka.clients.NetworkClient - [Consumer clientId=consumer-exchange-group-1, groupId=exchange-group] Bootstrap broker localhost:29092 (id: -1 rack: null) disconnected 
2025-04-28 10:36:48-058 [walletRepliesContainer-0-C-1] INFO  o.apache.kafka.clients.NetworkClient - [Consumer clientId=consumer-wallet-group-4, groupId=wallet-group] Node -1 disconnected. 
2025-04-28 10:36:48-058 [walletRepliesContainer-0-C-1] WARN  o.apache.kafka.clients.NetworkClient - [Consumer clientId=consumer-wallet-group-4, groupId=wallet-group] Connection to node -1 (localhost/127.0.0.1:29092) could not be established. Node may not be available. 
2025-04-28 10:36:48-058 [walletRepliesContainer-0-C-1] WARN  o.apache.kafka.clients.NetworkClient - [Consumer clientId=consumer-wallet-group-4, groupId=wallet-group] Bootstrap broker localhost:29092 (id: -1 rack: null) disconnected 
2025-04-28 10:36:48-120 [transactionRepliesContainer-0-C-1] INFO  o.apache.kafka.clients.NetworkClient - [Consumer clientId=consumer-transaction-group-2, groupId=transaction-group] Node -1 disconnected. 
2025-04-28 10:36:48-120 [transactionRepliesContainer-0-C-1] WARN  o.apache.kafka.clients.NetworkClient - [Consumer clientId=consumer-transaction-group-2, groupId=transaction-group] Connection to node -1 (localhost/127.0.0.1:29092) could not be established. Node may not be available. 
2025-04-28 10:36:48-120 [transactionRepliesContainer-0-C-1] WARN  o.apache.kafka.clients.NetworkClient - [Consumer clientId=consumer-transaction-group-2, groupId=transaction-group] Bootstrap broker localhost:29092 (id: -1 rack: null) disconnected 
2025-04-28 10:36:48-351 [walletUserRepliesContainer-0-C-1] INFO  o.apache.kafka.clients.NetworkClient - [Consumer clientId=consumer-wallet-group-5, groupId=wallet-group] Node -1 disconnected. 
2025-04-28 10:36:48-351 [walletUserRepliesContainer-0-C-1] WARN  o.apache.kafka.clients.NetworkClient - [Consumer clientId=consumer-wallet-group-5, groupId=wallet-group] Connection to node -1 (localhost/127.0.0.1:29092) could not be established. Node may not be available. 
2025-04-28 10:36:48-351 [walletUserRepliesContainer-0-C-1] WARN  o.apache.kafka.clients.NetworkClient - [Consumer clientId=consumer-wallet-group-5, groupId=wallet-group] Bootstrap broker localhost:29092 (id: -1 rack: null) disconnected 
2025-04-28 10:36:48-802 [bootCoinUserRepliesContainer-0-C-1] INFO  o.apache.kafka.clients.NetworkClient - [Consumer clientId=consumer-bootuser-group-3, groupId=bootuser-group] Node -1 disconnected. 
2025-04-28 10:36:48-802 [bootCoinUserRepliesContainer-0-C-1] WARN  o.apache.kafka.clients.NetworkClient - [Consumer clientId=consumer-bootuser-group-3, groupId=bootuser-group] Connection to node -1 (localhost/127.0.0.1:29092) could not be established. Node may not be available. 
2025-04-28 10:36:48-802 [bootCoinUserRepliesContainer-0-C-1] WARN  o.apache.kafka.clients.NetworkClient - [Consumer clientId=consumer-bootuser-group-3, groupId=bootuser-group] Bootstrap broker localhost:29092 (id: -1 rack: null) disconnected 
2025-04-28 10:36:48-941 [exchangeRepliesContainer-0-C-1] INFO  o.apache.kafka.clients.NetworkClient - [Consumer clientId=consumer-exchange-group-1, groupId=exchange-group] Node -1 disconnected. 
2025-04-28 10:36:48-942 [exchangeRepliesContainer-0-C-1] WARN  o.apache.kafka.clients.NetworkClient - [Consumer clientId=consumer-exchange-group-1, groupId=exchange-group] Connection to node -1 (localhost/127.0.0.1:29092) could not be established. Node may not be available. 
2025-04-28 10:36:48-942 [exchangeRepliesContainer-0-C-1] WARN  o.apache.kafka.clients.NetworkClient - [Consumer clientId=consumer-exchange-group-1, groupId=exchange-group] Bootstrap broker localhost:29092 (id: -1 rack: null) disconnected 
2025-04-28 10:36:49-060 [walletRepliesContainer-0-C-1] INFO  o.apache.kafka.clients.NetworkClient - [Consumer clientId=consumer-wallet-group-4, groupId=wallet-group] Node -1 disconnected. 
2025-04-28 10:36:49-060 [walletRepliesContainer-0-C-1] WARN  o.apache.kafka.clients.NetworkClient - [Consumer clientId=consumer-wallet-group-4, groupId=wallet-group] Connection to node -1 (localhost/127.0.0.1:29092) could not be established. Node may not be available. 
2025-04-28 10:36:49-060 [walletRepliesContainer-0-C-1] WARN  o.apache.kafka.clients.NetworkClient - [Consumer clientId=consumer-wallet-group-4, groupId=wallet-group] Bootstrap broker localhost:29092 (id: -1 rack: null) disconnected 
2025-04-28 10:36:49-158 [transactionRepliesContainer-0-C-1] INFO  o.apache.kafka.clients.NetworkClient - [Consumer clientId=consumer-transaction-group-2, groupId=transaction-group] Node -1 disconnected. 
2025-04-28 10:36:49-159 [transactionRepliesContainer-0-C-1] WARN  o.apache.kafka.clients.NetworkClient - [Consumer clientId=consumer-transaction-group-2, groupId=transaction-group] Connection to node -1 (localhost/127.0.0.1:29092) could not be established. Node may not be available. 
2025-04-28 10:36:49-159 [transactionRepliesContainer-0-C-1] WARN  o.apache.kafka.clients.NetworkClient - [Consumer clientId=consumer-transaction-group-2, groupId=transaction-group] Bootstrap broker localhost:29092 (id: -1 rack: null) disconnected 
2025-04-28 10:36:49-406 [walletUserRepliesContainer-0-C-1] INFO  o.apache.kafka.clients.NetworkClient - [Consumer clientId=consumer-wallet-group-5, groupId=wallet-group] Node -1 disconnected. 
2025-04-28 10:36:49-406 [walletUserRepliesContainer-0-C-1] WARN  o.apache.kafka.clients.NetworkClient - [Consumer clientId=consumer-wallet-group-5, groupId=wallet-group] Connection to node -1 (localhost/127.0.0.1:29092) could not be established. Node may not be available. 
2025-04-28 10:36:49-406 [walletUserRepliesContainer-0-C-1] WARN  o.apache.kafka.clients.NetworkClient - [Consumer clientId=consumer-wallet-group-5, groupId=wallet-group] Bootstrap broker localhost:29092 (id: -1 rack: null) disconnected 
2025-04-28 10:36:49-812 [bootCoinUserRepliesContainer-0-C-1] INFO  o.apache.kafka.clients.NetworkClient - [Consumer clientId=consumer-bootuser-group-3, groupId=bootuser-group] Node -1 disconnected. 
2025-04-28 10:36:49-812 [bootCoinUserRepliesContainer-0-C-1] WARN  o.apache.kafka.clients.NetworkClient - [Consumer clientId=consumer-bootuser-group-3, groupId=bootuser-group] Connection to node -1 (localhost/127.0.0.1:29092) could not be established. Node may not be available. 
2025-04-28 10:36:49-812 [bootCoinUserRepliesContainer-0-C-1] WARN  o.apache.kafka.clients.NetworkClient - [Consumer clientId=consumer-bootuser-group-3, groupId=bootuser-group] Bootstrap broker localhost:29092 (id: -1 rack: null) disconnected 
2025-04-28 10:36:49-873 [exchangeRepliesContainer-0-C-1] INFO  o.apache.kafka.clients.NetworkClient - [Consumer clientId=consumer-exchange-group-1, groupId=exchange-group] Node -1 disconnected. 
2025-04-28 10:36:49-873 [exchangeRepliesContainer-0-C-1] WARN  o.apache.kafka.clients.NetworkClient - [Consumer clientId=consumer-exchange-group-1, groupId=exchange-group] Connection to node -1 (localhost/127.0.0.1:29092) could not be established. Node may not be available. 
2025-04-28 10:36:49-873 [exchangeRepliesContainer-0-C-1] WARN  o.apache.kafka.clients.NetworkClient - [Consumer clientId=consumer-exchange-group-1, groupId=exchange-group] Bootstrap broker localhost:29092 (id: -1 rack: null) disconnected 
2025-04-28 10:36:49-983 [walletRepliesContainer-0-C-1] INFO  o.apache.kafka.clients.NetworkClient - [Consumer clientId=consumer-wallet-group-4, groupId=wallet-group] Node -1 disconnected. 
2025-04-28 10:36:49-983 [walletRepliesContainer-0-C-1] WARN  o.apache.kafka.clients.NetworkClient - [Consumer clientId=consumer-wallet-group-4, groupId=wallet-group] Connection to node -1 (localhost/127.0.0.1:29092) could not be established. Node may not be available. 
2025-04-28 10:36:49-983 [walletRepliesContainer-0-C-1] WARN  o.apache.kafka.clients.NetworkClient - [Consumer clientId=consumer-wallet-group-4, groupId=wallet-group] Bootstrap broker localhost:29092 (id: -1 rack: null) disconnected 
2025-04-28 10:36:50-028 [transactionRepliesContainer-0-C-1] INFO  o.apache.kafka.clients.NetworkClient - [Consumer clientId=consumer-transaction-group-2, groupId=transaction-group] Node -1 disconnected. 
2025-04-28 10:36:50-028 [transactionRepliesContainer-0-C-1] WARN  o.apache.kafka.clients.NetworkClient - [Consumer clientId=consumer-transaction-group-2, groupId=transaction-group] Connection to node -1 (localhost/127.0.0.1:29092) could not be established. Node may not be available. 
2025-04-28 10:36:50-028 [transactionRepliesContainer-0-C-1] WARN  o.apache.kafka.clients.NetworkClient - [Consumer clientId=consumer-transaction-group-2, groupId=transaction-group] Bootstrap broker localhost:29092 (id: -1 rack: null) disconnected 
2025-04-28 10:36:50-399 [walletUserRepliesContainer-0-C-1] INFO  o.apache.kafka.clients.NetworkClient - [Consumer clientId=consumer-wallet-group-5, groupId=wallet-group] Node -1 disconnected. 
2025-04-28 10:36:50-399 [walletUserRepliesContainer-0-C-1] WARN  o.apache.kafka.clients.NetworkClient - [Consumer clientId=consumer-wallet-group-5, groupId=wallet-group] Connection to node -1 (localhost/127.0.0.1:29092) could not be established. Node may not be available. 
2025-04-28 10:36:50-399 [walletUserRepliesContainer-0-C-1] WARN  o.apache.kafka.clients.NetworkClient - [Consumer clientId=consumer-wallet-group-5, groupId=wallet-group] Bootstrap broker localhost:29092 (id: -1 rack: null) disconnected 
2025-04-28 10:36:50-784 [bootCoinUserRepliesContainer-0-C-1] INFO  o.apache.kafka.clients.NetworkClient - [Consumer clientId=consumer-bootuser-group-3, groupId=bootuser-group] Node -1 disconnected. 
2025-04-28 10:36:50-784 [bootCoinUserRepliesContainer-0-C-1] WARN  o.apache.kafka.clients.NetworkClient - [Consumer clientId=consumer-bootuser-group-3, groupId=bootuser-group] Connection to node -1 (localhost/127.0.0.1:29092) could not be established. Node may not be available. 
2025-04-28 10:36:50-784 [bootCoinUserRepliesContainer-0-C-1] WARN  o.apache.kafka.clients.NetworkClient - [Consumer clientId=consumer-bootuser-group-3, groupId=bootuser-group] Bootstrap broker localhost:29092 (id: -1 rack: null) disconnected 
2025-04-28 10:36:50-879 [exchangeRepliesContainer-0-C-1] INFO  o.apache.kafka.clients.NetworkClient - [Consumer clientId=consumer-exchange-group-1, groupId=exchange-group] Node -1 disconnected. 
2025-04-28 10:36:50-879 [exchangeRepliesContainer-0-C-1] WARN  o.apache.kafka.clients.NetworkClient - [Consumer clientId=consumer-exchange-group-1, groupId=exchange-group] Connection to node -1 (localhost/127.0.0.1:29092) could not be established. Node may not be available. 
2025-04-28 10:36:50-879 [exchangeRepliesContainer-0-C-1] WARN  o.apache.kafka.clients.NetworkClient - [Consumer clientId=consumer-exchange-group-1, groupId=exchange-group] Bootstrap broker localhost:29092 (id: -1 rack: null) disconnected 
2025-04-28 10:36:51-003 [walletRepliesContainer-0-C-1] INFO  o.apache.kafka.clients.NetworkClient - [Consumer clientId=consumer-wallet-group-4, groupId=wallet-group] Node -1 disconnected. 
2025-04-28 10:36:51-003 [walletRepliesContainer-0-C-1] WARN  o.apache.kafka.clients.NetworkClient - [Consumer clientId=consumer-wallet-group-4, groupId=wallet-group] Connection to node -1 (localhost/127.0.0.1:29092) could not be established. Node may not be available. 
2025-04-28 10:36:51-003 [walletRepliesContainer-0-C-1] WARN  o.apache.kafka.clients.NetworkClient - [Consumer clientId=consumer-wallet-group-4, groupId=wallet-group] Bootstrap broker localhost:29092 (id: -1 rack: null) disconnected 
2025-04-28 10:36:51-034 [transactionRepliesContainer-0-C-1] INFO  o.apache.kafka.clients.NetworkClient - [Consumer clientId=consumer-transaction-group-2, groupId=transaction-group] Node -1 disconnected. 
2025-04-28 10:36:51-034 [transactionRepliesContainer-0-C-1] WARN  o.apache.kafka.clients.NetworkClient - [Consumer clientId=consumer-transaction-group-2, groupId=transaction-group] Connection to node -1 (localhost/127.0.0.1:29092) could not be established. Node may not be available. 
2025-04-28 10:36:51-034 [transactionRepliesContainer-0-C-1] WARN  o.apache.kafka.clients.NetworkClient - [Consumer clientId=consumer-transaction-group-2, groupId=transaction-group] Bootstrap broker localhost:29092 (id: -1 rack: null) disconnected 
2025-04-28 10:36:51-422 [walletUserRepliesContainer-0-C-1] INFO  o.apache.kafka.clients.NetworkClient - [Consumer clientId=consumer-wallet-group-5, groupId=wallet-group] Node -1 disconnected. 
2025-04-28 10:36:51-422 [walletUserRepliesContainer-0-C-1] WARN  o.apache.kafka.clients.NetworkClient - [Consumer clientId=consumer-wallet-group-5, groupId=wallet-group] Connection to node -1 (localhost/127.0.0.1:29092) could not be established. Node may not be available. 
2025-04-28 10:36:51-422 [walletUserRepliesContainer-0-C-1] WARN  o.apache.kafka.clients.NetworkClient - [Consumer clientId=consumer-wallet-group-5, groupId=wallet-group] Bootstrap broker localhost:29092 (id: -1 rack: null) disconnected 
2025-04-28 10:36:51-795 [bootCoinUserRepliesContainer-0-C-1] INFO  o.apache.kafka.clients.NetworkClient - [Consumer clientId=consumer-bootuser-group-3, groupId=bootuser-group] Node -1 disconnected. 
2025-04-28 10:36:51-795 [bootCoinUserRepliesContainer-0-C-1] WARN  o.apache.kafka.clients.NetworkClient - [Consumer clientId=consumer-bootuser-group-3, groupId=bootuser-group] Connection to node -1 (localhost/127.0.0.1:29092) could not be established. Node may not be available. 
2025-04-28 10:36:51-795 [bootCoinUserRepliesContainer-0-C-1] WARN  o.apache.kafka.clients.NetworkClient - [Consumer clientId=consumer-bootuser-group-3, groupId=bootuser-group] Bootstrap broker localhost:29092 (id: -1 rack: null) disconnected 
2025-04-28 10:36:51-857 [exchangeRepliesContainer-0-C-1] INFO  o.apache.kafka.clients.NetworkClient - [Consumer clientId=consumer-exchange-group-1, groupId=exchange-group] Node -1 disconnected. 
2025-04-28 10:36:51-857 [exchangeRepliesContainer-0-C-1] WARN  o.apache.kafka.clients.NetworkClient - [Consumer clientId=consumer-exchange-group-1, groupId=exchange-group] Connection to node -1 (localhost/127.0.0.1:29092) could not be established. Node may not be available. 
2025-04-28 10:36:51-857 [exchangeRepliesContainer-0-C-1] WARN  o.apache.kafka.clients.NetworkClient - [Consumer clientId=consumer-exchange-group-1, groupId=exchange-group] Bootstrap broker localhost:29092 (id: -1 rack: null) disconnected 
2025-04-28 10:36:51-873 [walletRepliesContainer-0-C-1] INFO  o.apache.kafka.clients.NetworkClient - [Consumer clientId=consumer-wallet-group-4, groupId=wallet-group] Node -1 disconnected. 
2025-04-28 10:36:51-873 [walletRepliesContainer-0-C-1] WARN  o.apache.kafka.clients.NetworkClient - [Consumer clientId=consumer-wallet-group-4, groupId=wallet-group] Connection to node -1 (localhost/127.0.0.1:29092) could not be established. Node may not be available. 
2025-04-28 10:36:51-873 [walletRepliesContainer-0-C-1] WARN  o.apache.kafka.clients.NetworkClient - [Consumer clientId=consumer-wallet-group-4, groupId=wallet-group] Bootstrap broker localhost:29092 (id: -1 rack: null) disconnected 
2025-04-28 10:36:52-042 [transactionRepliesContainer-0-C-1] INFO  o.apache.kafka.clients.NetworkClient - [Consumer clientId=consumer-transaction-group-2, groupId=transaction-group] Node -1 disconnected. 
2025-04-28 10:36:52-042 [transactionRepliesContainer-0-C-1] WARN  o.apache.kafka.clients.NetworkClient - [Consumer clientId=consumer-transaction-group-2, groupId=transaction-group] Connection to node -1 (localhost/127.0.0.1:29092) could not be established. Node may not be available. 
2025-04-28 10:36:52-042 [transactionRepliesContainer-0-C-1] WARN  o.apache.kafka.clients.NetworkClient - [Consumer clientId=consumer-transaction-group-2, groupId=transaction-group] Bootstrap broker localhost:29092 (id: -1 rack: null) disconnected 
2025-04-28 10:36:52-427 [walletUserRepliesContainer-0-C-1] INFO  o.apache.kafka.clients.NetworkClient - [Consumer clientId=consumer-wallet-group-5, groupId=wallet-group] Node -1 disconnected. 
2025-04-28 10:36:52-427 [walletUserRepliesContainer-0-C-1] WARN  o.apache.kafka.clients.NetworkClient - [Consumer clientId=consumer-wallet-group-5, groupId=wallet-group] Connection to node -1 (localhost/127.0.0.1:29092) could not be established. Node may not be available. 
2025-04-28 10:36:52-427 [walletUserRepliesContainer-0-C-1] WARN  o.apache.kafka.clients.NetworkClient - [Consumer clientId=consumer-wallet-group-5, groupId=wallet-group] Bootstrap broker localhost:29092 (id: -1 rack: null) disconnected 
2025-04-28 10:36:52-721 [bootCoinUserRepliesContainer-0-C-1] INFO  o.apache.kafka.clients.NetworkClient - [Consumer clientId=consumer-bootuser-group-3, groupId=bootuser-group] Node -1 disconnected. 
2025-04-28 10:36:52-722 [bootCoinUserRepliesContainer-0-C-1] WARN  o.apache.kafka.clients.NetworkClient - [Consumer clientId=consumer-bootuser-group-3, groupId=bootuser-group] Connection to node -1 (localhost/127.0.0.1:29092) could not be established. Node may not be available. 
2025-04-28 10:36:52-722 [bootCoinUserRepliesContainer-0-C-1] WARN  o.apache.kafka.clients.NetworkClient - [Consumer clientId=consumer-bootuser-group-3, groupId=bootuser-group] Bootstrap broker localhost:29092 (id: -1 rack: null) disconnected 
2025-04-28 10:36:52-814 [exchangeRepliesContainer-0-C-1] INFO  o.apache.kafka.clients.NetworkClient - [Consumer clientId=consumer-exchange-group-1, groupId=exchange-group] Node -1 disconnected. 
2025-04-28 10:36:52-814 [exchangeRepliesContainer-0-C-1] WARN  o.apache.kafka.clients.NetworkClient - [Consumer clientId=consumer-exchange-group-1, groupId=exchange-group] Connection to node -1 (localhost/127.0.0.1:29092) could not be established. Node may not be available. 
2025-04-28 10:36:52-815 [exchangeRepliesContainer-0-C-1] WARN  o.apache.kafka.clients.NetworkClient - [Consumer clientId=consumer-exchange-group-1, groupId=exchange-group] Bootstrap broker localhost:29092 (id: -1 rack: null) disconnected 
2025-04-28 10:36:52-877 [walletRepliesContainer-0-C-1] INFO  o.apache.kafka.clients.NetworkClient - [Consumer clientId=consumer-wallet-group-4, groupId=wallet-group] Node -1 disconnected. 
2025-04-28 10:36:52-878 [walletRepliesContainer-0-C-1] WARN  o.apache.kafka.clients.NetworkClient - [Consumer clientId=consumer-wallet-group-4, groupId=wallet-group] Connection to node -1 (localhost/127.0.0.1:29092) could not be established. Node may not be available. 
2025-04-28 10:36:52-878 [walletRepliesContainer-0-C-1] WARN  o.apache.kafka.clients.NetworkClient - [Consumer clientId=consumer-wallet-group-4, groupId=wallet-group] Bootstrap broker localhost:29092 (id: -1 rack: null) disconnected 
2025-04-28 10:36:53-048 [transactionRepliesContainer-0-C-1] INFO  o.apache.kafka.clients.NetworkClient - [Consumer clientId=consumer-transaction-group-2, groupId=transaction-group] Node -1 disconnected. 
2025-04-28 10:36:53-048 [transactionRepliesContainer-0-C-1] WARN  o.apache.kafka.clients.NetworkClient - [Consumer clientId=consumer-transaction-group-2, groupId=transaction-group] Connection to node -1 (localhost/127.0.0.1:29092) could not be established. Node may not be available. 
2025-04-28 10:36:53-048 [transactionRepliesContainer-0-C-1] WARN  o.apache.kafka.clients.NetworkClient - [Consumer clientId=consumer-transaction-group-2, groupId=transaction-group] Bootstrap broker localhost:29092 (id: -1 rack: null) disconnected 
2025-04-28 10:36:53-436 [walletUserRepliesContainer-0-C-1] INFO  o.apache.kafka.clients.NetworkClient - [Consumer clientId=consumer-wallet-group-5, groupId=wallet-group] Node -1 disconnected. 
2025-04-28 10:36:53-436 [walletUserRepliesContainer-0-C-1] WARN  o.apache.kafka.clients.NetworkClient - [Consumer clientId=consumer-wallet-group-5, groupId=wallet-group] Connection to node -1 (localhost/127.0.0.1:29092) could not be established. Node may not be available. 
2025-04-28 10:36:53-436 [walletUserRepliesContainer-0-C-1] WARN  o.apache.kafka.clients.NetworkClient - [Consumer clientId=consumer-wallet-group-5, groupId=wallet-group] Bootstrap broker localhost:29092 (id: -1 rack: null) disconnected 
2025-04-28 10:36:53-746 [exchangeRepliesContainer-0-C-1] INFO  o.apache.kafka.clients.NetworkClient - [Consumer clientId=consumer-exchange-group-1, groupId=exchange-group] Node -1 disconnected. 
2025-04-28 10:36:53-747 [exchangeRepliesContainer-0-C-1] WARN  o.apache.kafka.clients.NetworkClient - [Consumer clientId=consumer-exchange-group-1, groupId=exchange-group] Connection to node -1 (localhost/127.0.0.1:29092) could not be established. Node may not be available. 
2025-04-28 10:36:53-747 [exchangeRepliesContainer-0-C-1] WARN  o.apache.kafka.clients.NetworkClient - [Consumer clientId=consumer-exchange-group-1, groupId=exchange-group] Bootstrap broker localhost:29092 (id: -1 rack: null) disconnected 
2025-04-28 10:36:53-777 [bootCoinUserRepliesContainer-0-C-1] INFO  o.apache.kafka.clients.NetworkClient - [Consumer clientId=consumer-bootuser-group-3, groupId=bootuser-group] Node -1 disconnected. 
2025-04-28 10:36:53-777 [bootCoinUserRepliesContainer-0-C-1] WARN  o.apache.kafka.clients.NetworkClient - [Consumer clientId=consumer-bootuser-group-3, groupId=bootuser-group] Connection to node -1 (localhost/127.0.0.1:29092) could not be established. Node may not be available. 
2025-04-28 10:36:53-777 [bootCoinUserRepliesContainer-0-C-1] WARN  o.apache.kafka.clients.NetworkClient - [Consumer clientId=consumer-bootuser-group-3, groupId=bootuser-group] Bootstrap broker localhost:29092 (id: -1 rack: null) disconnected 
2025-04-28 10:36:53-936 [walletRepliesContainer-0-C-1] INFO  o.apache.kafka.clients.NetworkClient - [Consumer clientId=consumer-wallet-group-4, groupId=wallet-group] Node -1 disconnected. 
2025-04-28 10:36:53-936 [walletRepliesContainer-0-C-1] WARN  o.apache.kafka.clients.NetworkClient - [Consumer clientId=consumer-wallet-group-4, groupId=wallet-group] Connection to node -1 (localhost/127.0.0.1:29092) could not be established. Node may not be available. 
2025-04-28 10:36:53-936 [walletRepliesContainer-0-C-1] WARN  o.apache.kafka.clients.NetworkClient - [Consumer clientId=consumer-wallet-group-4, groupId=wallet-group] Bootstrap broker localhost:29092 (id: -1 rack: null) disconnected 
2025-04-28 10:36:53-951 [transactionRepliesContainer-0-C-1] INFO  o.apache.kafka.clients.NetworkClient - [Consumer clientId=consumer-transaction-group-2, groupId=transaction-group] Node -1 disconnected. 
2025-04-28 10:36:53-951 [transactionRepliesContainer-0-C-1] WARN  o.apache.kafka.clients.NetworkClient - [Consumer clientId=consumer-transaction-group-2, groupId=transaction-group] Connection to node -1 (localhost/127.0.0.1:29092) could not be established. Node may not be available. 
2025-04-28 10:36:53-951 [transactionRepliesContainer-0-C-1] WARN  o.apache.kafka.clients.NetworkClient - [Consumer clientId=consumer-transaction-group-2, groupId=transaction-group] Bootstrap broker localhost:29092 (id: -1 rack: null) disconnected 
2025-04-28 10:36:54-494 [walletUserRepliesContainer-0-C-1] INFO  o.apache.kafka.clients.NetworkClient - [Consumer clientId=consumer-wallet-group-5, groupId=wallet-group] Node -1 disconnected. 
2025-04-28 10:36:54-494 [walletUserRepliesContainer-0-C-1] WARN  o.apache.kafka.clients.NetworkClient - [Consumer clientId=consumer-wallet-group-5, groupId=wallet-group] Connection to node -1 (localhost/127.0.0.1:29092) could not be established. Node may not be available. 
2025-04-28 10:36:54-494 [walletUserRepliesContainer-0-C-1] WARN  o.apache.kafka.clients.NetworkClient - [Consumer clientId=consumer-wallet-group-5, groupId=wallet-group] Bootstrap broker localhost:29092 (id: -1 rack: null) disconnected 
2025-04-28 10:36:54-762 [exchangeRepliesContainer-0-C-1] INFO  o.apache.kafka.clients.NetworkClient - [Consumer clientId=consumer-exchange-group-1, groupId=exchange-group] Node -1 disconnected. 
2025-04-28 10:36:54-766 [exchangeRepliesContainer-0-C-1] WARN  o.apache.kafka.clients.NetworkClient - [Consumer clientId=consumer-exchange-group-1, groupId=exchange-group] Connection to node -1 (localhost/127.0.0.1:29092) could not be established. Node may not be available. 
2025-04-28 10:36:54-766 [exchangeRepliesContainer-0-C-1] WARN  o.apache.kafka.clients.NetworkClient - [Consumer clientId=consumer-exchange-group-1, groupId=exchange-group] Bootstrap broker localhost:29092 (id: -1 rack: null) disconnected 
2025-04-28 10:36:54-792 [bootCoinUserRepliesContainer-0-C-1] INFO  o.apache.kafka.clients.NetworkClient - [Consumer clientId=consumer-bootuser-group-3, groupId=bootuser-group] Node -1 disconnected. 
2025-04-28 10:36:54-792 [bootCoinUserRepliesContainer-0-C-1] WARN  o.apache.kafka.clients.NetworkClient - [Consumer clientId=consumer-bootuser-group-3, groupId=bootuser-group] Connection to node -1 (localhost/127.0.0.1:29092) could not be established. Node may not be available. 
2025-04-28 10:36:54-792 [bootCoinUserRepliesContainer-0-C-1] WARN  o.apache.kafka.clients.NetworkClient - [Consumer clientId=consumer-bootuser-group-3, groupId=bootuser-group] Bootstrap broker localhost:29092 (id: -1 rack: null) disconnected 
2025-04-28 10:36:54-855 [transactionRepliesContainer-0-C-1] INFO  o.apache.kafka.clients.NetworkClient - [Consumer clientId=consumer-transaction-group-2, groupId=transaction-group] Node -1 disconnected. 
2025-04-28 10:36:54-855 [walletRepliesContainer-0-C-1] INFO  o.apache.kafka.clients.NetworkClient - [Consumer clientId=consumer-wallet-group-4, groupId=wallet-group] Node -1 disconnected. 
2025-04-28 10:36:54-855 [transactionRepliesContainer-0-C-1] WARN  o.apache.kafka.clients.NetworkClient - [Consumer clientId=consumer-transaction-group-2, groupId=transaction-group] Connection to node -1 (localhost/127.0.0.1:29092) could not be established. Node may not be available. 
2025-04-28 10:36:54-855 [walletRepliesContainer-0-C-1] WARN  o.apache.kafka.clients.NetworkClient - [Consumer clientId=consumer-wallet-group-4, groupId=wallet-group] Connection to node -1 (localhost/127.0.0.1:29092) could not be established. Node may not be available. 
2025-04-28 10:36:54-855 [transactionRepliesContainer-0-C-1] WARN  o.apache.kafka.clients.NetworkClient - [Consumer clientId=consumer-transaction-group-2, groupId=transaction-group] Bootstrap broker localhost:29092 (id: -1 rack: null) disconnected 
2025-04-28 10:36:54-855 [walletRepliesContainer-0-C-1] WARN  o.apache.kafka.clients.NetworkClient - [Consumer clientId=consumer-wallet-group-4, groupId=wallet-group] Bootstrap broker localhost:29092 (id: -1 rack: null) disconnected 
2025-04-28 10:36:55-496 [walletUserRepliesContainer-0-C-1] INFO  o.apache.kafka.clients.NetworkClient - [Consumer clientId=consumer-wallet-group-5, groupId=wallet-group] Node -1 disconnected. 
2025-04-28 10:36:55-496 [walletUserRepliesContainer-0-C-1] WARN  o.apache.kafka.clients.NetworkClient - [Consumer clientId=consumer-wallet-group-5, groupId=wallet-group] Connection to node -1 (localhost/127.0.0.1:29092) could not be established. Node may not be available. 
2025-04-28 10:36:55-496 [walletUserRepliesContainer-0-C-1] WARN  o.apache.kafka.clients.NetworkClient - [Consumer clientId=consumer-wallet-group-5, groupId=wallet-group] Bootstrap broker localhost:29092 (id: -1 rack: null) disconnected 
2025-04-28 10:36:55-537 [SpringApplicationShutdownHook] INFO  o.s.c.n.e.s.EurekaServiceRegistry - Unregistering application P2P-BOOTCOIN-SERVICE with eureka with status DOWN 
2025-04-28 10:36:55-537 [SpringApplicationShutdownHook] INFO  c.netflix.discovery.DiscoveryClient - Saw local status change event StatusChangeEvent [timestamp=1745854615537, current=DOWN, previous=UP] 
2025-04-28 10:36:55-537 [DiscoveryClient-InstanceInfoReplicator-%d] INFO  c.netflix.discovery.DiscoveryClient - DiscoveryClient_P2P-BOOTCOIN-SERVICE/p2p-bootcoin-service:8803: registering service... 
2025-04-28 10:36:55-541 [exchangeRepliesContainer-0-C-1] INFO  o.a.k.c.c.i.ConsumerCoordinator - [Consumer clientId=consumer-exchange-group-1, groupId=exchange-group] Resetting generation and member id due to: consumer pro-actively leaving the group 
2025-04-28 10:36:55-542 [exchangeRepliesContainer-0-C-1] INFO  o.a.k.c.c.i.ConsumerCoordinator - [Consumer clientId=consumer-exchange-group-1, groupId=exchange-group] Request joining group due to: consumer pro-actively leaving the group 
2025-04-28 10:36:55-542 [exchangeRepliesContainer-0-C-1] INFO  o.a.k.c.c.i.LegacyKafkaConsumer - [Consumer clientId=consumer-exchange-group-1, groupId=exchange-group] Unsubscribed all topics or patterns and assigned partitions 
2025-04-28 10:36:55-543 [exchangeRepliesContainer-0-C-1] INFO  o.a.k.c.c.i.ConsumerCoordinator - [Consumer clientId=consumer-exchange-group-1, groupId=exchange-group] Resetting generation and member id due to: consumer pro-actively leaving the group 
2025-04-28 10:36:55-543 [exchangeRepliesContainer-0-C-1] INFO  o.a.k.c.c.i.ConsumerCoordinator - [Consumer clientId=consumer-exchange-group-1, groupId=exchange-group] Request joining group due to: consumer pro-actively leaving the group 
2025-04-28 10:36:55-545 [exchangeRepliesContainer-0-C-1] INFO  o.a.kafka.common.metrics.Metrics - Metrics scheduler closed 
2025-04-28 10:36:55-545 [exchangeRepliesContainer-0-C-1] INFO  o.a.kafka.common.metrics.Metrics - Closing reporter org.apache.kafka.common.metrics.JmxReporter 
2025-04-28 10:36:55-545 [exchangeRepliesContainer-0-C-1] INFO  o.a.kafka.common.metrics.Metrics - Closing reporter org.apache.kafka.common.telemetry.internals.ClientTelemetryReporter 
2025-04-28 10:36:55-545 [exchangeRepliesContainer-0-C-1] INFO  o.a.kafka.common.metrics.Metrics - Metrics reporters closed 
2025-04-28 10:36:55-547 [exchangeRepliesContainer-0-C-1] INFO  o.a.kafka.common.utils.AppInfoParser - App info kafka.consumer for consumer-exchange-group-1 unregistered 
2025-04-28 10:36:55-547 [exchangeRepliesContainer-0-C-1] INFO  o.s.k.l.KafkaMessageListenerContainer - exchange-group: Consumer stopped 
2025-04-28 10:36:55-548 [transactionRepliesContainer-0-C-1] INFO  o.a.k.c.c.i.ConsumerCoordinator - [Consumer clientId=consumer-transaction-group-2, groupId=transaction-group] Resetting generation and member id due to: consumer pro-actively leaving the group 
2025-04-28 10:36:55-548 [transactionRepliesContainer-0-C-1] INFO  o.a.k.c.c.i.ConsumerCoordinator - [Consumer clientId=consumer-transaction-group-2, groupId=transaction-group] Request joining group due to: consumer pro-actively leaving the group 
2025-04-28 10:36:55-548 [transactionRepliesContainer-0-C-1] INFO  o.a.k.c.c.i.LegacyKafkaConsumer - [Consumer clientId=consumer-transaction-group-2, groupId=transaction-group] Unsubscribed all topics or patterns and assigned partitions 
2025-04-28 10:36:55-548 [transactionRepliesContainer-0-C-1] INFO  o.a.k.c.c.i.ConsumerCoordinator - [Consumer clientId=consumer-transaction-group-2, groupId=transaction-group] Resetting generation and member id due to: consumer pro-actively leaving the group 
2025-04-28 10:36:55-548 [transactionRepliesContainer-0-C-1] INFO  o.a.k.c.c.i.ConsumerCoordinator - [Consumer clientId=consumer-transaction-group-2, groupId=transaction-group] Request joining group due to: consumer pro-actively leaving the group 
2025-04-28 10:36:55-549 [transactionRepliesContainer-0-C-1] INFO  o.a.kafka.common.metrics.Metrics - Metrics scheduler closed 
2025-04-28 10:36:55-549 [transactionRepliesContainer-0-C-1] INFO  o.a.kafka.common.metrics.Metrics - Closing reporter org.apache.kafka.common.metrics.JmxReporter 
2025-04-28 10:36:55-549 [transactionRepliesContainer-0-C-1] INFO  o.a.kafka.common.metrics.Metrics - Closing reporter org.apache.kafka.common.telemetry.internals.ClientTelemetryReporter 
2025-04-28 10:36:55-549 [transactionRepliesContainer-0-C-1] INFO  o.a.kafka.common.metrics.Metrics - Metrics reporters closed 
2025-04-28 10:36:55-550 [transactionRepliesContainer-0-C-1] INFO  o.a.kafka.common.utils.AppInfoParser - App info kafka.consumer for consumer-transaction-group-2 unregistered 
2025-04-28 10:36:55-550 [transactionRepliesContainer-0-C-1] INFO  o.s.k.l.KafkaMessageListenerContainer - transaction-group: Consumer stopped 
2025-04-28 10:36:55-551 [bootCoinUserRepliesContainer-0-C-1] INFO  o.a.k.c.c.i.ConsumerCoordinator - [Consumer clientId=consumer-bootuser-group-3, groupId=bootuser-group] Resetting generation and member id due to: consumer pro-actively leaving the group 
2025-04-28 10:36:55-551 [bootCoinUserRepliesContainer-0-C-1] INFO  o.a.k.c.c.i.ConsumerCoordinator - [Consumer clientId=consumer-bootuser-group-3, groupId=bootuser-group] Request joining group due to: consumer pro-actively leaving the group 
2025-04-28 10:36:55-551 [bootCoinUserRepliesContainer-0-C-1] INFO  o.a.k.c.c.i.LegacyKafkaConsumer - [Consumer clientId=consumer-bootuser-group-3, groupId=bootuser-group] Unsubscribed all topics or patterns and assigned partitions 
2025-04-28 10:36:55-551 [bootCoinUserRepliesContainer-0-C-1] INFO  o.a.k.c.c.i.ConsumerCoordinator - [Consumer clientId=consumer-bootuser-group-3, groupId=bootuser-group] Resetting generation and member id due to: consumer pro-actively leaving the group 
2025-04-28 10:36:55-551 [bootCoinUserRepliesContainer-0-C-1] INFO  o.a.k.c.c.i.ConsumerCoordinator - [Consumer clientId=consumer-bootuser-group-3, groupId=bootuser-group] Request joining group due to: consumer pro-actively leaving the group 
2025-04-28 10:36:55-551 [bootCoinUserRepliesContainer-0-C-1] INFO  o.a.kafka.common.metrics.Metrics - Metrics scheduler closed 
2025-04-28 10:36:55-551 [bootCoinUserRepliesContainer-0-C-1] INFO  o.a.kafka.common.metrics.Metrics - Closing reporter org.apache.kafka.common.metrics.JmxReporter 
2025-04-28 10:36:55-551 [bootCoinUserRepliesContainer-0-C-1] INFO  o.a.kafka.common.metrics.Metrics - Closing reporter org.apache.kafka.common.telemetry.internals.ClientTelemetryReporter 
2025-04-28 10:36:55-551 [bootCoinUserRepliesContainer-0-C-1] INFO  o.a.kafka.common.metrics.Metrics - Metrics reporters closed 
2025-04-28 10:36:55-552 [bootCoinUserRepliesContainer-0-C-1] INFO  o.a.kafka.common.utils.AppInfoParser - App info kafka.consumer for consumer-bootuser-group-3 unregistered 
2025-04-28 10:36:55-552 [bootCoinUserRepliesContainer-0-C-1] INFO  o.s.k.l.KafkaMessageListenerContainer - bootuser-group: Consumer stopped 
2025-04-28 10:36:55-553 [walletRepliesContainer-0-C-1] INFO  o.a.k.c.c.i.ConsumerCoordinator - [Consumer clientId=consumer-wallet-group-4, groupId=wallet-group] Resetting generation and member id due to: consumer pro-actively leaving the group 
2025-04-28 10:36:55-553 [walletRepliesContainer-0-C-1] INFO  o.a.k.c.c.i.ConsumerCoordinator - [Consumer clientId=consumer-wallet-group-4, groupId=wallet-group] Request joining group due to: consumer pro-actively leaving the group 
2025-04-28 10:36:55-553 [walletRepliesContainer-0-C-1] INFO  o.a.k.c.c.i.LegacyKafkaConsumer - [Consumer clientId=consumer-wallet-group-4, groupId=wallet-group] Unsubscribed all topics or patterns and assigned partitions 
2025-04-28 10:36:55-553 [walletRepliesContainer-0-C-1] INFO  o.a.k.c.c.i.ConsumerCoordinator - [Consumer clientId=consumer-wallet-group-4, groupId=wallet-group] Resetting generation and member id due to: consumer pro-actively leaving the group 
2025-04-28 10:36:55-553 [walletRepliesContainer-0-C-1] INFO  o.a.k.c.c.i.ConsumerCoordinator - [Consumer clientId=consumer-wallet-group-4, groupId=wallet-group] Request joining group due to: consumer pro-actively leaving the group 
2025-04-28 10:36:55-553 [walletRepliesContainer-0-C-1] INFO  o.a.kafka.common.metrics.Metrics - Metrics scheduler closed 
2025-04-28 10:36:55-553 [walletRepliesContainer-0-C-1] INFO  o.a.kafka.common.metrics.Metrics - Closing reporter org.apache.kafka.common.metrics.JmxReporter 
2025-04-28 10:36:55-553 [walletRepliesContainer-0-C-1] INFO  o.a.kafka.common.metrics.Metrics - Closing reporter org.apache.kafka.common.telemetry.internals.ClientTelemetryReporter 
2025-04-28 10:36:55-553 [walletRepliesContainer-0-C-1] INFO  o.a.kafka.common.metrics.Metrics - Metrics reporters closed 
2025-04-28 10:36:55-556 [walletRepliesContainer-0-C-1] INFO  o.a.kafka.common.utils.AppInfoParser - App info kafka.consumer for consumer-wallet-group-4 unregistered 
2025-04-28 10:36:55-556 [walletRepliesContainer-0-C-1] INFO  o.s.k.l.KafkaMessageListenerContainer - wallet-group: Consumer stopped 
2025-04-28 10:36:55-556 [walletUserRepliesContainer-0-C-1] INFO  o.a.k.c.c.i.ConsumerCoordinator - [Consumer clientId=consumer-wallet-group-5, groupId=wallet-group] Resetting generation and member id due to: consumer pro-actively leaving the group 
2025-04-28 10:36:55-556 [walletUserRepliesContainer-0-C-1] INFO  o.a.k.c.c.i.ConsumerCoordinator - [Consumer clientId=consumer-wallet-group-5, groupId=wallet-group] Request joining group due to: consumer pro-actively leaving the group 
2025-04-28 10:36:55-556 [walletUserRepliesContainer-0-C-1] INFO  o.a.k.c.c.i.LegacyKafkaConsumer - [Consumer clientId=consumer-wallet-group-5, groupId=wallet-group] Unsubscribed all topics or patterns and assigned partitions 
2025-04-28 10:36:55-557 [walletUserRepliesContainer-0-C-1] INFO  o.a.k.c.c.i.ConsumerCoordinator - [Consumer clientId=consumer-wallet-group-5, groupId=wallet-group] Resetting generation and member id due to: consumer pro-actively leaving the group 
2025-04-28 10:36:55-557 [walletUserRepliesContainer-0-C-1] INFO  o.a.k.c.c.i.ConsumerCoordinator - [Consumer clientId=consumer-wallet-group-5, groupId=wallet-group] Request joining group due to: consumer pro-actively leaving the group 
2025-04-28 10:36:55-557 [walletUserRepliesContainer-0-C-1] INFO  o.a.kafka.common.metrics.Metrics - Metrics scheduler closed 
2025-04-28 10:36:55-557 [walletUserRepliesContainer-0-C-1] INFO  o.a.kafka.common.metrics.Metrics - Closing reporter org.apache.kafka.common.metrics.JmxReporter 
2025-04-28 10:36:55-557 [walletUserRepliesContainer-0-C-1] INFO  o.a.kafka.common.metrics.Metrics - Closing reporter org.apache.kafka.common.telemetry.internals.ClientTelemetryReporter 
2025-04-28 10:36:55-557 [walletUserRepliesContainer-0-C-1] INFO  o.a.kafka.common.metrics.Metrics - Metrics reporters closed 
2025-04-28 10:36:55-560 [walletUserRepliesContainer-0-C-1] INFO  o.a.kafka.common.utils.AppInfoParser - App info kafka.consumer for consumer-wallet-group-5 unregistered 
2025-04-28 10:36:55-560 [DiscoveryClient-InstanceInfoReplicator-%d] INFO  c.netflix.discovery.DiscoveryClient - DiscoveryClient_P2P-BOOTCOIN-SERVICE/p2p-bootcoin-service:8803 - registration status: 204 
2025-04-28 10:36:55-560 [walletUserRepliesContainer-0-C-1] INFO  o.s.k.l.KafkaMessageListenerContainer - wallet-group: Consumer stopped 
2025-04-28 10:36:55-561 [SpringApplicationShutdownHook] INFO  o.s.b.w.e.netty.GracefulShutdown - Commencing graceful shutdown. Waiting for active requests to complete 
2025-04-28 10:36:55-564 [netty-shutdown] INFO  o.s.b.w.e.netty.GracefulShutdown - Graceful shutdown complete 
