2025-04-28 15:22:30-508 [main] INFO  c.b.w.b.a.WalletBootcoinApiApplication - Starting WalletBootcoinApiApplication using Java 17.0.12 with PID 24296 (C:\Users\mgarcsar\Documents\Bootcamp\etregables\BootCoin\wallet-bootcoin-api\target\classes started by mgarcsar in C:\Users\mgarcsar\Documents\Bootcamp\etregables\BootCoin) 
2025-04-28 15:22:30-510 [main] INFO  c.b.w.b.a.WalletBootcoinApiApplication - The following 1 profile is active: "dev" 
2025-04-28 15:22:30-542 [main] INFO  o.s.c.c.c.ConfigServerConfigDataLoader - Fetching config from server at : http://config-server-bc:8888 
2025-04-28 15:22:30-542 [main] INFO  o.s.c.c.c.ConfigServerConfigDataLoader - Exception on Url - http://config-server-bc:8888:org.springframework.web.client.ResourceAccessException: I/O error on GET request for "http://config-server-bc:8888/wallet-bootcoin-api/default": config-server-bc. Will be trying the next url if available 
2025-04-28 15:22:30-542 [main] WARN  o.s.c.c.c.ConfigServerConfigDataLoader - Could not locate PropertySource ([ConfigServerConfigDataResource@57ce634f uris = array<String>['http://config-server-bc:8888'], optional = true, profiles = 'default']): I/O error on GET request for "http://config-server-bc:8888/wallet-bootcoin-api/default": config-server-bc 
2025-04-28 15:22:30-543 [main] INFO  o.s.c.c.c.ConfigServerConfigDataLoader - Fetching config from server at : http://config-server-bc:8888 
2025-04-28 15:22:30-543 [main] INFO  o.s.c.c.c.ConfigServerConfigDataLoader - Exception on Url - http://config-server-bc:8888:org.springframework.web.client.ResourceAccessException: I/O error on GET request for "http://config-server-bc:8888/wallet-bootcoin-api/dev": config-server-bc. Will be trying the next url if available 
2025-04-28 15:22:30-543 [main] WARN  o.s.c.c.c.ConfigServerConfigDataLoader - Could not locate PropertySource ([ConfigServerConfigDataResource@74ad8d05 uris = array<String>['http://config-server-bc:8888'], optional = true, profiles = 'dev']): I/O error on GET request for "http://config-server-bc:8888/wallet-bootcoin-api/dev": config-server-bc 
2025-04-28 15:22:30-543 [main] INFO  o.s.c.c.c.ConfigServerConfigDataLoader - Fetching config from server at : http://config-server-bc:8888 
2025-04-28 15:22:30-543 [main] INFO  o.s.c.c.c.ConfigServerConfigDataLoader - Exception on Url - http://config-server-bc:8888:org.springframework.web.client.ResourceAccessException: I/O error on GET request for "http://config-server-bc:8888/wallet-bootcoin-api/default": config-server-bc. Will be trying the next url if available 
2025-04-28 15:22:30-543 [main] WARN  o.s.c.c.c.ConfigServerConfigDataLoader - Could not locate PropertySource ([ConfigServerConfigDataResource@676ff3b0 uris = array<String>['http://config-server-bc:8888'], optional = true, profiles = 'default']): I/O error on GET request for "http://config-server-bc:8888/wallet-bootcoin-api/default": config-server-bc 
2025-04-28 15:22:31-802 [main] INFO  o.s.d.r.c.RepositoryConfigurationDelegate - Bootstrapping Spring Data Reactive MongoDB repositories in DEFAULT mode. 
2025-04-28 15:22:31-980 [main] INFO  o.s.d.r.c.RepositoryConfigurationDelegate - Finished Spring Data repository scanning in 170 ms. Found 1 Reactive MongoDB repository interface. 
2025-04-28 15:22:32-324 [main] INFO  o.s.cloud.context.scope.GenericScope - BeanFactory id=081874e3-d78b-3861-8e43-6dddf9cc1bd7 
2025-04-28 15:22:33-030 [main] INFO  org.mongodb.driver.client - MongoClient with metadata {"driver": {"name": "mongo-java-driver|reactive-streams|spring-boot", "version": "5.2.1"}, "os": {"type": "Windows", "name": "Windows 10", "architecture": "amd64", "version": "10.0"}, "platform": "Java/Oracle Corporation/17.0.12+8-LTS-286"} created with settings MongoClientSettings{readPreference=primary, writeConcern=WriteConcern{w=null, wTimeout=null ms, journal=null}, retryWrites=true, retryReads=true, readConcern=ReadConcern{level=null}, credential=null, transportSettings=NettyTransportSettings{eventLoopGroup=io.netty.channel.nio.NioEventLoopGroup@f08d676, socketChannelClass=null, allocator=null, sslContext=null}, commandListeners=[io.micrometer.core.instrument.binder.mongodb.MongoMetricsCommandListener@3eedd0e3], codecRegistry=ProvidersCodecRegistry{codecProviders=[ValueCodecProvider{}, BsonValueCodecProvider{}, DBRefCodecProvider{}, DBObjectCodecProvider{}, DocumentCodecProvider{}, CollectionCodecProvider{}, IterableCodecProvider{}, MapCodecProvider{}, GeoJsonCodecProvider{}, GridFSFileCodecProvider{}, Jsr310CodecProvider{}, JsonObjectCodecProvider{}, BsonCodecProvider{}, EnumCodecProvider{}, com.mongodb.client.model.mql.ExpressionCodecProvider@478089b6, com.mongodb.Jep395RecordCodecProvider@72f35a31, com.mongodb.KotlinCodecProvider@3b01897f]}, loggerSettings=LoggerSettings{maxDocumentLength=1000}, clusterSettings={hosts=[localhost:27017], srvServiceName=mongodb, mode=SINGLE, requiredClusterType=UNKNOWN, requiredReplicaSetName='null', serverSelector='null', clusterListeners='[]', serverSelectionTimeout='30000 ms', localThreshold='15 ms'}, socketSettings=SocketSettings{connectTimeoutMS=10000, readTimeoutMS=0, receiveBufferSize=0, proxySettings=ProxySettings{host=null, port=null, username=null, password=null}}, heartbeatSocketSettings=SocketSettings{connectTimeoutMS=10000, readTimeoutMS=10000, receiveBufferSize=0, proxySettings=ProxySettings{host=null, port=null, username=null, password=null}}, connectionPoolSettings=ConnectionPoolSettings{maxSize=100, minSize=0, maxWaitTimeMS=120000, maxConnectionLifeTimeMS=0, maxConnectionIdleTimeMS=0, maintenanceInitialDelayMS=0, maintenanceFrequencyMS=60000, connectionPoolListeners=[io.micrometer.core.instrument.binder.mongodb.MongoMetricsConnectionPoolListener@6b3b2c34], maxConnecting=2}, serverSettings=ServerSettings{heartbeatFrequencyMS=10000, minHeartbeatFrequencyMS=500, serverMonitoringMode=AUTO, serverListeners='[]', serverMonitorListeners='[]'}, sslSettings=SslSettings{enabled=false, invalidHostNameAllowed=false, context=null}, applicationName='null', compressorList=[], uuidRepresentation=JAVA_LEGACY, serverApi=null, autoEncryptionSettings=null, dnsClient=null, inetAddressResolver=null, contextProvider=null, timeoutMS=null} 
2025-04-28 15:22:33-178 [cluster-ClusterId{value='680fe38827e5093be348025a', description='null'}-localhost:27017] INFO  org.mongodb.driver.cluster - Monitor thread successfully connected to server with description ServerDescription{address=localhost:27017, type=STANDALONE, cryptd=false, state=CONNECTED, ok=true, minWireVersion=0, maxWireVersion=25, maxDocumentSize=16777216, logicalSessionTimeoutMinutes=30, roundTripTimeNanos=55515400, minRoundTripTimeNanos=0} 
2025-04-28 15:22:36-734 [main] INFO  o.s.b.a.e.web.EndpointLinksResolver - Exposing 2 endpoints beneath base path '/actuator' 
2025-04-28 15:22:37-889 [main] INFO  o.s.c.n.e.c.DiscoveryClientOptionalArgsConfiguration - Eureka HTTP Client uses RestTemplate. 
2025-04-28 15:22:38-142 [main] WARN  o.s.c.l.c.LoadBalancerCacheAutoConfiguration$LoadBalancerCaffeineWarnLogger - Spring Cloud LoadBalancer is currently working with the default cache. While this cache implementation is useful for development and tests, it's recommended to use Caffeine cache in production.You can switch to using Caffeine cache, by adding it and org.springframework.cache.caffeine.CaffeineCacheManager to the classpath. 
2025-04-28 15:22:38-380 [main] INFO  o.a.k.c.consumer.ConsumerConfig - ConsumerConfig values: 
	allow.auto.create.topics = true
	auto.commit.interval.ms = 5000
	auto.include.jmx.reporter = true
	auto.offset.reset = latest
	bootstrap.servers = [localhost:29092]
	check.crcs = true
	client.dns.lookup = use_all_dns_ips
	client.id = consumer-bootcoin-group-1
	client.rack = 
	connections.max.idle.ms = 540000
	default.api.timeout.ms = 60000
	enable.auto.commit = false
	enable.metrics.push = true
	exclude.internal.topics = true
	fetch.max.bytes = 52428800
	fetch.max.wait.ms = 500
	fetch.min.bytes = 1
	group.id = bootcoin-group
	group.instance.id = null
	group.protocol = classic
	group.remote.assignor = null
	heartbeat.interval.ms = 3000
	interceptor.classes = []
	internal.leave.group.on.close = true
	internal.throw.on.fetch.stable.offset.unsupported = false
	isolation.level = read_uncommitted
	key.deserializer = class org.apache.kafka.common.serialization.StringDeserializer
	max.partition.fetch.bytes = 1048576
	max.poll.interval.ms = 300000
	max.poll.records = 500
	metadata.max.age.ms = 300000
	metadata.recovery.strategy = none
	metric.reporters = []
	metrics.num.samples = 2
	metrics.recording.level = INFO
	metrics.sample.window.ms = 30000
	partition.assignment.strategy = [class org.apache.kafka.clients.consumer.RangeAssignor, class org.apache.kafka.clients.consumer.CooperativeStickyAssignor]
	receive.buffer.bytes = 65536
	reconnect.backoff.max.ms = 1000
	reconnect.backoff.ms = 50
	request.timeout.ms = 30000
	retry.backoff.max.ms = 1000
	retry.backoff.ms = 100
	sasl.client.callback.handler.class = null
	sasl.jaas.config = null
	sasl.kerberos.kinit.cmd = /usr/bin/kinit
	sasl.kerberos.min.time.before.relogin = 60000
	sasl.kerberos.service.name = null
	sasl.kerberos.ticket.renew.jitter = 0.05
	sasl.kerberos.ticket.renew.window.factor = 0.8
	sasl.login.callback.handler.class = null
	sasl.login.class = null
	sasl.login.connect.timeout.ms = null
	sasl.login.read.timeout.ms = null
	sasl.login.refresh.buffer.seconds = 300
	sasl.login.refresh.min.period.seconds = 60
	sasl.login.refresh.window.factor = 0.8
	sasl.login.refresh.window.jitter = 0.05
	sasl.login.retry.backoff.max.ms = 10000
	sasl.login.retry.backoff.ms = 100
	sasl.mechanism = GSSAPI
	sasl.oauthbearer.clock.skew.seconds = 30
	sasl.oauthbearer.expected.audience = null
	sasl.oauthbearer.expected.issuer = null
	sasl.oauthbearer.jwks.endpoint.refresh.ms = 3600000
	sasl.oauthbearer.jwks.endpoint.retry.backoff.max.ms = 10000
	sasl.oauthbearer.jwks.endpoint.retry.backoff.ms = 100
	sasl.oauthbearer.jwks.endpoint.url = null
	sasl.oauthbearer.scope.claim.name = scope
	sasl.oauthbearer.sub.claim.name = sub
	sasl.oauthbearer.token.endpoint.url = null
	security.protocol = PLAINTEXT
	security.providers = null
	send.buffer.bytes = 131072
	session.timeout.ms = 45000
	socket.connection.setup.timeout.max.ms = 30000
	socket.connection.setup.timeout.ms = 10000
	ssl.cipher.suites = null
	ssl.enabled.protocols = [TLSv1.2, TLSv1.3]
	ssl.endpoint.identification.algorithm = https
	ssl.engine.factory.class = null
	ssl.key.password = null
	ssl.keymanager.algorithm = SunX509
	ssl.keystore.certificate.chain = null
	ssl.keystore.key = null
	ssl.keystore.location = null
	ssl.keystore.password = null
	ssl.keystore.type = JKS
	ssl.protocol = TLSv1.3
	ssl.provider = null
	ssl.secure.random.implementation = null
	ssl.trustmanager.algorithm = PKIX
	ssl.truststore.certificates = null
	ssl.truststore.location = null
	ssl.truststore.password = null
	ssl.truststore.type = JKS
	value.deserializer = class org.apache.kafka.common.serialization.StringDeserializer
 
2025-04-28 15:22:38-469 [main] INFO  o.a.k.c.t.i.KafkaMetricsCollector - initializing Kafka metrics collector 
2025-04-28 15:22:38-607 [main] INFO  o.a.kafka.common.utils.AppInfoParser - Kafka version: 3.8.1 
2025-04-28 15:22:38-611 [main] INFO  o.a.kafka.common.utils.AppInfoParser - Kafka commitId: 70d6ff42debf7e17 
2025-04-28 15:22:38-611 [main] INFO  o.a.kafka.common.utils.AppInfoParser - Kafka startTimeMs: 1745871758605 
2025-04-28 15:22:38-616 [main] INFO  o.a.k.c.c.i.LegacyKafkaConsumer - [Consumer clientId=consumer-bootcoin-group-1, groupId=bootcoin-group] Subscribed to topic(s): wallet-bootcoin-response 
2025-04-28 15:22:38-665 [main] INFO  o.s.c.n.eureka.InstanceInfoFactory - Setting initial instance status as: STARTING 
2025-04-28 15:22:38-713 [main] INFO  c.netflix.discovery.DiscoveryClient - Initializing Eureka in region us-east-1 
2025-04-28 15:22:38-718 [main] INFO  c.n.d.s.r.aws.ConfigClusterResolver - Resolving eureka endpoints via configuration 
2025-04-28 15:22:38-732 [main] INFO  c.netflix.discovery.DiscoveryClient - Disable delta property : false 
2025-04-28 15:22:38-732 [main] INFO  c.netflix.discovery.DiscoveryClient - Single vip registry refresh property : null 
2025-04-28 15:22:38-733 [main] INFO  c.netflix.discovery.DiscoveryClient - Force full registry fetch : false 
2025-04-28 15:22:38-733 [main] INFO  c.netflix.discovery.DiscoveryClient - Application is null : false 
2025-04-28 15:22:38-733 [main] INFO  c.netflix.discovery.DiscoveryClient - Registered Applications size is zero : true 
2025-04-28 15:22:38-733 [main] INFO  c.netflix.discovery.DiscoveryClient - Application version is -1: true 
2025-04-28 15:22:38-733 [main] INFO  c.netflix.discovery.DiscoveryClient - Getting all instance registry info from the eureka server 
2025-04-28 15:22:39-187 [main] INFO  c.netflix.discovery.DiscoveryClient - The response status is 200 
2025-04-28 15:22:39-192 [main] INFO  c.netflix.discovery.DiscoveryClient - Starting heartbeat executor: renew interval is: 30 
2025-04-28 15:22:39-196 [main] INFO  c.n.discovery.InstanceInfoReplicator - InstanceInfoReplicator onDemand update allowed rate per min is 4 
2025-04-28 15:22:39-200 [main] INFO  c.netflix.discovery.DiscoveryClient - Discovery Client initialized at timestamp 1745871759199 with initial instances count: 2 
2025-04-28 15:22:39-205 [main] INFO  o.s.c.n.e.s.EurekaServiceRegistry - Registering application WALLET-BOOTCOIN-API with eureka with status UP 
2025-04-28 15:22:39-206 [main] INFO  c.netflix.discovery.DiscoveryClient - Saw local status change event StatusChangeEvent [timestamp=1745871759206, current=UP, previous=STARTING] 
2025-04-28 15:22:39-209 [DiscoveryClient-InstanceInfoReplicator-%d] INFO  c.netflix.discovery.DiscoveryClient - DiscoveryClient_WALLET-BOOTCOIN-API/wallet-bootcoin-api:8805: registering service... 
2025-04-28 15:22:39-240 [repliesContainer-0-C-1] WARN  o.apache.kafka.clients.NetworkClient - [Consumer clientId=consumer-bootcoin-group-1, groupId=bootcoin-group] Error while fetching metadata with correlation id 2 : {wallet-bootcoin-response=LEADER_NOT_AVAILABLE} 
2025-04-28 15:22:39-241 [repliesContainer-0-C-1] INFO  org.apache.kafka.clients.Metadata - [Consumer clientId=consumer-bootcoin-group-1, groupId=bootcoin-group] Cluster ID: pQNgvDGCTc6DWdlYtyeAyg 
2025-04-28 15:22:39-243 [repliesContainer-0-C-1] INFO  o.a.k.c.c.i.ConsumerCoordinator - [Consumer clientId=consumer-bootcoin-group-1, groupId=bootcoin-group] Discovered group coordinator localhost:29092 (id: 2147482646 rack: null) 
2025-04-28 15:22:39-247 [repliesContainer-0-C-1] INFO  o.a.k.c.c.i.ConsumerCoordinator - [Consumer clientId=consumer-bootcoin-group-1, groupId=bootcoin-group] (Re-)joining group 
2025-04-28 15:22:39-301 [repliesContainer-0-C-1] INFO  o.a.k.c.c.i.ConsumerCoordinator - [Consumer clientId=consumer-bootcoin-group-1, groupId=bootcoin-group] Request joining group due to: need to re-join with the given member-id: consumer-bootcoin-group-1-50136454-0064-4048-a39f-5490756511c1 
2025-04-28 15:22:39-301 [repliesContainer-0-C-1] INFO  o.a.k.c.c.i.ConsumerCoordinator - [Consumer clientId=consumer-bootcoin-group-1, groupId=bootcoin-group] (Re-)joining group 
2025-04-28 15:22:39-309 [DiscoveryClient-InstanceInfoReplicator-%d] INFO  c.netflix.discovery.DiscoveryClient - DiscoveryClient_WALLET-BOOTCOIN-API/wallet-bootcoin-api:8805 - registration status: 204 
2025-04-28 15:22:39-338 [main] INFO  o.s.b.w.e.netty.NettyWebServer - Netty started on port 8805 (http) 
2025-04-28 15:22:39-340 [main] INFO  o.s.c.n.e.s.EurekaAutoServiceRegistration - Updating port to 8805 
2025-04-28 15:22:39-653 [main] INFO  o.a.k.c.consumer.ConsumerConfig - ConsumerConfig values: 
	allow.auto.create.topics = true
	auto.commit.interval.ms = 5000
	auto.include.jmx.reporter = true
	auto.offset.reset = latest
	bootstrap.servers = [localhost:29092]
	check.crcs = true
	client.dns.lookup = use_all_dns_ips
	client.id = consumer-bootcoin-group-2
	client.rack = 
	connections.max.idle.ms = 540000
	default.api.timeout.ms = 60000
	enable.auto.commit = false
	enable.metrics.push = true
	exclude.internal.topics = true
	fetch.max.bytes = 52428800
	fetch.max.wait.ms = 500
	fetch.min.bytes = 1
	group.id = bootcoin-group
	group.instance.id = null
	group.protocol = classic
	group.remote.assignor = null
	heartbeat.interval.ms = 3000
	interceptor.classes = []
	internal.leave.group.on.close = true
	internal.throw.on.fetch.stable.offset.unsupported = false
	isolation.level = read_uncommitted
	key.deserializer = class org.apache.kafka.common.serialization.StringDeserializer
	max.partition.fetch.bytes = 1048576
	max.poll.interval.ms = 300000
	max.poll.records = 500
	metadata.max.age.ms = 300000
	metadata.recovery.strategy = none
	metric.reporters = []
	metrics.num.samples = 2
	metrics.recording.level = INFO
	metrics.sample.window.ms = 30000
	partition.assignment.strategy = [class org.apache.kafka.clients.consumer.RangeAssignor, class org.apache.kafka.clients.consumer.CooperativeStickyAssignor]
	receive.buffer.bytes = 65536
	reconnect.backoff.max.ms = 1000
	reconnect.backoff.ms = 50
	request.timeout.ms = 30000
	retry.backoff.max.ms = 1000
	retry.backoff.ms = 100
	sasl.client.callback.handler.class = null
	sasl.jaas.config = null
	sasl.kerberos.kinit.cmd = /usr/bin/kinit
	sasl.kerberos.min.time.before.relogin = 60000
	sasl.kerberos.service.name = null
	sasl.kerberos.ticket.renew.jitter = 0.05
	sasl.kerberos.ticket.renew.window.factor = 0.8
	sasl.login.callback.handler.class = null
	sasl.login.class = null
	sasl.login.connect.timeout.ms = null
	sasl.login.read.timeout.ms = null
	sasl.login.refresh.buffer.seconds = 300
	sasl.login.refresh.min.period.seconds = 60
	sasl.login.refresh.window.factor = 0.8
	sasl.login.refresh.window.jitter = 0.05
	sasl.login.retry.backoff.max.ms = 10000
	sasl.login.retry.backoff.ms = 100
	sasl.mechanism = GSSAPI
	sasl.oauthbearer.clock.skew.seconds = 30
	sasl.oauthbearer.expected.audience = null
	sasl.oauthbearer.expected.issuer = null
	sasl.oauthbearer.jwks.endpoint.refresh.ms = 3600000
	sasl.oauthbearer.jwks.endpoint.retry.backoff.max.ms = 10000
	sasl.oauthbearer.jwks.endpoint.retry.backoff.ms = 100
	sasl.oauthbearer.jwks.endpoint.url = null
	sasl.oauthbearer.scope.claim.name = scope
	sasl.oauthbearer.sub.claim.name = sub
	sasl.oauthbearer.token.endpoint.url = null
	security.protocol = PLAINTEXT
	security.providers = null
	send.buffer.bytes = 131072
	session.timeout.ms = 45000
	socket.connection.setup.timeout.max.ms = 30000
	socket.connection.setup.timeout.ms = 10000
	ssl.cipher.suites = null
	ssl.enabled.protocols = [TLSv1.2, TLSv1.3]
	ssl.endpoint.identification.algorithm = https
	ssl.engine.factory.class = null
	ssl.key.password = null
	ssl.keymanager.algorithm = SunX509
	ssl.keystore.certificate.chain = null
	ssl.keystore.key = null
	ssl.keystore.location = null
	ssl.keystore.password = null
	ssl.keystore.type = JKS
	ssl.protocol = TLSv1.3
	ssl.provider = null
	ssl.secure.random.implementation = null
	ssl.trustmanager.algorithm = PKIX
	ssl.truststore.certificates = null
	ssl.truststore.location = null
	ssl.truststore.password = null
	ssl.truststore.type = JKS
	value.deserializer = class org.apache.kafka.common.serialization.StringDeserializer
 
2025-04-28 15:22:39-654 [main] INFO  o.a.k.c.t.i.KafkaMetricsCollector - initializing Kafka metrics collector 
2025-04-28 15:22:39-662 [main] INFO  o.a.kafka.common.utils.AppInfoParser - Kafka version: 3.8.1 
2025-04-28 15:22:39-662 [main] INFO  o.a.kafka.common.utils.AppInfoParser - Kafka commitId: 70d6ff42debf7e17 
2025-04-28 15:22:39-662 [main] INFO  o.a.kafka.common.utils.AppInfoParser - Kafka startTimeMs: 1745871759662 
2025-04-28 15:22:39-662 [main] INFO  o.a.k.c.c.i.LegacyKafkaConsumer - [Consumer clientId=consumer-bootcoin-group-2, groupId=bootcoin-group] Subscribed to topic(s): wallet-bootcoin-request 
2025-04-28 15:22:39-670 [main] INFO  o.a.k.c.consumer.ConsumerConfig - ConsumerConfig values: 
	allow.auto.create.topics = true
	auto.commit.interval.ms = 5000
	auto.include.jmx.reporter = true
	auto.offset.reset = latest
	bootstrap.servers = [localhost:29092]
	check.crcs = true
	client.dns.lookup = use_all_dns_ips
	client.id = consumer-bootcoin-group-3
	client.rack = 
	connections.max.idle.ms = 540000
	default.api.timeout.ms = 60000
	enable.auto.commit = false
	enable.metrics.push = true
	exclude.internal.topics = true
	fetch.max.bytes = 52428800
	fetch.max.wait.ms = 500
	fetch.min.bytes = 1
	group.id = bootcoin-group
	group.instance.id = null
	group.protocol = classic
	group.remote.assignor = null
	heartbeat.interval.ms = 3000
	interceptor.classes = []
	internal.leave.group.on.close = true
	internal.throw.on.fetch.stable.offset.unsupported = false
	isolation.level = read_uncommitted
	key.deserializer = class org.apache.kafka.common.serialization.StringDeserializer
	max.partition.fetch.bytes = 1048576
	max.poll.interval.ms = 300000
	max.poll.records = 500
	metadata.max.age.ms = 300000
	metadata.recovery.strategy = none
	metric.reporters = []
	metrics.num.samples = 2
	metrics.recording.level = INFO
	metrics.sample.window.ms = 30000
	partition.assignment.strategy = [class org.apache.kafka.clients.consumer.RangeAssignor, class org.apache.kafka.clients.consumer.CooperativeStickyAssignor]
	receive.buffer.bytes = 65536
	reconnect.backoff.max.ms = 1000
	reconnect.backoff.ms = 50
	request.timeout.ms = 30000
	retry.backoff.max.ms = 1000
	retry.backoff.ms = 100
	sasl.client.callback.handler.class = null
	sasl.jaas.config = null
	sasl.kerberos.kinit.cmd = /usr/bin/kinit
	sasl.kerberos.min.time.before.relogin = 60000
	sasl.kerberos.service.name = null
	sasl.kerberos.ticket.renew.jitter = 0.05
	sasl.kerberos.ticket.renew.window.factor = 0.8
	sasl.login.callback.handler.class = null
	sasl.login.class = null
	sasl.login.connect.timeout.ms = null
	sasl.login.read.timeout.ms = null
	sasl.login.refresh.buffer.seconds = 300
	sasl.login.refresh.min.period.seconds = 60
	sasl.login.refresh.window.factor = 0.8
	sasl.login.refresh.window.jitter = 0.05
	sasl.login.retry.backoff.max.ms = 10000
	sasl.login.retry.backoff.ms = 100
	sasl.mechanism = GSSAPI
	sasl.oauthbearer.clock.skew.seconds = 30
	sasl.oauthbearer.expected.audience = null
	sasl.oauthbearer.expected.issuer = null
	sasl.oauthbearer.jwks.endpoint.refresh.ms = 3600000
	sasl.oauthbearer.jwks.endpoint.retry.backoff.max.ms = 10000
	sasl.oauthbearer.jwks.endpoint.retry.backoff.ms = 100
	sasl.oauthbearer.jwks.endpoint.url = null
	sasl.oauthbearer.scope.claim.name = scope
	sasl.oauthbearer.sub.claim.name = sub
	sasl.oauthbearer.token.endpoint.url = null
	security.protocol = PLAINTEXT
	security.providers = null
	send.buffer.bytes = 131072
	session.timeout.ms = 45000
	socket.connection.setup.timeout.max.ms = 30000
	socket.connection.setup.timeout.ms = 10000
	ssl.cipher.suites = null
	ssl.enabled.protocols = [TLSv1.2, TLSv1.3]
	ssl.endpoint.identification.algorithm = https
	ssl.engine.factory.class = null
	ssl.key.password = null
	ssl.keymanager.algorithm = SunX509
	ssl.keystore.certificate.chain = null
	ssl.keystore.key = null
	ssl.keystore.location = null
	ssl.keystore.password = null
	ssl.keystore.type = JKS
	ssl.protocol = TLSv1.3
	ssl.provider = null
	ssl.secure.random.implementation = null
	ssl.trustmanager.algorithm = PKIX
	ssl.truststore.certificates = null
	ssl.truststore.location = null
	ssl.truststore.password = null
	ssl.truststore.type = JKS
	value.deserializer = class org.apache.kafka.common.serialization.StringDeserializer
 
2025-04-28 15:22:39-670 [main] INFO  o.a.k.c.t.i.KafkaMetricsCollector - initializing Kafka metrics collector 
2025-04-28 15:22:39-676 [org.springframework.kafka.KafkaListenerEndpointContainer#0-0-C-1] INFO  org.apache.kafka.clients.Metadata - [Consumer clientId=consumer-bootcoin-group-2, groupId=bootcoin-group] Cluster ID: pQNgvDGCTc6DWdlYtyeAyg 
2025-04-28 15:22:39-677 [org.springframework.kafka.KafkaListenerEndpointContainer#0-0-C-1] INFO  o.a.k.c.c.i.ConsumerCoordinator - [Consumer clientId=consumer-bootcoin-group-2, groupId=bootcoin-group] Discovered group coordinator localhost:29092 (id: 2147482646 rack: null) 
2025-04-28 15:22:39-678 [org.springframework.kafka.KafkaListenerEndpointContainer#0-0-C-1] INFO  o.a.k.c.c.i.ConsumerCoordinator - [Consumer clientId=consumer-bootcoin-group-2, groupId=bootcoin-group] (Re-)joining group 
2025-04-28 15:22:39-681 [main] INFO  o.a.kafka.common.utils.AppInfoParser - Kafka version: 3.8.1 
2025-04-28 15:22:39-681 [main] INFO  o.a.kafka.common.utils.AppInfoParser - Kafka commitId: 70d6ff42debf7e17 
2025-04-28 15:22:39-681 [main] INFO  o.a.kafka.common.utils.AppInfoParser - Kafka startTimeMs: 1745871759681 
2025-04-28 15:22:39-682 [main] INFO  o.a.k.c.c.i.LegacyKafkaConsumer - [Consumer clientId=consumer-bootcoin-group-3, groupId=bootcoin-group] Subscribed to topic(s): wallet-user-request 
2025-04-28 15:22:39-686 [org.springframework.kafka.KafkaListenerEndpointContainer#0-0-C-1] INFO  o.a.k.c.c.i.ConsumerCoordinator - [Consumer clientId=consumer-bootcoin-group-2, groupId=bootcoin-group] Request joining group due to: need to re-join with the given member-id: consumer-bootcoin-group-2-3d5fad53-86de-4f50-82e4-e5ecbd4335b6 
2025-04-28 15:22:39-687 [org.springframework.kafka.KafkaListenerEndpointContainer#0-0-C-1] INFO  o.a.k.c.c.i.ConsumerCoordinator - [Consumer clientId=consumer-bootcoin-group-2, groupId=bootcoin-group] (Re-)joining group 
2025-04-28 15:22:39-707 [org.springframework.kafka.KafkaListenerEndpointContainer#1-0-C-1] WARN  o.apache.kafka.clients.NetworkClient - [Consumer clientId=consumer-bootcoin-group-3, groupId=bootcoin-group] Error while fetching metadata with correlation id 2 : {wallet-user-request=LEADER_NOT_AVAILABLE} 
2025-04-28 15:22:39-708 [org.springframework.kafka.KafkaListenerEndpointContainer#1-0-C-1] INFO  org.apache.kafka.clients.Metadata - [Consumer clientId=consumer-bootcoin-group-3, groupId=bootcoin-group] Cluster ID: pQNgvDGCTc6DWdlYtyeAyg 
2025-04-28 15:22:39-708 [org.springframework.kafka.KafkaListenerEndpointContainer#1-0-C-1] INFO  o.a.k.c.c.i.ConsumerCoordinator - [Consumer clientId=consumer-bootcoin-group-3, groupId=bootcoin-group] Discovered group coordinator localhost:29092 (id: 2147482646 rack: null) 
2025-04-28 15:22:39-710 [org.springframework.kafka.KafkaListenerEndpointContainer#1-0-C-1] INFO  o.a.k.c.c.i.ConsumerCoordinator - [Consumer clientId=consumer-bootcoin-group-3, groupId=bootcoin-group] (Re-)joining group 
2025-04-28 15:22:39-716 [org.springframework.kafka.KafkaListenerEndpointContainer#1-0-C-1] INFO  o.a.k.c.c.i.ConsumerCoordinator - [Consumer clientId=consumer-bootcoin-group-3, groupId=bootcoin-group] Request joining group due to: need to re-join with the given member-id: consumer-bootcoin-group-3-04aba17e-6367-427f-a13f-f58361b48ab7 
2025-04-28 15:22:39-717 [org.springframework.kafka.KafkaListenerEndpointContainer#1-0-C-1] INFO  o.a.k.c.c.i.ConsumerCoordinator - [Consumer clientId=consumer-bootcoin-group-3, groupId=bootcoin-group] (Re-)joining group 
2025-04-28 15:22:39-718 [main] INFO  c.b.w.b.a.WalletBootcoinApiApplication - Started WalletBootcoinApiApplication in 11.363 seconds (process running for 15.467) 
2025-04-28 15:22:41-864 [repliesContainer-0-C-1] INFO  o.a.k.c.c.i.ConsumerCoordinator - [Consumer clientId=consumer-bootcoin-group-1, groupId=bootcoin-group] Successfully joined group with generation Generation{generationId=15, memberId='consumer-bootcoin-group-1-50136454-0064-4048-a39f-5490756511c1', protocol='range'} 
2025-04-28 15:22:41-864 [org.springframework.kafka.KafkaListenerEndpointContainer#1-0-C-1] INFO  o.a.k.c.c.i.ConsumerCoordinator - [Consumer clientId=consumer-bootcoin-group-3, groupId=bootcoin-group] Successfully joined group with generation Generation{generationId=15, memberId='consumer-bootcoin-group-3-04aba17e-6367-427f-a13f-f58361b48ab7', protocol='range'} 
2025-04-28 15:22:41-865 [org.springframework.kafka.KafkaListenerEndpointContainer#0-0-C-1] INFO  o.a.k.c.c.i.ConsumerCoordinator - [Consumer clientId=consumer-bootcoin-group-2, groupId=bootcoin-group] Successfully joined group with generation Generation{generationId=15, memberId='consumer-bootcoin-group-2-3d5fad53-86de-4f50-82e4-e5ecbd4335b6', protocol='range'} 
2025-04-28 15:22:42-013 [repliesContainer-0-C-1] INFO  o.a.k.c.c.i.ConsumerCoordinator - [Consumer clientId=consumer-bootcoin-group-1, groupId=bootcoin-group] SyncGroup failed: The group began another rebalance. Need to re-join the group. Sent generation was Generation{generationId=15, memberId='consumer-bootcoin-group-1-50136454-0064-4048-a39f-5490756511c1', protocol='range'} 
2025-04-28 15:22:42-013 [org.springframework.kafka.KafkaListenerEndpointContainer#1-0-C-1] INFO  o.a.k.c.c.i.ConsumerCoordinator - [Consumer clientId=consumer-bootcoin-group-3, groupId=bootcoin-group] SyncGroup failed: The group began another rebalance. Need to re-join the group. Sent generation was Generation{generationId=15, memberId='consumer-bootcoin-group-3-04aba17e-6367-427f-a13f-f58361b48ab7', protocol='range'} 
2025-04-28 15:22:42-013 [org.springframework.kafka.KafkaListenerEndpointContainer#0-0-C-1] INFO  o.a.k.c.c.i.ConsumerCoordinator - [Consumer clientId=consumer-bootcoin-group-2, groupId=bootcoin-group] SyncGroup failed: The group began another rebalance. Need to re-join the group. Sent generation was Generation{generationId=15, memberId='consumer-bootcoin-group-2-3d5fad53-86de-4f50-82e4-e5ecbd4335b6', protocol='range'} 
2025-04-28 15:22:42-014 [org.springframework.kafka.KafkaListenerEndpointContainer#1-0-C-1] INFO  o.a.k.c.c.i.ConsumerCoordinator - [Consumer clientId=consumer-bootcoin-group-3, groupId=bootcoin-group] Request joining group due to: rebalance failed due to 'The group is rebalancing, so a rejoin is needed.' (RebalanceInProgressException) 
2025-04-28 15:22:42-014 [repliesContainer-0-C-1] INFO  o.a.k.c.c.i.ConsumerCoordinator - [Consumer clientId=consumer-bootcoin-group-1, groupId=bootcoin-group] Request joining group due to: rebalance failed due to 'The group is rebalancing, so a rejoin is needed.' (RebalanceInProgressException) 
2025-04-28 15:22:42-014 [org.springframework.kafka.KafkaListenerEndpointContainer#0-0-C-1] INFO  o.a.k.c.c.i.ConsumerCoordinator - [Consumer clientId=consumer-bootcoin-group-2, groupId=bootcoin-group] Request joining group due to: rebalance failed due to 'The group is rebalancing, so a rejoin is needed.' (RebalanceInProgressException) 
2025-04-28 15:22:42-014 [org.springframework.kafka.KafkaListenerEndpointContainer#1-0-C-1] INFO  o.a.k.c.c.i.ConsumerCoordinator - [Consumer clientId=consumer-bootcoin-group-3, groupId=bootcoin-group] (Re-)joining group 
2025-04-28 15:22:42-014 [org.springframework.kafka.KafkaListenerEndpointContainer#0-0-C-1] INFO  o.a.k.c.c.i.ConsumerCoordinator - [Consumer clientId=consumer-bootcoin-group-2, groupId=bootcoin-group] (Re-)joining group 
2025-04-28 15:22:42-014 [repliesContainer-0-C-1] INFO  o.a.k.c.c.i.ConsumerCoordinator - [Consumer clientId=consumer-bootcoin-group-1, groupId=bootcoin-group] (Re-)joining group 
2025-04-28 15:22:42-209 [org.springframework.kafka.KafkaListenerEndpointContainer#0-0-C-1] INFO  o.a.k.c.c.i.ConsumerCoordinator - [Consumer clientId=consumer-bootcoin-group-2, groupId=bootcoin-group] Successfully joined group with generation Generation{generationId=16, memberId='consumer-bootcoin-group-2-3d5fad53-86de-4f50-82e4-e5ecbd4335b6', protocol='range'} 
2025-04-28 15:22:42-212 [repliesContainer-0-C-1] INFO  o.a.k.c.c.i.ConsumerCoordinator - [Consumer clientId=consumer-bootcoin-group-1, groupId=bootcoin-group] Successfully joined group with generation Generation{generationId=16, memberId='consumer-bootcoin-group-1-50136454-0064-4048-a39f-5490756511c1', protocol='range'} 
2025-04-28 15:22:42-215 [org.springframework.kafka.KafkaListenerEndpointContainer#1-0-C-1] INFO  o.a.k.c.c.i.ConsumerCoordinator - [Consumer clientId=consumer-bootcoin-group-3, groupId=bootcoin-group] Successfully joined group with generation Generation{generationId=16, memberId='consumer-bootcoin-group-3-04aba17e-6367-427f-a13f-f58361b48ab7', protocol='range'} 
2025-04-28 15:22:42-224 [org.springframework.kafka.KafkaListenerEndpointContainer#0-0-C-1] INFO  o.a.k.c.c.i.ConsumerCoordinator - [Consumer clientId=consumer-bootcoin-group-2, groupId=bootcoin-group] Successfully synced group in generation Generation{generationId=16, memberId='consumer-bootcoin-group-2-3d5fad53-86de-4f50-82e4-e5ecbd4335b6', protocol='range'} 
2025-04-28 15:22:42-224 [repliesContainer-0-C-1] INFO  o.a.k.c.c.i.ConsumerCoordinator - [Consumer clientId=consumer-bootcoin-group-1, groupId=bootcoin-group] Successfully synced group in generation Generation{generationId=16, memberId='consumer-bootcoin-group-1-50136454-0064-4048-a39f-5490756511c1', protocol='range'} 
2025-04-28 15:22:42-224 [org.springframework.kafka.KafkaListenerEndpointContainer#1-0-C-1] INFO  o.a.k.c.c.i.ConsumerCoordinator - [Consumer clientId=consumer-bootcoin-group-3, groupId=bootcoin-group] Successfully synced group in generation Generation{generationId=16, memberId='consumer-bootcoin-group-3-04aba17e-6367-427f-a13f-f58361b48ab7', protocol='range'} 
2025-04-28 15:22:42-229 [org.springframework.kafka.KafkaListenerEndpointContainer#0-0-C-1] INFO  o.a.k.c.c.i.ConsumerCoordinator - [Consumer clientId=consumer-bootcoin-group-2, groupId=bootcoin-group] Notifying assignor about the new Assignment(partitions=[wallet-bootcoin-request-0]) 
2025-04-28 15:22:42-230 [org.springframework.kafka.KafkaListenerEndpointContainer#1-0-C-1] INFO  o.a.k.c.c.i.ConsumerCoordinator - [Consumer clientId=consumer-bootcoin-group-3, groupId=bootcoin-group] Notifying assignor about the new Assignment(partitions=[wallet-user-request-0]) 
2025-04-28 15:22:42-231 [repliesContainer-0-C-1] INFO  o.a.k.c.c.i.ConsumerCoordinator - [Consumer clientId=consumer-bootcoin-group-1, groupId=bootcoin-group] Notifying assignor about the new Assignment(partitions=[wallet-bootcoin-response-0]) 
2025-04-28 15:22:42-234 [repliesContainer-0-C-1] INFO  o.a.k.c.c.i.ConsumerRebalanceListenerInvoker - [Consumer clientId=consumer-bootcoin-group-1, groupId=bootcoin-group] Adding newly assigned partitions: wallet-bootcoin-response-0 
2025-04-28 15:22:42-234 [org.springframework.kafka.KafkaListenerEndpointContainer#0-0-C-1] INFO  o.a.k.c.c.i.ConsumerRebalanceListenerInvoker - [Consumer clientId=consumer-bootcoin-group-2, groupId=bootcoin-group] Adding newly assigned partitions: wallet-bootcoin-request-0 
2025-04-28 15:22:42-235 [org.springframework.kafka.KafkaListenerEndpointContainer#1-0-C-1] INFO  o.a.k.c.c.i.ConsumerRebalanceListenerInvoker - [Consumer clientId=consumer-bootcoin-group-3, groupId=bootcoin-group] Adding newly assigned partitions: wallet-user-request-0 
2025-04-28 15:22:42-244 [repliesContainer-0-C-1] INFO  o.a.k.c.c.i.ConsumerCoordinator - [Consumer clientId=consumer-bootcoin-group-1, groupId=bootcoin-group] Found no committed offset for partition wallet-bootcoin-response-0 
2025-04-28 15:22:42-244 [org.springframework.kafka.KafkaListenerEndpointContainer#0-0-C-1] INFO  o.a.k.c.c.i.ConsumerCoordinator - [Consumer clientId=consumer-bootcoin-group-2, groupId=bootcoin-group] Found no committed offset for partition wallet-bootcoin-request-0 
2025-04-28 15:22:42-246 [org.springframework.kafka.KafkaListenerEndpointContainer#1-0-C-1] INFO  o.a.k.c.c.i.ConsumerCoordinator - [Consumer clientId=consumer-bootcoin-group-3, groupId=bootcoin-group] Found no committed offset for partition wallet-user-request-0 
2025-04-28 15:22:42-256 [repliesContainer-0-C-1] INFO  o.a.k.c.c.i.ConsumerCoordinator - [Consumer clientId=consumer-bootcoin-group-1, groupId=bootcoin-group] Found no committed offset for partition wallet-bootcoin-response-0 
2025-04-28 15:22:42-258 [org.springframework.kafka.KafkaListenerEndpointContainer#0-0-C-1] INFO  o.a.k.c.c.i.ConsumerCoordinator - [Consumer clientId=consumer-bootcoin-group-2, groupId=bootcoin-group] Found no committed offset for partition wallet-bootcoin-request-0 
2025-04-28 15:22:42-257 [org.springframework.kafka.KafkaListenerEndpointContainer#1-0-C-1] INFO  o.a.k.c.c.i.ConsumerCoordinator - [Consumer clientId=consumer-bootcoin-group-3, groupId=bootcoin-group] Found no committed offset for partition wallet-user-request-0 
2025-04-28 15:22:42-276 [repliesContainer-0-C-1] INFO  o.a.k.c.c.i.SubscriptionState - [Consumer clientId=consumer-bootcoin-group-1, groupId=bootcoin-group] Resetting offset for partition wallet-bootcoin-response-0 to position FetchPosition{offset=0, offsetEpoch=Optional.empty, currentLeader=LeaderAndEpoch{leader=Optional[localhost:29092 (id: 1001 rack: null)], epoch=0}}. 
2025-04-28 15:22:42-276 [org.springframework.kafka.KafkaListenerEndpointContainer#1-0-C-1] INFO  o.a.k.c.c.i.SubscriptionState - [Consumer clientId=consumer-bootcoin-group-3, groupId=bootcoin-group] Resetting offset for partition wallet-user-request-0 to position FetchPosition{offset=0, offsetEpoch=Optional.empty, currentLeader=LeaderAndEpoch{leader=Optional[localhost:29092 (id: 1001 rack: null)], epoch=0}}. 
2025-04-28 15:22:42-277 [org.springframework.kafka.KafkaListenerEndpointContainer#0-0-C-1] INFO  o.a.k.c.c.i.SubscriptionState - [Consumer clientId=consumer-bootcoin-group-2, groupId=bootcoin-group] Resetting offset for partition wallet-bootcoin-request-0 to position FetchPosition{offset=1, offsetEpoch=Optional.empty, currentLeader=LeaderAndEpoch{leader=Optional[localhost:29092 (id: 1001 rack: null)], epoch=0}}. 
2025-04-28 15:22:42-289 [org.springframework.kafka.KafkaListenerEndpointContainer#0-0-C-1] INFO  o.s.k.l.KafkaMessageListenerContainer - bootcoin-group: partitions assigned: [wallet-bootcoin-request-0] 
2025-04-28 15:22:42-289 [org.springframework.kafka.KafkaListenerEndpointContainer#1-0-C-1] INFO  o.s.k.l.KafkaMessageListenerContainer - bootcoin-group: partitions assigned: [wallet-user-request-0] 
2025-04-28 15:22:42-289 [repliesContainer-0-C-1] INFO  o.s.k.l.ConcurrentMessageListenerContainer - bootcoin-group: partitions assigned: [wallet-bootcoin-response-0] 
2025-04-28 15:23:00-615 [org.springframework.kafka.KafkaListenerEndpointContainer#0-0-C-1] INFO  c.b.w.b.api.consumer.WalletConsumer - Init create wallet: {"phoneNumber":"11111111"}, replyTopic: wallet-bootcoin-response, correlationId: [-7, -47, 30, -123, 28, -125, 75, 27, -102, 46, -11, -128, -114, -18, -31, 127] 
2025-04-28 15:23:00-620 [org.springframework.kafka.KafkaListenerEndpointContainer#0-0-C-1] INFO  c.b.w.b.a.service.WalletServiceImpl - Init create wallet to user 11111111 
2025-04-28 15:23:00-794 [nioEventLoopGroup-3-3] INFO  c.b.w.b.a.service.WalletServiceImpl - Creating new wallet for user 11111111: {"walletAccount":"1152592-2753370-5155364","amountCoin":0.0,"userId":"11111111","createdAt":[2025,4,28],"updatedAt":[2025,4,28]} 
2025-04-28 15:23:00-867 [nioEventLoopGroup-3-3] INFO  c.b.w.b.a.service.WalletServiceImpl - Wallet created successfully 1152592-2753370-5155364 for userId 11111111 
2025-04-28 15:23:00-869 [nioEventLoopGroup-3-3] INFO  c.b.w.b.api.consumer.WalletConsumer - Wallet created: {"walletAccount":"1152592-2753370-5155364","userId":"11111111"} 
2025-04-28 15:23:00-880 [nioEventLoopGroup-3-3] INFO  o.a.k.c.producer.ProducerConfig - ProducerConfig values: 
	acks = -1
	auto.include.jmx.reporter = true
	batch.size = 16384
	bootstrap.servers = [localhost:29092]
	buffer.memory = 33554432
	client.dns.lookup = use_all_dns_ips
	client.id = wallet-bootcoin-api-producer-1
	compression.gzip.level = -1
	compression.lz4.level = 9
	compression.type = none
	compression.zstd.level = 3
	connections.max.idle.ms = 540000
	delivery.timeout.ms = 120000
	enable.idempotence = true
	enable.metrics.push = true
	interceptor.classes = []
	key.serializer = class org.apache.kafka.common.serialization.StringSerializer
	linger.ms = 0
	max.block.ms = 60000
	max.in.flight.requests.per.connection = 5
	max.request.size = 1048576
	metadata.max.age.ms = 300000
	metadata.max.idle.ms = 300000
	metadata.recovery.strategy = none
	metric.reporters = []
	metrics.num.samples = 2
	metrics.recording.level = INFO
	metrics.sample.window.ms = 30000
	partitioner.adaptive.partitioning.enable = true
	partitioner.availability.timeout.ms = 0
	partitioner.class = null
	partitioner.ignore.keys = false
	receive.buffer.bytes = 32768
	reconnect.backoff.max.ms = 1000
	reconnect.backoff.ms = 50
	request.timeout.ms = 30000
	retries = 2147483647
	retry.backoff.max.ms = 1000
	retry.backoff.ms = 100
	sasl.client.callback.handler.class = null
	sasl.jaas.config = null
	sasl.kerberos.kinit.cmd = /usr/bin/kinit
	sasl.kerberos.min.time.before.relogin = 60000
	sasl.kerberos.service.name = null
	sasl.kerberos.ticket.renew.jitter = 0.05
	sasl.kerberos.ticket.renew.window.factor = 0.8
	sasl.login.callback.handler.class = null
	sasl.login.class = null
	sasl.login.connect.timeout.ms = null
	sasl.login.read.timeout.ms = null
	sasl.login.refresh.buffer.seconds = 300
	sasl.login.refresh.min.period.seconds = 60
	sasl.login.refresh.window.factor = 0.8
	sasl.login.refresh.window.jitter = 0.05
	sasl.login.retry.backoff.max.ms = 10000
	sasl.login.retry.backoff.ms = 100
	sasl.mechanism = GSSAPI
	sasl.oauthbearer.clock.skew.seconds = 30
	sasl.oauthbearer.expected.audience = null
	sasl.oauthbearer.expected.issuer = null
	sasl.oauthbearer.jwks.endpoint.refresh.ms = 3600000
	sasl.oauthbearer.jwks.endpoint.retry.backoff.max.ms = 10000
	sasl.oauthbearer.jwks.endpoint.retry.backoff.ms = 100
	sasl.oauthbearer.jwks.endpoint.url = null
	sasl.oauthbearer.scope.claim.name = scope
	sasl.oauthbearer.sub.claim.name = sub
	sasl.oauthbearer.token.endpoint.url = null
	security.protocol = PLAINTEXT
	security.providers = null
	send.buffer.bytes = 131072
	socket.connection.setup.timeout.max.ms = 30000
	socket.connection.setup.timeout.ms = 10000
	ssl.cipher.suites = null
	ssl.enabled.protocols = [TLSv1.2, TLSv1.3]
	ssl.endpoint.identification.algorithm = https
	ssl.engine.factory.class = null
	ssl.key.password = null
	ssl.keymanager.algorithm = SunX509
	ssl.keystore.certificate.chain = null
	ssl.keystore.key = null
	ssl.keystore.location = null
	ssl.keystore.password = null
	ssl.keystore.type = JKS
	ssl.protocol = TLSv1.3
	ssl.provider = null
	ssl.secure.random.implementation = null
	ssl.trustmanager.algorithm = PKIX
	ssl.truststore.certificates = null
	ssl.truststore.location = null
	ssl.truststore.password = null
	ssl.truststore.type = JKS
	transaction.timeout.ms = 60000
	transactional.id = null
	value.serializer = class org.apache.kafka.common.serialization.StringSerializer
 
2025-04-28 15:23:00-881 [nioEventLoopGroup-3-3] INFO  o.a.k.c.t.i.KafkaMetricsCollector - initializing Kafka metrics collector 
2025-04-28 15:23:00-893 [nioEventLoopGroup-3-3] INFO  o.a.k.clients.producer.KafkaProducer - [Producer clientId=wallet-bootcoin-api-producer-1] Instantiated an idempotent producer. 
2025-04-28 15:23:00-911 [nioEventLoopGroup-3-3] INFO  o.a.kafka.common.utils.AppInfoParser - Kafka version: 3.8.1 
2025-04-28 15:23:00-911 [nioEventLoopGroup-3-3] INFO  o.a.kafka.common.utils.AppInfoParser - Kafka commitId: 70d6ff42debf7e17 
2025-04-28 15:23:00-911 [nioEventLoopGroup-3-3] INFO  o.a.kafka.common.utils.AppInfoParser - Kafka startTimeMs: 1745871780911 
2025-04-28 15:23:00-920 [kafka-producer-network-thread | wallet-bootcoin-api-producer-1] INFO  org.apache.kafka.clients.Metadata - [Producer clientId=wallet-bootcoin-api-producer-1] Cluster ID: pQNgvDGCTc6DWdlYtyeAyg 
2025-04-28 15:23:00-921 [kafka-producer-network-thread | wallet-bootcoin-api-producer-1] INFO  o.a.k.c.p.i.TransactionManager - [Producer clientId=wallet-bootcoin-api-producer-1] ProducerId set to 6 with epoch 0 
2025-04-28 15:23:00-926 [nioEventLoopGroup-3-3] INFO  c.b.w.b.api.consumer.WalletConsumer - Subscribe to bootcoin wallet 
2025-04-28 15:23:00-941 [repliesContainer-0-C-1] ERROR o.s.k.r.ReplyingKafkaTemplate - No pending reply: wallet-bootcoin-response-0@0 with correlationId: f9d11e85-1c83-4b1b-9a2e-f5808eeee17f, perhaps timed out, or using a shared reply topic 
2025-04-28 15:25:08-377 [SpringApplicationShutdownHook] INFO  o.s.c.n.e.s.EurekaServiceRegistry - Unregistering application WALLET-BOOTCOIN-API with eureka with status DOWN 
2025-04-28 15:25:08-377 [SpringApplicationShutdownHook] INFO  c.netflix.discovery.DiscoveryClient - Saw local status change event StatusChangeEvent [timestamp=1745871908377, current=DOWN, previous=UP] 
2025-04-28 15:25:08-378 [DiscoveryClient-InstanceInfoReplicator-%d] INFO  c.netflix.discovery.DiscoveryClient - DiscoveryClient_WALLET-BOOTCOIN-API/wallet-bootcoin-api:8805: registering service... 
2025-04-28 15:25:08-386 [repliesContainer-0-C-1] INFO  o.a.k.c.c.i.ConsumerRebalanceListenerInvoker - [Consumer clientId=consumer-bootcoin-group-1, groupId=bootcoin-group] Revoke previously assigned partitions wallet-bootcoin-response-0 
2025-04-28 15:25:08-388 [repliesContainer-0-C-1] INFO  o.s.k.l.ConcurrentMessageListenerContainer - bootcoin-group: partitions revoked: [wallet-bootcoin-response-0] 
2025-04-28 15:25:08-388 [repliesContainer-0-C-1] INFO  o.a.k.c.c.i.ConsumerCoordinator - [Consumer clientId=consumer-bootcoin-group-1, groupId=bootcoin-group] Member consumer-bootcoin-group-1-50136454-0064-4048-a39f-5490756511c1 sending LeaveGroup request to coordinator localhost:29092 (id: 2147482646 rack: null) due to the consumer unsubscribed from all topics 
2025-04-28 15:25:08-389 [repliesContainer-0-C-1] INFO  o.a.k.c.c.i.ConsumerCoordinator - [Consumer clientId=consumer-bootcoin-group-1, groupId=bootcoin-group] Resetting generation and member id due to: consumer pro-actively leaving the group 
2025-04-28 15:25:08-389 [repliesContainer-0-C-1] INFO  o.a.k.c.c.i.ConsumerCoordinator - [Consumer clientId=consumer-bootcoin-group-1, groupId=bootcoin-group] Request joining group due to: consumer pro-actively leaving the group 
2025-04-28 15:25:08-389 [repliesContainer-0-C-1] INFO  o.a.k.c.c.i.LegacyKafkaConsumer - [Consumer clientId=consumer-bootcoin-group-1, groupId=bootcoin-group] Unsubscribed all topics or patterns and assigned partitions 
2025-04-28 15:25:08-391 [repliesContainer-0-C-1] INFO  o.a.k.c.c.i.ConsumerCoordinator - [Consumer clientId=consumer-bootcoin-group-1, groupId=bootcoin-group] Resetting generation and member id due to: consumer pro-actively leaving the group 
2025-04-28 15:25:08-391 [repliesContainer-0-C-1] INFO  o.a.k.c.c.i.ConsumerCoordinator - [Consumer clientId=consumer-bootcoin-group-1, groupId=bootcoin-group] Request joining group due to: consumer pro-actively leaving the group 
2025-04-28 15:25:08-402 [DiscoveryClient-InstanceInfoReplicator-%d] INFO  c.netflix.discovery.DiscoveryClient - DiscoveryClient_WALLET-BOOTCOIN-API/wallet-bootcoin-api:8805 - registration status: 204 
2025-04-28 15:25:08-794 [repliesContainer-0-C-1] INFO  o.a.kafka.common.metrics.Metrics - Metrics scheduler closed 
2025-04-28 15:25:08-795 [repliesContainer-0-C-1] INFO  o.a.kafka.common.metrics.Metrics - Closing reporter org.apache.kafka.common.metrics.JmxReporter 
2025-04-28 15:25:08-795 [repliesContainer-0-C-1] INFO  o.a.kafka.common.metrics.Metrics - Closing reporter org.apache.kafka.common.telemetry.internals.ClientTelemetryReporter 
2025-04-28 15:25:08-795 [repliesContainer-0-C-1] INFO  o.a.kafka.common.metrics.Metrics - Metrics reporters closed 
2025-04-28 15:25:08-799 [repliesContainer-0-C-1] INFO  o.a.kafka.common.utils.AppInfoParser - App info kafka.consumer for consumer-bootcoin-group-1 unregistered 
2025-04-28 15:25:08-800 [repliesContainer-0-C-1] INFO  o.s.k.l.KafkaMessageListenerContainer - bootcoin-group: Consumer stopped 
2025-04-28 15:25:08-802 [org.springframework.kafka.KafkaListenerEndpointContainer#1-0-C-1] INFO  o.a.k.c.c.i.ConsumerRebalanceListenerInvoker - [Consumer clientId=consumer-bootcoin-group-3, groupId=bootcoin-group] Revoke previously assigned partitions wallet-user-request-0 
2025-04-28 15:25:08-802 [org.springframework.kafka.KafkaListenerEndpointContainer#0-0-C-1] INFO  o.a.k.c.c.i.ConsumerRebalanceListenerInvoker - [Consumer clientId=consumer-bootcoin-group-2, groupId=bootcoin-group] Revoke previously assigned partitions wallet-bootcoin-request-0 
2025-04-28 15:25:08-802 [org.springframework.kafka.KafkaListenerEndpointContainer#1-0-C-1] INFO  o.s.k.l.KafkaMessageListenerContainer - bootcoin-group: partitions revoked: [wallet-user-request-0] 
2025-04-28 15:25:08-802 [org.springframework.kafka.KafkaListenerEndpointContainer#0-0-C-1] INFO  o.s.k.l.KafkaMessageListenerContainer - bootcoin-group: partitions revoked: [wallet-bootcoin-request-0] 
2025-04-28 15:25:08-802 [org.springframework.kafka.KafkaListenerEndpointContainer#1-0-C-1] INFO  o.a.k.c.c.i.ConsumerCoordinator - [Consumer clientId=consumer-bootcoin-group-3, groupId=bootcoin-group] Member consumer-bootcoin-group-3-04aba17e-6367-427f-a13f-f58361b48ab7 sending LeaveGroup request to coordinator localhost:29092 (id: 2147482646 rack: null) due to the consumer unsubscribed from all topics 
2025-04-28 15:25:08-802 [org.springframework.kafka.KafkaListenerEndpointContainer#0-0-C-1] INFO  o.a.k.c.c.i.ConsumerCoordinator - [Consumer clientId=consumer-bootcoin-group-2, groupId=bootcoin-group] Member consumer-bootcoin-group-2-3d5fad53-86de-4f50-82e4-e5ecbd4335b6 sending LeaveGroup request to coordinator localhost:29092 (id: 2147482646 rack: null) due to the consumer unsubscribed from all topics 
2025-04-28 15:25:08-802 [SpringApplicationShutdownHook] INFO  o.s.b.w.e.netty.GracefulShutdown - Commencing graceful shutdown. Waiting for active requests to complete 
2025-04-28 15:25:08-802 [org.springframework.kafka.KafkaListenerEndpointContainer#1-0-C-1] INFO  o.a.k.c.c.i.ConsumerCoordinator - [Consumer clientId=consumer-bootcoin-group-3, groupId=bootcoin-group] Resetting generation and member id due to: consumer pro-actively leaving the group 
2025-04-28 15:25:08-802 [org.springframework.kafka.KafkaListenerEndpointContainer#0-0-C-1] INFO  o.a.k.c.c.i.ConsumerCoordinator - [Consumer clientId=consumer-bootcoin-group-2, groupId=bootcoin-group] Resetting generation and member id due to: consumer pro-actively leaving the group 
2025-04-28 15:25:08-802 [org.springframework.kafka.KafkaListenerEndpointContainer#1-0-C-1] INFO  o.a.k.c.c.i.ConsumerCoordinator - [Consumer clientId=consumer-bootcoin-group-3, groupId=bootcoin-group] Request joining group due to: consumer pro-actively leaving the group 
2025-04-28 15:25:08-802 [org.springframework.kafka.KafkaListenerEndpointContainer#0-0-C-1] INFO  o.a.k.c.c.i.ConsumerCoordinator - [Consumer clientId=consumer-bootcoin-group-2, groupId=bootcoin-group] Request joining group due to: consumer pro-actively leaving the group 
2025-04-28 15:25:08-803 [org.springframework.kafka.KafkaListenerEndpointContainer#1-0-C-1] INFO  o.a.k.c.c.i.LegacyKafkaConsumer - [Consumer clientId=consumer-bootcoin-group-3, groupId=bootcoin-group] Unsubscribed all topics or patterns and assigned partitions 
2025-04-28 15:25:08-803 [org.springframework.kafka.KafkaListenerEndpointContainer#0-0-C-1] INFO  o.a.k.c.c.i.LegacyKafkaConsumer - [Consumer clientId=consumer-bootcoin-group-2, groupId=bootcoin-group] Unsubscribed all topics or patterns and assigned partitions 
2025-04-28 15:25:08-803 [org.springframework.kafka.KafkaListenerEndpointContainer#0-0-C-1] INFO  o.a.k.c.c.i.ConsumerCoordinator - [Consumer clientId=consumer-bootcoin-group-2, groupId=bootcoin-group] Resetting generation and member id due to: consumer pro-actively leaving the group 
2025-04-28 15:25:08-803 [org.springframework.kafka.KafkaListenerEndpointContainer#1-0-C-1] INFO  o.a.k.c.c.i.ConsumerCoordinator - [Consumer clientId=consumer-bootcoin-group-3, groupId=bootcoin-group] Resetting generation and member id due to: consumer pro-actively leaving the group 
2025-04-28 15:25:08-803 [org.springframework.kafka.KafkaListenerEndpointContainer#0-0-C-1] INFO  o.a.k.c.c.i.ConsumerCoordinator - [Consumer clientId=consumer-bootcoin-group-2, groupId=bootcoin-group] Request joining group due to: consumer pro-actively leaving the group 
2025-04-28 15:25:08-803 [org.springframework.kafka.KafkaListenerEndpointContainer#1-0-C-1] INFO  o.a.k.c.c.i.ConsumerCoordinator - [Consumer clientId=consumer-bootcoin-group-3, groupId=bootcoin-group] Request joining group due to: consumer pro-actively leaving the group 
2025-04-28 15:25:08-807 [netty-shutdown] INFO  o.s.b.w.e.netty.GracefulShutdown - Graceful shutdown complete 
2025-04-28 15:25:09-016 [org.springframework.kafka.KafkaListenerEndpointContainer#0-0-C-1] INFO  o.a.kafka.common.metrics.Metrics - Metrics scheduler closed 
2025-04-28 15:25:09-017 [org.springframework.kafka.KafkaListenerEndpointContainer#0-0-C-1] INFO  o.a.kafka.common.metrics.Metrics - Closing reporter org.apache.kafka.common.metrics.JmxReporter 
2025-04-28 15:25:09-017 [org.springframework.kafka.KafkaListenerEndpointContainer#0-0-C-1] INFO  o.a.kafka.common.metrics.Metrics - Closing reporter org.apache.kafka.common.telemetry.internals.ClientTelemetryReporter 
2025-04-28 15:25:09-017 [org.springframework.kafka.KafkaListenerEndpointContainer#0-0-C-1] INFO  o.a.kafka.common.metrics.Metrics - Metrics reporters closed 
2025-04-28 15:25:09-020 [org.springframework.kafka.KafkaListenerEndpointContainer#0-0-C-1] INFO  o.a.kafka.common.utils.AppInfoParser - App info kafka.consumer for consumer-bootcoin-group-2 unregistered 
2025-04-28 15:25:09-020 [org.springframework.kafka.KafkaListenerEndpointContainer#0-0-C-1] INFO  o.s.k.l.KafkaMessageListenerContainer - bootcoin-group: Consumer stopped 
2025-04-28 15:25:09-296 [org.springframework.kafka.KafkaListenerEndpointContainer#1-0-C-1] INFO  o.a.kafka.common.metrics.Metrics - Metrics scheduler closed 
2025-04-28 15:25:09-297 [org.springframework.kafka.KafkaListenerEndpointContainer#1-0-C-1] INFO  o.a.kafka.common.metrics.Metrics - Closing reporter org.apache.kafka.common.metrics.JmxReporter 
2025-04-28 15:25:09-297 [org.springframework.kafka.KafkaListenerEndpointContainer#1-0-C-1] INFO  o.a.kafka.common.metrics.Metrics - Closing reporter org.apache.kafka.common.telemetry.internals.ClientTelemetryReporter 
2025-04-28 15:25:09-297 [org.springframework.kafka.KafkaListenerEndpointContainer#1-0-C-1] INFO  o.a.kafka.common.metrics.Metrics - Metrics reporters closed 
2025-04-28 15:25:09-299 [org.springframework.kafka.KafkaListenerEndpointContainer#1-0-C-1] INFO  o.a.kafka.common.utils.AppInfoParser - App info kafka.consumer for consumer-bootcoin-group-3 unregistered 
2025-04-28 15:25:09-299 [org.springframework.kafka.KafkaListenerEndpointContainer#1-0-C-1] INFO  o.s.k.l.KafkaMessageListenerContainer - bootcoin-group: Consumer stopped 
2025-04-28 15:25:10-890 [SpringApplicationShutdownHook] INFO  o.a.k.clients.producer.KafkaProducer - [Producer clientId=wallet-bootcoin-api-producer-1] Closing the Kafka producer with timeoutMillis = 30000 ms. 
2025-04-28 15:25:10-893 [SpringApplicationShutdownHook] INFO  o.a.kafka.common.metrics.Metrics - Metrics scheduler closed 
2025-04-28 15:25:10-894 [SpringApplicationShutdownHook] INFO  o.a.kafka.common.metrics.Metrics - Closing reporter org.apache.kafka.common.metrics.JmxReporter 
2025-04-28 15:25:10-894 [SpringApplicationShutdownHook] INFO  o.a.kafka.common.metrics.Metrics - Closing reporter org.apache.kafka.common.telemetry.internals.ClientTelemetryReporter 
2025-04-28 15:25:10-894 [SpringApplicationShutdownHook] INFO  o.a.kafka.common.metrics.Metrics - Metrics reporters closed 
2025-04-28 15:25:10-894 [SpringApplicationShutdownHook] INFO  o.a.kafka.common.utils.AppInfoParser - App info kafka.producer for wallet-bootcoin-api-producer-1 unregistered 
2025-04-28 15:25:12-968 [SpringApplicationShutdownHook] INFO  c.netflix.discovery.DiscoveryClient - Shutting down DiscoveryClient ... 
2025-04-28 15:25:15-979 [SpringApplicationShutdownHook] INFO  c.netflix.discovery.DiscoveryClient - Unregistering ... 
2025-04-28 15:25:15-998 [SpringApplicationShutdownHook] INFO  c.netflix.discovery.DiscoveryClient - DiscoveryClient_WALLET-BOOTCOIN-API/wallet-bootcoin-api:8805 - deregister  status: 200 
2025-04-28 15:25:15-998 [SpringApplicationShutdownHook] INFO  c.netflix.discovery.DiscoveryClient - Completed shut down of DiscoveryClient 
2025-04-28 15:27:38-705 [main] INFO  c.b.w.b.a.WalletBootcoinApiApplication - Starting WalletBootcoinApiApplication using Java 17.0.12 with PID 22200 (C:\Users\mgarcsar\Documents\Bootcamp\etregables\BootCoin\wallet-bootcoin-api\target\classes started by mgarcsar in C:\Users\mgarcsar\Documents\Bootcamp\etregables\BootCoin) 
2025-04-28 15:27:38-707 [main] INFO  c.b.w.b.a.WalletBootcoinApiApplication - The following 1 profile is active: "dev" 
2025-04-28 15:27:38-745 [main] INFO  o.s.c.c.c.ConfigServerConfigDataLoader - Fetching config from server at : http://config-server-bc:8888 
2025-04-28 15:27:38-745 [main] INFO  o.s.c.c.c.ConfigServerConfigDataLoader - Exception on Url - http://config-server-bc:8888:org.springframework.web.client.ResourceAccessException: I/O error on GET request for "http://config-server-bc:8888/wallet-bootcoin-api/default": config-server-bc. Will be trying the next url if available 
2025-04-28 15:27:38-746 [main] WARN  o.s.c.c.c.ConfigServerConfigDataLoader - Could not locate PropertySource ([ConfigServerConfigDataResource@5e8604bf uris = array<String>['http://config-server-bc:8888'], optional = true, profiles = 'default']): I/O error on GET request for "http://config-server-bc:8888/wallet-bootcoin-api/default": config-server-bc 
2025-04-28 15:27:38-746 [main] INFO  o.s.c.c.c.ConfigServerConfigDataLoader - Fetching config from server at : http://config-server-bc:8888 
2025-04-28 15:27:38-746 [main] INFO  o.s.c.c.c.ConfigServerConfigDataLoader - Exception on Url - http://config-server-bc:8888:org.springframework.web.client.ResourceAccessException: I/O error on GET request for "http://config-server-bc:8888/wallet-bootcoin-api/dev": config-server-bc. Will be trying the next url if available 
2025-04-28 15:27:38-746 [main] WARN  o.s.c.c.c.ConfigServerConfigDataLoader - Could not locate PropertySource ([ConfigServerConfigDataResource@3db64bd4 uris = array<String>['http://config-server-bc:8888'], optional = true, profiles = 'dev']): I/O error on GET request for "http://config-server-bc:8888/wallet-bootcoin-api/dev": config-server-bc 
2025-04-28 15:27:38-746 [main] INFO  o.s.c.c.c.ConfigServerConfigDataLoader - Fetching config from server at : http://config-server-bc:8888 
2025-04-28 15:27:38-746 [main] INFO  o.s.c.c.c.ConfigServerConfigDataLoader - Exception on Url - http://config-server-bc:8888:org.springframework.web.client.ResourceAccessException: I/O error on GET request for "http://config-server-bc:8888/wallet-bootcoin-api/default": config-server-bc. Will be trying the next url if available 
2025-04-28 15:27:38-746 [main] WARN  o.s.c.c.c.ConfigServerConfigDataLoader - Could not locate PropertySource ([ConfigServerConfigDataResource@6e106680 uris = array<String>['http://config-server-bc:8888'], optional = true, profiles = 'default']): I/O error on GET request for "http://config-server-bc:8888/wallet-bootcoin-api/default": config-server-bc 
2025-04-28 15:27:39-773 [main] INFO  o.s.d.r.c.RepositoryConfigurationDelegate - Bootstrapping Spring Data Reactive MongoDB repositories in DEFAULT mode. 
2025-04-28 15:27:39-912 [main] INFO  o.s.d.r.c.RepositoryConfigurationDelegate - Finished Spring Data repository scanning in 132 ms. Found 1 Reactive MongoDB repository interface. 
2025-04-28 15:27:40-251 [main] INFO  o.s.cloud.context.scope.GenericScope - BeanFactory id=081874e3-d78b-3861-8e43-6dddf9cc1bd7 
2025-04-28 15:27:40-950 [main] INFO  org.mongodb.driver.client - MongoClient with metadata {"driver": {"name": "mongo-java-driver|reactive-streams|spring-boot", "version": "5.2.1"}, "os": {"type": "Windows", "name": "Windows 10", "architecture": "amd64", "version": "10.0"}, "platform": "Java/Oracle Corporation/17.0.12+8-LTS-286"} created with settings MongoClientSettings{readPreference=primary, writeConcern=WriteConcern{w=null, wTimeout=null ms, journal=null}, retryWrites=true, retryReads=true, readConcern=ReadConcern{level=null}, credential=null, transportSettings=NettyTransportSettings{eventLoopGroup=io.netty.channel.nio.NioEventLoopGroup@68df8c6, socketChannelClass=null, allocator=null, sslContext=null}, commandListeners=[io.micrometer.core.instrument.binder.mongodb.MongoMetricsCommandListener@7c206b14], codecRegistry=ProvidersCodecRegistry{codecProviders=[ValueCodecProvider{}, BsonValueCodecProvider{}, DBRefCodecProvider{}, DBObjectCodecProvider{}, DocumentCodecProvider{}, CollectionCodecProvider{}, IterableCodecProvider{}, MapCodecProvider{}, GeoJsonCodecProvider{}, GridFSFileCodecProvider{}, Jsr310CodecProvider{}, JsonObjectCodecProvider{}, BsonCodecProvider{}, EnumCodecProvider{}, com.mongodb.client.model.mql.ExpressionCodecProvider@2b8cf049, com.mongodb.Jep395RecordCodecProvider@2336cd91, com.mongodb.KotlinCodecProvider@4a944af9]}, loggerSettings=LoggerSettings{maxDocumentLength=1000}, clusterSettings={hosts=[localhost:27017], srvServiceName=mongodb, mode=SINGLE, requiredClusterType=UNKNOWN, requiredReplicaSetName='null', serverSelector='null', clusterListeners='[]', serverSelectionTimeout='30000 ms', localThreshold='15 ms'}, socketSettings=SocketSettings{connectTimeoutMS=10000, readTimeoutMS=0, receiveBufferSize=0, proxySettings=ProxySettings{host=null, port=null, username=null, password=null}}, heartbeatSocketSettings=SocketSettings{connectTimeoutMS=10000, readTimeoutMS=10000, receiveBufferSize=0, proxySettings=ProxySettings{host=null, port=null, username=null, password=null}}, connectionPoolSettings=ConnectionPoolSettings{maxSize=100, minSize=0, maxWaitTimeMS=120000, maxConnectionLifeTimeMS=0, maxConnectionIdleTimeMS=0, maintenanceInitialDelayMS=0, maintenanceFrequencyMS=60000, connectionPoolListeners=[io.micrometer.core.instrument.binder.mongodb.MongoMetricsConnectionPoolListener@3593e074], maxConnecting=2}, serverSettings=ServerSettings{heartbeatFrequencyMS=10000, minHeartbeatFrequencyMS=500, serverMonitoringMode=AUTO, serverListeners='[]', serverMonitorListeners='[]'}, sslSettings=SslSettings{enabled=false, invalidHostNameAllowed=false, context=null}, applicationName='null', compressorList=[], uuidRepresentation=JAVA_LEGACY, serverApi=null, autoEncryptionSettings=null, dnsClient=null, inetAddressResolver=null, contextProvider=null, timeoutMS=null} 
2025-04-28 15:27:41-061 [cluster-ClusterId{value='680fe4bc9f6f4853c71a50b8', description='null'}-localhost:27017] INFO  org.mongodb.driver.cluster - Monitor thread successfully connected to server with description ServerDescription{address=localhost:27017, type=STANDALONE, cryptd=false, state=CONNECTED, ok=true, minWireVersion=0, maxWireVersion=25, maxDocumentSize=16777216, logicalSessionTimeoutMinutes=30, roundTripTimeNanos=45261200, minRoundTripTimeNanos=0} 
2025-04-28 15:27:42-118 [main] INFO  o.s.b.a.e.web.EndpointLinksResolver - Exposing 2 endpoints beneath base path '/actuator' 
2025-04-28 15:27:42-462 [main] INFO  o.s.c.n.e.c.DiscoveryClientOptionalArgsConfiguration - Eureka HTTP Client uses RestTemplate. 
2025-04-28 15:27:42-508 [main] WARN  o.s.c.l.c.LoadBalancerCacheAutoConfiguration$LoadBalancerCaffeineWarnLogger - Spring Cloud LoadBalancer is currently working with the default cache. While this cache implementation is useful for development and tests, it's recommended to use Caffeine cache in production.You can switch to using Caffeine cache, by adding it and org.springframework.cache.caffeine.CaffeineCacheManager to the classpath. 
2025-04-28 15:27:42-622 [main] INFO  o.a.k.c.consumer.ConsumerConfig - ConsumerConfig values: 
	allow.auto.create.topics = true
	auto.commit.interval.ms = 5000
	auto.include.jmx.reporter = true
	auto.offset.reset = latest
	bootstrap.servers = [localhost:29092]
	check.crcs = true
	client.dns.lookup = use_all_dns_ips
	client.id = consumer-bootcoin-group-1
	client.rack = 
	connections.max.idle.ms = 540000
	default.api.timeout.ms = 60000
	enable.auto.commit = false
	enable.metrics.push = true
	exclude.internal.topics = true
	fetch.max.bytes = 52428800
	fetch.max.wait.ms = 500
	fetch.min.bytes = 1
	group.id = bootcoin-group
	group.instance.id = null
	group.protocol = classic
	group.remote.assignor = null
	heartbeat.interval.ms = 3000
	interceptor.classes = []
	internal.leave.group.on.close = true
	internal.throw.on.fetch.stable.offset.unsupported = false
	isolation.level = read_uncommitted
	key.deserializer = class org.apache.kafka.common.serialization.StringDeserializer
	max.partition.fetch.bytes = 1048576
	max.poll.interval.ms = 300000
	max.poll.records = 500
	metadata.max.age.ms = 300000
	metadata.recovery.strategy = none
	metric.reporters = []
	metrics.num.samples = 2
	metrics.recording.level = INFO
	metrics.sample.window.ms = 30000
	partition.assignment.strategy = [class org.apache.kafka.clients.consumer.RangeAssignor, class org.apache.kafka.clients.consumer.CooperativeStickyAssignor]
	receive.buffer.bytes = 65536
	reconnect.backoff.max.ms = 1000
	reconnect.backoff.ms = 50
	request.timeout.ms = 30000
	retry.backoff.max.ms = 1000
	retry.backoff.ms = 100
	sasl.client.callback.handler.class = null
	sasl.jaas.config = null
	sasl.kerberos.kinit.cmd = /usr/bin/kinit
	sasl.kerberos.min.time.before.relogin = 60000
	sasl.kerberos.service.name = null
	sasl.kerberos.ticket.renew.jitter = 0.05
	sasl.kerberos.ticket.renew.window.factor = 0.8
	sasl.login.callback.handler.class = null
	sasl.login.class = null
	sasl.login.connect.timeout.ms = null
	sasl.login.read.timeout.ms = null
	sasl.login.refresh.buffer.seconds = 300
	sasl.login.refresh.min.period.seconds = 60
	sasl.login.refresh.window.factor = 0.8
	sasl.login.refresh.window.jitter = 0.05
	sasl.login.retry.backoff.max.ms = 10000
	sasl.login.retry.backoff.ms = 100
	sasl.mechanism = GSSAPI
	sasl.oauthbearer.clock.skew.seconds = 30
	sasl.oauthbearer.expected.audience = null
	sasl.oauthbearer.expected.issuer = null
	sasl.oauthbearer.jwks.endpoint.refresh.ms = 3600000
	sasl.oauthbearer.jwks.endpoint.retry.backoff.max.ms = 10000
	sasl.oauthbearer.jwks.endpoint.retry.backoff.ms = 100
	sasl.oauthbearer.jwks.endpoint.url = null
	sasl.oauthbearer.scope.claim.name = scope
	sasl.oauthbearer.sub.claim.name = sub
	sasl.oauthbearer.token.endpoint.url = null
	security.protocol = PLAINTEXT
	security.providers = null
	send.buffer.bytes = 131072
	session.timeout.ms = 45000
	socket.connection.setup.timeout.max.ms = 30000
	socket.connection.setup.timeout.ms = 10000
	ssl.cipher.suites = null
	ssl.enabled.protocols = [TLSv1.2, TLSv1.3]
	ssl.endpoint.identification.algorithm = https
	ssl.engine.factory.class = null
	ssl.key.password = null
	ssl.keymanager.algorithm = SunX509
	ssl.keystore.certificate.chain = null
	ssl.keystore.key = null
	ssl.keystore.location = null
	ssl.keystore.password = null
	ssl.keystore.type = JKS
	ssl.protocol = TLSv1.3
	ssl.provider = null
	ssl.secure.random.implementation = null
	ssl.trustmanager.algorithm = PKIX
	ssl.truststore.certificates = null
	ssl.truststore.location = null
	ssl.truststore.password = null
	ssl.truststore.type = JKS
	value.deserializer = class org.apache.kafka.common.serialization.StringDeserializer
 
2025-04-28 15:27:42-670 [main] INFO  o.a.k.c.t.i.KafkaMetricsCollector - initializing Kafka metrics collector 
2025-04-28 15:27:42-741 [main] INFO  o.a.kafka.common.utils.AppInfoParser - Kafka version: 3.8.1 
2025-04-28 15:27:42-742 [main] INFO  o.a.kafka.common.utils.AppInfoParser - Kafka commitId: 70d6ff42debf7e17 
2025-04-28 15:27:42-742 [main] INFO  o.a.kafka.common.utils.AppInfoParser - Kafka startTimeMs: 1745872062739 
2025-04-28 15:27:42-745 [main] INFO  o.a.k.c.c.i.LegacyKafkaConsumer - [Consumer clientId=consumer-bootcoin-group-1, groupId=bootcoin-group] Subscribed to topic(s): wallet-bootcoin-response 
2025-04-28 15:27:42-770 [main] INFO  o.s.c.n.eureka.InstanceInfoFactory - Setting initial instance status as: STARTING 
2025-04-28 15:27:42-793 [main] INFO  c.netflix.discovery.DiscoveryClient - Initializing Eureka in region us-east-1 
2025-04-28 15:27:42-797 [main] INFO  c.n.d.s.r.aws.ConfigClusterResolver - Resolving eureka endpoints via configuration 
2025-04-28 15:27:42-806 [main] INFO  c.netflix.discovery.DiscoveryClient - Disable delta property : false 
2025-04-28 15:27:42-806 [main] INFO  c.netflix.discovery.DiscoveryClient - Single vip registry refresh property : null 
2025-04-28 15:27:42-806 [main] INFO  c.netflix.discovery.DiscoveryClient - Force full registry fetch : false 
2025-04-28 15:27:42-806 [main] INFO  c.netflix.discovery.DiscoveryClient - Application is null : false 
2025-04-28 15:27:42-806 [main] INFO  c.netflix.discovery.DiscoveryClient - Registered Applications size is zero : true 
2025-04-28 15:27:42-806 [main] INFO  c.netflix.discovery.DiscoveryClient - Application version is -1: true 
2025-04-28 15:27:42-806 [main] INFO  c.netflix.discovery.DiscoveryClient - Getting all instance registry info from the eureka server 
2025-04-28 15:27:43-096 [main] INFO  c.netflix.discovery.DiscoveryClient - The response status is 200 
2025-04-28 15:27:43-098 [main] INFO  c.netflix.discovery.DiscoveryClient - Starting heartbeat executor: renew interval is: 30 
2025-04-28 15:27:43-100 [main] INFO  c.n.discovery.InstanceInfoReplicator - InstanceInfoReplicator onDemand update allowed rate per min is 4 
2025-04-28 15:27:43-102 [main] INFO  c.netflix.discovery.DiscoveryClient - Discovery Client initialized at timestamp 1745872063101 with initial instances count: 2 
2025-04-28 15:27:43-105 [main] INFO  o.s.c.n.e.s.EurekaServiceRegistry - Registering application WALLET-BOOTCOIN-API with eureka with status UP 
2025-04-28 15:27:43-106 [main] INFO  c.netflix.discovery.DiscoveryClient - Saw local status change event StatusChangeEvent [timestamp=1745872063106, current=UP, previous=STARTING] 
2025-04-28 15:27:43-109 [DiscoveryClient-InstanceInfoReplicator-%d] INFO  c.netflix.discovery.DiscoveryClient - DiscoveryClient_WALLET-BOOTCOIN-API/wallet-bootcoin-api:8805: registering service... 
2025-04-28 15:27:43-113 [repliesContainer-0-C-1] INFO  org.apache.kafka.clients.Metadata - [Consumer clientId=consumer-bootcoin-group-1, groupId=bootcoin-group] Cluster ID: pQNgvDGCTc6DWdlYtyeAyg 
2025-04-28 15:27:43-114 [repliesContainer-0-C-1] INFO  o.a.k.c.c.i.ConsumerCoordinator - [Consumer clientId=consumer-bootcoin-group-1, groupId=bootcoin-group] Discovered group coordinator localhost:29092 (id: 2147482646 rack: null) 
2025-04-28 15:27:43-117 [repliesContainer-0-C-1] INFO  o.a.k.c.c.i.ConsumerCoordinator - [Consumer clientId=consumer-bootcoin-group-1, groupId=bootcoin-group] (Re-)joining group 
2025-04-28 15:27:43-143 [repliesContainer-0-C-1] INFO  o.a.k.c.c.i.ConsumerCoordinator - [Consumer clientId=consumer-bootcoin-group-1, groupId=bootcoin-group] Request joining group due to: need to re-join with the given member-id: consumer-bootcoin-group-1-8485a6ed-766c-4b4e-ab57-f53cf9a03854 
2025-04-28 15:27:43-143 [repliesContainer-0-C-1] INFO  o.a.k.c.c.i.ConsumerCoordinator - [Consumer clientId=consumer-bootcoin-group-1, groupId=bootcoin-group] (Re-)joining group 
2025-04-28 15:27:43-182 [DiscoveryClient-InstanceInfoReplicator-%d] INFO  c.netflix.discovery.DiscoveryClient - DiscoveryClient_WALLET-BOOTCOIN-API/wallet-bootcoin-api:8805 - registration status: 204 
2025-04-28 15:27:43-192 [main] INFO  o.s.b.w.e.netty.NettyWebServer - Netty started on port 8805 (http) 
2025-04-28 15:27:43-194 [main] INFO  o.s.c.n.e.s.EurekaAutoServiceRegistration - Updating port to 8805 
2025-04-28 15:27:43-455 [main] INFO  o.a.k.c.consumer.ConsumerConfig - ConsumerConfig values: 
	allow.auto.create.topics = true
	auto.commit.interval.ms = 5000
	auto.include.jmx.reporter = true
	auto.offset.reset = latest
	bootstrap.servers = [localhost:29092]
	check.crcs = true
	client.dns.lookup = use_all_dns_ips
	client.id = consumer-bootcoin-group-2
	client.rack = 
	connections.max.idle.ms = 540000
	default.api.timeout.ms = 60000
	enable.auto.commit = false
	enable.metrics.push = true
	exclude.internal.topics = true
	fetch.max.bytes = 52428800
	fetch.max.wait.ms = 500
	fetch.min.bytes = 1
	group.id = bootcoin-group
	group.instance.id = null
	group.protocol = classic
	group.remote.assignor = null
	heartbeat.interval.ms = 3000
	interceptor.classes = []
	internal.leave.group.on.close = true
	internal.throw.on.fetch.stable.offset.unsupported = false
	isolation.level = read_uncommitted
	key.deserializer = class org.apache.kafka.common.serialization.StringDeserializer
	max.partition.fetch.bytes = 1048576
	max.poll.interval.ms = 300000
	max.poll.records = 500
	metadata.max.age.ms = 300000
	metadata.recovery.strategy = none
	metric.reporters = []
	metrics.num.samples = 2
	metrics.recording.level = INFO
	metrics.sample.window.ms = 30000
	partition.assignment.strategy = [class org.apache.kafka.clients.consumer.RangeAssignor, class org.apache.kafka.clients.consumer.CooperativeStickyAssignor]
	receive.buffer.bytes = 65536
	reconnect.backoff.max.ms = 1000
	reconnect.backoff.ms = 50
	request.timeout.ms = 30000
	retry.backoff.max.ms = 1000
	retry.backoff.ms = 100
	sasl.client.callback.handler.class = null
	sasl.jaas.config = null
	sasl.kerberos.kinit.cmd = /usr/bin/kinit
	sasl.kerberos.min.time.before.relogin = 60000
	sasl.kerberos.service.name = null
	sasl.kerberos.ticket.renew.jitter = 0.05
	sasl.kerberos.ticket.renew.window.factor = 0.8
	sasl.login.callback.handler.class = null
	sasl.login.class = null
	sasl.login.connect.timeout.ms = null
	sasl.login.read.timeout.ms = null
	sasl.login.refresh.buffer.seconds = 300
	sasl.login.refresh.min.period.seconds = 60
	sasl.login.refresh.window.factor = 0.8
	sasl.login.refresh.window.jitter = 0.05
	sasl.login.retry.backoff.max.ms = 10000
	sasl.login.retry.backoff.ms = 100
	sasl.mechanism = GSSAPI
	sasl.oauthbearer.clock.skew.seconds = 30
	sasl.oauthbearer.expected.audience = null
	sasl.oauthbearer.expected.issuer = null
	sasl.oauthbearer.jwks.endpoint.refresh.ms = 3600000
	sasl.oauthbearer.jwks.endpoint.retry.backoff.max.ms = 10000
	sasl.oauthbearer.jwks.endpoint.retry.backoff.ms = 100
	sasl.oauthbearer.jwks.endpoint.url = null
	sasl.oauthbearer.scope.claim.name = scope
	sasl.oauthbearer.sub.claim.name = sub
	sasl.oauthbearer.token.endpoint.url = null
	security.protocol = PLAINTEXT
	security.providers = null
	send.buffer.bytes = 131072
	session.timeout.ms = 45000
	socket.connection.setup.timeout.max.ms = 30000
	socket.connection.setup.timeout.ms = 10000
	ssl.cipher.suites = null
	ssl.enabled.protocols = [TLSv1.2, TLSv1.3]
	ssl.endpoint.identification.algorithm = https
	ssl.engine.factory.class = null
	ssl.key.password = null
	ssl.keymanager.algorithm = SunX509
	ssl.keystore.certificate.chain = null
	ssl.keystore.key = null
	ssl.keystore.location = null
	ssl.keystore.password = null
	ssl.keystore.type = JKS
	ssl.protocol = TLSv1.3
	ssl.provider = null
	ssl.secure.random.implementation = null
	ssl.trustmanager.algorithm = PKIX
	ssl.truststore.certificates = null
	ssl.truststore.location = null
	ssl.truststore.password = null
	ssl.truststore.type = JKS
	value.deserializer = class org.apache.kafka.common.serialization.StringDeserializer
 
2025-04-28 15:27:43-456 [main] INFO  o.a.k.c.t.i.KafkaMetricsCollector - initializing Kafka metrics collector 
2025-04-28 15:27:43-463 [main] INFO  o.a.kafka.common.utils.AppInfoParser - Kafka version: 3.8.1 
2025-04-28 15:27:43-464 [main] INFO  o.a.kafka.common.utils.AppInfoParser - Kafka commitId: 70d6ff42debf7e17 
2025-04-28 15:27:43-464 [main] INFO  o.a.kafka.common.utils.AppInfoParser - Kafka startTimeMs: 1745872063463 
2025-04-28 15:27:43-464 [main] INFO  o.a.k.c.c.i.LegacyKafkaConsumer - [Consumer clientId=consumer-bootcoin-group-2, groupId=bootcoin-group] Subscribed to topic(s): wallet-bootcoin-request 
2025-04-28 15:27:43-466 [main] INFO  o.a.k.c.consumer.ConsumerConfig - ConsumerConfig values: 
	allow.auto.create.topics = true
	auto.commit.interval.ms = 5000
	auto.include.jmx.reporter = true
	auto.offset.reset = latest
	bootstrap.servers = [localhost:29092]
	check.crcs = true
	client.dns.lookup = use_all_dns_ips
	client.id = consumer-bootcoin-group-3
	client.rack = 
	connections.max.idle.ms = 540000
	default.api.timeout.ms = 60000
	enable.auto.commit = false
	enable.metrics.push = true
	exclude.internal.topics = true
	fetch.max.bytes = 52428800
	fetch.max.wait.ms = 500
	fetch.min.bytes = 1
	group.id = bootcoin-group
	group.instance.id = null
	group.protocol = classic
	group.remote.assignor = null
	heartbeat.interval.ms = 3000
	interceptor.classes = []
	internal.leave.group.on.close = true
	internal.throw.on.fetch.stable.offset.unsupported = false
	isolation.level = read_uncommitted
	key.deserializer = class org.apache.kafka.common.serialization.StringDeserializer
	max.partition.fetch.bytes = 1048576
	max.poll.interval.ms = 300000
	max.poll.records = 500
	metadata.max.age.ms = 300000
	metadata.recovery.strategy = none
	metric.reporters = []
	metrics.num.samples = 2
	metrics.recording.level = INFO
	metrics.sample.window.ms = 30000
	partition.assignment.strategy = [class org.apache.kafka.clients.consumer.RangeAssignor, class org.apache.kafka.clients.consumer.CooperativeStickyAssignor]
	receive.buffer.bytes = 65536
	reconnect.backoff.max.ms = 1000
	reconnect.backoff.ms = 50
	request.timeout.ms = 30000
	retry.backoff.max.ms = 1000
	retry.backoff.ms = 100
	sasl.client.callback.handler.class = null
	sasl.jaas.config = null
	sasl.kerberos.kinit.cmd = /usr/bin/kinit
	sasl.kerberos.min.time.before.relogin = 60000
	sasl.kerberos.service.name = null
	sasl.kerberos.ticket.renew.jitter = 0.05
	sasl.kerberos.ticket.renew.window.factor = 0.8
	sasl.login.callback.handler.class = null
	sasl.login.class = null
	sasl.login.connect.timeout.ms = null
	sasl.login.read.timeout.ms = null
	sasl.login.refresh.buffer.seconds = 300
	sasl.login.refresh.min.period.seconds = 60
	sasl.login.refresh.window.factor = 0.8
	sasl.login.refresh.window.jitter = 0.05
	sasl.login.retry.backoff.max.ms = 10000
	sasl.login.retry.backoff.ms = 100
	sasl.mechanism = GSSAPI
	sasl.oauthbearer.clock.skew.seconds = 30
	sasl.oauthbearer.expected.audience = null
	sasl.oauthbearer.expected.issuer = null
	sasl.oauthbearer.jwks.endpoint.refresh.ms = 3600000
	sasl.oauthbearer.jwks.endpoint.retry.backoff.max.ms = 10000
	sasl.oauthbearer.jwks.endpoint.retry.backoff.ms = 100
	sasl.oauthbearer.jwks.endpoint.url = null
	sasl.oauthbearer.scope.claim.name = scope
	sasl.oauthbearer.sub.claim.name = sub
	sasl.oauthbearer.token.endpoint.url = null
	security.protocol = PLAINTEXT
	security.providers = null
	send.buffer.bytes = 131072
	session.timeout.ms = 45000
	socket.connection.setup.timeout.max.ms = 30000
	socket.connection.setup.timeout.ms = 10000
	ssl.cipher.suites = null
	ssl.enabled.protocols = [TLSv1.2, TLSv1.3]
	ssl.endpoint.identification.algorithm = https
	ssl.engine.factory.class = null
	ssl.key.password = null
	ssl.keymanager.algorithm = SunX509
	ssl.keystore.certificate.chain = null
	ssl.keystore.key = null
	ssl.keystore.location = null
	ssl.keystore.password = null
	ssl.keystore.type = JKS
	ssl.protocol = TLSv1.3
	ssl.provider = null
	ssl.secure.random.implementation = null
	ssl.trustmanager.algorithm = PKIX
	ssl.truststore.certificates = null
	ssl.truststore.location = null
	ssl.truststore.password = null
	ssl.truststore.type = JKS
	value.deserializer = class org.apache.kafka.common.serialization.StringDeserializer
 
2025-04-28 15:27:43-467 [main] INFO  o.a.k.c.t.i.KafkaMetricsCollector - initializing Kafka metrics collector 
2025-04-28 15:27:43-472 [org.springframework.kafka.KafkaListenerEndpointContainer#0-0-C-1] INFO  org.apache.kafka.clients.Metadata - [Consumer clientId=consumer-bootcoin-group-2, groupId=bootcoin-group] Cluster ID: pQNgvDGCTc6DWdlYtyeAyg 
2025-04-28 15:27:43-472 [org.springframework.kafka.KafkaListenerEndpointContainer#0-0-C-1] INFO  o.a.k.c.c.i.ConsumerCoordinator - [Consumer clientId=consumer-bootcoin-group-2, groupId=bootcoin-group] Discovered group coordinator localhost:29092 (id: 2147482646 rack: null) 
2025-04-28 15:27:43-474 [org.springframework.kafka.KafkaListenerEndpointContainer#0-0-C-1] INFO  o.a.k.c.c.i.ConsumerCoordinator - [Consumer clientId=consumer-bootcoin-group-2, groupId=bootcoin-group] (Re-)joining group 
2025-04-28 15:27:43-474 [main] INFO  o.a.kafka.common.utils.AppInfoParser - Kafka version: 3.8.1 
2025-04-28 15:27:43-474 [main] INFO  o.a.kafka.common.utils.AppInfoParser - Kafka commitId: 70d6ff42debf7e17 
2025-04-28 15:27:43-474 [main] INFO  o.a.kafka.common.utils.AppInfoParser - Kafka startTimeMs: 1745872063474 
2025-04-28 15:27:43-475 [main] INFO  o.a.k.c.c.i.LegacyKafkaConsumer - [Consumer clientId=consumer-bootcoin-group-3, groupId=bootcoin-group] Subscribed to topic(s): wallet-user-request 
2025-04-28 15:27:43-480 [org.springframework.kafka.KafkaListenerEndpointContainer#0-0-C-1] INFO  o.a.k.c.c.i.ConsumerCoordinator - [Consumer clientId=consumer-bootcoin-group-2, groupId=bootcoin-group] Request joining group due to: need to re-join with the given member-id: consumer-bootcoin-group-2-052f0546-e016-48dd-8f89-2453df878aea 
2025-04-28 15:27:43-480 [org.springframework.kafka.KafkaListenerEndpointContainer#0-0-C-1] INFO  o.a.k.c.c.i.ConsumerCoordinator - [Consumer clientId=consumer-bootcoin-group-2, groupId=bootcoin-group] (Re-)joining group 
2025-04-28 15:27:43-483 [org.springframework.kafka.KafkaListenerEndpointContainer#1-0-C-1] INFO  org.apache.kafka.clients.Metadata - [Consumer clientId=consumer-bootcoin-group-3, groupId=bootcoin-group] Cluster ID: pQNgvDGCTc6DWdlYtyeAyg 
2025-04-28 15:27:43-483 [org.springframework.kafka.KafkaListenerEndpointContainer#1-0-C-1] INFO  o.a.k.c.c.i.ConsumerCoordinator - [Consumer clientId=consumer-bootcoin-group-3, groupId=bootcoin-group] Discovered group coordinator localhost:29092 (id: 2147482646 rack: null) 
2025-04-28 15:27:43-484 [org.springframework.kafka.KafkaListenerEndpointContainer#1-0-C-1] INFO  o.a.k.c.c.i.ConsumerCoordinator - [Consumer clientId=consumer-bootcoin-group-3, groupId=bootcoin-group] (Re-)joining group 
2025-04-28 15:27:43-488 [org.springframework.kafka.KafkaListenerEndpointContainer#1-0-C-1] INFO  o.a.k.c.c.i.ConsumerCoordinator - [Consumer clientId=consumer-bootcoin-group-3, groupId=bootcoin-group] Request joining group due to: need to re-join with the given member-id: consumer-bootcoin-group-3-0fed2eed-b6c5-4ac9-8c5f-67a3096d060f 
2025-04-28 15:27:43-489 [org.springframework.kafka.KafkaListenerEndpointContainer#1-0-C-1] INFO  o.a.k.c.c.i.ConsumerCoordinator - [Consumer clientId=consumer-bootcoin-group-3, groupId=bootcoin-group] (Re-)joining group 
2025-04-28 15:27:43-494 [main] INFO  c.b.w.b.a.WalletBootcoinApiApplication - Started WalletBootcoinApiApplication in 6.979 seconds (process running for 8.378) 
2025-04-28 15:27:44-774 [repliesContainer-0-C-1] INFO  o.a.k.c.c.i.ConsumerCoordinator - [Consumer clientId=consumer-bootcoin-group-1, groupId=bootcoin-group] Successfully joined group with generation Generation{generationId=20, memberId='consumer-bootcoin-group-1-8485a6ed-766c-4b4e-ab57-f53cf9a03854', protocol='range'} 
2025-04-28 15:27:44-774 [org.springframework.kafka.KafkaListenerEndpointContainer#1-0-C-1] INFO  o.a.k.c.c.i.ConsumerCoordinator - [Consumer clientId=consumer-bootcoin-group-3, groupId=bootcoin-group] Successfully joined group with generation Generation{generationId=20, memberId='consumer-bootcoin-group-3-0fed2eed-b6c5-4ac9-8c5f-67a3096d060f', protocol='range'} 
2025-04-28 15:27:44-775 [org.springframework.kafka.KafkaListenerEndpointContainer#0-0-C-1] INFO  o.a.k.c.c.i.ConsumerCoordinator - [Consumer clientId=consumer-bootcoin-group-2, groupId=bootcoin-group] Successfully joined group with generation Generation{generationId=20, memberId='consumer-bootcoin-group-2-052f0546-e016-48dd-8f89-2453df878aea', protocol='range'} 
2025-04-28 15:27:44-905 [repliesContainer-0-C-1] INFO  o.a.k.c.c.i.ConsumerCoordinator - [Consumer clientId=consumer-bootcoin-group-1, groupId=bootcoin-group] Successfully synced group in generation Generation{generationId=20, memberId='consumer-bootcoin-group-1-8485a6ed-766c-4b4e-ab57-f53cf9a03854', protocol='range'} 
2025-04-28 15:27:44-905 [org.springframework.kafka.KafkaListenerEndpointContainer#1-0-C-1] INFO  o.a.k.c.c.i.ConsumerCoordinator - [Consumer clientId=consumer-bootcoin-group-3, groupId=bootcoin-group] Successfully synced group in generation Generation{generationId=20, memberId='consumer-bootcoin-group-3-0fed2eed-b6c5-4ac9-8c5f-67a3096d060f', protocol='range'} 
2025-04-28 15:27:44-906 [org.springframework.kafka.KafkaListenerEndpointContainer#0-0-C-1] INFO  o.a.k.c.c.i.ConsumerCoordinator - [Consumer clientId=consumer-bootcoin-group-2, groupId=bootcoin-group] Successfully synced group in generation Generation{generationId=20, memberId='consumer-bootcoin-group-2-052f0546-e016-48dd-8f89-2453df878aea', protocol='range'} 
2025-04-28 15:27:44-909 [repliesContainer-0-C-1] INFO  o.a.k.c.c.i.ConsumerCoordinator - [Consumer clientId=consumer-bootcoin-group-1, groupId=bootcoin-group] Notifying assignor about the new Assignment(partitions=[wallet-bootcoin-response-0]) 
2025-04-28 15:27:44-909 [org.springframework.kafka.KafkaListenerEndpointContainer#0-0-C-1] INFO  o.a.k.c.c.i.ConsumerCoordinator - [Consumer clientId=consumer-bootcoin-group-2, groupId=bootcoin-group] Notifying assignor about the new Assignment(partitions=[wallet-bootcoin-request-0]) 
2025-04-28 15:27:44-909 [org.springframework.kafka.KafkaListenerEndpointContainer#1-0-C-1] INFO  o.a.k.c.c.i.ConsumerCoordinator - [Consumer clientId=consumer-bootcoin-group-3, groupId=bootcoin-group] Notifying assignor about the new Assignment(partitions=[wallet-user-request-0]) 
2025-04-28 15:27:44-912 [org.springframework.kafka.KafkaListenerEndpointContainer#1-0-C-1] INFO  o.a.k.c.c.i.ConsumerRebalanceListenerInvoker - [Consumer clientId=consumer-bootcoin-group-3, groupId=bootcoin-group] Adding newly assigned partitions: wallet-user-request-0 
2025-04-28 15:27:44-912 [repliesContainer-0-C-1] INFO  o.a.k.c.c.i.ConsumerRebalanceListenerInvoker - [Consumer clientId=consumer-bootcoin-group-1, groupId=bootcoin-group] Adding newly assigned partitions: wallet-bootcoin-response-0 
2025-04-28 15:27:44-912 [org.springframework.kafka.KafkaListenerEndpointContainer#0-0-C-1] INFO  o.a.k.c.c.i.ConsumerRebalanceListenerInvoker - [Consumer clientId=consumer-bootcoin-group-2, groupId=bootcoin-group] Adding newly assigned partitions: wallet-bootcoin-request-0 
2025-04-28 15:27:44-928 [org.springframework.kafka.KafkaListenerEndpointContainer#1-0-C-1] INFO  o.a.k.c.c.internals.ConsumerUtils - Setting offset for partition wallet-user-request-0 to the committed offset FetchPosition{offset=0, offsetEpoch=Optional.empty, currentLeader=LeaderAndEpoch{leader=Optional[localhost:29092 (id: 1001 rack: null)], epoch=0}} 
2025-04-28 15:27:44-928 [org.springframework.kafka.KafkaListenerEndpointContainer#0-0-C-1] INFO  o.a.k.c.c.internals.ConsumerUtils - Setting offset for partition wallet-bootcoin-request-0 to the committed offset FetchPosition{offset=2, offsetEpoch=Optional.empty, currentLeader=LeaderAndEpoch{leader=Optional[localhost:29092 (id: 1001 rack: null)], epoch=0}} 
2025-04-28 15:27:44-928 [repliesContainer-0-C-1] INFO  o.a.k.c.c.internals.ConsumerUtils - Setting offset for partition wallet-bootcoin-response-0 to the committed offset FetchPosition{offset=1, offsetEpoch=Optional.empty, currentLeader=LeaderAndEpoch{leader=Optional[localhost:29092 (id: 1001 rack: null)], epoch=0}} 
2025-04-28 15:27:44-930 [org.springframework.kafka.KafkaListenerEndpointContainer#1-0-C-1] INFO  o.s.k.l.KafkaMessageListenerContainer - bootcoin-group: partitions assigned: [wallet-user-request-0] 
2025-04-28 15:27:44-930 [org.springframework.kafka.KafkaListenerEndpointContainer#0-0-C-1] INFO  o.s.k.l.KafkaMessageListenerContainer - bootcoin-group: partitions assigned: [wallet-bootcoin-request-0] 
2025-04-28 15:27:44-930 [repliesContainer-0-C-1] INFO  o.s.k.l.ConcurrentMessageListenerContainer - bootcoin-group: partitions assigned: [wallet-bootcoin-response-0] 
2025-04-28 15:27:59-612 [org.springframework.kafka.KafkaListenerEndpointContainer#0-0-C-1] INFO  c.b.w.b.api.consumer.WalletConsumer - Init create wallet: {"phoneNumber":"11111111"}, replyTopic: wallet-bootcoin-response, correlationId: [75, 39, -27, -6, 78, -26, 72, -81, -124, -23, -83, -66, -28, -65, 89, 77] 
2025-04-28 15:27:59-618 [org.springframework.kafka.KafkaListenerEndpointContainer#0-0-C-1] INFO  c.b.w.b.a.service.WalletServiceImpl - Init create wallet to user 11111111 
2025-04-28 15:27:59-777 [nioEventLoopGroup-3-3] INFO  c.b.w.b.a.service.WalletServiceImpl - Creating new wallet for user 11111111: {"walletAccount":"2820483-8463957-1581814","amountCoin":0.0,"userId":"11111111","createdAt":[2025,4,28],"updatedAt":[2025,4,28]} 
2025-04-28 15:27:59-849 [nioEventLoopGroup-3-3] INFO  c.b.w.b.a.service.WalletServiceImpl - Wallet created successfully 2820483-8463957-1581814 for userId 11111111 
2025-04-28 15:27:59-850 [nioEventLoopGroup-3-3] INFO  c.b.w.b.api.consumer.WalletConsumer - Wallet created: {"walletAccount":"2820483-8463957-1581814","userId":"11111111"} 
2025-04-28 15:27:59-857 [nioEventLoopGroup-3-3] INFO  o.a.k.c.producer.ProducerConfig - ProducerConfig values: 
	acks = -1
	auto.include.jmx.reporter = true
	batch.size = 16384
	bootstrap.servers = [localhost:29092]
	buffer.memory = 33554432
	client.dns.lookup = use_all_dns_ips
	client.id = wallet-bootcoin-api-producer-1
	compression.gzip.level = -1
	compression.lz4.level = 9
	compression.type = none
	compression.zstd.level = 3
	connections.max.idle.ms = 540000
	delivery.timeout.ms = 120000
	enable.idempotence = true
	enable.metrics.push = true
	interceptor.classes = []
	key.serializer = class org.apache.kafka.common.serialization.StringSerializer
	linger.ms = 0
	max.block.ms = 60000
	max.in.flight.requests.per.connection = 5
	max.request.size = 1048576
	metadata.max.age.ms = 300000
	metadata.max.idle.ms = 300000
	metadata.recovery.strategy = none
	metric.reporters = []
	metrics.num.samples = 2
	metrics.recording.level = INFO
	metrics.sample.window.ms = 30000
	partitioner.adaptive.partitioning.enable = true
	partitioner.availability.timeout.ms = 0
	partitioner.class = null
	partitioner.ignore.keys = false
	receive.buffer.bytes = 32768
	reconnect.backoff.max.ms = 1000
	reconnect.backoff.ms = 50
	request.timeout.ms = 30000
	retries = 2147483647
	retry.backoff.max.ms = 1000
	retry.backoff.ms = 100
	sasl.client.callback.handler.class = null
	sasl.jaas.config = null
	sasl.kerberos.kinit.cmd = /usr/bin/kinit
	sasl.kerberos.min.time.before.relogin = 60000
	sasl.kerberos.service.name = null
	sasl.kerberos.ticket.renew.jitter = 0.05
	sasl.kerberos.ticket.renew.window.factor = 0.8
	sasl.login.callback.handler.class = null
	sasl.login.class = null
	sasl.login.connect.timeout.ms = null
	sasl.login.read.timeout.ms = null
	sasl.login.refresh.buffer.seconds = 300
	sasl.login.refresh.min.period.seconds = 60
	sasl.login.refresh.window.factor = 0.8
	sasl.login.refresh.window.jitter = 0.05
	sasl.login.retry.backoff.max.ms = 10000
	sasl.login.retry.backoff.ms = 100
	sasl.mechanism = GSSAPI
	sasl.oauthbearer.clock.skew.seconds = 30
	sasl.oauthbearer.expected.audience = null
	sasl.oauthbearer.expected.issuer = null
	sasl.oauthbearer.jwks.endpoint.refresh.ms = 3600000
	sasl.oauthbearer.jwks.endpoint.retry.backoff.max.ms = 10000
	sasl.oauthbearer.jwks.endpoint.retry.backoff.ms = 100
	sasl.oauthbearer.jwks.endpoint.url = null
	sasl.oauthbearer.scope.claim.name = scope
	sasl.oauthbearer.sub.claim.name = sub
	sasl.oauthbearer.token.endpoint.url = null
	security.protocol = PLAINTEXT
	security.providers = null
	send.buffer.bytes = 131072
	socket.connection.setup.timeout.max.ms = 30000
	socket.connection.setup.timeout.ms = 10000
	ssl.cipher.suites = null
	ssl.enabled.protocols = [TLSv1.2, TLSv1.3]
	ssl.endpoint.identification.algorithm = https
	ssl.engine.factory.class = null
	ssl.key.password = null
	ssl.keymanager.algorithm = SunX509
	ssl.keystore.certificate.chain = null
	ssl.keystore.key = null
	ssl.keystore.location = null
	ssl.keystore.password = null
	ssl.keystore.type = JKS
	ssl.protocol = TLSv1.3
	ssl.provider = null
	ssl.secure.random.implementation = null
	ssl.trustmanager.algorithm = PKIX
	ssl.truststore.certificates = null
	ssl.truststore.location = null
	ssl.truststore.password = null
	ssl.truststore.type = JKS
	transaction.timeout.ms = 60000
	transactional.id = null
	value.serializer = class org.apache.kafka.common.serialization.StringSerializer
 
2025-04-28 15:27:59-858 [nioEventLoopGroup-3-3] INFO  o.a.k.c.t.i.KafkaMetricsCollector - initializing Kafka metrics collector 
2025-04-28 15:27:59-867 [nioEventLoopGroup-3-3] INFO  o.a.k.clients.producer.KafkaProducer - [Producer clientId=wallet-bootcoin-api-producer-1] Instantiated an idempotent producer. 
2025-04-28 15:27:59-880 [nioEventLoopGroup-3-3] INFO  o.a.kafka.common.utils.AppInfoParser - Kafka version: 3.8.1 
2025-04-28 15:27:59-880 [nioEventLoopGroup-3-3] INFO  o.a.kafka.common.utils.AppInfoParser - Kafka commitId: 70d6ff42debf7e17 
2025-04-28 15:27:59-880 [nioEventLoopGroup-3-3] INFO  o.a.kafka.common.utils.AppInfoParser - Kafka startTimeMs: 1745872079880 
2025-04-28 15:27:59-887 [kafka-producer-network-thread | wallet-bootcoin-api-producer-1] INFO  org.apache.kafka.clients.Metadata - [Producer clientId=wallet-bootcoin-api-producer-1] Cluster ID: pQNgvDGCTc6DWdlYtyeAyg 
2025-04-28 15:27:59-887 [kafka-producer-network-thread | wallet-bootcoin-api-producer-1] INFO  o.a.k.c.p.i.TransactionManager - [Producer clientId=wallet-bootcoin-api-producer-1] ProducerId set to 8 with epoch 0 
2025-04-28 15:27:59-893 [nioEventLoopGroup-3-3] INFO  c.b.w.b.api.consumer.WalletConsumer - Subscribe to bootcoin wallet 
2025-04-28 15:27:59-907 [repliesContainer-0-C-1] ERROR o.s.k.r.ReplyingKafkaTemplate - No pending reply: wallet-bootcoin-response-0@1 with correlationId: 4b27e5fa-4ee6-48af-84e9-adbee4bf594d, perhaps timed out, or using a shared reply topic 
2025-04-28 15:29:54-264 [org.springframework.kafka.KafkaListenerEndpointContainer#0-0-C-1] INFO  c.b.w.b.api.consumer.WalletConsumer - Init create wallet: {"phoneNumber":"11111111"}, replyTopic: wallet-bootcoin-response, correlationId: [-87, 124, 125, 76, 3, 96, 65, 27, -92, -79, -60, -12, -121, 5, 39, -45] 
2025-04-28 15:29:54-264 [org.springframework.kafka.KafkaListenerEndpointContainer#0-0-C-1] INFO  c.b.w.b.a.service.WalletServiceImpl - Init create wallet to user 11111111 
2025-04-28 15:29:54-284 [nioEventLoopGroup-3-3] INFO  c.b.w.b.a.service.WalletServiceImpl - UserId have wallet yet 
2025-04-28 15:29:54-285 [nioEventLoopGroup-3-3] INFO  c.b.w.b.a.service.WalletServiceImpl - Wallet created successfully 2820483-8463957-1581814 for userId 11111111 
2025-04-28 15:29:54-286 [nioEventLoopGroup-3-3] INFO  c.b.w.b.api.consumer.WalletConsumer - Wallet created: {"walletAccount":"2820483-8463957-1581814","userId":"11111111"} 
2025-04-28 15:29:54-287 [nioEventLoopGroup-3-3] INFO  c.b.w.b.api.consumer.WalletConsumer - Subscribe to bootcoin wallet 
2025-04-28 15:29:54-290 [repliesContainer-0-C-1] ERROR o.s.k.r.ReplyingKafkaTemplate - No pending reply: wallet-bootcoin-response-0@2 with correlationId: a97c7d4c-0360-411b-a4b1-c4f4870527d3, perhaps timed out, or using a shared reply topic 
2025-04-28 15:31:10-980 [org.springframework.kafka.KafkaListenerEndpointContainer#0-0-C-1] INFO  c.b.w.b.api.consumer.WalletConsumer - Init create wallet: {"phoneNumber":"11111111"}, replyTopic: wallet-bootcoin-response, correlationId: [29, -113, -65, 25, 23, 89, 68, -28, -115, 38, -15, -9, -65, -2, -2, 60] 
2025-04-28 15:31:10-980 [org.springframework.kafka.KafkaListenerEndpointContainer#0-0-C-1] INFO  c.b.w.b.a.service.WalletServiceImpl - Init create wallet to user 11111111 
2025-04-28 15:31:10-987 [nioEventLoopGroup-3-3] INFO  c.b.w.b.a.service.WalletServiceImpl - UserId have wallet yet 
2025-04-28 15:31:10-987 [nioEventLoopGroup-3-3] INFO  c.b.w.b.a.service.WalletServiceImpl - Wallet created successfully 2820483-8463957-1581814 for userId 11111111 
2025-04-28 15:31:10-989 [nioEventLoopGroup-3-3] INFO  c.b.w.b.api.consumer.WalletConsumer - Wallet created: {"walletAccount":"2820483-8463957-1581814","userId":"11111111"} 
2025-04-28 15:31:10-990 [nioEventLoopGroup-3-3] INFO  c.b.w.b.api.consumer.WalletConsumer - Subscribe to bootcoin wallet 
2025-04-28 15:31:10-994 [repliesContainer-0-C-1] ERROR o.s.k.r.ReplyingKafkaTemplate - No pending reply: wallet-bootcoin-response-0@3 with correlationId: 1d8fbf19-1759-44e4-8d26-f1f7bffefe3c, perhaps timed out, or using a shared reply topic 
2025-04-28 15:32:42-823 [AsyncResolver-bootstrap-executor-%d] INFO  c.n.d.s.r.aws.ConfigClusterResolver - Resolving eureka endpoints via configuration 
2025-04-28 15:33:11-089 [SpringApplicationShutdownHook] INFO  o.s.c.n.e.s.EurekaServiceRegistry - Unregistering application WALLET-BOOTCOIN-API with eureka with status DOWN 
2025-04-28 15:33:11-090 [SpringApplicationShutdownHook] INFO  c.netflix.discovery.DiscoveryClient - Saw local status change event StatusChangeEvent [timestamp=1745872391090, current=DOWN, previous=UP] 
2025-04-28 15:33:11-090 [DiscoveryClient-InstanceInfoReplicator-%d] INFO  c.netflix.discovery.DiscoveryClient - DiscoveryClient_WALLET-BOOTCOIN-API/wallet-bootcoin-api:8805: registering service... 
2025-04-28 15:33:11-097 [repliesContainer-0-C-1] INFO  o.a.k.c.c.i.ConsumerRebalanceListenerInvoker - [Consumer clientId=consumer-bootcoin-group-1, groupId=bootcoin-group] Revoke previously assigned partitions wallet-bootcoin-response-0 
2025-04-28 15:33:11-098 [repliesContainer-0-C-1] INFO  o.s.k.l.ConcurrentMessageListenerContainer - bootcoin-group: partitions revoked: [wallet-bootcoin-response-0] 
2025-04-28 15:33:11-099 [repliesContainer-0-C-1] INFO  o.a.k.c.c.i.ConsumerCoordinator - [Consumer clientId=consumer-bootcoin-group-1, groupId=bootcoin-group] Member consumer-bootcoin-group-1-8485a6ed-766c-4b4e-ab57-f53cf9a03854 sending LeaveGroup request to coordinator localhost:29092 (id: 2147482646 rack: null) due to the consumer unsubscribed from all topics 
2025-04-28 15:33:11-100 [repliesContainer-0-C-1] INFO  o.a.k.c.c.i.ConsumerCoordinator - [Consumer clientId=consumer-bootcoin-group-1, groupId=bootcoin-group] Resetting generation and member id due to: consumer pro-actively leaving the group 
2025-04-28 15:33:11-100 [repliesContainer-0-C-1] INFO  o.a.k.c.c.i.ConsumerCoordinator - [Consumer clientId=consumer-bootcoin-group-1, groupId=bootcoin-group] Request joining group due to: consumer pro-actively leaving the group 
2025-04-28 15:33:11-100 [repliesContainer-0-C-1] INFO  o.a.k.c.c.i.LegacyKafkaConsumer - [Consumer clientId=consumer-bootcoin-group-1, groupId=bootcoin-group] Unsubscribed all topics or patterns and assigned partitions 
2025-04-28 15:33:11-103 [repliesContainer-0-C-1] INFO  o.a.k.c.c.i.ConsumerCoordinator - [Consumer clientId=consumer-bootcoin-group-1, groupId=bootcoin-group] Resetting generation and member id due to: consumer pro-actively leaving the group 
2025-04-28 15:33:11-104 [repliesContainer-0-C-1] INFO  o.a.k.c.c.i.ConsumerCoordinator - [Consumer clientId=consumer-bootcoin-group-1, groupId=bootcoin-group] Request joining group due to: consumer pro-actively leaving the group 
2025-04-28 15:33:11-110 [DiscoveryClient-InstanceInfoReplicator-%d] INFO  c.netflix.discovery.DiscoveryClient - DiscoveryClient_WALLET-BOOTCOIN-API/wallet-bootcoin-api:8805 - registration status: 204 
2025-04-28 15:33:11-270 [repliesContainer-0-C-1] INFO  o.a.kafka.common.metrics.Metrics - Metrics scheduler closed 
2025-04-28 15:33:11-270 [repliesContainer-0-C-1] INFO  o.a.kafka.common.metrics.Metrics - Closing reporter org.apache.kafka.common.metrics.JmxReporter 
2025-04-28 15:33:11-271 [repliesContainer-0-C-1] INFO  o.a.kafka.common.metrics.Metrics - Closing reporter org.apache.kafka.common.telemetry.internals.ClientTelemetryReporter 
2025-04-28 15:33:11-271 [repliesContainer-0-C-1] INFO  o.a.kafka.common.metrics.Metrics - Metrics reporters closed 
2025-04-28 15:33:11-275 [repliesContainer-0-C-1] INFO  o.a.kafka.common.utils.AppInfoParser - App info kafka.consumer for consumer-bootcoin-group-1 unregistered 
2025-04-28 15:33:11-276 [repliesContainer-0-C-1] INFO  o.s.k.l.KafkaMessageListenerContainer - bootcoin-group: Consumer stopped 
2025-04-28 15:33:11-279 [org.springframework.kafka.KafkaListenerEndpointContainer#0-0-C-1] INFO  o.a.k.c.c.i.ConsumerRebalanceListenerInvoker - [Consumer clientId=consumer-bootcoin-group-2, groupId=bootcoin-group] Revoke previously assigned partitions wallet-bootcoin-request-0 
2025-04-28 15:33:11-279 [org.springframework.kafka.KafkaListenerEndpointContainer#1-0-C-1] INFO  o.a.k.c.c.i.ConsumerRebalanceListenerInvoker - [Consumer clientId=consumer-bootcoin-group-3, groupId=bootcoin-group] Revoke previously assigned partitions wallet-user-request-0 
2025-04-28 15:33:11-279 [org.springframework.kafka.KafkaListenerEndpointContainer#0-0-C-1] INFO  o.s.k.l.KafkaMessageListenerContainer - bootcoin-group: partitions revoked: [wallet-bootcoin-request-0] 
2025-04-28 15:33:11-279 [org.springframework.kafka.KafkaListenerEndpointContainer#1-0-C-1] INFO  o.s.k.l.KafkaMessageListenerContainer - bootcoin-group: partitions revoked: [wallet-user-request-0] 
2025-04-28 15:33:11-279 [org.springframework.kafka.KafkaListenerEndpointContainer#0-0-C-1] INFO  o.a.k.c.c.i.ConsumerCoordinator - [Consumer clientId=consumer-bootcoin-group-2, groupId=bootcoin-group] Member consumer-bootcoin-group-2-052f0546-e016-48dd-8f89-2453df878aea sending LeaveGroup request to coordinator localhost:29092 (id: 2147482646 rack: null) due to the consumer unsubscribed from all topics 
2025-04-28 15:33:11-279 [org.springframework.kafka.KafkaListenerEndpointContainer#1-0-C-1] INFO  o.a.k.c.c.i.ConsumerCoordinator - [Consumer clientId=consumer-bootcoin-group-3, groupId=bootcoin-group] Member consumer-bootcoin-group-3-0fed2eed-b6c5-4ac9-8c5f-67a3096d060f sending LeaveGroup request to coordinator localhost:29092 (id: 2147482646 rack: null) due to the consumer unsubscribed from all topics 
2025-04-28 15:33:11-279 [org.springframework.kafka.KafkaListenerEndpointContainer#1-0-C-1] INFO  o.a.k.c.c.i.ConsumerCoordinator - [Consumer clientId=consumer-bootcoin-group-3, groupId=bootcoin-group] Resetting generation and member id due to: consumer pro-actively leaving the group 
2025-04-28 15:33:11-279 [org.springframework.kafka.KafkaListenerEndpointContainer#0-0-C-1] INFO  o.a.k.c.c.i.ConsumerCoordinator - [Consumer clientId=consumer-bootcoin-group-2, groupId=bootcoin-group] Resetting generation and member id due to: consumer pro-actively leaving the group 
2025-04-28 15:33:11-279 [org.springframework.kafka.KafkaListenerEndpointContainer#1-0-C-1] INFO  o.a.k.c.c.i.ConsumerCoordinator - [Consumer clientId=consumer-bootcoin-group-3, groupId=bootcoin-group] Request joining group due to: consumer pro-actively leaving the group 
2025-04-28 15:33:11-279 [org.springframework.kafka.KafkaListenerEndpointContainer#0-0-C-1] INFO  o.a.k.c.c.i.ConsumerCoordinator - [Consumer clientId=consumer-bootcoin-group-2, groupId=bootcoin-group] Request joining group due to: consumer pro-actively leaving the group 
2025-04-28 15:33:11-279 [org.springframework.kafka.KafkaListenerEndpointContainer#1-0-C-1] INFO  o.a.k.c.c.i.LegacyKafkaConsumer - [Consumer clientId=consumer-bootcoin-group-3, groupId=bootcoin-group] Unsubscribed all topics or patterns and assigned partitions 
2025-04-28 15:33:11-279 [org.springframework.kafka.KafkaListenerEndpointContainer#0-0-C-1] INFO  o.a.k.c.c.i.LegacyKafkaConsumer - [Consumer clientId=consumer-bootcoin-group-2, groupId=bootcoin-group] Unsubscribed all topics or patterns and assigned partitions 
2025-04-28 15:33:11-279 [org.springframework.kafka.KafkaListenerEndpointContainer#1-0-C-1] INFO  o.a.k.c.c.i.ConsumerCoordinator - [Consumer clientId=consumer-bootcoin-group-3, groupId=bootcoin-group] Resetting generation and member id due to: consumer pro-actively leaving the group 
2025-04-28 15:33:11-279 [SpringApplicationShutdownHook] INFO  o.s.b.w.e.netty.GracefulShutdown - Commencing graceful shutdown. Waiting for active requests to complete 
2025-04-28 15:33:11-279 [org.springframework.kafka.KafkaListenerEndpointContainer#1-0-C-1] INFO  o.a.k.c.c.i.ConsumerCoordinator - [Consumer clientId=consumer-bootcoin-group-3, groupId=bootcoin-group] Request joining group due to: consumer pro-actively leaving the group 
2025-04-28 15:33:11-279 [org.springframework.kafka.KafkaListenerEndpointContainer#0-0-C-1] INFO  o.a.k.c.c.i.ConsumerCoordinator - [Consumer clientId=consumer-bootcoin-group-2, groupId=bootcoin-group] Resetting generation and member id due to: consumer pro-actively leaving the group 
2025-04-28 15:33:11-279 [org.springframework.kafka.KafkaListenerEndpointContainer#0-0-C-1] INFO  o.a.k.c.c.i.ConsumerCoordinator - [Consumer clientId=consumer-bootcoin-group-2, groupId=bootcoin-group] Request joining group due to: consumer pro-actively leaving the group 
2025-04-28 15:33:11-287 [netty-shutdown] INFO  o.s.b.w.e.netty.GracefulShutdown - Graceful shutdown complete 
2025-04-28 15:33:11-744 [org.springframework.kafka.KafkaListenerEndpointContainer#1-0-C-1] INFO  o.a.kafka.common.metrics.Metrics - Metrics scheduler closed 
2025-04-28 15:33:11-744 [org.springframework.kafka.KafkaListenerEndpointContainer#1-0-C-1] INFO  o.a.kafka.common.metrics.Metrics - Closing reporter org.apache.kafka.common.metrics.JmxReporter 
2025-04-28 15:33:11-744 [org.springframework.kafka.KafkaListenerEndpointContainer#1-0-C-1] INFO  o.a.kafka.common.metrics.Metrics - Closing reporter org.apache.kafka.common.telemetry.internals.ClientTelemetryReporter 
2025-04-28 15:33:11-744 [org.springframework.kafka.KafkaListenerEndpointContainer#1-0-C-1] INFO  o.a.kafka.common.metrics.Metrics - Metrics reporters closed 
2025-04-28 15:33:11-749 [org.springframework.kafka.KafkaListenerEndpointContainer#1-0-C-1] INFO  o.a.kafka.common.utils.AppInfoParser - App info kafka.consumer for consumer-bootcoin-group-3 unregistered 
2025-04-28 15:33:11-749 [org.springframework.kafka.KafkaListenerEndpointContainer#1-0-C-1] INFO  o.s.k.l.KafkaMessageListenerContainer - bootcoin-group: Consumer stopped 
2025-04-28 15:33:11-771 [org.springframework.kafka.KafkaListenerEndpointContainer#0-0-C-1] INFO  o.a.kafka.common.metrics.Metrics - Metrics scheduler closed 
2025-04-28 15:33:11-772 [org.springframework.kafka.KafkaListenerEndpointContainer#0-0-C-1] INFO  o.a.kafka.common.metrics.Metrics - Closing reporter org.apache.kafka.common.metrics.JmxReporter 
2025-04-28 15:33:11-772 [org.springframework.kafka.KafkaListenerEndpointContainer#0-0-C-1] INFO  o.a.kafka.common.metrics.Metrics - Closing reporter org.apache.kafka.common.telemetry.internals.ClientTelemetryReporter 
2025-04-28 15:33:11-772 [org.springframework.kafka.KafkaListenerEndpointContainer#0-0-C-1] INFO  o.a.kafka.common.metrics.Metrics - Metrics reporters closed 
2025-04-28 15:33:11-774 [org.springframework.kafka.KafkaListenerEndpointContainer#0-0-C-1] INFO  o.a.kafka.common.utils.AppInfoParser - App info kafka.consumer for consumer-bootcoin-group-2 unregistered 
2025-04-28 15:33:11-774 [org.springframework.kafka.KafkaListenerEndpointContainer#0-0-C-1] INFO  o.s.k.l.KafkaMessageListenerContainer - bootcoin-group: Consumer stopped 
2025-04-28 15:33:13-361 [SpringApplicationShutdownHook] INFO  o.a.k.clients.producer.KafkaProducer - [Producer clientId=wallet-bootcoin-api-producer-1] Closing the Kafka producer with timeoutMillis = 30000 ms. 
2025-04-28 15:33:13-364 [SpringApplicationShutdownHook] INFO  o.a.kafka.common.metrics.Metrics - Metrics scheduler closed 
2025-04-28 15:33:13-365 [SpringApplicationShutdownHook] INFO  o.a.kafka.common.metrics.Metrics - Closing reporter org.apache.kafka.common.metrics.JmxReporter 
2025-04-28 15:33:13-365 [SpringApplicationShutdownHook] INFO  o.a.kafka.common.metrics.Metrics - Closing reporter org.apache.kafka.common.telemetry.internals.ClientTelemetryReporter 
2025-04-28 15:33:13-365 [SpringApplicationShutdownHook] INFO  o.a.kafka.common.metrics.Metrics - Metrics reporters closed 
2025-04-28 15:33:13-365 [SpringApplicationShutdownHook] INFO  o.a.kafka.common.utils.AppInfoParser - App info kafka.producer for wallet-bootcoin-api-producer-1 unregistered 
2025-04-28 15:33:15-459 [SpringApplicationShutdownHook] INFO  c.netflix.discovery.DiscoveryClient - Shutting down DiscoveryClient ... 
2025-04-28 15:33:18-466 [SpringApplicationShutdownHook] INFO  c.netflix.discovery.DiscoveryClient - Unregistering ... 
2025-04-28 15:33:18-487 [SpringApplicationShutdownHook] INFO  c.netflix.discovery.DiscoveryClient - DiscoveryClient_WALLET-BOOTCOIN-API/wallet-bootcoin-api:8805 - deregister  status: 200 
2025-04-28 15:33:18-488 [SpringApplicationShutdownHook] INFO  c.netflix.discovery.DiscoveryClient - Completed shut down of DiscoveryClient 
2025-04-28 15:34:49-919 [main] INFO  c.b.w.b.a.WalletBootcoinApiApplication - Starting WalletBootcoinApiApplication using Java 17.0.12 with PID 25808 (C:\Users\mgarcsar\Documents\Bootcamp\etregables\BootCoin\wallet-bootcoin-api\target\classes started by mgarcsar in C:\Users\mgarcsar\Documents\Bootcamp\etregables\BootCoin) 
2025-04-28 15:34:49-921 [main] INFO  c.b.w.b.a.WalletBootcoinApiApplication - The following 1 profile is active: "dev" 
2025-04-28 15:34:49-969 [main] INFO  o.s.c.c.c.ConfigServerConfigDataLoader - Fetching config from server at : http://config-server-bc:8888 
2025-04-28 15:34:49-969 [main] INFO  o.s.c.c.c.ConfigServerConfigDataLoader - Exception on Url - http://config-server-bc:8888:org.springframework.web.client.ResourceAccessException: I/O error on GET request for "http://config-server-bc:8888/wallet-bootcoin-api/default": config-server-bc. Will be trying the next url if available 
2025-04-28 15:34:49-969 [main] WARN  o.s.c.c.c.ConfigServerConfigDataLoader - Could not locate PropertySource ([ConfigServerConfigDataResource@5e8604bf uris = array<String>['http://config-server-bc:8888'], optional = true, profiles = 'default']): I/O error on GET request for "http://config-server-bc:8888/wallet-bootcoin-api/default": config-server-bc 
2025-04-28 15:34:49-970 [main] INFO  o.s.c.c.c.ConfigServerConfigDataLoader - Fetching config from server at : http://config-server-bc:8888 
2025-04-28 15:34:49-970 [main] INFO  o.s.c.c.c.ConfigServerConfigDataLoader - Exception on Url - http://config-server-bc:8888:org.springframework.web.client.ResourceAccessException: I/O error on GET request for "http://config-server-bc:8888/wallet-bootcoin-api/dev": config-server-bc. Will be trying the next url if available 
2025-04-28 15:34:49-970 [main] WARN  o.s.c.c.c.ConfigServerConfigDataLoader - Could not locate PropertySource ([ConfigServerConfigDataResource@3db64bd4 uris = array<String>['http://config-server-bc:8888'], optional = true, profiles = 'dev']): I/O error on GET request for "http://config-server-bc:8888/wallet-bootcoin-api/dev": config-server-bc 
2025-04-28 15:34:49-970 [main] INFO  o.s.c.c.c.ConfigServerConfigDataLoader - Fetching config from server at : http://config-server-bc:8888 
2025-04-28 15:34:49-970 [main] INFO  o.s.c.c.c.ConfigServerConfigDataLoader - Exception on Url - http://config-server-bc:8888:org.springframework.web.client.ResourceAccessException: I/O error on GET request for "http://config-server-bc:8888/wallet-bootcoin-api/default": config-server-bc. Will be trying the next url if available 
2025-04-28 15:34:49-970 [main] WARN  o.s.c.c.c.ConfigServerConfigDataLoader - Could not locate PropertySource ([ConfigServerConfigDataResource@6e106680 uris = array<String>['http://config-server-bc:8888'], optional = true, profiles = 'default']): I/O error on GET request for "http://config-server-bc:8888/wallet-bootcoin-api/default": config-server-bc 
2025-04-28 15:34:50-963 [main] INFO  o.s.d.r.c.RepositoryConfigurationDelegate - Bootstrapping Spring Data Reactive MongoDB repositories in DEFAULT mode. 
2025-04-28 15:34:51-122 [main] INFO  o.s.d.r.c.RepositoryConfigurationDelegate - Finished Spring Data repository scanning in 153 ms. Found 1 Reactive MongoDB repository interface. 
2025-04-28 15:34:51-463 [main] INFO  o.s.cloud.context.scope.GenericScope - BeanFactory id=081874e3-d78b-3861-8e43-6dddf9cc1bd7 
2025-04-28 15:34:52-179 [main] INFO  org.mongodb.driver.client - MongoClient with metadata {"driver": {"name": "mongo-java-driver|reactive-streams|spring-boot", "version": "5.2.1"}, "os": {"type": "Windows", "name": "Windows 10", "architecture": "amd64", "version": "10.0"}, "platform": "Java/Oracle Corporation/17.0.12+8-LTS-286"} created with settings MongoClientSettings{readPreference=primary, writeConcern=WriteConcern{w=null, wTimeout=null ms, journal=null}, retryWrites=true, retryReads=true, readConcern=ReadConcern{level=null}, credential=null, transportSettings=NettyTransportSettings{eventLoopGroup=io.netty.channel.nio.NioEventLoopGroup@681311a7, socketChannelClass=null, allocator=null, sslContext=null}, commandListeners=[io.micrometer.core.instrument.binder.mongodb.MongoMetricsCommandListener@2c7375da], codecRegistry=ProvidersCodecRegistry{codecProviders=[ValueCodecProvider{}, BsonValueCodecProvider{}, DBRefCodecProvider{}, DBObjectCodecProvider{}, DocumentCodecProvider{}, CollectionCodecProvider{}, IterableCodecProvider{}, MapCodecProvider{}, GeoJsonCodecProvider{}, GridFSFileCodecProvider{}, Jsr310CodecProvider{}, JsonObjectCodecProvider{}, BsonCodecProvider{}, EnumCodecProvider{}, com.mongodb.client.model.mql.ExpressionCodecProvider@68c4db77, com.mongodb.Jep395RecordCodecProvider@775c4054, com.mongodb.KotlinCodecProvider@7b2e931]}, loggerSettings=LoggerSettings{maxDocumentLength=1000}, clusterSettings={hosts=[localhost:27017], srvServiceName=mongodb, mode=SINGLE, requiredClusterType=UNKNOWN, requiredReplicaSetName='null', serverSelector='null', clusterListeners='[]', serverSelectionTimeout='30000 ms', localThreshold='15 ms'}, socketSettings=SocketSettings{connectTimeoutMS=10000, readTimeoutMS=0, receiveBufferSize=0, proxySettings=ProxySettings{host=null, port=null, username=null, password=null}}, heartbeatSocketSettings=SocketSettings{connectTimeoutMS=10000, readTimeoutMS=10000, receiveBufferSize=0, proxySettings=ProxySettings{host=null, port=null, username=null, password=null}}, connectionPoolSettings=ConnectionPoolSettings{maxSize=100, minSize=0, maxWaitTimeMS=120000, maxConnectionLifeTimeMS=0, maxConnectionIdleTimeMS=0, maintenanceInitialDelayMS=0, maintenanceFrequencyMS=60000, connectionPoolListeners=[io.micrometer.core.instrument.binder.mongodb.MongoMetricsConnectionPoolListener@305881b8], maxConnecting=2}, serverSettings=ServerSettings{heartbeatFrequencyMS=10000, minHeartbeatFrequencyMS=500, serverMonitoringMode=AUTO, serverListeners='[]', serverMonitorListeners='[]'}, sslSettings=SslSettings{enabled=false, invalidHostNameAllowed=false, context=null}, applicationName='null', compressorList=[], uuidRepresentation=JAVA_LEGACY, serverApi=null, autoEncryptionSettings=null, dnsClient=null, inetAddressResolver=null, contextProvider=null, timeoutMS=null} 
2025-04-28 15:34:52-281 [cluster-ClusterId{value='680fe66c96f9d3645f5d75f0', description='null'}-localhost:27017] INFO  org.mongodb.driver.cluster - Monitor thread successfully connected to server with description ServerDescription{address=localhost:27017, type=STANDALONE, cryptd=false, state=CONNECTED, ok=true, minWireVersion=0, maxWireVersion=25, maxDocumentSize=16777216, logicalSessionTimeoutMinutes=30, roundTripTimeNanos=41182400, minRoundTripTimeNanos=0} 
2025-04-28 15:34:53-142 [main] INFO  o.s.b.a.e.web.EndpointLinksResolver - Exposing 2 endpoints beneath base path '/actuator' 
2025-04-28 15:34:53-531 [main] INFO  o.s.c.n.e.c.DiscoveryClientOptionalArgsConfiguration - Eureka HTTP Client uses RestTemplate. 
2025-04-28 15:34:53-571 [main] WARN  o.s.c.l.c.LoadBalancerCacheAutoConfiguration$LoadBalancerCaffeineWarnLogger - Spring Cloud LoadBalancer is currently working with the default cache. While this cache implementation is useful for development and tests, it's recommended to use Caffeine cache in production.You can switch to using Caffeine cache, by adding it and org.springframework.cache.caffeine.CaffeineCacheManager to the classpath. 
2025-04-28 15:34:53-677 [main] INFO  o.a.k.c.consumer.ConsumerConfig - ConsumerConfig values: 
	allow.auto.create.topics = true
	auto.commit.interval.ms = 5000
	auto.include.jmx.reporter = true
	auto.offset.reset = latest
	bootstrap.servers = [localhost:29092]
	check.crcs = true
	client.dns.lookup = use_all_dns_ips
	client.id = consumer-bootcoin-group-1
	client.rack = 
	connections.max.idle.ms = 540000
	default.api.timeout.ms = 60000
	enable.auto.commit = false
	enable.metrics.push = true
	exclude.internal.topics = true
	fetch.max.bytes = 52428800
	fetch.max.wait.ms = 500
	fetch.min.bytes = 1
	group.id = bootcoin-group
	group.instance.id = null
	group.protocol = classic
	group.remote.assignor = null
	heartbeat.interval.ms = 3000
	interceptor.classes = []
	internal.leave.group.on.close = true
	internal.throw.on.fetch.stable.offset.unsupported = false
	isolation.level = read_uncommitted
	key.deserializer = class org.apache.kafka.common.serialization.StringDeserializer
	max.partition.fetch.bytes = 1048576
	max.poll.interval.ms = 300000
	max.poll.records = 500
	metadata.max.age.ms = 300000
	metadata.recovery.strategy = none
	metric.reporters = []
	metrics.num.samples = 2
	metrics.recording.level = INFO
	metrics.sample.window.ms = 30000
	partition.assignment.strategy = [class org.apache.kafka.clients.consumer.RangeAssignor, class org.apache.kafka.clients.consumer.CooperativeStickyAssignor]
	receive.buffer.bytes = 65536
	reconnect.backoff.max.ms = 1000
	reconnect.backoff.ms = 50
	request.timeout.ms = 30000
	retry.backoff.max.ms = 1000
	retry.backoff.ms = 100
	sasl.client.callback.handler.class = null
	sasl.jaas.config = null
	sasl.kerberos.kinit.cmd = /usr/bin/kinit
	sasl.kerberos.min.time.before.relogin = 60000
	sasl.kerberos.service.name = null
	sasl.kerberos.ticket.renew.jitter = 0.05
	sasl.kerberos.ticket.renew.window.factor = 0.8
	sasl.login.callback.handler.class = null
	sasl.login.class = null
	sasl.login.connect.timeout.ms = null
	sasl.login.read.timeout.ms = null
	sasl.login.refresh.buffer.seconds = 300
	sasl.login.refresh.min.period.seconds = 60
	sasl.login.refresh.window.factor = 0.8
	sasl.login.refresh.window.jitter = 0.05
	sasl.login.retry.backoff.max.ms = 10000
	sasl.login.retry.backoff.ms = 100
	sasl.mechanism = GSSAPI
	sasl.oauthbearer.clock.skew.seconds = 30
	sasl.oauthbearer.expected.audience = null
	sasl.oauthbearer.expected.issuer = null
	sasl.oauthbearer.jwks.endpoint.refresh.ms = 3600000
	sasl.oauthbearer.jwks.endpoint.retry.backoff.max.ms = 10000
	sasl.oauthbearer.jwks.endpoint.retry.backoff.ms = 100
	sasl.oauthbearer.jwks.endpoint.url = null
	sasl.oauthbearer.scope.claim.name = scope
	sasl.oauthbearer.sub.claim.name = sub
	sasl.oauthbearer.token.endpoint.url = null
	security.protocol = PLAINTEXT
	security.providers = null
	send.buffer.bytes = 131072
	session.timeout.ms = 45000
	socket.connection.setup.timeout.max.ms = 30000
	socket.connection.setup.timeout.ms = 10000
	ssl.cipher.suites = null
	ssl.enabled.protocols = [TLSv1.2, TLSv1.3]
	ssl.endpoint.identification.algorithm = https
	ssl.engine.factory.class = null
	ssl.key.password = null
	ssl.keymanager.algorithm = SunX509
	ssl.keystore.certificate.chain = null
	ssl.keystore.key = null
	ssl.keystore.location = null
	ssl.keystore.password = null
	ssl.keystore.type = JKS
	ssl.protocol = TLSv1.3
	ssl.provider = null
	ssl.secure.random.implementation = null
	ssl.trustmanager.algorithm = PKIX
	ssl.truststore.certificates = null
	ssl.truststore.location = null
	ssl.truststore.password = null
	ssl.truststore.type = JKS
	value.deserializer = class org.apache.kafka.common.serialization.StringDeserializer
 
2025-04-28 15:34:53-718 [main] INFO  o.a.k.c.t.i.KafkaMetricsCollector - initializing Kafka metrics collector 
2025-04-28 15:34:53-802 [main] INFO  o.a.kafka.common.utils.AppInfoParser - Kafka version: 3.8.1 
2025-04-28 15:34:53-803 [main] INFO  o.a.kafka.common.utils.AppInfoParser - Kafka commitId: 70d6ff42debf7e17 
2025-04-28 15:34:53-803 [main] INFO  o.a.kafka.common.utils.AppInfoParser - Kafka startTimeMs: 1745872493800 
2025-04-28 15:34:53-807 [main] INFO  o.a.k.c.c.i.LegacyKafkaConsumer - [Consumer clientId=consumer-bootcoin-group-1, groupId=bootcoin-group] Subscribed to topic(s): wallet-bootcoin-response 
2025-04-28 15:34:53-832 [main] INFO  o.s.c.n.eureka.InstanceInfoFactory - Setting initial instance status as: STARTING 
2025-04-28 15:34:53-858 [main] INFO  c.netflix.discovery.DiscoveryClient - Initializing Eureka in region us-east-1 
2025-04-28 15:34:53-862 [main] INFO  c.n.d.s.r.aws.ConfigClusterResolver - Resolving eureka endpoints via configuration 
2025-04-28 15:34:53-872 [main] INFO  c.netflix.discovery.DiscoveryClient - Disable delta property : false 
2025-04-28 15:34:53-872 [main] INFO  c.netflix.discovery.DiscoveryClient - Single vip registry refresh property : null 
2025-04-28 15:34:53-872 [main] INFO  c.netflix.discovery.DiscoveryClient - Force full registry fetch : false 
2025-04-28 15:34:53-872 [main] INFO  c.netflix.discovery.DiscoveryClient - Application is null : false 
2025-04-28 15:34:53-872 [main] INFO  c.netflix.discovery.DiscoveryClient - Registered Applications size is zero : true 
2025-04-28 15:34:53-872 [main] INFO  c.netflix.discovery.DiscoveryClient - Application version is -1: true 
2025-04-28 15:34:53-872 [main] INFO  c.netflix.discovery.DiscoveryClient - Getting all instance registry info from the eureka server 
2025-04-28 15:34:54-200 [main] INFO  c.netflix.discovery.DiscoveryClient - The response status is 200 
2025-04-28 15:34:54-202 [main] INFO  c.netflix.discovery.DiscoveryClient - Starting heartbeat executor: renew interval is: 30 
2025-04-28 15:34:54-205 [main] INFO  c.n.discovery.InstanceInfoReplicator - InstanceInfoReplicator onDemand update allowed rate per min is 4 
2025-04-28 15:34:54-207 [main] INFO  c.netflix.discovery.DiscoveryClient - Discovery Client initialized at timestamp 1745872494207 with initial instances count: 2 
2025-04-28 15:34:54-211 [main] INFO  o.s.c.n.e.s.EurekaServiceRegistry - Registering application WALLET-BOOTCOIN-API with eureka with status UP 
2025-04-28 15:34:54-212 [main] INFO  c.netflix.discovery.DiscoveryClient - Saw local status change event StatusChangeEvent [timestamp=1745872494212, current=UP, previous=STARTING] 
2025-04-28 15:34:54-215 [DiscoveryClient-InstanceInfoReplicator-%d] INFO  c.netflix.discovery.DiscoveryClient - DiscoveryClient_WALLET-BOOTCOIN-API/wallet-bootcoin-api:8805: registering service... 
2025-04-28 15:34:54-224 [repliesContainer-0-C-1] INFO  org.apache.kafka.clients.Metadata - [Consumer clientId=consumer-bootcoin-group-1, groupId=bootcoin-group] Cluster ID: pQNgvDGCTc6DWdlYtyeAyg 
2025-04-28 15:34:54-225 [repliesContainer-0-C-1] INFO  o.a.k.c.c.i.ConsumerCoordinator - [Consumer clientId=consumer-bootcoin-group-1, groupId=bootcoin-group] Discovered group coordinator localhost:29092 (id: 2147482646 rack: null) 
2025-04-28 15:34:54-228 [repliesContainer-0-C-1] INFO  o.a.k.c.c.i.ConsumerCoordinator - [Consumer clientId=consumer-bootcoin-group-1, groupId=bootcoin-group] (Re-)joining group 
2025-04-28 15:34:54-257 [repliesContainer-0-C-1] INFO  o.a.k.c.c.i.ConsumerCoordinator - [Consumer clientId=consumer-bootcoin-group-1, groupId=bootcoin-group] Request joining group due to: need to re-join with the given member-id: consumer-bootcoin-group-1-4247970a-4f17-4a6a-b314-080740d8ca81 
2025-04-28 15:34:54-257 [repliesContainer-0-C-1] INFO  o.a.k.c.c.i.ConsumerCoordinator - [Consumer clientId=consumer-bootcoin-group-1, groupId=bootcoin-group] (Re-)joining group 
2025-04-28 15:34:54-281 [DiscoveryClient-InstanceInfoReplicator-%d] INFO  c.netflix.discovery.DiscoveryClient - DiscoveryClient_WALLET-BOOTCOIN-API/wallet-bootcoin-api:8805 - registration status: 204 
2025-04-28 15:34:54-303 [main] INFO  o.s.b.w.e.netty.NettyWebServer - Netty started on port 8805 (http) 
2025-04-28 15:34:54-304 [main] INFO  o.s.c.n.e.s.EurekaAutoServiceRegistration - Updating port to 8805 
2025-04-28 15:34:54-534 [repliesContainer-0-C-1] INFO  o.a.k.c.c.i.ConsumerCoordinator - [Consumer clientId=consumer-bootcoin-group-1, groupId=bootcoin-group] Successfully joined group with generation Generation{generationId=25, memberId='consumer-bootcoin-group-1-4247970a-4f17-4a6a-b314-080740d8ca81', protocol='range'} 
2025-04-28 15:34:54-542 [repliesContainer-0-C-1] INFO  o.a.k.c.c.i.ConsumerCoordinator - [Consumer clientId=consumer-bootcoin-group-1, groupId=bootcoin-group] Finished assignment for group at generation 25: {consumer-bootcoin-group-1-4247970a-4f17-4a6a-b314-080740d8ca81=Assignment(partitions=[wallet-bootcoin-response-0])} 
2025-04-28 15:34:54-550 [repliesContainer-0-C-1] INFO  o.a.k.c.c.i.ConsumerCoordinator - [Consumer clientId=consumer-bootcoin-group-1, groupId=bootcoin-group] Successfully synced group in generation Generation{generationId=25, memberId='consumer-bootcoin-group-1-4247970a-4f17-4a6a-b314-080740d8ca81', protocol='range'} 
2025-04-28 15:34:54-550 [repliesContainer-0-C-1] INFO  o.a.k.c.c.i.ConsumerCoordinator - [Consumer clientId=consumer-bootcoin-group-1, groupId=bootcoin-group] Notifying assignor about the new Assignment(partitions=[wallet-bootcoin-response-0]) 
2025-04-28 15:34:54-553 [repliesContainer-0-C-1] INFO  o.a.k.c.c.i.ConsumerRebalanceListenerInvoker - [Consumer clientId=consumer-bootcoin-group-1, groupId=bootcoin-group] Adding newly assigned partitions: wallet-bootcoin-response-0 
2025-04-28 15:34:54-564 [repliesContainer-0-C-1] INFO  o.a.k.c.c.internals.ConsumerUtils - Setting offset for partition wallet-bootcoin-response-0 to the committed offset FetchPosition{offset=4, offsetEpoch=Optional.empty, currentLeader=LeaderAndEpoch{leader=Optional[localhost:29092 (id: 1001 rack: null)], epoch=0}} 
2025-04-28 15:34:54-565 [repliesContainer-0-C-1] INFO  o.s.k.l.ConcurrentMessageListenerContainer - bootcoin-group: partitions assigned: [wallet-bootcoin-response-0] 
2025-04-28 15:34:54-675 [main] INFO  o.a.k.c.consumer.ConsumerConfig - ConsumerConfig values: 
	allow.auto.create.topics = true
	auto.commit.interval.ms = 5000
	auto.include.jmx.reporter = true
	auto.offset.reset = latest
	bootstrap.servers = [localhost:29092]
	check.crcs = true
	client.dns.lookup = use_all_dns_ips
	client.id = consumer-bootcoin-group-2
	client.rack = 
	connections.max.idle.ms = 540000
	default.api.timeout.ms = 60000
	enable.auto.commit = false
	enable.metrics.push = true
	exclude.internal.topics = true
	fetch.max.bytes = 52428800
	fetch.max.wait.ms = 500
	fetch.min.bytes = 1
	group.id = bootcoin-group
	group.instance.id = null
	group.protocol = classic
	group.remote.assignor = null
	heartbeat.interval.ms = 3000
	interceptor.classes = []
	internal.leave.group.on.close = true
	internal.throw.on.fetch.stable.offset.unsupported = false
	isolation.level = read_uncommitted
	key.deserializer = class org.apache.kafka.common.serialization.StringDeserializer
	max.partition.fetch.bytes = 1048576
	max.poll.interval.ms = 300000
	max.poll.records = 500
	metadata.max.age.ms = 300000
	metadata.recovery.strategy = none
	metric.reporters = []
	metrics.num.samples = 2
	metrics.recording.level = INFO
	metrics.sample.window.ms = 30000
	partition.assignment.strategy = [class org.apache.kafka.clients.consumer.RangeAssignor, class org.apache.kafka.clients.consumer.CooperativeStickyAssignor]
	receive.buffer.bytes = 65536
	reconnect.backoff.max.ms = 1000
	reconnect.backoff.ms = 50
	request.timeout.ms = 30000
	retry.backoff.max.ms = 1000
	retry.backoff.ms = 100
	sasl.client.callback.handler.class = null
	sasl.jaas.config = null
	sasl.kerberos.kinit.cmd = /usr/bin/kinit
	sasl.kerberos.min.time.before.relogin = 60000
	sasl.kerberos.service.name = null
	sasl.kerberos.ticket.renew.jitter = 0.05
	sasl.kerberos.ticket.renew.window.factor = 0.8
	sasl.login.callback.handler.class = null
	sasl.login.class = null
	sasl.login.connect.timeout.ms = null
	sasl.login.read.timeout.ms = null
	sasl.login.refresh.buffer.seconds = 300
	sasl.login.refresh.min.period.seconds = 60
	sasl.login.refresh.window.factor = 0.8
	sasl.login.refresh.window.jitter = 0.05
	sasl.login.retry.backoff.max.ms = 10000
	sasl.login.retry.backoff.ms = 100
	sasl.mechanism = GSSAPI
	sasl.oauthbearer.clock.skew.seconds = 30
	sasl.oauthbearer.expected.audience = null
	sasl.oauthbearer.expected.issuer = null
	sasl.oauthbearer.jwks.endpoint.refresh.ms = 3600000
	sasl.oauthbearer.jwks.endpoint.retry.backoff.max.ms = 10000
	sasl.oauthbearer.jwks.endpoint.retry.backoff.ms = 100
	sasl.oauthbearer.jwks.endpoint.url = null
	sasl.oauthbearer.scope.claim.name = scope
	sasl.oauthbearer.sub.claim.name = sub
	sasl.oauthbearer.token.endpoint.url = null
	security.protocol = PLAINTEXT
	security.providers = null
	send.buffer.bytes = 131072
	session.timeout.ms = 45000
	socket.connection.setup.timeout.max.ms = 30000
	socket.connection.setup.timeout.ms = 10000
	ssl.cipher.suites = null
	ssl.enabled.protocols = [TLSv1.2, TLSv1.3]
	ssl.endpoint.identification.algorithm = https
	ssl.engine.factory.class = null
	ssl.key.password = null
	ssl.keymanager.algorithm = SunX509
	ssl.keystore.certificate.chain = null
	ssl.keystore.key = null
	ssl.keystore.location = null
	ssl.keystore.password = null
	ssl.keystore.type = JKS
	ssl.protocol = TLSv1.3
	ssl.provider = null
	ssl.secure.random.implementation = null
	ssl.trustmanager.algorithm = PKIX
	ssl.truststore.certificates = null
	ssl.truststore.location = null
	ssl.truststore.password = null
	ssl.truststore.type = JKS
	value.deserializer = class org.apache.kafka.common.serialization.StringDeserializer
 
2025-04-28 15:34:54-676 [main] INFO  o.a.k.c.t.i.KafkaMetricsCollector - initializing Kafka metrics collector 
2025-04-28 15:34:54-682 [main] INFO  o.a.kafka.common.utils.AppInfoParser - Kafka version: 3.8.1 
2025-04-28 15:34:54-682 [main] INFO  o.a.kafka.common.utils.AppInfoParser - Kafka commitId: 70d6ff42debf7e17 
2025-04-28 15:34:54-682 [main] INFO  o.a.kafka.common.utils.AppInfoParser - Kafka startTimeMs: 1745872494682 
2025-04-28 15:34:54-682 [main] INFO  o.a.k.c.c.i.LegacyKafkaConsumer - [Consumer clientId=consumer-bootcoin-group-2, groupId=bootcoin-group] Subscribed to topic(s): wallet-user-request 
2025-04-28 15:34:54-685 [main] INFO  o.a.k.c.consumer.ConsumerConfig - ConsumerConfig values: 
	allow.auto.create.topics = true
	auto.commit.interval.ms = 5000
	auto.include.jmx.reporter = true
	auto.offset.reset = latest
	bootstrap.servers = [localhost:29092]
	check.crcs = true
	client.dns.lookup = use_all_dns_ips
	client.id = consumer-bootcoin-group-3
	client.rack = 
	connections.max.idle.ms = 540000
	default.api.timeout.ms = 60000
	enable.auto.commit = false
	enable.metrics.push = true
	exclude.internal.topics = true
	fetch.max.bytes = 52428800
	fetch.max.wait.ms = 500
	fetch.min.bytes = 1
	group.id = bootcoin-group
	group.instance.id = null
	group.protocol = classic
	group.remote.assignor = null
	heartbeat.interval.ms = 3000
	interceptor.classes = []
	internal.leave.group.on.close = true
	internal.throw.on.fetch.stable.offset.unsupported = false
	isolation.level = read_uncommitted
	key.deserializer = class org.apache.kafka.common.serialization.StringDeserializer
	max.partition.fetch.bytes = 1048576
	max.poll.interval.ms = 300000
	max.poll.records = 500
	metadata.max.age.ms = 300000
	metadata.recovery.strategy = none
	metric.reporters = []
	metrics.num.samples = 2
	metrics.recording.level = INFO
	metrics.sample.window.ms = 30000
	partition.assignment.strategy = [class org.apache.kafka.clients.consumer.RangeAssignor, class org.apache.kafka.clients.consumer.CooperativeStickyAssignor]
	receive.buffer.bytes = 65536
	reconnect.backoff.max.ms = 1000
	reconnect.backoff.ms = 50
	request.timeout.ms = 30000
	retry.backoff.max.ms = 1000
	retry.backoff.ms = 100
	sasl.client.callback.handler.class = null
	sasl.jaas.config = null
	sasl.kerberos.kinit.cmd = /usr/bin/kinit
	sasl.kerberos.min.time.before.relogin = 60000
	sasl.kerberos.service.name = null
	sasl.kerberos.ticket.renew.jitter = 0.05
	sasl.kerberos.ticket.renew.window.factor = 0.8
	sasl.login.callback.handler.class = null
	sasl.login.class = null
	sasl.login.connect.timeout.ms = null
	sasl.login.read.timeout.ms = null
	sasl.login.refresh.buffer.seconds = 300
	sasl.login.refresh.min.period.seconds = 60
	sasl.login.refresh.window.factor = 0.8
	sasl.login.refresh.window.jitter = 0.05
	sasl.login.retry.backoff.max.ms = 10000
	sasl.login.retry.backoff.ms = 100
	sasl.mechanism = GSSAPI
	sasl.oauthbearer.clock.skew.seconds = 30
	sasl.oauthbearer.expected.audience = null
	sasl.oauthbearer.expected.issuer = null
	sasl.oauthbearer.jwks.endpoint.refresh.ms = 3600000
	sasl.oauthbearer.jwks.endpoint.retry.backoff.max.ms = 10000
	sasl.oauthbearer.jwks.endpoint.retry.backoff.ms = 100
	sasl.oauthbearer.jwks.endpoint.url = null
	sasl.oauthbearer.scope.claim.name = scope
	sasl.oauthbearer.sub.claim.name = sub
	sasl.oauthbearer.token.endpoint.url = null
	security.protocol = PLAINTEXT
	security.providers = null
	send.buffer.bytes = 131072
	session.timeout.ms = 45000
	socket.connection.setup.timeout.max.ms = 30000
	socket.connection.setup.timeout.ms = 10000
	ssl.cipher.suites = null
	ssl.enabled.protocols = [TLSv1.2, TLSv1.3]
	ssl.endpoint.identification.algorithm = https
	ssl.engine.factory.class = null
	ssl.key.password = null
	ssl.keymanager.algorithm = SunX509
	ssl.keystore.certificate.chain = null
	ssl.keystore.key = null
	ssl.keystore.location = null
	ssl.keystore.password = null
	ssl.keystore.type = JKS
	ssl.protocol = TLSv1.3
	ssl.provider = null
	ssl.secure.random.implementation = null
	ssl.trustmanager.algorithm = PKIX
	ssl.truststore.certificates = null
	ssl.truststore.location = null
	ssl.truststore.password = null
	ssl.truststore.type = JKS
	value.deserializer = class org.apache.kafka.common.serialization.StringDeserializer
 
2025-04-28 15:34:54-686 [main] INFO  o.a.k.c.t.i.KafkaMetricsCollector - initializing Kafka metrics collector 
2025-04-28 15:34:54-696 [org.springframework.kafka.KafkaListenerEndpointContainer#0-0-C-1] INFO  org.apache.kafka.clients.Metadata - [Consumer clientId=consumer-bootcoin-group-2, groupId=bootcoin-group] Cluster ID: pQNgvDGCTc6DWdlYtyeAyg 
2025-04-28 15:34:54-696 [org.springframework.kafka.KafkaListenerEndpointContainer#0-0-C-1] INFO  o.a.k.c.c.i.ConsumerCoordinator - [Consumer clientId=consumer-bootcoin-group-2, groupId=bootcoin-group] Discovered group coordinator localhost:29092 (id: 2147482646 rack: null) 
2025-04-28 15:34:54-703 [org.springframework.kafka.KafkaListenerEndpointContainer#0-0-C-1] INFO  o.a.k.c.c.i.ConsumerCoordinator - [Consumer clientId=consumer-bootcoin-group-2, groupId=bootcoin-group] (Re-)joining group 
2025-04-28 15:34:54-711 [main] INFO  o.a.kafka.common.utils.AppInfoParser - Kafka version: 3.8.1 
2025-04-28 15:34:54-711 [main] INFO  o.a.kafka.common.utils.AppInfoParser - Kafka commitId: 70d6ff42debf7e17 
2025-04-28 15:34:54-711 [main] INFO  o.a.kafka.common.utils.AppInfoParser - Kafka startTimeMs: 1745872494711 
2025-04-28 15:34:54-712 [main] INFO  o.a.k.c.c.i.LegacyKafkaConsumer - [Consumer clientId=consumer-bootcoin-group-3, groupId=bootcoin-group] Subscribed to topic(s): wallet-bootcoin-request 
2025-04-28 15:34:54-732 [org.springframework.kafka.KafkaListenerEndpointContainer#0-0-C-1] INFO  o.a.k.c.c.i.ConsumerCoordinator - [Consumer clientId=consumer-bootcoin-group-2, groupId=bootcoin-group] Request joining group due to: need to re-join with the given member-id: consumer-bootcoin-group-2-241c8289-3070-415a-b3a2-4c8fa8e5c6cc 
2025-04-28 15:34:54-733 [org.springframework.kafka.KafkaListenerEndpointContainer#0-0-C-1] INFO  o.a.k.c.c.i.ConsumerCoordinator - [Consumer clientId=consumer-bootcoin-group-2, groupId=bootcoin-group] (Re-)joining group 
2025-04-28 15:34:54-738 [org.springframework.kafka.KafkaListenerEndpointContainer#1-0-C-1] INFO  org.apache.kafka.clients.Metadata - [Consumer clientId=consumer-bootcoin-group-3, groupId=bootcoin-group] Cluster ID: pQNgvDGCTc6DWdlYtyeAyg 
2025-04-28 15:34:54-739 [org.springframework.kafka.KafkaListenerEndpointContainer#1-0-C-1] INFO  o.a.k.c.c.i.ConsumerCoordinator - [Consumer clientId=consumer-bootcoin-group-3, groupId=bootcoin-group] Discovered group coordinator localhost:29092 (id: 2147482646 rack: null) 
2025-04-28 15:34:54-741 [org.springframework.kafka.KafkaListenerEndpointContainer#1-0-C-1] INFO  o.a.k.c.c.i.ConsumerCoordinator - [Consumer clientId=consumer-bootcoin-group-3, groupId=bootcoin-group] (Re-)joining group 
2025-04-28 15:34:54-745 [org.springframework.kafka.KafkaListenerEndpointContainer#1-0-C-1] INFO  o.a.k.c.c.i.ConsumerCoordinator - [Consumer clientId=consumer-bootcoin-group-3, groupId=bootcoin-group] Request joining group due to: need to re-join with the given member-id: consumer-bootcoin-group-3-0a0ed843-a970-4b55-b1e2-932efdc161c2 
2025-04-28 15:34:54-745 [org.springframework.kafka.KafkaListenerEndpointContainer#1-0-C-1] INFO  o.a.k.c.c.i.ConsumerCoordinator - [Consumer clientId=consumer-bootcoin-group-3, groupId=bootcoin-group] (Re-)joining group 
2025-04-28 15:34:54-751 [main] INFO  c.b.w.b.a.WalletBootcoinApiApplication - Started WalletBootcoinApiApplication in 7.004 seconds (process running for 8.874) 
2025-04-28 15:34:54-752 [SpringApplicationShutdownHook] INFO  o.s.c.n.e.s.EurekaServiceRegistry - Unregistering application WALLET-BOOTCOIN-API with eureka with status DOWN 
2025-04-28 15:34:54-752 [SpringApplicationShutdownHook] INFO  c.netflix.discovery.DiscoveryClient - Saw local status change event StatusChangeEvent [timestamp=1745872494752, current=DOWN, previous=UP] 
2025-04-28 15:34:54-752 [DiscoveryClient-InstanceInfoReplicator-%d] INFO  c.netflix.discovery.DiscoveryClient - DiscoveryClient_WALLET-BOOTCOIN-API/wallet-bootcoin-api:8805: registering service... 
2025-04-28 15:34:54-758 [DiscoveryClient-InstanceInfoReplicator-%d] INFO  c.netflix.discovery.DiscoveryClient - DiscoveryClient_WALLET-BOOTCOIN-API/wallet-bootcoin-api:8805 - registration status: 204 
2025-04-28 15:34:54-758 [repliesContainer-0-C-1] INFO  o.a.k.c.c.i.ConsumerRebalanceListenerInvoker - [Consumer clientId=consumer-bootcoin-group-1, groupId=bootcoin-group] Revoke previously assigned partitions wallet-bootcoin-response-0 
2025-04-28 15:34:54-758 [repliesContainer-0-C-1] INFO  o.s.k.l.ConcurrentMessageListenerContainer - bootcoin-group: partitions revoked: [wallet-bootcoin-response-0] 
2025-04-28 15:34:54-759 [repliesContainer-0-C-1] INFO  o.a.k.c.c.i.ConsumerCoordinator - [Consumer clientId=consumer-bootcoin-group-1, groupId=bootcoin-group] Member consumer-bootcoin-group-1-4247970a-4f17-4a6a-b314-080740d8ca81 sending LeaveGroup request to coordinator localhost:29092 (id: 2147482646 rack: null) due to the consumer unsubscribed from all topics 
2025-04-28 15:34:54-760 [repliesContainer-0-C-1] INFO  o.a.k.c.c.i.ConsumerCoordinator - [Consumer clientId=consumer-bootcoin-group-1, groupId=bootcoin-group] Resetting generation and member id due to: consumer pro-actively leaving the group 
2025-04-28 15:34:54-760 [repliesContainer-0-C-1] INFO  o.a.k.c.c.i.ConsumerCoordinator - [Consumer clientId=consumer-bootcoin-group-1, groupId=bootcoin-group] Request joining group due to: consumer pro-actively leaving the group 
2025-04-28 15:34:54-760 [repliesContainer-0-C-1] INFO  o.a.k.c.c.i.LegacyKafkaConsumer - [Consumer clientId=consumer-bootcoin-group-1, groupId=bootcoin-group] Unsubscribed all topics or patterns and assigned partitions 
2025-04-28 15:34:54-762 [repliesContainer-0-C-1] INFO  o.a.k.c.c.i.ConsumerCoordinator - [Consumer clientId=consumer-bootcoin-group-1, groupId=bootcoin-group] Resetting generation and member id due to: consumer pro-actively leaving the group 
2025-04-28 15:34:54-762 [repliesContainer-0-C-1] INFO  o.a.k.c.c.i.ConsumerCoordinator - [Consumer clientId=consumer-bootcoin-group-1, groupId=bootcoin-group] Request joining group due to: consumer pro-actively leaving the group 
2025-04-28 15:34:54-765 [org.springframework.kafka.KafkaListenerEndpointContainer#0-0-C-1] INFO  o.a.k.c.c.i.ConsumerCoordinator - [Consumer clientId=consumer-bootcoin-group-2, groupId=bootcoin-group] Successfully joined group with generation Generation{generationId=26, memberId='consumer-bootcoin-group-2-241c8289-3070-415a-b3a2-4c8fa8e5c6cc', protocol='range'} 
2025-04-28 15:34:54-765 [org.springframework.kafka.KafkaListenerEndpointContainer#1-0-C-1] INFO  o.a.k.c.c.i.ConsumerCoordinator - [Consumer clientId=consumer-bootcoin-group-3, groupId=bootcoin-group] Successfully joined group with generation Generation{generationId=26, memberId='consumer-bootcoin-group-3-0a0ed843-a970-4b55-b1e2-932efdc161c2', protocol='range'} 
2025-04-28 15:34:54-771 [org.springframework.kafka.KafkaListenerEndpointContainer#1-0-C-1] INFO  o.a.k.c.c.i.ConsumerCoordinator - [Consumer clientId=consumer-bootcoin-group-3, groupId=bootcoin-group] Finished assignment for group at generation 26: {consumer-bootcoin-group-3-0a0ed843-a970-4b55-b1e2-932efdc161c2=Assignment(partitions=[wallet-bootcoin-request-0]), consumer-bootcoin-group-2-241c8289-3070-415a-b3a2-4c8fa8e5c6cc=Assignment(partitions=[wallet-user-request-0])} 
2025-04-28 15:34:54-775 [org.springframework.kafka.KafkaListenerEndpointContainer#1-0-C-1] INFO  o.a.k.c.c.i.ConsumerCoordinator - [Consumer clientId=consumer-bootcoin-group-3, groupId=bootcoin-group] Successfully synced group in generation Generation{generationId=26, memberId='consumer-bootcoin-group-3-0a0ed843-a970-4b55-b1e2-932efdc161c2', protocol='range'} 
2025-04-28 15:34:54-775 [org.springframework.kafka.KafkaListenerEndpointContainer#1-0-C-1] INFO  o.a.k.c.c.i.ConsumerCoordinator - [Consumer clientId=consumer-bootcoin-group-3, groupId=bootcoin-group] Notifying assignor about the new Assignment(partitions=[wallet-bootcoin-request-0]) 
2025-04-28 15:34:54-776 [org.springframework.kafka.KafkaListenerEndpointContainer#1-0-C-1] INFO  o.a.k.c.c.i.ConsumerRebalanceListenerInvoker - [Consumer clientId=consumer-bootcoin-group-3, groupId=bootcoin-group] Adding newly assigned partitions: wallet-bootcoin-request-0 
2025-04-28 15:34:54-776 [org.springframework.kafka.KafkaListenerEndpointContainer#0-0-C-1] INFO  o.a.k.c.c.i.ConsumerCoordinator - [Consumer clientId=consumer-bootcoin-group-2, groupId=bootcoin-group] Successfully synced group in generation Generation{generationId=26, memberId='consumer-bootcoin-group-2-241c8289-3070-415a-b3a2-4c8fa8e5c6cc', protocol='range'} 
2025-04-28 15:34:54-776 [org.springframework.kafka.KafkaListenerEndpointContainer#0-0-C-1] INFO  o.a.k.c.c.i.ConsumerCoordinator - [Consumer clientId=consumer-bootcoin-group-2, groupId=bootcoin-group] Notifying assignor about the new Assignment(partitions=[wallet-user-request-0]) 
2025-04-28 15:34:54-776 [org.springframework.kafka.KafkaListenerEndpointContainer#0-0-C-1] INFO  o.a.k.c.c.i.ConsumerRebalanceListenerInvoker - [Consumer clientId=consumer-bootcoin-group-2, groupId=bootcoin-group] Adding newly assigned partitions: wallet-user-request-0 
2025-04-28 15:34:54-779 [org.springframework.kafka.KafkaListenerEndpointContainer#1-0-C-1] INFO  o.a.k.c.c.internals.ConsumerUtils - Setting offset for partition wallet-bootcoin-request-0 to the committed offset FetchPosition{offset=5, offsetEpoch=Optional.empty, currentLeader=LeaderAndEpoch{leader=Optional[localhost:29092 (id: 1001 rack: null)], epoch=0}} 
2025-04-28 15:34:54-779 [org.springframework.kafka.KafkaListenerEndpointContainer#0-0-C-1] INFO  o.a.k.c.c.internals.ConsumerUtils - Setting offset for partition wallet-user-request-0 to the committed offset FetchPosition{offset=0, offsetEpoch=Optional.empty, currentLeader=LeaderAndEpoch{leader=Optional[localhost:29092 (id: 1001 rack: null)], epoch=0}} 
2025-04-28 15:34:54-780 [org.springframework.kafka.KafkaListenerEndpointContainer#1-0-C-1] INFO  o.s.k.l.KafkaMessageListenerContainer - bootcoin-group: partitions assigned: [wallet-bootcoin-request-0] 
2025-04-28 15:34:54-780 [org.springframework.kafka.KafkaListenerEndpointContainer#0-0-C-1] INFO  o.s.k.l.KafkaMessageListenerContainer - bootcoin-group: partitions assigned: [wallet-user-request-0] 
2025-04-28 15:34:55-085 [repliesContainer-0-C-1] INFO  o.a.k.clients.FetchSessionHandler - [Consumer clientId=consumer-bootcoin-group-1, groupId=bootcoin-group] Node 1001 sent an invalid full fetch response with extraPartitions=(wallet-bootcoin-response-0), response=(wallet-bootcoin-response-0) 
2025-04-28 15:34:55-086 [repliesContainer-0-C-1] INFO  o.a.kafka.common.metrics.Metrics - Metrics scheduler closed 
2025-04-28 15:34:55-087 [repliesContainer-0-C-1] INFO  o.a.kafka.common.metrics.Metrics - Closing reporter org.apache.kafka.common.metrics.JmxReporter 
2025-04-28 15:34:55-087 [repliesContainer-0-C-1] INFO  o.a.kafka.common.metrics.Metrics - Closing reporter org.apache.kafka.common.telemetry.internals.ClientTelemetryReporter 
2025-04-28 15:34:55-087 [repliesContainer-0-C-1] INFO  o.a.kafka.common.metrics.Metrics - Metrics reporters closed 
2025-04-28 15:34:55-091 [repliesContainer-0-C-1] INFO  o.a.kafka.common.utils.AppInfoParser - App info kafka.consumer for consumer-bootcoin-group-1 unregistered 
2025-04-28 15:34:55-091 [repliesContainer-0-C-1] INFO  o.s.k.l.KafkaMessageListenerContainer - bootcoin-group: Consumer stopped 
2025-04-28 15:34:55-093 [org.springframework.kafka.KafkaListenerEndpointContainer#0-0-C-1] INFO  o.a.k.c.c.i.ConsumerRebalanceListenerInvoker - [Consumer clientId=consumer-bootcoin-group-2, groupId=bootcoin-group] Revoke previously assigned partitions wallet-user-request-0 
2025-04-28 15:34:55-093 [org.springframework.kafka.KafkaListenerEndpointContainer#1-0-C-1] INFO  o.a.k.c.c.i.ConsumerRebalanceListenerInvoker - [Consumer clientId=consumer-bootcoin-group-3, groupId=bootcoin-group] Revoke previously assigned partitions wallet-bootcoin-request-0 
2025-04-28 15:34:55-093 [org.springframework.kafka.KafkaListenerEndpointContainer#0-0-C-1] INFO  o.s.k.l.KafkaMessageListenerContainer - bootcoin-group: partitions revoked: [wallet-user-request-0] 
2025-04-28 15:34:55-093 [org.springframework.kafka.KafkaListenerEndpointContainer#1-0-C-1] INFO  o.s.k.l.KafkaMessageListenerContainer - bootcoin-group: partitions revoked: [wallet-bootcoin-request-0] 
2025-04-28 15:34:55-094 [org.springframework.kafka.KafkaListenerEndpointContainer#1-0-C-1] INFO  o.a.k.c.c.i.ConsumerCoordinator - [Consumer clientId=consumer-bootcoin-group-3, groupId=bootcoin-group] Member consumer-bootcoin-group-3-0a0ed843-a970-4b55-b1e2-932efdc161c2 sending LeaveGroup request to coordinator localhost:29092 (id: 2147482646 rack: null) due to the consumer unsubscribed from all topics 
2025-04-28 15:34:55-094 [org.springframework.kafka.KafkaListenerEndpointContainer#0-0-C-1] INFO  o.a.k.c.c.i.ConsumerCoordinator - [Consumer clientId=consumer-bootcoin-group-2, groupId=bootcoin-group] Member consumer-bootcoin-group-2-241c8289-3070-415a-b3a2-4c8fa8e5c6cc sending LeaveGroup request to coordinator localhost:29092 (id: 2147482646 rack: null) due to the consumer unsubscribed from all topics 
2025-04-28 15:34:55-094 [SpringApplicationShutdownHook] INFO  o.s.b.w.e.netty.GracefulShutdown - Commencing graceful shutdown. Waiting for active requests to complete 
2025-04-28 15:34:55-094 [org.springframework.kafka.KafkaListenerEndpointContainer#1-0-C-1] INFO  o.a.k.c.c.i.ConsumerCoordinator - [Consumer clientId=consumer-bootcoin-group-3, groupId=bootcoin-group] Resetting generation and member id due to: consumer pro-actively leaving the group 
2025-04-28 15:34:55-094 [org.springframework.kafka.KafkaListenerEndpointContainer#0-0-C-1] INFO  o.a.k.c.c.i.ConsumerCoordinator - [Consumer clientId=consumer-bootcoin-group-2, groupId=bootcoin-group] Resetting generation and member id due to: consumer pro-actively leaving the group 
2025-04-28 15:34:55-094 [org.springframework.kafka.KafkaListenerEndpointContainer#1-0-C-1] INFO  o.a.k.c.c.i.ConsumerCoordinator - [Consumer clientId=consumer-bootcoin-group-3, groupId=bootcoin-group] Request joining group due to: consumer pro-actively leaving the group 
2025-04-28 15:34:55-094 [org.springframework.kafka.KafkaListenerEndpointContainer#0-0-C-1] INFO  o.a.k.c.c.i.ConsumerCoordinator - [Consumer clientId=consumer-bootcoin-group-2, groupId=bootcoin-group] Request joining group due to: consumer pro-actively leaving the group 
2025-04-28 15:34:55-094 [org.springframework.kafka.KafkaListenerEndpointContainer#1-0-C-1] INFO  o.a.k.c.c.i.LegacyKafkaConsumer - [Consumer clientId=consumer-bootcoin-group-3, groupId=bootcoin-group] Unsubscribed all topics or patterns and assigned partitions 
2025-04-28 15:34:55-094 [org.springframework.kafka.KafkaListenerEndpointContainer#0-0-C-1] INFO  o.a.k.c.c.i.LegacyKafkaConsumer - [Consumer clientId=consumer-bootcoin-group-2, groupId=bootcoin-group] Unsubscribed all topics or patterns and assigned partitions 
2025-04-28 15:34:55-094 [org.springframework.kafka.KafkaListenerEndpointContainer#0-0-C-1] INFO  o.a.k.c.c.i.ConsumerCoordinator - [Consumer clientId=consumer-bootcoin-group-2, groupId=bootcoin-group] Resetting generation and member id due to: consumer pro-actively leaving the group 
2025-04-28 15:34:55-094 [org.springframework.kafka.KafkaListenerEndpointContainer#1-0-C-1] INFO  o.a.k.c.c.i.ConsumerCoordinator - [Consumer clientId=consumer-bootcoin-group-3, groupId=bootcoin-group] Resetting generation and member id due to: consumer pro-actively leaving the group 
2025-04-28 15:34:55-095 [org.springframework.kafka.KafkaListenerEndpointContainer#0-0-C-1] INFO  o.a.k.c.c.i.ConsumerCoordinator - [Consumer clientId=consumer-bootcoin-group-2, groupId=bootcoin-group] Request joining group due to: consumer pro-actively leaving the group 
2025-04-28 15:34:55-095 [org.springframework.kafka.KafkaListenerEndpointContainer#1-0-C-1] INFO  o.a.k.c.c.i.ConsumerCoordinator - [Consumer clientId=consumer-bootcoin-group-3, groupId=bootcoin-group] Request joining group due to: consumer pro-actively leaving the group 
2025-04-28 15:34:55-099 [netty-shutdown] INFO  o.s.b.w.e.netty.GracefulShutdown - Graceful shutdown complete 
2025-04-28 15:34:55-283 [org.springframework.kafka.KafkaListenerEndpointContainer#1-0-C-1] INFO  o.a.k.clients.FetchSessionHandler - [Consumer clientId=consumer-bootcoin-group-3, groupId=bootcoin-group] Node 1001 sent an invalid full fetch response with extraPartitions=(wallet-bootcoin-request-0), response=(wallet-bootcoin-request-0) 
2025-04-28 15:34:55-284 [org.springframework.kafka.KafkaListenerEndpointContainer#1-0-C-1] INFO  o.a.kafka.common.metrics.Metrics - Metrics scheduler closed 
2025-04-28 15:34:55-284 [org.springframework.kafka.KafkaListenerEndpointContainer#1-0-C-1] INFO  o.a.kafka.common.metrics.Metrics - Closing reporter org.apache.kafka.common.metrics.JmxReporter 
2025-04-28 15:34:55-284 [org.springframework.kafka.KafkaListenerEndpointContainer#1-0-C-1] INFO  o.a.kafka.common.metrics.Metrics - Closing reporter org.apache.kafka.common.telemetry.internals.ClientTelemetryReporter 
2025-04-28 15:34:55-284 [org.springframework.kafka.KafkaListenerEndpointContainer#1-0-C-1] INFO  o.a.kafka.common.metrics.Metrics - Metrics reporters closed 
2025-04-28 15:34:55-286 [org.springframework.kafka.KafkaListenerEndpointContainer#1-0-C-1] INFO  o.a.kafka.common.utils.AppInfoParser - App info kafka.consumer for consumer-bootcoin-group-3 unregistered 
2025-04-28 15:34:55-287 [org.springframework.kafka.KafkaListenerEndpointContainer#1-0-C-1] INFO  o.s.k.l.KafkaMessageListenerContainer - bootcoin-group: Consumer stopped 
2025-04-28 15:34:55-287 [org.springframework.kafka.KafkaListenerEndpointContainer#0-0-C-1] INFO  o.a.k.clients.FetchSessionHandler - [Consumer clientId=consumer-bootcoin-group-2, groupId=bootcoin-group] Node 1001 sent an invalid full fetch response with extraPartitions=(wallet-user-request-0), response=(wallet-user-request-0) 
2025-04-28 15:34:55-287 [org.springframework.kafka.KafkaListenerEndpointContainer#0-0-C-1] INFO  o.a.kafka.common.metrics.Metrics - Metrics scheduler closed 
2025-04-28 15:34:55-288 [org.springframework.kafka.KafkaListenerEndpointContainer#0-0-C-1] INFO  o.a.kafka.common.metrics.Metrics - Closing reporter org.apache.kafka.common.metrics.JmxReporter 
2025-04-28 15:34:55-288 [org.springframework.kafka.KafkaListenerEndpointContainer#0-0-C-1] INFO  o.a.kafka.common.metrics.Metrics - Closing reporter org.apache.kafka.common.telemetry.internals.ClientTelemetryReporter 
2025-04-28 15:34:55-288 [org.springframework.kafka.KafkaListenerEndpointContainer#0-0-C-1] INFO  o.a.kafka.common.metrics.Metrics - Metrics reporters closed 
2025-04-28 15:34:55-290 [org.springframework.kafka.KafkaListenerEndpointContainer#0-0-C-1] INFO  o.a.kafka.common.utils.AppInfoParser - App info kafka.consumer for consumer-bootcoin-group-2 unregistered 
2025-04-28 15:34:55-291 [org.springframework.kafka.KafkaListenerEndpointContainer#0-0-C-1] INFO  o.s.k.l.KafkaMessageListenerContainer - bootcoin-group: Consumer stopped 
2025-04-28 15:34:59-239 [SpringApplicationShutdownHook] INFO  c.netflix.discovery.DiscoveryClient - Shutting down DiscoveryClient ... 
2025-04-28 15:35:02-250 [SpringApplicationShutdownHook] INFO  c.netflix.discovery.DiscoveryClient - Unregistering ... 
2025-04-28 15:35:02-269 [SpringApplicationShutdownHook] INFO  c.netflix.discovery.DiscoveryClient - DiscoveryClient_WALLET-BOOTCOIN-API/wallet-bootcoin-api:8805 - deregister  status: 200 
2025-04-28 15:35:02-269 [SpringApplicationShutdownHook] INFO  c.netflix.discovery.DiscoveryClient - Completed shut down of DiscoveryClient 
2025-04-28 15:43:48-395 [main] INFO  c.b.w.b.a.WalletBootcoinApiApplication - Starting WalletBootcoinApiApplication using Java 17.0.12 with PID 24176 (C:\Users\mgarcsar\Documents\Bootcamp\etregables\BootCoin\wallet-bootcoin-api\target\classes started by mgarcsar in C:\Users\mgarcsar\Documents\Bootcamp\etregables\BootCoin) 
2025-04-28 15:43:48-397 [main] INFO  c.b.w.b.a.WalletBootcoinApiApplication - The following 1 profile is active: "dev" 
2025-04-28 15:43:48-431 [main] INFO  o.s.c.c.c.ConfigServerConfigDataLoader - Fetching config from server at : http://config-server-bc:8888 
2025-04-28 15:43:48-432 [main] INFO  o.s.c.c.c.ConfigServerConfigDataLoader - Exception on Url - http://config-server-bc:8888:org.springframework.web.client.ResourceAccessException: I/O error on GET request for "http://config-server-bc:8888/wallet-bootcoin-api/default": config-server-bc. Will be trying the next url if available 
2025-04-28 15:43:48-432 [main] WARN  o.s.c.c.c.ConfigServerConfigDataLoader - Could not locate PropertySource ([ConfigServerConfigDataResource@6fd1660 uris = array<String>['http://config-server-bc:8888'], optional = true, profiles = 'default']): I/O error on GET request for "http://config-server-bc:8888/wallet-bootcoin-api/default": config-server-bc 
2025-04-28 15:43:48-432 [main] INFO  o.s.c.c.c.ConfigServerConfigDataLoader - Fetching config from server at : http://config-server-bc:8888 
2025-04-28 15:43:48-432 [main] INFO  o.s.c.c.c.ConfigServerConfigDataLoader - Exception on Url - http://config-server-bc:8888:org.springframework.web.client.ResourceAccessException: I/O error on GET request for "http://config-server-bc:8888/wallet-bootcoin-api/dev": config-server-bc. Will be trying the next url if available 
2025-04-28 15:43:48-432 [main] WARN  o.s.c.c.c.ConfigServerConfigDataLoader - Could not locate PropertySource ([ConfigServerConfigDataResource@7159139f uris = array<String>['http://config-server-bc:8888'], optional = true, profiles = 'dev']): I/O error on GET request for "http://config-server-bc:8888/wallet-bootcoin-api/dev": config-server-bc 
2025-04-28 15:43:48-432 [main] INFO  o.s.c.c.c.ConfigServerConfigDataLoader - Fetching config from server at : http://config-server-bc:8888 
2025-04-28 15:43:48-432 [main] INFO  o.s.c.c.c.ConfigServerConfigDataLoader - Exception on Url - http://config-server-bc:8888:org.springframework.web.client.ResourceAccessException: I/O error on GET request for "http://config-server-bc:8888/wallet-bootcoin-api/default": config-server-bc. Will be trying the next url if available 
2025-04-28 15:43:48-432 [main] WARN  o.s.c.c.c.ConfigServerConfigDataLoader - Could not locate PropertySource ([ConfigServerConfigDataResource@65bcf7c2 uris = array<String>['http://config-server-bc:8888'], optional = true, profiles = 'default']): I/O error on GET request for "http://config-server-bc:8888/wallet-bootcoin-api/default": config-server-bc 
2025-04-28 15:43:49-350 [main] INFO  o.s.d.r.c.RepositoryConfigurationDelegate - Bootstrapping Spring Data Reactive MongoDB repositories in DEFAULT mode. 
2025-04-28 15:43:49-526 [main] INFO  o.s.d.r.c.RepositoryConfigurationDelegate - Finished Spring Data repository scanning in 170 ms. Found 1 Reactive MongoDB repository interface. 
2025-04-28 15:43:49-819 [main] INFO  o.s.cloud.context.scope.GenericScope - BeanFactory id=081874e3-d78b-3861-8e43-6dddf9cc1bd7 
2025-04-28 15:43:50-537 [main] INFO  org.mongodb.driver.client - MongoClient with metadata {"driver": {"name": "mongo-java-driver|reactive-streams|spring-boot", "version": "5.2.1"}, "os": {"type": "Windows", "name": "Windows 10", "architecture": "amd64", "version": "10.0"}, "platform": "Java/Oracle Corporation/17.0.12+8-LTS-286"} created with settings MongoClientSettings{readPreference=primary, writeConcern=WriteConcern{w=null, wTimeout=null ms, journal=null}, retryWrites=true, retryReads=true, readConcern=ReadConcern{level=null}, credential=null, transportSettings=NettyTransportSettings{eventLoopGroup=io.netty.channel.nio.NioEventLoopGroup@3fe98084, socketChannelClass=null, allocator=null, sslContext=null}, commandListeners=[io.micrometer.core.instrument.binder.mongodb.MongoMetricsCommandListener@5f33e6d], codecRegistry=ProvidersCodecRegistry{codecProviders=[ValueCodecProvider{}, BsonValueCodecProvider{}, DBRefCodecProvider{}, DBObjectCodecProvider{}, DocumentCodecProvider{}, CollectionCodecProvider{}, IterableCodecProvider{}, MapCodecProvider{}, GeoJsonCodecProvider{}, GridFSFileCodecProvider{}, Jsr310CodecProvider{}, JsonObjectCodecProvider{}, BsonCodecProvider{}, EnumCodecProvider{}, com.mongodb.client.model.mql.ExpressionCodecProvider@151a6598, com.mongodb.Jep395RecordCodecProvider@6fa3def8, com.mongodb.KotlinCodecProvider@1c3d9e28]}, loggerSettings=LoggerSettings{maxDocumentLength=1000}, clusterSettings={hosts=[localhost:27017], srvServiceName=mongodb, mode=SINGLE, requiredClusterType=UNKNOWN, requiredReplicaSetName='null', serverSelector='null', clusterListeners='[]', serverSelectionTimeout='30000 ms', localThreshold='15 ms'}, socketSettings=SocketSettings{connectTimeoutMS=10000, readTimeoutMS=0, receiveBufferSize=0, proxySettings=ProxySettings{host=null, port=null, username=null, password=null}}, heartbeatSocketSettings=SocketSettings{connectTimeoutMS=10000, readTimeoutMS=10000, receiveBufferSize=0, proxySettings=ProxySettings{host=null, port=null, username=null, password=null}}, connectionPoolSettings=ConnectionPoolSettings{maxSize=100, minSize=0, maxWaitTimeMS=120000, maxConnectionLifeTimeMS=0, maxConnectionIdleTimeMS=0, maintenanceInitialDelayMS=0, maintenanceFrequencyMS=60000, connectionPoolListeners=[io.micrometer.core.instrument.binder.mongodb.MongoMetricsConnectionPoolListener@a1cb94], maxConnecting=2}, serverSettings=ServerSettings{heartbeatFrequencyMS=10000, minHeartbeatFrequencyMS=500, serverMonitoringMode=AUTO, serverListeners='[]', serverMonitorListeners='[]'}, sslSettings=SslSettings{enabled=false, invalidHostNameAllowed=false, context=null}, applicationName='null', compressorList=[], uuidRepresentation=JAVA_LEGACY, serverApi=null, autoEncryptionSettings=null, dnsClient=null, inetAddressResolver=null, contextProvider=null, timeoutMS=null} 
2025-04-28 15:43:50-650 [cluster-ClusterId{value='680fe8862a3b85056ca5a5a0', description='null'}-localhost:27017] INFO  org.mongodb.driver.cluster - Monitor thread successfully connected to server with description ServerDescription{address=localhost:27017, type=STANDALONE, cryptd=false, state=CONNECTED, ok=true, minWireVersion=0, maxWireVersion=25, maxDocumentSize=16777216, logicalSessionTimeoutMinutes=30, roundTripTimeNanos=44715800, minRoundTripTimeNanos=0} 
2025-04-28 15:43:51-723 [main] INFO  o.s.b.a.e.web.EndpointLinksResolver - Exposing 2 endpoints beneath base path '/actuator' 
2025-04-28 15:43:52-199 [main] INFO  o.s.c.n.e.c.DiscoveryClientOptionalArgsConfiguration - Eureka HTTP Client uses RestTemplate. 
2025-04-28 15:43:52-263 [main] WARN  o.s.c.l.c.LoadBalancerCacheAutoConfiguration$LoadBalancerCaffeineWarnLogger - Spring Cloud LoadBalancer is currently working with the default cache. While this cache implementation is useful for development and tests, it's recommended to use Caffeine cache in production.You can switch to using Caffeine cache, by adding it and org.springframework.cache.caffeine.CaffeineCacheManager to the classpath. 
2025-04-28 15:43:52-419 [main] INFO  o.a.k.c.consumer.ConsumerConfig - ConsumerConfig values: 
	allow.auto.create.topics = true
	auto.commit.interval.ms = 5000
	auto.include.jmx.reporter = true
	auto.offset.reset = latest
	bootstrap.servers = [localhost:29092]
	check.crcs = true
	client.dns.lookup = use_all_dns_ips
	client.id = consumer-bootcoin-group-1
	client.rack = 
	connections.max.idle.ms = 540000
	default.api.timeout.ms = 60000
	enable.auto.commit = false
	enable.metrics.push = true
	exclude.internal.topics = true
	fetch.max.bytes = 52428800
	fetch.max.wait.ms = 500
	fetch.min.bytes = 1
	group.id = bootcoin-group
	group.instance.id = null
	group.protocol = classic
	group.remote.assignor = null
	heartbeat.interval.ms = 3000
	interceptor.classes = []
	internal.leave.group.on.close = true
	internal.throw.on.fetch.stable.offset.unsupported = false
	isolation.level = read_uncommitted
	key.deserializer = class org.apache.kafka.common.serialization.StringDeserializer
	max.partition.fetch.bytes = 1048576
	max.poll.interval.ms = 300000
	max.poll.records = 500
	metadata.max.age.ms = 300000
	metadata.recovery.strategy = none
	metric.reporters = []
	metrics.num.samples = 2
	metrics.recording.level = INFO
	metrics.sample.window.ms = 30000
	partition.assignment.strategy = [class org.apache.kafka.clients.consumer.RangeAssignor, class org.apache.kafka.clients.consumer.CooperativeStickyAssignor]
	receive.buffer.bytes = 65536
	reconnect.backoff.max.ms = 1000
	reconnect.backoff.ms = 50
	request.timeout.ms = 30000
	retry.backoff.max.ms = 1000
	retry.backoff.ms = 100
	sasl.client.callback.handler.class = null
	sasl.jaas.config = null
	sasl.kerberos.kinit.cmd = /usr/bin/kinit
	sasl.kerberos.min.time.before.relogin = 60000
	sasl.kerberos.service.name = null
	sasl.kerberos.ticket.renew.jitter = 0.05
	sasl.kerberos.ticket.renew.window.factor = 0.8
	sasl.login.callback.handler.class = null
	sasl.login.class = null
	sasl.login.connect.timeout.ms = null
	sasl.login.read.timeout.ms = null
	sasl.login.refresh.buffer.seconds = 300
	sasl.login.refresh.min.period.seconds = 60
	sasl.login.refresh.window.factor = 0.8
	sasl.login.refresh.window.jitter = 0.05
	sasl.login.retry.backoff.max.ms = 10000
	sasl.login.retry.backoff.ms = 100
	sasl.mechanism = GSSAPI
	sasl.oauthbearer.clock.skew.seconds = 30
	sasl.oauthbearer.expected.audience = null
	sasl.oauthbearer.expected.issuer = null
	sasl.oauthbearer.jwks.endpoint.refresh.ms = 3600000
	sasl.oauthbearer.jwks.endpoint.retry.backoff.max.ms = 10000
	sasl.oauthbearer.jwks.endpoint.retry.backoff.ms = 100
	sasl.oauthbearer.jwks.endpoint.url = null
	sasl.oauthbearer.scope.claim.name = scope
	sasl.oauthbearer.sub.claim.name = sub
	sasl.oauthbearer.token.endpoint.url = null
	security.protocol = PLAINTEXT
	security.providers = null
	send.buffer.bytes = 131072
	session.timeout.ms = 45000
	socket.connection.setup.timeout.max.ms = 30000
	socket.connection.setup.timeout.ms = 10000
	ssl.cipher.suites = null
	ssl.enabled.protocols = [TLSv1.2, TLSv1.3]
	ssl.endpoint.identification.algorithm = https
	ssl.engine.factory.class = null
	ssl.key.password = null
	ssl.keymanager.algorithm = SunX509
	ssl.keystore.certificate.chain = null
	ssl.keystore.key = null
	ssl.keystore.location = null
	ssl.keystore.password = null
	ssl.keystore.type = JKS
	ssl.protocol = TLSv1.3
	ssl.provider = null
	ssl.secure.random.implementation = null
	ssl.trustmanager.algorithm = PKIX
	ssl.truststore.certificates = null
	ssl.truststore.location = null
	ssl.truststore.password = null
	ssl.truststore.type = JKS
	value.deserializer = class org.apache.kafka.common.serialization.StringDeserializer
 
2025-04-28 15:43:52-500 [main] INFO  o.a.k.c.t.i.KafkaMetricsCollector - initializing Kafka metrics collector 
2025-04-28 15:43:52-624 [main] INFO  o.a.kafka.common.utils.AppInfoParser - Kafka version: 3.8.1 
2025-04-28 15:43:52-626 [main] INFO  o.a.kafka.common.utils.AppInfoParser - Kafka commitId: 70d6ff42debf7e17 
2025-04-28 15:43:52-626 [main] INFO  o.a.kafka.common.utils.AppInfoParser - Kafka startTimeMs: 1745873032620 
2025-04-28 15:43:52-630 [main] INFO  o.a.k.c.c.i.LegacyKafkaConsumer - [Consumer clientId=consumer-bootcoin-group-1, groupId=bootcoin-group] Subscribed to topic(s): wallet-bootcoin-response 
2025-04-28 15:43:52-666 [main] INFO  o.s.c.n.eureka.InstanceInfoFactory - Setting initial instance status as: STARTING 
2025-04-28 15:43:52-701 [main] INFO  c.netflix.discovery.DiscoveryClient - Initializing Eureka in region us-east-1 
2025-04-28 15:43:52-708 [main] INFO  c.n.d.s.r.aws.ConfigClusterResolver - Resolving eureka endpoints via configuration 
2025-04-28 15:43:52-720 [main] INFO  c.netflix.discovery.DiscoveryClient - Disable delta property : false 
2025-04-28 15:43:52-721 [main] INFO  c.netflix.discovery.DiscoveryClient - Single vip registry refresh property : null 
2025-04-28 15:43:52-721 [main] INFO  c.netflix.discovery.DiscoveryClient - Force full registry fetch : false 
2025-04-28 15:43:52-721 [main] INFO  c.netflix.discovery.DiscoveryClient - Application is null : false 
2025-04-28 15:43:52-721 [main] INFO  c.netflix.discovery.DiscoveryClient - Registered Applications size is zero : true 
2025-04-28 15:43:52-721 [main] INFO  c.netflix.discovery.DiscoveryClient - Application version is -1: true 
2025-04-28 15:43:52-721 [main] INFO  c.netflix.discovery.DiscoveryClient - Getting all instance registry info from the eureka server 
2025-04-28 15:43:53-108 [main] INFO  c.netflix.discovery.DiscoveryClient - The response status is 200 
2025-04-28 15:43:53-110 [main] INFO  c.netflix.discovery.DiscoveryClient - Starting heartbeat executor: renew interval is: 30 
2025-04-28 15:43:53-112 [main] INFO  c.n.discovery.InstanceInfoReplicator - InstanceInfoReplicator onDemand update allowed rate per min is 4 
2025-04-28 15:43:53-113 [main] INFO  c.netflix.discovery.DiscoveryClient - Discovery Client initialized at timestamp 1745873033113 with initial instances count: 2 
2025-04-28 15:43:53-116 [main] INFO  o.s.c.n.e.s.EurekaServiceRegistry - Registering application WALLET-BOOTCOIN-API with eureka with status UP 
2025-04-28 15:43:53-117 [main] INFO  c.netflix.discovery.DiscoveryClient - Saw local status change event StatusChangeEvent [timestamp=1745873033117, current=UP, previous=STARTING] 
2025-04-28 15:43:53-119 [DiscoveryClient-InstanceInfoReplicator-%d] INFO  c.netflix.discovery.DiscoveryClient - DiscoveryClient_WALLET-BOOTCOIN-API/wallet-bootcoin-api:8805: registering service... 
2025-04-28 15:43:53-126 [repliesContainer-0-C-1] INFO  org.apache.kafka.clients.Metadata - [Consumer clientId=consumer-bootcoin-group-1, groupId=bootcoin-group] Cluster ID: pQNgvDGCTc6DWdlYtyeAyg 
2025-04-28 15:43:53-126 [repliesContainer-0-C-1] INFO  o.a.k.c.c.i.ConsumerCoordinator - [Consumer clientId=consumer-bootcoin-group-1, groupId=bootcoin-group] Discovered group coordinator localhost:29092 (id: 2147482646 rack: null) 
2025-04-28 15:43:53-130 [repliesContainer-0-C-1] INFO  o.a.k.c.c.i.ConsumerCoordinator - [Consumer clientId=consumer-bootcoin-group-1, groupId=bootcoin-group] (Re-)joining group 
2025-04-28 15:43:53-157 [repliesContainer-0-C-1] INFO  o.a.k.c.c.i.ConsumerCoordinator - [Consumer clientId=consumer-bootcoin-group-1, groupId=bootcoin-group] Request joining group due to: need to re-join with the given member-id: consumer-bootcoin-group-1-5ebbd9c1-2b25-474d-b283-c4ae4464a858 
2025-04-28 15:43:53-157 [repliesContainer-0-C-1] INFO  o.a.k.c.c.i.ConsumerCoordinator - [Consumer clientId=consumer-bootcoin-group-1, groupId=bootcoin-group] (Re-)joining group 
2025-04-28 15:43:53-182 [DiscoveryClient-InstanceInfoReplicator-%d] INFO  c.netflix.discovery.DiscoveryClient - DiscoveryClient_WALLET-BOOTCOIN-API/wallet-bootcoin-api:8805 - registration status: 204 
2025-04-28 15:43:53-201 [main] INFO  o.s.b.w.e.netty.NettyWebServer - Netty started on port 8805 (http) 
2025-04-28 15:43:53-203 [main] INFO  o.s.c.n.e.s.EurekaAutoServiceRegistration - Updating port to 8805 
2025-04-28 15:43:53-477 [main] INFO  o.a.k.c.consumer.ConsumerConfig - ConsumerConfig values: 
	allow.auto.create.topics = true
	auto.commit.interval.ms = 5000
	auto.include.jmx.reporter = true
	auto.offset.reset = latest
	bootstrap.servers = [localhost:29092]
	check.crcs = true
	client.dns.lookup = use_all_dns_ips
	client.id = consumer-bootcoin-group-2
	client.rack = 
	connections.max.idle.ms = 540000
	default.api.timeout.ms = 60000
	enable.auto.commit = false
	enable.metrics.push = true
	exclude.internal.topics = true
	fetch.max.bytes = 52428800
	fetch.max.wait.ms = 500
	fetch.min.bytes = 1
	group.id = bootcoin-group
	group.instance.id = null
	group.protocol = classic
	group.remote.assignor = null
	heartbeat.interval.ms = 3000
	interceptor.classes = []
	internal.leave.group.on.close = true
	internal.throw.on.fetch.stable.offset.unsupported = false
	isolation.level = read_uncommitted
	key.deserializer = class org.apache.kafka.common.serialization.StringDeserializer
	max.partition.fetch.bytes = 1048576
	max.poll.interval.ms = 300000
	max.poll.records = 500
	metadata.max.age.ms = 300000
	metadata.recovery.strategy = none
	metric.reporters = []
	metrics.num.samples = 2
	metrics.recording.level = INFO
	metrics.sample.window.ms = 30000
	partition.assignment.strategy = [class org.apache.kafka.clients.consumer.RangeAssignor, class org.apache.kafka.clients.consumer.CooperativeStickyAssignor]
	receive.buffer.bytes = 65536
	reconnect.backoff.max.ms = 1000
	reconnect.backoff.ms = 50
	request.timeout.ms = 30000
	retry.backoff.max.ms = 1000
	retry.backoff.ms = 100
	sasl.client.callback.handler.class = null
	sasl.jaas.config = null
	sasl.kerberos.kinit.cmd = /usr/bin/kinit
	sasl.kerberos.min.time.before.relogin = 60000
	sasl.kerberos.service.name = null
	sasl.kerberos.ticket.renew.jitter = 0.05
	sasl.kerberos.ticket.renew.window.factor = 0.8
	sasl.login.callback.handler.class = null
	sasl.login.class = null
	sasl.login.connect.timeout.ms = null
	sasl.login.read.timeout.ms = null
	sasl.login.refresh.buffer.seconds = 300
	sasl.login.refresh.min.period.seconds = 60
	sasl.login.refresh.window.factor = 0.8
	sasl.login.refresh.window.jitter = 0.05
	sasl.login.retry.backoff.max.ms = 10000
	sasl.login.retry.backoff.ms = 100
	sasl.mechanism = GSSAPI
	sasl.oauthbearer.clock.skew.seconds = 30
	sasl.oauthbearer.expected.audience = null
	sasl.oauthbearer.expected.issuer = null
	sasl.oauthbearer.jwks.endpoint.refresh.ms = 3600000
	sasl.oauthbearer.jwks.endpoint.retry.backoff.max.ms = 10000
	sasl.oauthbearer.jwks.endpoint.retry.backoff.ms = 100
	sasl.oauthbearer.jwks.endpoint.url = null
	sasl.oauthbearer.scope.claim.name = scope
	sasl.oauthbearer.sub.claim.name = sub
	sasl.oauthbearer.token.endpoint.url = null
	security.protocol = PLAINTEXT
	security.providers = null
	send.buffer.bytes = 131072
	session.timeout.ms = 45000
	socket.connection.setup.timeout.max.ms = 30000
	socket.connection.setup.timeout.ms = 10000
	ssl.cipher.suites = null
	ssl.enabled.protocols = [TLSv1.2, TLSv1.3]
	ssl.endpoint.identification.algorithm = https
	ssl.engine.factory.class = null
	ssl.key.password = null
	ssl.keymanager.algorithm = SunX509
	ssl.keystore.certificate.chain = null
	ssl.keystore.key = null
	ssl.keystore.location = null
	ssl.keystore.password = null
	ssl.keystore.type = JKS
	ssl.protocol = TLSv1.3
	ssl.provider = null
	ssl.secure.random.implementation = null
	ssl.trustmanager.algorithm = PKIX
	ssl.truststore.certificates = null
	ssl.truststore.location = null
	ssl.truststore.password = null
	ssl.truststore.type = JKS
	value.deserializer = class org.apache.kafka.common.serialization.StringDeserializer
 
2025-04-28 15:43:53-478 [main] INFO  o.a.k.c.t.i.KafkaMetricsCollector - initializing Kafka metrics collector 
2025-04-28 15:43:53-484 [main] INFO  o.a.kafka.common.utils.AppInfoParser - Kafka version: 3.8.1 
2025-04-28 15:43:53-485 [main] INFO  o.a.kafka.common.utils.AppInfoParser - Kafka commitId: 70d6ff42debf7e17 
2025-04-28 15:43:53-485 [main] INFO  o.a.kafka.common.utils.AppInfoParser - Kafka startTimeMs: 1745873033484 
2025-04-28 15:43:53-485 [main] INFO  o.a.k.c.c.i.LegacyKafkaConsumer - [Consumer clientId=consumer-bootcoin-group-2, groupId=bootcoin-group] Subscribed to topic(s): wallet-bootcoin-request 
2025-04-28 15:43:53-488 [main] INFO  o.a.k.c.consumer.ConsumerConfig - ConsumerConfig values: 
	allow.auto.create.topics = true
	auto.commit.interval.ms = 5000
	auto.include.jmx.reporter = true
	auto.offset.reset = latest
	bootstrap.servers = [localhost:29092]
	check.crcs = true
	client.dns.lookup = use_all_dns_ips
	client.id = consumer-bootcoin-group-3
	client.rack = 
	connections.max.idle.ms = 540000
	default.api.timeout.ms = 60000
	enable.auto.commit = false
	enable.metrics.push = true
	exclude.internal.topics = true
	fetch.max.bytes = 52428800
	fetch.max.wait.ms = 500
	fetch.min.bytes = 1
	group.id = bootcoin-group
	group.instance.id = null
	group.protocol = classic
	group.remote.assignor = null
	heartbeat.interval.ms = 3000
	interceptor.classes = []
	internal.leave.group.on.close = true
	internal.throw.on.fetch.stable.offset.unsupported = false
	isolation.level = read_uncommitted
	key.deserializer = class org.apache.kafka.common.serialization.StringDeserializer
	max.partition.fetch.bytes = 1048576
	max.poll.interval.ms = 300000
	max.poll.records = 500
	metadata.max.age.ms = 300000
	metadata.recovery.strategy = none
	metric.reporters = []
	metrics.num.samples = 2
	metrics.recording.level = INFO
	metrics.sample.window.ms = 30000
	partition.assignment.strategy = [class org.apache.kafka.clients.consumer.RangeAssignor, class org.apache.kafka.clients.consumer.CooperativeStickyAssignor]
	receive.buffer.bytes = 65536
	reconnect.backoff.max.ms = 1000
	reconnect.backoff.ms = 50
	request.timeout.ms = 30000
	retry.backoff.max.ms = 1000
	retry.backoff.ms = 100
	sasl.client.callback.handler.class = null
	sasl.jaas.config = null
	sasl.kerberos.kinit.cmd = /usr/bin/kinit
	sasl.kerberos.min.time.before.relogin = 60000
	sasl.kerberos.service.name = null
	sasl.kerberos.ticket.renew.jitter = 0.05
	sasl.kerberos.ticket.renew.window.factor = 0.8
	sasl.login.callback.handler.class = null
	sasl.login.class = null
	sasl.login.connect.timeout.ms = null
	sasl.login.read.timeout.ms = null
	sasl.login.refresh.buffer.seconds = 300
	sasl.login.refresh.min.period.seconds = 60
	sasl.login.refresh.window.factor = 0.8
	sasl.login.refresh.window.jitter = 0.05
	sasl.login.retry.backoff.max.ms = 10000
	sasl.login.retry.backoff.ms = 100
	sasl.mechanism = GSSAPI
	sasl.oauthbearer.clock.skew.seconds = 30
	sasl.oauthbearer.expected.audience = null
	sasl.oauthbearer.expected.issuer = null
	sasl.oauthbearer.jwks.endpoint.refresh.ms = 3600000
	sasl.oauthbearer.jwks.endpoint.retry.backoff.max.ms = 10000
	sasl.oauthbearer.jwks.endpoint.retry.backoff.ms = 100
	sasl.oauthbearer.jwks.endpoint.url = null
	sasl.oauthbearer.scope.claim.name = scope
	sasl.oauthbearer.sub.claim.name = sub
	sasl.oauthbearer.token.endpoint.url = null
	security.protocol = PLAINTEXT
	security.providers = null
	send.buffer.bytes = 131072
	session.timeout.ms = 45000
	socket.connection.setup.timeout.max.ms = 30000
	socket.connection.setup.timeout.ms = 10000
	ssl.cipher.suites = null
	ssl.enabled.protocols = [TLSv1.2, TLSv1.3]
	ssl.endpoint.identification.algorithm = https
	ssl.engine.factory.class = null
	ssl.key.password = null
	ssl.keymanager.algorithm = SunX509
	ssl.keystore.certificate.chain = null
	ssl.keystore.key = null
	ssl.keystore.location = null
	ssl.keystore.password = null
	ssl.keystore.type = JKS
	ssl.protocol = TLSv1.3
	ssl.provider = null
	ssl.secure.random.implementation = null
	ssl.trustmanager.algorithm = PKIX
	ssl.truststore.certificates = null
	ssl.truststore.location = null
	ssl.truststore.password = null
	ssl.truststore.type = JKS
	value.deserializer = class org.apache.kafka.common.serialization.StringDeserializer
 
2025-04-28 15:43:53-489 [main] INFO  o.a.k.c.t.i.KafkaMetricsCollector - initializing Kafka metrics collector 
2025-04-28 15:43:53-494 [org.springframework.kafka.KafkaListenerEndpointContainer#0-0-C-1] INFO  org.apache.kafka.clients.Metadata - [Consumer clientId=consumer-bootcoin-group-2, groupId=bootcoin-group] Cluster ID: pQNgvDGCTc6DWdlYtyeAyg 
2025-04-28 15:43:53-494 [org.springframework.kafka.KafkaListenerEndpointContainer#0-0-C-1] INFO  o.a.k.c.c.i.ConsumerCoordinator - [Consumer clientId=consumer-bootcoin-group-2, groupId=bootcoin-group] Discovered group coordinator localhost:29092 (id: 2147482646 rack: null) 
2025-04-28 15:43:53-495 [org.springframework.kafka.KafkaListenerEndpointContainer#0-0-C-1] INFO  o.a.k.c.c.i.ConsumerCoordinator - [Consumer clientId=consumer-bootcoin-group-2, groupId=bootcoin-group] (Re-)joining group 
2025-04-28 15:43:53-497 [main] INFO  o.a.kafka.common.utils.AppInfoParser - Kafka version: 3.8.1 
2025-04-28 15:43:53-497 [main] INFO  o.a.kafka.common.utils.AppInfoParser - Kafka commitId: 70d6ff42debf7e17 
2025-04-28 15:43:53-497 [main] INFO  o.a.kafka.common.utils.AppInfoParser - Kafka startTimeMs: 1745873033497 
2025-04-28 15:43:53-498 [main] INFO  o.a.k.c.c.i.LegacyKafkaConsumer - [Consumer clientId=consumer-bootcoin-group-3, groupId=bootcoin-group] Subscribed to topic(s): wallet-user-request 
2025-04-28 15:43:53-500 [org.springframework.kafka.KafkaListenerEndpointContainer#0-0-C-1] INFO  o.a.k.c.c.i.ConsumerCoordinator - [Consumer clientId=consumer-bootcoin-group-2, groupId=bootcoin-group] Request joining group due to: need to re-join with the given member-id: consumer-bootcoin-group-2-f3eea53c-dadc-48fc-a504-61373358af5e 
2025-04-28 15:43:53-501 [org.springframework.kafka.KafkaListenerEndpointContainer#0-0-C-1] INFO  o.a.k.c.c.i.ConsumerCoordinator - [Consumer clientId=consumer-bootcoin-group-2, groupId=bootcoin-group] (Re-)joining group 
2025-04-28 15:43:53-506 [org.springframework.kafka.KafkaListenerEndpointContainer#1-0-C-1] INFO  org.apache.kafka.clients.Metadata - [Consumer clientId=consumer-bootcoin-group-3, groupId=bootcoin-group] Cluster ID: pQNgvDGCTc6DWdlYtyeAyg 
2025-04-28 15:43:53-506 [org.springframework.kafka.KafkaListenerEndpointContainer#1-0-C-1] INFO  o.a.k.c.c.i.ConsumerCoordinator - [Consumer clientId=consumer-bootcoin-group-3, groupId=bootcoin-group] Discovered group coordinator localhost:29092 (id: 2147482646 rack: null) 
2025-04-28 15:43:53-507 [org.springframework.kafka.KafkaListenerEndpointContainer#1-0-C-1] INFO  o.a.k.c.c.i.ConsumerCoordinator - [Consumer clientId=consumer-bootcoin-group-3, groupId=bootcoin-group] (Re-)joining group 
2025-04-28 15:43:53-512 [org.springframework.kafka.KafkaListenerEndpointContainer#1-0-C-1] INFO  o.a.k.c.c.i.ConsumerCoordinator - [Consumer clientId=consumer-bootcoin-group-3, groupId=bootcoin-group] Request joining group due to: need to re-join with the given member-id: consumer-bootcoin-group-3-fc6b8dc5-68c3-4ecb-b0bc-76bc8df0c573 
2025-04-28 15:43:53-513 [org.springframework.kafka.KafkaListenerEndpointContainer#1-0-C-1] INFO  o.a.k.c.c.i.ConsumerCoordinator - [Consumer clientId=consumer-bootcoin-group-3, groupId=bootcoin-group] (Re-)joining group 
2025-04-28 15:43:53-518 [main] INFO  c.b.w.b.a.WalletBootcoinApiApplication - Started WalletBootcoinApiApplication in 7.588 seconds (process running for 9.418) 
2025-04-28 15:43:53-644 [org.springframework.kafka.KafkaListenerEndpointContainer#0-0-C-1] INFO  o.a.k.c.c.i.ConsumerCoordinator - [Consumer clientId=consumer-bootcoin-group-2, groupId=bootcoin-group] Successfully joined group with generation Generation{generationId=31, memberId='consumer-bootcoin-group-2-f3eea53c-dadc-48fc-a504-61373358af5e', protocol='range'} 
2025-04-28 15:43:53-649 [org.springframework.kafka.KafkaListenerEndpointContainer#1-0-C-1] INFO  o.a.k.c.c.i.ConsumerCoordinator - [Consumer clientId=consumer-bootcoin-group-3, groupId=bootcoin-group] Successfully joined group with generation Generation{generationId=31, memberId='consumer-bootcoin-group-3-fc6b8dc5-68c3-4ecb-b0bc-76bc8df0c573', protocol='range'} 
2025-04-28 15:43:53-652 [repliesContainer-0-C-1] INFO  o.a.k.c.c.i.ConsumerCoordinator - [Consumer clientId=consumer-bootcoin-group-1, groupId=bootcoin-group] Successfully joined group with generation Generation{generationId=31, memberId='consumer-bootcoin-group-1-5ebbd9c1-2b25-474d-b283-c4ae4464a858', protocol='range'} 
2025-04-28 15:43:54-099 [org.springframework.kafka.KafkaListenerEndpointContainer#0-0-C-1] INFO  o.a.k.c.c.i.ConsumerCoordinator - [Consumer clientId=consumer-bootcoin-group-2, groupId=bootcoin-group] Successfully synced group in generation Generation{generationId=31, memberId='consumer-bootcoin-group-2-f3eea53c-dadc-48fc-a504-61373358af5e', protocol='range'} 
2025-04-28 15:43:54-099 [org.springframework.kafka.KafkaListenerEndpointContainer#1-0-C-1] INFO  o.a.k.c.c.i.ConsumerCoordinator - [Consumer clientId=consumer-bootcoin-group-3, groupId=bootcoin-group] Successfully synced group in generation Generation{generationId=31, memberId='consumer-bootcoin-group-3-fc6b8dc5-68c3-4ecb-b0bc-76bc8df0c573', protocol='range'} 
2025-04-28 15:43:54-100 [repliesContainer-0-C-1] INFO  o.a.k.c.c.i.ConsumerCoordinator - [Consumer clientId=consumer-bootcoin-group-1, groupId=bootcoin-group] Successfully synced group in generation Generation{generationId=31, memberId='consumer-bootcoin-group-1-5ebbd9c1-2b25-474d-b283-c4ae4464a858', protocol='range'} 
2025-04-28 15:43:54-104 [repliesContainer-0-C-1] INFO  o.a.k.c.c.i.ConsumerCoordinator - [Consumer clientId=consumer-bootcoin-group-1, groupId=bootcoin-group] Notifying assignor about the new Assignment(partitions=[wallet-bootcoin-response-0]) 
2025-04-28 15:43:54-104 [org.springframework.kafka.KafkaListenerEndpointContainer#1-0-C-1] INFO  o.a.k.c.c.i.ConsumerCoordinator - [Consumer clientId=consumer-bootcoin-group-3, groupId=bootcoin-group] Notifying assignor about the new Assignment(partitions=[wallet-user-request-0]) 
2025-04-28 15:43:54-103 [org.springframework.kafka.KafkaListenerEndpointContainer#0-0-C-1] INFO  o.a.k.c.c.i.ConsumerCoordinator - [Consumer clientId=consumer-bootcoin-group-2, groupId=bootcoin-group] Notifying assignor about the new Assignment(partitions=[wallet-bootcoin-request-0]) 
2025-04-28 15:43:54-108 [org.springframework.kafka.KafkaListenerEndpointContainer#0-0-C-1] INFO  o.a.k.c.c.i.ConsumerRebalanceListenerInvoker - [Consumer clientId=consumer-bootcoin-group-2, groupId=bootcoin-group] Adding newly assigned partitions: wallet-bootcoin-request-0 
2025-04-28 15:43:54-108 [org.springframework.kafka.KafkaListenerEndpointContainer#1-0-C-1] INFO  o.a.k.c.c.i.ConsumerRebalanceListenerInvoker - [Consumer clientId=consumer-bootcoin-group-3, groupId=bootcoin-group] Adding newly assigned partitions: wallet-user-request-0 
2025-04-28 15:43:54-108 [repliesContainer-0-C-1] INFO  o.a.k.c.c.i.ConsumerRebalanceListenerInvoker - [Consumer clientId=consumer-bootcoin-group-1, groupId=bootcoin-group] Adding newly assigned partitions: wallet-bootcoin-response-0 
2025-04-28 15:43:54-122 [org.springframework.kafka.KafkaListenerEndpointContainer#0-0-C-1] INFO  o.a.k.c.c.internals.ConsumerUtils - Setting offset for partition wallet-bootcoin-request-0 to the committed offset FetchPosition{offset=5, offsetEpoch=Optional.empty, currentLeader=LeaderAndEpoch{leader=Optional[localhost:29092 (id: 1001 rack: null)], epoch=0}} 
2025-04-28 15:43:54-122 [org.springframework.kafka.KafkaListenerEndpointContainer#1-0-C-1] INFO  o.a.k.c.c.internals.ConsumerUtils - Setting offset for partition wallet-user-request-0 to the committed offset FetchPosition{offset=0, offsetEpoch=Optional.empty, currentLeader=LeaderAndEpoch{leader=Optional[localhost:29092 (id: 1001 rack: null)], epoch=0}} 
2025-04-28 15:43:54-122 [repliesContainer-0-C-1] INFO  o.a.k.c.c.internals.ConsumerUtils - Setting offset for partition wallet-bootcoin-response-0 to the committed offset FetchPosition{offset=4, offsetEpoch=Optional.empty, currentLeader=LeaderAndEpoch{leader=Optional[localhost:29092 (id: 1001 rack: null)], epoch=0}} 
2025-04-28 15:43:54-124 [org.springframework.kafka.KafkaListenerEndpointContainer#0-0-C-1] INFO  o.s.k.l.KafkaMessageListenerContainer - bootcoin-group: partitions assigned: [wallet-bootcoin-request-0] 
2025-04-28 15:43:54-124 [org.springframework.kafka.KafkaListenerEndpointContainer#1-0-C-1] INFO  o.s.k.l.KafkaMessageListenerContainer - bootcoin-group: partitions assigned: [wallet-user-request-0] 
2025-04-28 15:43:54-124 [repliesContainer-0-C-1] INFO  o.s.k.l.ConcurrentMessageListenerContainer - bootcoin-group: partitions assigned: [wallet-bootcoin-response-0] 
2025-04-28 15:43:54-163 [org.springframework.kafka.KafkaListenerEndpointContainer#0-0-C-1] INFO  c.b.w.b.api.consumer.WalletConsumer - Init create wallet: {"phoneNumber":"11111111"}, replyTopic: wallet-bootcoin-response, correlationId: [111, -9, -45, 86, 111, 97, 77, -99, -99, 77, -8, 85, 62, -126, -83, -89] 
2025-04-28 15:43:54-167 [org.springframework.kafka.KafkaListenerEndpointContainer#0-0-C-1] INFO  c.b.w.b.a.service.WalletServiceImpl - Init create wallet to user 11111111 
2025-04-28 15:43:54-274 [nioEventLoopGroup-3-3] INFO  c.b.w.b.a.service.WalletServiceImpl - UserId have wallet yet 
2025-04-28 15:43:54-275 [nioEventLoopGroup-3-3] INFO  c.b.w.b.a.service.WalletServiceImpl - Wallet created successfully 2820483-8463957-1581814 for userId 11111111 
2025-04-28 15:43:54-277 [nioEventLoopGroup-3-3] INFO  c.b.w.b.api.consumer.WalletConsumer - Wallet created: {"walletAccount":"2820483-8463957-1581814","userId":"11111111"} 
2025-04-28 15:43:54-287 [nioEventLoopGroup-3-3] INFO  o.a.k.c.producer.ProducerConfig - ProducerConfig values: 
	acks = -1
	auto.include.jmx.reporter = true
	batch.size = 16384
	bootstrap.servers = [localhost:29092]
	buffer.memory = 33554432
	client.dns.lookup = use_all_dns_ips
	client.id = wallet-bootcoin-api-producer-1
	compression.gzip.level = -1
	compression.lz4.level = 9
	compression.type = none
	compression.zstd.level = 3
	connections.max.idle.ms = 540000
	delivery.timeout.ms = 120000
	enable.idempotence = true
	enable.metrics.push = true
	interceptor.classes = []
	key.serializer = class org.apache.kafka.common.serialization.StringSerializer
	linger.ms = 0
	max.block.ms = 60000
	max.in.flight.requests.per.connection = 5
	max.request.size = 1048576
	metadata.max.age.ms = 300000
	metadata.max.idle.ms = 300000
	metadata.recovery.strategy = none
	metric.reporters = []
	metrics.num.samples = 2
	metrics.recording.level = INFO
	metrics.sample.window.ms = 30000
	partitioner.adaptive.partitioning.enable = true
	partitioner.availability.timeout.ms = 0
	partitioner.class = null
	partitioner.ignore.keys = false
	receive.buffer.bytes = 32768
	reconnect.backoff.max.ms = 1000
	reconnect.backoff.ms = 50
	request.timeout.ms = 30000
	retries = 2147483647
	retry.backoff.max.ms = 1000
	retry.backoff.ms = 100
	sasl.client.callback.handler.class = null
	sasl.jaas.config = null
	sasl.kerberos.kinit.cmd = /usr/bin/kinit
	sasl.kerberos.min.time.before.relogin = 60000
	sasl.kerberos.service.name = null
	sasl.kerberos.ticket.renew.jitter = 0.05
	sasl.kerberos.ticket.renew.window.factor = 0.8
	sasl.login.callback.handler.class = null
	sasl.login.class = null
	sasl.login.connect.timeout.ms = null
	sasl.login.read.timeout.ms = null
	sasl.login.refresh.buffer.seconds = 300
	sasl.login.refresh.min.period.seconds = 60
	sasl.login.refresh.window.factor = 0.8
	sasl.login.refresh.window.jitter = 0.05
	sasl.login.retry.backoff.max.ms = 10000
	sasl.login.retry.backoff.ms = 100
	sasl.mechanism = GSSAPI
	sasl.oauthbearer.clock.skew.seconds = 30
	sasl.oauthbearer.expected.audience = null
	sasl.oauthbearer.expected.issuer = null
	sasl.oauthbearer.jwks.endpoint.refresh.ms = 3600000
	sasl.oauthbearer.jwks.endpoint.retry.backoff.max.ms = 10000
	sasl.oauthbearer.jwks.endpoint.retry.backoff.ms = 100
	sasl.oauthbearer.jwks.endpoint.url = null
	sasl.oauthbearer.scope.claim.name = scope
	sasl.oauthbearer.sub.claim.name = sub
	sasl.oauthbearer.token.endpoint.url = null
	security.protocol = PLAINTEXT
	security.providers = null
	send.buffer.bytes = 131072
	socket.connection.setup.timeout.max.ms = 30000
	socket.connection.setup.timeout.ms = 10000
	ssl.cipher.suites = null
	ssl.enabled.protocols = [TLSv1.2, TLSv1.3]
	ssl.endpoint.identification.algorithm = https
	ssl.engine.factory.class = null
	ssl.key.password = null
	ssl.keymanager.algorithm = SunX509
	ssl.keystore.certificate.chain = null
	ssl.keystore.key = null
	ssl.keystore.location = null
	ssl.keystore.password = null
	ssl.keystore.type = JKS
	ssl.protocol = TLSv1.3
	ssl.provider = null
	ssl.secure.random.implementation = null
	ssl.trustmanager.algorithm = PKIX
	ssl.truststore.certificates = null
	ssl.truststore.location = null
	ssl.truststore.password = null
	ssl.truststore.type = JKS
	transaction.timeout.ms = 60000
	transactional.id = null
	value.serializer = class org.apache.kafka.common.serialization.StringSerializer
 
2025-04-28 15:43:54-288 [nioEventLoopGroup-3-3] INFO  o.a.k.c.t.i.KafkaMetricsCollector - initializing Kafka metrics collector 
2025-04-28 15:43:54-312 [nioEventLoopGroup-3-3] INFO  o.a.k.clients.producer.KafkaProducer - [Producer clientId=wallet-bootcoin-api-producer-1] Instantiated an idempotent producer. 
2025-04-28 15:43:54-330 [nioEventLoopGroup-3-3] INFO  o.a.kafka.common.utils.AppInfoParser - Kafka version: 3.8.1 
2025-04-28 15:43:54-330 [nioEventLoopGroup-3-3] INFO  o.a.kafka.common.utils.AppInfoParser - Kafka commitId: 70d6ff42debf7e17 
2025-04-28 15:43:54-330 [nioEventLoopGroup-3-3] INFO  o.a.kafka.common.utils.AppInfoParser - Kafka startTimeMs: 1745873034330 
2025-04-28 15:43:54-339 [kafka-producer-network-thread | wallet-bootcoin-api-producer-1] INFO  org.apache.kafka.clients.Metadata - [Producer clientId=wallet-bootcoin-api-producer-1] Cluster ID: pQNgvDGCTc6DWdlYtyeAyg 
2025-04-28 15:43:54-341 [kafka-producer-network-thread | wallet-bootcoin-api-producer-1] INFO  o.a.k.c.p.i.TransactionManager - [Producer clientId=wallet-bootcoin-api-producer-1] ProducerId set to 10 with epoch 0 
2025-04-28 15:43:54-349 [nioEventLoopGroup-3-3] INFO  c.b.w.b.api.consumer.WalletConsumer - Subscribe to bootcoin wallet 
2025-04-28 15:43:54-368 [repliesContainer-0-C-1] ERROR o.s.k.r.ReplyingKafkaTemplate - No pending reply: wallet-bootcoin-response-0@4 with correlationId: 6ff7d356-6f61-4d9d-9d4d-f8553e82ada7, perhaps timed out, or using a shared reply topic 
2025-04-28 15:44:53-785 [org.springframework.kafka.KafkaListenerEndpointContainer#0-0-C-1] INFO  o.a.k.c.c.i.ConsumerCoordinator - [Consumer clientId=consumer-bootcoin-group-2, groupId=bootcoin-group] Request joining group due to: group is already rebalancing 
2025-04-28 15:44:53-787 [org.springframework.kafka.KafkaListenerEndpointContainer#0-0-C-1] INFO  o.a.k.c.c.i.ConsumerRebalanceListenerInvoker - [Consumer clientId=consumer-bootcoin-group-2, groupId=bootcoin-group] Revoke previously assigned partitions wallet-bootcoin-request-0 
2025-04-28 15:44:53-788 [org.springframework.kafka.KafkaListenerEndpointContainer#0-0-C-1] INFO  o.s.k.l.KafkaMessageListenerContainer - bootcoin-group: partitions revoked: [wallet-bootcoin-request-0] 
2025-04-28 15:44:53-788 [org.springframework.kafka.KafkaListenerEndpointContainer#0-0-C-1] INFO  o.a.k.c.c.i.ConsumerCoordinator - [Consumer clientId=consumer-bootcoin-group-2, groupId=bootcoin-group] (Re-)joining group 
2025-04-28 15:44:53-799 [org.springframework.kafka.KafkaListenerEndpointContainer#1-0-C-1] INFO  o.a.k.c.c.i.ConsumerCoordinator - [Consumer clientId=consumer-bootcoin-group-3, groupId=bootcoin-group] Request joining group due to: group is already rebalancing 
2025-04-28 15:44:53-800 [org.springframework.kafka.KafkaListenerEndpointContainer#1-0-C-1] INFO  o.a.k.c.c.i.ConsumerRebalanceListenerInvoker - [Consumer clientId=consumer-bootcoin-group-3, groupId=bootcoin-group] Revoke previously assigned partitions wallet-user-request-0 
2025-04-28 15:44:53-800 [org.springframework.kafka.KafkaListenerEndpointContainer#1-0-C-1] INFO  o.s.k.l.KafkaMessageListenerContainer - bootcoin-group: partitions revoked: [wallet-user-request-0] 
2025-04-28 15:44:53-800 [org.springframework.kafka.KafkaListenerEndpointContainer#1-0-C-1] INFO  o.a.k.c.c.i.ConsumerCoordinator - [Consumer clientId=consumer-bootcoin-group-3, groupId=bootcoin-group] (Re-)joining group 
2025-04-28 15:44:53-817 [repliesContainer-0-C-1] INFO  o.a.k.c.c.i.ConsumerCoordinator - [Consumer clientId=consumer-bootcoin-group-1, groupId=bootcoin-group] Request joining group due to: group is already rebalancing 
2025-04-28 15:44:53-817 [repliesContainer-0-C-1] INFO  o.a.k.c.c.i.ConsumerRebalanceListenerInvoker - [Consumer clientId=consumer-bootcoin-group-1, groupId=bootcoin-group] Revoke previously assigned partitions wallet-bootcoin-response-0 
2025-04-28 15:44:53-817 [repliesContainer-0-C-1] INFO  o.s.k.l.ConcurrentMessageListenerContainer - bootcoin-group: partitions revoked: [wallet-bootcoin-response-0] 
2025-04-28 15:44:53-817 [repliesContainer-0-C-1] INFO  o.a.k.c.c.i.ConsumerCoordinator - [Consumer clientId=consumer-bootcoin-group-1, groupId=bootcoin-group] (Re-)joining group 
2025-04-28 15:44:53-820 [repliesContainer-0-C-1] INFO  o.a.k.c.c.i.ConsumerCoordinator - [Consumer clientId=consumer-bootcoin-group-1, groupId=bootcoin-group] Successfully joined group with generation Generation{generationId=32, memberId='consumer-bootcoin-group-1-5ebbd9c1-2b25-474d-b283-c4ae4464a858', protocol='range'} 
2025-04-28 15:44:53-820 [org.springframework.kafka.KafkaListenerEndpointContainer#0-0-C-1] INFO  o.a.k.c.c.i.ConsumerCoordinator - [Consumer clientId=consumer-bootcoin-group-2, groupId=bootcoin-group] Successfully joined group with generation Generation{generationId=32, memberId='consumer-bootcoin-group-2-f3eea53c-dadc-48fc-a504-61373358af5e', protocol='range'} 
2025-04-28 15:44:53-821 [org.springframework.kafka.KafkaListenerEndpointContainer#1-0-C-1] INFO  o.a.k.c.c.i.ConsumerCoordinator - [Consumer clientId=consumer-bootcoin-group-3, groupId=bootcoin-group] Successfully joined group with generation Generation{generationId=32, memberId='consumer-bootcoin-group-3-fc6b8dc5-68c3-4ecb-b0bc-76bc8df0c573', protocol='range'} 
2025-04-28 15:44:54-023 [org.springframework.kafka.KafkaListenerEndpointContainer#0-0-C-1] INFO  o.a.k.c.c.i.ConsumerCoordinator - [Consumer clientId=consumer-bootcoin-group-2, groupId=bootcoin-group] Successfully synced group in generation Generation{generationId=32, memberId='consumer-bootcoin-group-2-f3eea53c-dadc-48fc-a504-61373358af5e', protocol='range'} 
2025-04-28 15:44:54-023 [org.springframework.kafka.KafkaListenerEndpointContainer#1-0-C-1] INFO  o.a.k.c.c.i.ConsumerCoordinator - [Consumer clientId=consumer-bootcoin-group-3, groupId=bootcoin-group] Successfully synced group in generation Generation{generationId=32, memberId='consumer-bootcoin-group-3-fc6b8dc5-68c3-4ecb-b0bc-76bc8df0c573', protocol='range'} 
2025-04-28 15:44:54-023 [org.springframework.kafka.KafkaListenerEndpointContainer#0-0-C-1] INFO  o.a.k.c.c.i.ConsumerCoordinator - [Consumer clientId=consumer-bootcoin-group-2, groupId=bootcoin-group] Notifying assignor about the new Assignment(partitions=[wallet-bootcoin-request-0]) 
2025-04-28 15:44:54-024 [org.springframework.kafka.KafkaListenerEndpointContainer#1-0-C-1] INFO  o.a.k.c.c.i.ConsumerCoordinator - [Consumer clientId=consumer-bootcoin-group-3, groupId=bootcoin-group] Notifying assignor about the new Assignment(partitions=[wallet-user-request-0]) 
2025-04-28 15:44:54-024 [org.springframework.kafka.KafkaListenerEndpointContainer#0-0-C-1] INFO  o.a.k.c.c.i.ConsumerRebalanceListenerInvoker - [Consumer clientId=consumer-bootcoin-group-2, groupId=bootcoin-group] Adding newly assigned partitions: wallet-bootcoin-request-0 
2025-04-28 15:44:54-024 [org.springframework.kafka.KafkaListenerEndpointContainer#1-0-C-1] INFO  o.a.k.c.c.i.ConsumerRebalanceListenerInvoker - [Consumer clientId=consumer-bootcoin-group-3, groupId=bootcoin-group] Adding newly assigned partitions: wallet-user-request-0 
2025-04-28 15:44:54-025 [repliesContainer-0-C-1] INFO  o.a.k.c.c.i.ConsumerCoordinator - [Consumer clientId=consumer-bootcoin-group-1, groupId=bootcoin-group] Successfully synced group in generation Generation{generationId=32, memberId='consumer-bootcoin-group-1-5ebbd9c1-2b25-474d-b283-c4ae4464a858', protocol='range'} 
2025-04-28 15:44:54-026 [repliesContainer-0-C-1] INFO  o.a.k.c.c.i.ConsumerCoordinator - [Consumer clientId=consumer-bootcoin-group-1, groupId=bootcoin-group] Notifying assignor about the new Assignment(partitions=[wallet-bootcoin-response-0]) 
2025-04-28 15:44:54-027 [repliesContainer-0-C-1] INFO  o.a.k.c.c.i.ConsumerRebalanceListenerInvoker - [Consumer clientId=consumer-bootcoin-group-1, groupId=bootcoin-group] Adding newly assigned partitions: wallet-bootcoin-response-0 
2025-04-28 15:44:54-029 [org.springframework.kafka.KafkaListenerEndpointContainer#0-0-C-1] INFO  o.a.k.c.c.internals.ConsumerUtils - Setting offset for partition wallet-bootcoin-request-0 to the committed offset FetchPosition{offset=6, offsetEpoch=Optional.empty, currentLeader=LeaderAndEpoch{leader=Optional[localhost:29092 (id: 1001 rack: null)], epoch=0}} 
2025-04-28 15:44:54-029 [org.springframework.kafka.KafkaListenerEndpointContainer#1-0-C-1] INFO  o.a.k.c.c.internals.ConsumerUtils - Setting offset for partition wallet-user-request-0 to the committed offset FetchPosition{offset=0, offsetEpoch=Optional.empty, currentLeader=LeaderAndEpoch{leader=Optional[localhost:29092 (id: 1001 rack: null)], epoch=0}} 
2025-04-28 15:44:54-030 [org.springframework.kafka.KafkaListenerEndpointContainer#1-0-C-1] INFO  o.s.k.l.KafkaMessageListenerContainer - bootcoin-group: partitions assigned: [wallet-user-request-0] 
2025-04-28 15:44:54-030 [org.springframework.kafka.KafkaListenerEndpointContainer#0-0-C-1] INFO  o.s.k.l.KafkaMessageListenerContainer - bootcoin-group: partitions assigned: [wallet-bootcoin-request-0] 
2025-04-28 15:44:54-031 [repliesContainer-0-C-1] INFO  o.a.k.c.c.internals.ConsumerUtils - Setting offset for partition wallet-bootcoin-response-0 to the committed offset FetchPosition{offset=5, offsetEpoch=Optional.empty, currentLeader=LeaderAndEpoch{leader=Optional[localhost:29092 (id: 1001 rack: null)], epoch=0}} 
2025-04-28 15:44:54-032 [repliesContainer-0-C-1] INFO  o.s.k.l.ConcurrentMessageListenerContainer - bootcoin-group: partitions assigned: [wallet-bootcoin-response-0] 
2025-04-28 15:45:44-077 [SpringApplicationShutdownHook] INFO  o.s.c.n.e.s.EurekaServiceRegistry - Unregistering application WALLET-BOOTCOIN-API with eureka with status DOWN 
2025-04-28 15:45:44-077 [SpringApplicationShutdownHook] INFO  c.netflix.discovery.DiscoveryClient - Saw local status change event StatusChangeEvent [timestamp=1745873144077, current=DOWN, previous=UP] 
2025-04-28 15:45:44-077 [DiscoveryClient-InstanceInfoReplicator-%d] INFO  c.netflix.discovery.DiscoveryClient - DiscoveryClient_WALLET-BOOTCOIN-API/wallet-bootcoin-api:8805: registering service... 
2025-04-28 15:45:44-082 [repliesContainer-0-C-1] INFO  o.a.k.c.c.i.ConsumerRebalanceListenerInvoker - [Consumer clientId=consumer-bootcoin-group-1, groupId=bootcoin-group] Revoke previously assigned partitions wallet-bootcoin-response-0 
2025-04-28 15:45:44-082 [repliesContainer-0-C-1] INFO  o.s.k.l.ConcurrentMessageListenerContainer - bootcoin-group: partitions revoked: [wallet-bootcoin-response-0] 
2025-04-28 15:45:44-083 [repliesContainer-0-C-1] INFO  o.a.k.c.c.i.ConsumerCoordinator - [Consumer clientId=consumer-bootcoin-group-1, groupId=bootcoin-group] Member consumer-bootcoin-group-1-5ebbd9c1-2b25-474d-b283-c4ae4464a858 sending LeaveGroup request to coordinator localhost:29092 (id: 2147482646 rack: null) due to the consumer unsubscribed from all topics 
2025-04-28 15:45:44-084 [repliesContainer-0-C-1] INFO  o.a.k.c.c.i.ConsumerCoordinator - [Consumer clientId=consumer-bootcoin-group-1, groupId=bootcoin-group] Resetting generation and member id due to: consumer pro-actively leaving the group 
2025-04-28 15:45:44-084 [repliesContainer-0-C-1] INFO  o.a.k.c.c.i.ConsumerCoordinator - [Consumer clientId=consumer-bootcoin-group-1, groupId=bootcoin-group] Request joining group due to: consumer pro-actively leaving the group 
2025-04-28 15:45:44-084 [repliesContainer-0-C-1] INFO  o.a.k.c.c.i.LegacyKafkaConsumer - [Consumer clientId=consumer-bootcoin-group-1, groupId=bootcoin-group] Unsubscribed all topics or patterns and assigned partitions 
2025-04-28 15:45:44-086 [repliesContainer-0-C-1] INFO  o.a.k.c.c.i.ConsumerCoordinator - [Consumer clientId=consumer-bootcoin-group-1, groupId=bootcoin-group] Resetting generation and member id due to: consumer pro-actively leaving the group 
2025-04-28 15:45:44-087 [repliesContainer-0-C-1] INFO  o.a.k.c.c.i.ConsumerCoordinator - [Consumer clientId=consumer-bootcoin-group-1, groupId=bootcoin-group] Request joining group due to: consumer pro-actively leaving the group 
2025-04-28 15:45:44-091 [DiscoveryClient-InstanceInfoReplicator-%d] INFO  c.netflix.discovery.DiscoveryClient - DiscoveryClient_WALLET-BOOTCOIN-API/wallet-bootcoin-api:8805 - registration status: 204 
2025-04-28 15:45:44-545 [repliesContainer-0-C-1] INFO  o.a.kafka.common.metrics.Metrics - Metrics scheduler closed 
2025-04-28 15:45:44-546 [repliesContainer-0-C-1] INFO  o.a.kafka.common.metrics.Metrics - Closing reporter org.apache.kafka.common.metrics.JmxReporter 
2025-04-28 15:45:44-546 [repliesContainer-0-C-1] INFO  o.a.kafka.common.metrics.Metrics - Closing reporter org.apache.kafka.common.telemetry.internals.ClientTelemetryReporter 
2025-04-28 15:45:44-546 [repliesContainer-0-C-1] INFO  o.a.kafka.common.metrics.Metrics - Metrics reporters closed 
2025-04-28 15:45:44-550 [repliesContainer-0-C-1] INFO  o.a.kafka.common.utils.AppInfoParser - App info kafka.consumer for consumer-bootcoin-group-1 unregistered 
2025-04-28 15:45:44-550 [repliesContainer-0-C-1] INFO  o.s.k.l.KafkaMessageListenerContainer - bootcoin-group: Consumer stopped 
2025-04-28 15:45:44-552 [org.springframework.kafka.KafkaListenerEndpointContainer#1-0-C-1] INFO  o.a.k.c.c.i.ConsumerRebalanceListenerInvoker - [Consumer clientId=consumer-bootcoin-group-3, groupId=bootcoin-group] Revoke previously assigned partitions wallet-user-request-0 
2025-04-28 15:45:44-552 [org.springframework.kafka.KafkaListenerEndpointContainer#0-0-C-1] INFO  o.a.k.c.c.i.ConsumerRebalanceListenerInvoker - [Consumer clientId=consumer-bootcoin-group-2, groupId=bootcoin-group] Revoke previously assigned partitions wallet-bootcoin-request-0 
2025-04-28 15:45:44-552 [org.springframework.kafka.KafkaListenerEndpointContainer#1-0-C-1] INFO  o.s.k.l.KafkaMessageListenerContainer - bootcoin-group: partitions revoked: [wallet-user-request-0] 
2025-04-28 15:45:44-552 [org.springframework.kafka.KafkaListenerEndpointContainer#0-0-C-1] INFO  o.s.k.l.KafkaMessageListenerContainer - bootcoin-group: partitions revoked: [wallet-bootcoin-request-0] 
2025-04-28 15:45:44-552 [org.springframework.kafka.KafkaListenerEndpointContainer#1-0-C-1] INFO  o.a.k.c.c.i.ConsumerCoordinator - [Consumer clientId=consumer-bootcoin-group-3, groupId=bootcoin-group] Member consumer-bootcoin-group-3-fc6b8dc5-68c3-4ecb-b0bc-76bc8df0c573 sending LeaveGroup request to coordinator localhost:29092 (id: 2147482646 rack: null) due to the consumer unsubscribed from all topics 
2025-04-28 15:45:44-552 [org.springframework.kafka.KafkaListenerEndpointContainer#0-0-C-1] INFO  o.a.k.c.c.i.ConsumerCoordinator - [Consumer clientId=consumer-bootcoin-group-2, groupId=bootcoin-group] Member consumer-bootcoin-group-2-f3eea53c-dadc-48fc-a504-61373358af5e sending LeaveGroup request to coordinator localhost:29092 (id: 2147482646 rack: null) due to the consumer unsubscribed from all topics 
2025-04-28 15:45:44-552 [org.springframework.kafka.KafkaListenerEndpointContainer#1-0-C-1] INFO  o.a.k.c.c.i.ConsumerCoordinator - [Consumer clientId=consumer-bootcoin-group-3, groupId=bootcoin-group] Resetting generation and member id due to: consumer pro-actively leaving the group 
2025-04-28 15:45:44-552 [org.springframework.kafka.KafkaListenerEndpointContainer#0-0-C-1] INFO  o.a.k.c.c.i.ConsumerCoordinator - [Consumer clientId=consumer-bootcoin-group-2, groupId=bootcoin-group] Resetting generation and member id due to: consumer pro-actively leaving the group 
2025-04-28 15:45:44-552 [SpringApplicationShutdownHook] INFO  o.s.b.w.e.netty.GracefulShutdown - Commencing graceful shutdown. Waiting for active requests to complete 
2025-04-28 15:45:44-552 [org.springframework.kafka.KafkaListenerEndpointContainer#1-0-C-1] INFO  o.a.k.c.c.i.ConsumerCoordinator - [Consumer clientId=consumer-bootcoin-group-3, groupId=bootcoin-group] Request joining group due to: consumer pro-actively leaving the group 
2025-04-28 15:45:44-552 [org.springframework.kafka.KafkaListenerEndpointContainer#0-0-C-1] INFO  o.a.k.c.c.i.ConsumerCoordinator - [Consumer clientId=consumer-bootcoin-group-2, groupId=bootcoin-group] Request joining group due to: consumer pro-actively leaving the group 
2025-04-28 15:45:44-552 [org.springframework.kafka.KafkaListenerEndpointContainer#1-0-C-1] INFO  o.a.k.c.c.i.LegacyKafkaConsumer - [Consumer clientId=consumer-bootcoin-group-3, groupId=bootcoin-group] Unsubscribed all topics or patterns and assigned partitions 
2025-04-28 15:45:44-552 [org.springframework.kafka.KafkaListenerEndpointContainer#0-0-C-1] INFO  o.a.k.c.c.i.LegacyKafkaConsumer - [Consumer clientId=consumer-bootcoin-group-2, groupId=bootcoin-group] Unsubscribed all topics or patterns and assigned partitions 
2025-04-28 15:45:44-553 [org.springframework.kafka.KafkaListenerEndpointContainer#1-0-C-1] INFO  o.a.k.c.c.i.ConsumerCoordinator - [Consumer clientId=consumer-bootcoin-group-3, groupId=bootcoin-group] Resetting generation and member id due to: consumer pro-actively leaving the group 
2025-04-28 15:45:44-553 [org.springframework.kafka.KafkaListenerEndpointContainer#0-0-C-1] INFO  o.a.k.c.c.i.ConsumerCoordinator - [Consumer clientId=consumer-bootcoin-group-2, groupId=bootcoin-group] Resetting generation and member id due to: consumer pro-actively leaving the group 
2025-04-28 15:45:44-553 [org.springframework.kafka.KafkaListenerEndpointContainer#1-0-C-1] INFO  o.a.k.c.c.i.ConsumerCoordinator - [Consumer clientId=consumer-bootcoin-group-3, groupId=bootcoin-group] Request joining group due to: consumer pro-actively leaving the group 
2025-04-28 15:45:44-553 [org.springframework.kafka.KafkaListenerEndpointContainer#0-0-C-1] INFO  o.a.k.c.c.i.ConsumerCoordinator - [Consumer clientId=consumer-bootcoin-group-2, groupId=bootcoin-group] Request joining group due to: consumer pro-actively leaving the group 
2025-04-28 15:45:44-557 [netty-shutdown] INFO  o.s.b.w.e.netty.GracefulShutdown - Graceful shutdown complete 
2025-04-28 15:45:44-940 [org.springframework.kafka.KafkaListenerEndpointContainer#0-0-C-1] INFO  o.a.kafka.common.metrics.Metrics - Metrics scheduler closed 
2025-04-28 15:45:44-940 [org.springframework.kafka.KafkaListenerEndpointContainer#1-0-C-1] INFO  o.a.kafka.common.metrics.Metrics - Metrics scheduler closed 
2025-04-28 15:45:44-940 [org.springframework.kafka.KafkaListenerEndpointContainer#0-0-C-1] INFO  o.a.kafka.common.metrics.Metrics - Closing reporter org.apache.kafka.common.metrics.JmxReporter 
2025-04-28 15:45:44-940 [org.springframework.kafka.KafkaListenerEndpointContainer#1-0-C-1] INFO  o.a.kafka.common.metrics.Metrics - Closing reporter org.apache.kafka.common.metrics.JmxReporter 
2025-04-28 15:45:44-940 [org.springframework.kafka.KafkaListenerEndpointContainer#0-0-C-1] INFO  o.a.kafka.common.metrics.Metrics - Closing reporter org.apache.kafka.common.telemetry.internals.ClientTelemetryReporter 
2025-04-28 15:45:44-940 [org.springframework.kafka.KafkaListenerEndpointContainer#1-0-C-1] INFO  o.a.kafka.common.metrics.Metrics - Closing reporter org.apache.kafka.common.telemetry.internals.ClientTelemetryReporter 
2025-04-28 15:45:44-940 [org.springframework.kafka.KafkaListenerEndpointContainer#0-0-C-1] INFO  o.a.kafka.common.metrics.Metrics - Metrics reporters closed 
2025-04-28 15:45:44-940 [org.springframework.kafka.KafkaListenerEndpointContainer#1-0-C-1] INFO  o.a.kafka.common.metrics.Metrics - Metrics reporters closed 
2025-04-28 15:45:44-947 [org.springframework.kafka.KafkaListenerEndpointContainer#1-0-C-1] INFO  o.a.kafka.common.utils.AppInfoParser - App info kafka.consumer for consumer-bootcoin-group-3 unregistered 
2025-04-28 15:45:44-948 [org.springframework.kafka.KafkaListenerEndpointContainer#1-0-C-1] INFO  o.s.k.l.KafkaMessageListenerContainer - bootcoin-group: Consumer stopped 
2025-04-28 15:45:44-948 [org.springframework.kafka.KafkaListenerEndpointContainer#0-0-C-1] INFO  o.a.kafka.common.utils.AppInfoParser - App info kafka.consumer for consumer-bootcoin-group-2 unregistered 
2025-04-28 15:45:44-948 [org.springframework.kafka.KafkaListenerEndpointContainer#0-0-C-1] INFO  o.s.k.l.KafkaMessageListenerContainer - bootcoin-group: Consumer stopped 
2025-04-28 15:45:46-661 [SpringApplicationShutdownHook] INFO  o.a.k.clients.producer.KafkaProducer - [Producer clientId=wallet-bootcoin-api-producer-1] Closing the Kafka producer with timeoutMillis = 30000 ms. 
2025-04-28 15:45:46-666 [SpringApplicationShutdownHook] INFO  o.a.kafka.common.metrics.Metrics - Metrics scheduler closed 
2025-04-28 15:45:46-666 [SpringApplicationShutdownHook] INFO  o.a.kafka.common.metrics.Metrics - Closing reporter org.apache.kafka.common.metrics.JmxReporter 
2025-04-28 15:45:46-666 [SpringApplicationShutdownHook] INFO  o.a.kafka.common.metrics.Metrics - Closing reporter org.apache.kafka.common.telemetry.internals.ClientTelemetryReporter 
2025-04-28 15:45:46-666 [SpringApplicationShutdownHook] INFO  o.a.kafka.common.metrics.Metrics - Metrics reporters closed 
2025-04-28 15:45:46-666 [SpringApplicationShutdownHook] INFO  o.a.kafka.common.utils.AppInfoParser - App info kafka.producer for wallet-bootcoin-api-producer-1 unregistered 
2025-04-28 15:45:48-751 [SpringApplicationShutdownHook] INFO  c.netflix.discovery.DiscoveryClient - Shutting down DiscoveryClient ... 
2025-04-28 15:45:51-753 [SpringApplicationShutdownHook] INFO  c.netflix.discovery.DiscoveryClient - Unregistering ... 
2025-04-28 15:45:51-773 [SpringApplicationShutdownHook] INFO  c.netflix.discovery.DiscoveryClient - DiscoveryClient_WALLET-BOOTCOIN-API/wallet-bootcoin-api:8805 - deregister  status: 200 
2025-04-28 15:45:51-773 [SpringApplicationShutdownHook] INFO  c.netflix.discovery.DiscoveryClient - Completed shut down of DiscoveryClient 
2025-04-28 15:46:03-961 [main] INFO  c.b.w.b.a.WalletBootcoinApiApplication - Starting WalletBootcoinApiApplication using Java 17.0.12 with PID 25264 (C:\Users\mgarcsar\Documents\Bootcamp\etregables\BootCoin\wallet-bootcoin-api\target\classes started by mgarcsar in C:\Users\mgarcsar\Documents\Bootcamp\etregables\BootCoin) 
2025-04-28 15:46:03-963 [main] INFO  c.b.w.b.a.WalletBootcoinApiApplication - The following 1 profile is active: "dev" 
2025-04-28 15:46:03-995 [main] INFO  o.s.c.c.c.ConfigServerConfigDataLoader - Fetching config from server at : http://config-server-bc:8888 
2025-04-28 15:46:03-995 [main] INFO  o.s.c.c.c.ConfigServerConfigDataLoader - Exception on Url - http://config-server-bc:8888:org.springframework.web.client.ResourceAccessException: I/O error on GET request for "http://config-server-bc:8888/wallet-bootcoin-api/default": config-server-bc. Will be trying the next url if available 
2025-04-28 15:46:03-996 [main] WARN  o.s.c.c.c.ConfigServerConfigDataLoader - Could not locate PropertySource ([ConfigServerConfigDataResource@6fd1660 uris = array<String>['http://config-server-bc:8888'], optional = true, profiles = 'default']): I/O error on GET request for "http://config-server-bc:8888/wallet-bootcoin-api/default": config-server-bc 
2025-04-28 15:46:03-996 [main] INFO  o.s.c.c.c.ConfigServerConfigDataLoader - Fetching config from server at : http://config-server-bc:8888 
2025-04-28 15:46:03-996 [main] INFO  o.s.c.c.c.ConfigServerConfigDataLoader - Exception on Url - http://config-server-bc:8888:org.springframework.web.client.ResourceAccessException: I/O error on GET request for "http://config-server-bc:8888/wallet-bootcoin-api/dev": config-server-bc. Will be trying the next url if available 
2025-04-28 15:46:03-996 [main] WARN  o.s.c.c.c.ConfigServerConfigDataLoader - Could not locate PropertySource ([ConfigServerConfigDataResource@7159139f uris = array<String>['http://config-server-bc:8888'], optional = true, profiles = 'dev']): I/O error on GET request for "http://config-server-bc:8888/wallet-bootcoin-api/dev": config-server-bc 
2025-04-28 15:46:03-996 [main] INFO  o.s.c.c.c.ConfigServerConfigDataLoader - Fetching config from server at : http://config-server-bc:8888 
2025-04-28 15:46:03-996 [main] INFO  o.s.c.c.c.ConfigServerConfigDataLoader - Exception on Url - http://config-server-bc:8888:org.springframework.web.client.ResourceAccessException: I/O error on GET request for "http://config-server-bc:8888/wallet-bootcoin-api/default": config-server-bc. Will be trying the next url if available 
2025-04-28 15:46:03-996 [main] WARN  o.s.c.c.c.ConfigServerConfigDataLoader - Could not locate PropertySource ([ConfigServerConfigDataResource@65bcf7c2 uris = array<String>['http://config-server-bc:8888'], optional = true, profiles = 'default']): I/O error on GET request for "http://config-server-bc:8888/wallet-bootcoin-api/default": config-server-bc 
2025-04-28 15:46:04-838 [main] INFO  o.s.d.r.c.RepositoryConfigurationDelegate - Bootstrapping Spring Data Reactive MongoDB repositories in DEFAULT mode. 
2025-04-28 15:46:04-947 [main] INFO  o.s.d.r.c.RepositoryConfigurationDelegate - Finished Spring Data repository scanning in 104 ms. Found 1 Reactive MongoDB repository interface. 
2025-04-28 15:46:05-171 [main] INFO  o.s.cloud.context.scope.GenericScope - BeanFactory id=081874e3-d78b-3861-8e43-6dddf9cc1bd7 
2025-04-28 15:46:05-690 [main] INFO  org.mongodb.driver.client - MongoClient with metadata {"driver": {"name": "mongo-java-driver|reactive-streams|spring-boot", "version": "5.2.1"}, "os": {"type": "Windows", "name": "Windows 10", "architecture": "amd64", "version": "10.0"}, "platform": "Java/Oracle Corporation/17.0.12+8-LTS-286"} created with settings MongoClientSettings{readPreference=primary, writeConcern=WriteConcern{w=null, wTimeout=null ms, journal=null}, retryWrites=true, retryReads=true, readConcern=ReadConcern{level=null}, credential=null, transportSettings=NettyTransportSettings{eventLoopGroup=io.netty.channel.nio.NioEventLoopGroup@6c1e40d9, socketChannelClass=null, allocator=null, sslContext=null}, commandListeners=[io.micrometer.core.instrument.binder.mongodb.MongoMetricsCommandListener@4b50c21], codecRegistry=ProvidersCodecRegistry{codecProviders=[ValueCodecProvider{}, BsonValueCodecProvider{}, DBRefCodecProvider{}, DBObjectCodecProvider{}, DocumentCodecProvider{}, CollectionCodecProvider{}, IterableCodecProvider{}, MapCodecProvider{}, GeoJsonCodecProvider{}, GridFSFileCodecProvider{}, Jsr310CodecProvider{}, JsonObjectCodecProvider{}, BsonCodecProvider{}, EnumCodecProvider{}, com.mongodb.client.model.mql.ExpressionCodecProvider@2e0fdc83, com.mongodb.Jep395RecordCodecProvider@5dacf18d, com.mongodb.KotlinCodecProvider@432a6a69]}, loggerSettings=LoggerSettings{maxDocumentLength=1000}, clusterSettings={hosts=[localhost:27017], srvServiceName=mongodb, mode=SINGLE, requiredClusterType=UNKNOWN, requiredReplicaSetName='null', serverSelector='null', clusterListeners='[]', serverSelectionTimeout='30000 ms', localThreshold='15 ms'}, socketSettings=SocketSettings{connectTimeoutMS=10000, readTimeoutMS=0, receiveBufferSize=0, proxySettings=ProxySettings{host=null, port=null, username=null, password=null}}, heartbeatSocketSettings=SocketSettings{connectTimeoutMS=10000, readTimeoutMS=10000, receiveBufferSize=0, proxySettings=ProxySettings{host=null, port=null, username=null, password=null}}, connectionPoolSettings=ConnectionPoolSettings{maxSize=100, minSize=0, maxWaitTimeMS=120000, maxConnectionLifeTimeMS=0, maxConnectionIdleTimeMS=0, maintenanceInitialDelayMS=0, maintenanceFrequencyMS=60000, connectionPoolListeners=[io.micrometer.core.instrument.binder.mongodb.MongoMetricsConnectionPoolListener@6f52a229], maxConnecting=2}, serverSettings=ServerSettings{heartbeatFrequencyMS=10000, minHeartbeatFrequencyMS=500, serverMonitoringMode=AUTO, serverListeners='[]', serverMonitorListeners='[]'}, sslSettings=SslSettings{enabled=false, invalidHostNameAllowed=false, context=null}, applicationName='null', compressorList=[], uuidRepresentation=JAVA_LEGACY, serverApi=null, autoEncryptionSettings=null, dnsClient=null, inetAddressResolver=null, contextProvider=null, timeoutMS=null} 
2025-04-28 15:46:05-796 [cluster-ClusterId{value='680fe90d963b514f8dac3ef5', description='null'}-localhost:27017] INFO  org.mongodb.driver.cluster - Monitor thread successfully connected to server with description ServerDescription{address=localhost:27017, type=STANDALONE, cryptd=false, state=CONNECTED, ok=true, minWireVersion=0, maxWireVersion=25, maxDocumentSize=16777216, logicalSessionTimeoutMinutes=30, roundTripTimeNanos=40873700, minRoundTripTimeNanos=0} 
2025-04-28 15:46:06-789 [main] INFO  o.s.b.a.e.web.EndpointLinksResolver - Exposing 2 endpoints beneath base path '/actuator' 
2025-04-28 15:46:07-163 [main] INFO  o.s.c.n.e.c.DiscoveryClientOptionalArgsConfiguration - Eureka HTTP Client uses RestTemplate. 
2025-04-28 15:46:07-204 [main] WARN  o.s.c.l.c.LoadBalancerCacheAutoConfiguration$LoadBalancerCaffeineWarnLogger - Spring Cloud LoadBalancer is currently working with the default cache. While this cache implementation is useful for development and tests, it's recommended to use Caffeine cache in production.You can switch to using Caffeine cache, by adding it and org.springframework.cache.caffeine.CaffeineCacheManager to the classpath. 
2025-04-28 15:46:07-317 [main] INFO  o.a.k.c.consumer.ConsumerConfig - ConsumerConfig values: 
	allow.auto.create.topics = true
	auto.commit.interval.ms = 5000
	auto.include.jmx.reporter = true
	auto.offset.reset = latest
	bootstrap.servers = [localhost:29092]
	check.crcs = true
	client.dns.lookup = use_all_dns_ips
	client.id = consumer-bootcoin-group-1
	client.rack = 
	connections.max.idle.ms = 540000
	default.api.timeout.ms = 60000
	enable.auto.commit = false
	enable.metrics.push = true
	exclude.internal.topics = true
	fetch.max.bytes = 52428800
	fetch.max.wait.ms = 500
	fetch.min.bytes = 1
	group.id = bootcoin-group
	group.instance.id = null
	group.protocol = classic
	group.remote.assignor = null
	heartbeat.interval.ms = 3000
	interceptor.classes = []
	internal.leave.group.on.close = true
	internal.throw.on.fetch.stable.offset.unsupported = false
	isolation.level = read_uncommitted
	key.deserializer = class org.apache.kafka.common.serialization.StringDeserializer
	max.partition.fetch.bytes = 1048576
	max.poll.interval.ms = 300000
	max.poll.records = 500
	metadata.max.age.ms = 300000
	metadata.recovery.strategy = none
	metric.reporters = []
	metrics.num.samples = 2
	metrics.recording.level = INFO
	metrics.sample.window.ms = 30000
	partition.assignment.strategy = [class org.apache.kafka.clients.consumer.RangeAssignor, class org.apache.kafka.clients.consumer.CooperativeStickyAssignor]
	receive.buffer.bytes = 65536
	reconnect.backoff.max.ms = 1000
	reconnect.backoff.ms = 50
	request.timeout.ms = 30000
	retry.backoff.max.ms = 1000
	retry.backoff.ms = 100
	sasl.client.callback.handler.class = null
	sasl.jaas.config = null
	sasl.kerberos.kinit.cmd = /usr/bin/kinit
	sasl.kerberos.min.time.before.relogin = 60000
	sasl.kerberos.service.name = null
	sasl.kerberos.ticket.renew.jitter = 0.05
	sasl.kerberos.ticket.renew.window.factor = 0.8
	sasl.login.callback.handler.class = null
	sasl.login.class = null
	sasl.login.connect.timeout.ms = null
	sasl.login.read.timeout.ms = null
	sasl.login.refresh.buffer.seconds = 300
	sasl.login.refresh.min.period.seconds = 60
	sasl.login.refresh.window.factor = 0.8
	sasl.login.refresh.window.jitter = 0.05
	sasl.login.retry.backoff.max.ms = 10000
	sasl.login.retry.backoff.ms = 100
	sasl.mechanism = GSSAPI
	sasl.oauthbearer.clock.skew.seconds = 30
	sasl.oauthbearer.expected.audience = null
	sasl.oauthbearer.expected.issuer = null
	sasl.oauthbearer.jwks.endpoint.refresh.ms = 3600000
	sasl.oauthbearer.jwks.endpoint.retry.backoff.max.ms = 10000
	sasl.oauthbearer.jwks.endpoint.retry.backoff.ms = 100
	sasl.oauthbearer.jwks.endpoint.url = null
	sasl.oauthbearer.scope.claim.name = scope
	sasl.oauthbearer.sub.claim.name = sub
	sasl.oauthbearer.token.endpoint.url = null
	security.protocol = PLAINTEXT
	security.providers = null
	send.buffer.bytes = 131072
	session.timeout.ms = 45000
	socket.connection.setup.timeout.max.ms = 30000
	socket.connection.setup.timeout.ms = 10000
	ssl.cipher.suites = null
	ssl.enabled.protocols = [TLSv1.2, TLSv1.3]
	ssl.endpoint.identification.algorithm = https
	ssl.engine.factory.class = null
	ssl.key.password = null
	ssl.keymanager.algorithm = SunX509
	ssl.keystore.certificate.chain = null
	ssl.keystore.key = null
	ssl.keystore.location = null
	ssl.keystore.password = null
	ssl.keystore.type = JKS
	ssl.protocol = TLSv1.3
	ssl.provider = null
	ssl.secure.random.implementation = null
	ssl.trustmanager.algorithm = PKIX
	ssl.truststore.certificates = null
	ssl.truststore.location = null
	ssl.truststore.password = null
	ssl.truststore.type = JKS
	value.deserializer = class org.apache.kafka.common.serialization.StringDeserializer
 
2025-04-28 15:46:07-371 [main] INFO  o.a.k.c.t.i.KafkaMetricsCollector - initializing Kafka metrics collector 
2025-04-28 15:46:07-471 [main] INFO  o.a.kafka.common.utils.AppInfoParser - Kafka version: 3.8.1 
2025-04-28 15:46:07-473 [main] INFO  o.a.kafka.common.utils.AppInfoParser - Kafka commitId: 70d6ff42debf7e17 
2025-04-28 15:46:07-473 [main] INFO  o.a.kafka.common.utils.AppInfoParser - Kafka startTimeMs: 1745873167469 
2025-04-28 15:46:07-477 [main] INFO  o.a.k.c.c.i.LegacyKafkaConsumer - [Consumer clientId=consumer-bootcoin-group-1, groupId=bootcoin-group] Subscribed to topic(s): wallet-bootcoin-response 
2025-04-28 15:46:07-504 [main] INFO  o.s.c.n.eureka.InstanceInfoFactory - Setting initial instance status as: STARTING 
2025-04-28 15:46:07-529 [main] INFO  c.netflix.discovery.DiscoveryClient - Initializing Eureka in region us-east-1 
2025-04-28 15:46:07-533 [main] INFO  c.n.d.s.r.aws.ConfigClusterResolver - Resolving eureka endpoints via configuration 
2025-04-28 15:46:07-543 [main] INFO  c.netflix.discovery.DiscoveryClient - Disable delta property : false 
2025-04-28 15:46:07-543 [main] INFO  c.netflix.discovery.DiscoveryClient - Single vip registry refresh property : null 
2025-04-28 15:46:07-543 [main] INFO  c.netflix.discovery.DiscoveryClient - Force full registry fetch : false 
2025-04-28 15:46:07-543 [main] INFO  c.netflix.discovery.DiscoveryClient - Application is null : false 
2025-04-28 15:46:07-543 [main] INFO  c.netflix.discovery.DiscoveryClient - Registered Applications size is zero : true 
2025-04-28 15:46:07-543 [main] INFO  c.netflix.discovery.DiscoveryClient - Application version is -1: true 
2025-04-28 15:46:07-543 [main] INFO  c.netflix.discovery.DiscoveryClient - Getting all instance registry info from the eureka server 
2025-04-28 15:46:07-880 [main] INFO  c.netflix.discovery.DiscoveryClient - The response status is 200 
2025-04-28 15:46:07-882 [main] INFO  c.netflix.discovery.DiscoveryClient - Starting heartbeat executor: renew interval is: 30 
2025-04-28 15:46:07-884 [main] INFO  c.n.discovery.InstanceInfoReplicator - InstanceInfoReplicator onDemand update allowed rate per min is 4 
2025-04-28 15:46:07-886 [main] INFO  c.netflix.discovery.DiscoveryClient - Discovery Client initialized at timestamp 1745873167886 with initial instances count: 3 
2025-04-28 15:46:07-889 [main] INFO  o.s.c.n.e.s.EurekaServiceRegistry - Registering application WALLET-BOOTCOIN-API with eureka with status UP 
2025-04-28 15:46:07-889 [main] INFO  c.netflix.discovery.DiscoveryClient - Saw local status change event StatusChangeEvent [timestamp=1745873167889, current=UP, previous=STARTING] 
2025-04-28 15:46:07-891 [DiscoveryClient-InstanceInfoReplicator-%d] INFO  c.netflix.discovery.DiscoveryClient - DiscoveryClient_WALLET-BOOTCOIN-API/wallet-bootcoin-api:8805: registering service... 
2025-04-28 15:46:07-929 [repliesContainer-0-C-1] INFO  org.apache.kafka.clients.Metadata - [Consumer clientId=consumer-bootcoin-group-1, groupId=bootcoin-group] Cluster ID: pQNgvDGCTc6DWdlYtyeAyg 
2025-04-28 15:46:07-930 [repliesContainer-0-C-1] INFO  o.a.k.c.c.i.ConsumerCoordinator - [Consumer clientId=consumer-bootcoin-group-1, groupId=bootcoin-group] Discovered group coordinator localhost:29092 (id: 2147482646 rack: null) 
2025-04-28 15:46:07-934 [DiscoveryClient-InstanceInfoReplicator-%d] INFO  c.netflix.discovery.DiscoveryClient - DiscoveryClient_WALLET-BOOTCOIN-API/wallet-bootcoin-api:8805 - registration status: 204 
2025-04-28 15:46:07-934 [repliesContainer-0-C-1] INFO  o.a.k.c.c.i.ConsumerCoordinator - [Consumer clientId=consumer-bootcoin-group-1, groupId=bootcoin-group] (Re-)joining group 
2025-04-28 15:46:07-949 [main] INFO  o.s.b.w.e.netty.NettyWebServer - Netty started on port 8805 (http) 
2025-04-28 15:46:07-952 [main] INFO  o.s.c.n.e.s.EurekaAutoServiceRegistration - Updating port to 8805 
2025-04-28 15:46:07-952 [repliesContainer-0-C-1] INFO  o.a.k.c.c.i.ConsumerCoordinator - [Consumer clientId=consumer-bootcoin-group-1, groupId=bootcoin-group] Request joining group due to: need to re-join with the given member-id: consumer-bootcoin-group-1-8598e5d0-aab2-4c8c-87b0-f19beda357dc 
2025-04-28 15:46:07-952 [repliesContainer-0-C-1] INFO  o.a.k.c.c.i.ConsumerCoordinator - [Consumer clientId=consumer-bootcoin-group-1, groupId=bootcoin-group] (Re-)joining group 
2025-04-28 15:46:08-219 [main] INFO  o.a.k.c.consumer.ConsumerConfig - ConsumerConfig values: 
	allow.auto.create.topics = true
	auto.commit.interval.ms = 5000
	auto.include.jmx.reporter = true
	auto.offset.reset = latest
	bootstrap.servers = [localhost:29092]
	check.crcs = true
	client.dns.lookup = use_all_dns_ips
	client.id = consumer-bootcoin-group-2
	client.rack = 
	connections.max.idle.ms = 540000
	default.api.timeout.ms = 60000
	enable.auto.commit = false
	enable.metrics.push = true
	exclude.internal.topics = true
	fetch.max.bytes = 52428800
	fetch.max.wait.ms = 500
	fetch.min.bytes = 1
	group.id = bootcoin-group
	group.instance.id = null
	group.protocol = classic
	group.remote.assignor = null
	heartbeat.interval.ms = 3000
	interceptor.classes = []
	internal.leave.group.on.close = true
	internal.throw.on.fetch.stable.offset.unsupported = false
	isolation.level = read_uncommitted
	key.deserializer = class org.apache.kafka.common.serialization.StringDeserializer
	max.partition.fetch.bytes = 1048576
	max.poll.interval.ms = 300000
	max.poll.records = 500
	metadata.max.age.ms = 300000
	metadata.recovery.strategy = none
	metric.reporters = []
	metrics.num.samples = 2
	metrics.recording.level = INFO
	metrics.sample.window.ms = 30000
	partition.assignment.strategy = [class org.apache.kafka.clients.consumer.RangeAssignor, class org.apache.kafka.clients.consumer.CooperativeStickyAssignor]
	receive.buffer.bytes = 65536
	reconnect.backoff.max.ms = 1000
	reconnect.backoff.ms = 50
	request.timeout.ms = 30000
	retry.backoff.max.ms = 1000
	retry.backoff.ms = 100
	sasl.client.callback.handler.class = null
	sasl.jaas.config = null
	sasl.kerberos.kinit.cmd = /usr/bin/kinit
	sasl.kerberos.min.time.before.relogin = 60000
	sasl.kerberos.service.name = null
	sasl.kerberos.ticket.renew.jitter = 0.05
	sasl.kerberos.ticket.renew.window.factor = 0.8
	sasl.login.callback.handler.class = null
	sasl.login.class = null
	sasl.login.connect.timeout.ms = null
	sasl.login.read.timeout.ms = null
	sasl.login.refresh.buffer.seconds = 300
	sasl.login.refresh.min.period.seconds = 60
	sasl.login.refresh.window.factor = 0.8
	sasl.login.refresh.window.jitter = 0.05
	sasl.login.retry.backoff.max.ms = 10000
	sasl.login.retry.backoff.ms = 100
	sasl.mechanism = GSSAPI
	sasl.oauthbearer.clock.skew.seconds = 30
	sasl.oauthbearer.expected.audience = null
	sasl.oauthbearer.expected.issuer = null
	sasl.oauthbearer.jwks.endpoint.refresh.ms = 3600000
	sasl.oauthbearer.jwks.endpoint.retry.backoff.max.ms = 10000
	sasl.oauthbearer.jwks.endpoint.retry.backoff.ms = 100
	sasl.oauthbearer.jwks.endpoint.url = null
	sasl.oauthbearer.scope.claim.name = scope
	sasl.oauthbearer.sub.claim.name = sub
	sasl.oauthbearer.token.endpoint.url = null
	security.protocol = PLAINTEXT
	security.providers = null
	send.buffer.bytes = 131072
	session.timeout.ms = 45000
	socket.connection.setup.timeout.max.ms = 30000
	socket.connection.setup.timeout.ms = 10000
	ssl.cipher.suites = null
	ssl.enabled.protocols = [TLSv1.2, TLSv1.3]
	ssl.endpoint.identification.algorithm = https
	ssl.engine.factory.class = null
	ssl.key.password = null
	ssl.keymanager.algorithm = SunX509
	ssl.keystore.certificate.chain = null
	ssl.keystore.key = null
	ssl.keystore.location = null
	ssl.keystore.password = null
	ssl.keystore.type = JKS
	ssl.protocol = TLSv1.3
	ssl.provider = null
	ssl.secure.random.implementation = null
	ssl.trustmanager.algorithm = PKIX
	ssl.truststore.certificates = null
	ssl.truststore.location = null
	ssl.truststore.password = null
	ssl.truststore.type = JKS
	value.deserializer = class org.apache.kafka.common.serialization.StringDeserializer
 
2025-04-28 15:46:08-220 [main] INFO  o.a.k.c.t.i.KafkaMetricsCollector - initializing Kafka metrics collector 
2025-04-28 15:46:08-226 [main] INFO  o.a.kafka.common.utils.AppInfoParser - Kafka version: 3.8.1 
2025-04-28 15:46:08-226 [main] INFO  o.a.kafka.common.utils.AppInfoParser - Kafka commitId: 70d6ff42debf7e17 
2025-04-28 15:46:08-226 [main] INFO  o.a.kafka.common.utils.AppInfoParser - Kafka startTimeMs: 1745873168226 
2025-04-28 15:46:08-227 [main] INFO  o.a.k.c.c.i.LegacyKafkaConsumer - [Consumer clientId=consumer-bootcoin-group-2, groupId=bootcoin-group] Subscribed to topic(s): wallet-user-request 
2025-04-28 15:46:08-230 [main] INFO  o.a.k.c.consumer.ConsumerConfig - ConsumerConfig values: 
	allow.auto.create.topics = true
	auto.commit.interval.ms = 5000
	auto.include.jmx.reporter = true
	auto.offset.reset = latest
	bootstrap.servers = [localhost:29092]
	check.crcs = true
	client.dns.lookup = use_all_dns_ips
	client.id = consumer-bootcoin-group-3
	client.rack = 
	connections.max.idle.ms = 540000
	default.api.timeout.ms = 60000
	enable.auto.commit = false
	enable.metrics.push = true
	exclude.internal.topics = true
	fetch.max.bytes = 52428800
	fetch.max.wait.ms = 500
	fetch.min.bytes = 1
	group.id = bootcoin-group
	group.instance.id = null
	group.protocol = classic
	group.remote.assignor = null
	heartbeat.interval.ms = 3000
	interceptor.classes = []
	internal.leave.group.on.close = true
	internal.throw.on.fetch.stable.offset.unsupported = false
	isolation.level = read_uncommitted
	key.deserializer = class org.apache.kafka.common.serialization.StringDeserializer
	max.partition.fetch.bytes = 1048576
	max.poll.interval.ms = 300000
	max.poll.records = 500
	metadata.max.age.ms = 300000
	metadata.recovery.strategy = none
	metric.reporters = []
	metrics.num.samples = 2
	metrics.recording.level = INFO
	metrics.sample.window.ms = 30000
	partition.assignment.strategy = [class org.apache.kafka.clients.consumer.RangeAssignor, class org.apache.kafka.clients.consumer.CooperativeStickyAssignor]
	receive.buffer.bytes = 65536
	reconnect.backoff.max.ms = 1000
	reconnect.backoff.ms = 50
	request.timeout.ms = 30000
	retry.backoff.max.ms = 1000
	retry.backoff.ms = 100
	sasl.client.callback.handler.class = null
	sasl.jaas.config = null
	sasl.kerberos.kinit.cmd = /usr/bin/kinit
	sasl.kerberos.min.time.before.relogin = 60000
	sasl.kerberos.service.name = null
	sasl.kerberos.ticket.renew.jitter = 0.05
	sasl.kerberos.ticket.renew.window.factor = 0.8
	sasl.login.callback.handler.class = null
	sasl.login.class = null
	sasl.login.connect.timeout.ms = null
	sasl.login.read.timeout.ms = null
	sasl.login.refresh.buffer.seconds = 300
	sasl.login.refresh.min.period.seconds = 60
	sasl.login.refresh.window.factor = 0.8
	sasl.login.refresh.window.jitter = 0.05
	sasl.login.retry.backoff.max.ms = 10000
	sasl.login.retry.backoff.ms = 100
	sasl.mechanism = GSSAPI
	sasl.oauthbearer.clock.skew.seconds = 30
	sasl.oauthbearer.expected.audience = null
	sasl.oauthbearer.expected.issuer = null
	sasl.oauthbearer.jwks.endpoint.refresh.ms = 3600000
	sasl.oauthbearer.jwks.endpoint.retry.backoff.max.ms = 10000
	sasl.oauthbearer.jwks.endpoint.retry.backoff.ms = 100
	sasl.oauthbearer.jwks.endpoint.url = null
	sasl.oauthbearer.scope.claim.name = scope
	sasl.oauthbearer.sub.claim.name = sub
	sasl.oauthbearer.token.endpoint.url = null
	security.protocol = PLAINTEXT
	security.providers = null
	send.buffer.bytes = 131072
	session.timeout.ms = 45000
	socket.connection.setup.timeout.max.ms = 30000
	socket.connection.setup.timeout.ms = 10000
	ssl.cipher.suites = null
	ssl.enabled.protocols = [TLSv1.2, TLSv1.3]
	ssl.endpoint.identification.algorithm = https
	ssl.engine.factory.class = null
	ssl.key.password = null
	ssl.keymanager.algorithm = SunX509
	ssl.keystore.certificate.chain = null
	ssl.keystore.key = null
	ssl.keystore.location = null
	ssl.keystore.password = null
	ssl.keystore.type = JKS
	ssl.protocol = TLSv1.3
	ssl.provider = null
	ssl.secure.random.implementation = null
	ssl.trustmanager.algorithm = PKIX
	ssl.truststore.certificates = null
	ssl.truststore.location = null
	ssl.truststore.password = null
	ssl.truststore.type = JKS
	value.deserializer = class org.apache.kafka.common.serialization.StringDeserializer
 
2025-04-28 15:46:08-231 [main] INFO  o.a.k.c.t.i.KafkaMetricsCollector - initializing Kafka metrics collector 
2025-04-28 15:46:08-236 [org.springframework.kafka.KafkaListenerEndpointContainer#0-0-C-1] INFO  org.apache.kafka.clients.Metadata - [Consumer clientId=consumer-bootcoin-group-2, groupId=bootcoin-group] Cluster ID: pQNgvDGCTc6DWdlYtyeAyg 
2025-04-28 15:46:08-237 [org.springframework.kafka.KafkaListenerEndpointContainer#0-0-C-1] INFO  o.a.k.c.c.i.ConsumerCoordinator - [Consumer clientId=consumer-bootcoin-group-2, groupId=bootcoin-group] Discovered group coordinator localhost:29092 (id: 2147482646 rack: null) 
2025-04-28 15:46:08-238 [org.springframework.kafka.KafkaListenerEndpointContainer#0-0-C-1] INFO  o.a.k.c.c.i.ConsumerCoordinator - [Consumer clientId=consumer-bootcoin-group-2, groupId=bootcoin-group] (Re-)joining group 
2025-04-28 15:46:08-240 [main] INFO  o.a.kafka.common.utils.AppInfoParser - Kafka version: 3.8.1 
2025-04-28 15:46:08-241 [main] INFO  o.a.kafka.common.utils.AppInfoParser - Kafka commitId: 70d6ff42debf7e17 
2025-04-28 15:46:08-241 [main] INFO  o.a.kafka.common.utils.AppInfoParser - Kafka startTimeMs: 1745873168240 
2025-04-28 15:46:08-241 [main] INFO  o.a.k.c.c.i.LegacyKafkaConsumer - [Consumer clientId=consumer-bootcoin-group-3, groupId=bootcoin-group] Subscribed to topic(s): wallet-bootcoin-request 
2025-04-28 15:46:08-244 [org.springframework.kafka.KafkaListenerEndpointContainer#0-0-C-1] INFO  o.a.k.c.c.i.ConsumerCoordinator - [Consumer clientId=consumer-bootcoin-group-2, groupId=bootcoin-group] Request joining group due to: need to re-join with the given member-id: consumer-bootcoin-group-2-1b1d2fe1-13c1-4f5a-b21b-0ace46c6ddef 
2025-04-28 15:46:08-245 [org.springframework.kafka.KafkaListenerEndpointContainer#0-0-C-1] INFO  o.a.k.c.c.i.ConsumerCoordinator - [Consumer clientId=consumer-bootcoin-group-2, groupId=bootcoin-group] (Re-)joining group 
2025-04-28 15:46:08-248 [org.springframework.kafka.KafkaListenerEndpointContainer#1-0-C-1] INFO  org.apache.kafka.clients.Metadata - [Consumer clientId=consumer-bootcoin-group-3, groupId=bootcoin-group] Cluster ID: pQNgvDGCTc6DWdlYtyeAyg 
2025-04-28 15:46:08-249 [org.springframework.kafka.KafkaListenerEndpointContainer#1-0-C-1] INFO  o.a.k.c.c.i.ConsumerCoordinator - [Consumer clientId=consumer-bootcoin-group-3, groupId=bootcoin-group] Discovered group coordinator localhost:29092 (id: 2147482646 rack: null) 
2025-04-28 15:46:08-250 [org.springframework.kafka.KafkaListenerEndpointContainer#1-0-C-1] INFO  o.a.k.c.c.i.ConsumerCoordinator - [Consumer clientId=consumer-bootcoin-group-3, groupId=bootcoin-group] (Re-)joining group 
2025-04-28 15:46:08-256 [org.springframework.kafka.KafkaListenerEndpointContainer#1-0-C-1] INFO  o.a.k.c.c.i.ConsumerCoordinator - [Consumer clientId=consumer-bootcoin-group-3, groupId=bootcoin-group] Request joining group due to: need to re-join with the given member-id: consumer-bootcoin-group-3-68186630-66f0-4fc2-95ad-4944568278ab 
2025-04-28 15:46:08-257 [org.springframework.kafka.KafkaListenerEndpointContainer#1-0-C-1] INFO  o.a.k.c.c.i.ConsumerCoordinator - [Consumer clientId=consumer-bootcoin-group-3, groupId=bootcoin-group] (Re-)joining group 
2025-04-28 15:46:08-262 [main] INFO  c.b.w.b.a.WalletBootcoinApiApplication - Started WalletBootcoinApiApplication in 6.179 seconds (process running for 7.513) 
2025-04-28 15:46:09-059 [org.springframework.kafka.KafkaListenerEndpointContainer#1-0-C-1] INFO  o.a.k.c.c.i.ConsumerCoordinator - [Consumer clientId=consumer-bootcoin-group-3, groupId=bootcoin-group] Successfully joined group with generation Generation{generationId=34, memberId='consumer-bootcoin-group-3-68186630-66f0-4fc2-95ad-4944568278ab', protocol='range'} 
2025-04-28 15:46:09-059 [repliesContainer-0-C-1] INFO  o.a.k.c.c.i.ConsumerCoordinator - [Consumer clientId=consumer-bootcoin-group-1, groupId=bootcoin-group] Successfully joined group with generation Generation{generationId=34, memberId='consumer-bootcoin-group-1-8598e5d0-aab2-4c8c-87b0-f19beda357dc', protocol='range'} 
2025-04-28 15:46:09-060 [org.springframework.kafka.KafkaListenerEndpointContainer#0-0-C-1] INFO  o.a.k.c.c.i.ConsumerCoordinator - [Consumer clientId=consumer-bootcoin-group-2, groupId=bootcoin-group] Successfully joined group with generation Generation{generationId=34, memberId='consumer-bootcoin-group-2-1b1d2fe1-13c1-4f5a-b21b-0ace46c6ddef', protocol='range'} 
2025-04-28 15:46:09-144 [org.springframework.kafka.KafkaListenerEndpointContainer#1-0-C-1] INFO  o.a.k.c.c.i.ConsumerCoordinator - [Consumer clientId=consumer-bootcoin-group-3, groupId=bootcoin-group] Successfully synced group in generation Generation{generationId=34, memberId='consumer-bootcoin-group-3-68186630-66f0-4fc2-95ad-4944568278ab', protocol='range'} 
2025-04-28 15:46:09-144 [repliesContainer-0-C-1] INFO  o.a.k.c.c.i.ConsumerCoordinator - [Consumer clientId=consumer-bootcoin-group-1, groupId=bootcoin-group] Successfully synced group in generation Generation{generationId=34, memberId='consumer-bootcoin-group-1-8598e5d0-aab2-4c8c-87b0-f19beda357dc', protocol='range'} 
2025-04-28 15:46:09-144 [org.springframework.kafka.KafkaListenerEndpointContainer#0-0-C-1] INFO  o.a.k.c.c.i.ConsumerCoordinator - [Consumer clientId=consumer-bootcoin-group-2, groupId=bootcoin-group] Successfully synced group in generation Generation{generationId=34, memberId='consumer-bootcoin-group-2-1b1d2fe1-13c1-4f5a-b21b-0ace46c6ddef', protocol='range'} 
2025-04-28 15:46:09-150 [org.springframework.kafka.KafkaListenerEndpointContainer#0-0-C-1] INFO  o.a.k.c.c.i.ConsumerCoordinator - [Consumer clientId=consumer-bootcoin-group-2, groupId=bootcoin-group] Notifying assignor about the new Assignment(partitions=[wallet-user-request-0]) 
2025-04-28 15:46:09-150 [repliesContainer-0-C-1] INFO  o.a.k.c.c.i.ConsumerCoordinator - [Consumer clientId=consumer-bootcoin-group-1, groupId=bootcoin-group] Notifying assignor about the new Assignment(partitions=[wallet-bootcoin-response-0]) 
2025-04-28 15:46:09-150 [org.springframework.kafka.KafkaListenerEndpointContainer#1-0-C-1] INFO  o.a.k.c.c.i.ConsumerCoordinator - [Consumer clientId=consumer-bootcoin-group-3, groupId=bootcoin-group] Notifying assignor about the new Assignment(partitions=[wallet-bootcoin-request-0]) 
2025-04-28 15:46:09-154 [repliesContainer-0-C-1] INFO  o.a.k.c.c.i.ConsumerRebalanceListenerInvoker - [Consumer clientId=consumer-bootcoin-group-1, groupId=bootcoin-group] Adding newly assigned partitions: wallet-bootcoin-response-0 
2025-04-28 15:46:09-154 [org.springframework.kafka.KafkaListenerEndpointContainer#1-0-C-1] INFO  o.a.k.c.c.i.ConsumerRebalanceListenerInvoker - [Consumer clientId=consumer-bootcoin-group-3, groupId=bootcoin-group] Adding newly assigned partitions: wallet-bootcoin-request-0 
2025-04-28 15:46:09-154 [org.springframework.kafka.KafkaListenerEndpointContainer#0-0-C-1] INFO  o.a.k.c.c.i.ConsumerRebalanceListenerInvoker - [Consumer clientId=consumer-bootcoin-group-2, groupId=bootcoin-group] Adding newly assigned partitions: wallet-user-request-0 
2025-04-28 15:46:09-167 [repliesContainer-0-C-1] INFO  o.a.k.c.c.internals.ConsumerUtils - Setting offset for partition wallet-bootcoin-response-0 to the committed offset FetchPosition{offset=5, offsetEpoch=Optional.empty, currentLeader=LeaderAndEpoch{leader=Optional[localhost:29092 (id: 1001 rack: null)], epoch=0}} 
2025-04-28 15:46:09-167 [org.springframework.kafka.KafkaListenerEndpointContainer#0-0-C-1] INFO  o.a.k.c.c.internals.ConsumerUtils - Setting offset for partition wallet-user-request-0 to the committed offset FetchPosition{offset=0, offsetEpoch=Optional.empty, currentLeader=LeaderAndEpoch{leader=Optional[localhost:29092 (id: 1001 rack: null)], epoch=0}} 
2025-04-28 15:46:09-167 [org.springframework.kafka.KafkaListenerEndpointContainer#1-0-C-1] INFO  o.a.k.c.c.internals.ConsumerUtils - Setting offset for partition wallet-bootcoin-request-0 to the committed offset FetchPosition{offset=6, offsetEpoch=Optional.empty, currentLeader=LeaderAndEpoch{leader=Optional[localhost:29092 (id: 1001 rack: null)], epoch=0}} 
2025-04-28 15:46:09-169 [org.springframework.kafka.KafkaListenerEndpointContainer#1-0-C-1] INFO  o.s.k.l.KafkaMessageListenerContainer - bootcoin-group: partitions assigned: [wallet-bootcoin-request-0] 
2025-04-28 15:46:09-169 [org.springframework.kafka.KafkaListenerEndpointContainer#0-0-C-1] INFO  o.s.k.l.KafkaMessageListenerContainer - bootcoin-group: partitions assigned: [wallet-user-request-0] 
2025-04-28 15:46:09-169 [repliesContainer-0-C-1] INFO  o.s.k.l.ConcurrentMessageListenerContainer - bootcoin-group: partitions assigned: [wallet-bootcoin-response-0] 
2025-04-28 15:46:17-866 [org.springframework.kafka.KafkaListenerEndpointContainer#1-0-C-1] INFO  c.b.w.b.api.consumer.WalletConsumer - Init create wallet: {"phoneNumber":"11111111"}, replyTopic: wallet-bootcoin-response, correlationId: [-46, -94, -12, 55, 35, -85, 75, 86, -73, 37, -120, 40, -113, 35, -111, -107] 
2025-04-28 15:46:17-873 [org.springframework.kafka.KafkaListenerEndpointContainer#1-0-C-1] INFO  c.b.w.b.a.service.WalletServiceImpl - Init create wallet to user 11111111 
2025-04-28 15:46:18-019 [nioEventLoopGroup-3-3] INFO  c.b.w.b.a.service.WalletServiceImpl - UserId have wallet yet 
2025-04-28 15:46:18-020 [nioEventLoopGroup-3-3] INFO  c.b.w.b.a.service.WalletServiceImpl - Wallet created successfully 2820483-8463957-1581814 for userId 11111111 
2025-04-28 15:46:18-023 [nioEventLoopGroup-3-3] INFO  c.b.w.b.api.consumer.WalletConsumer - Wallet created: {"walletAccount":"2820483-8463957-1581814","userId":"11111111"} 
2025-04-28 15:46:18-032 [nioEventLoopGroup-3-3] INFO  o.a.k.c.producer.ProducerConfig - ProducerConfig values: 
	acks = -1
	auto.include.jmx.reporter = true
	batch.size = 16384
	bootstrap.servers = [localhost:29092]
	buffer.memory = 33554432
	client.dns.lookup = use_all_dns_ips
	client.id = wallet-bootcoin-api-producer-1
	compression.gzip.level = -1
	compression.lz4.level = 9
	compression.type = none
	compression.zstd.level = 3
	connections.max.idle.ms = 540000
	delivery.timeout.ms = 120000
	enable.idempotence = true
	enable.metrics.push = true
	interceptor.classes = []
	key.serializer = class org.apache.kafka.common.serialization.StringSerializer
	linger.ms = 0
	max.block.ms = 60000
	max.in.flight.requests.per.connection = 5
	max.request.size = 1048576
	metadata.max.age.ms = 300000
	metadata.max.idle.ms = 300000
	metadata.recovery.strategy = none
	metric.reporters = []
	metrics.num.samples = 2
	metrics.recording.level = INFO
	metrics.sample.window.ms = 30000
	partitioner.adaptive.partitioning.enable = true
	partitioner.availability.timeout.ms = 0
	partitioner.class = null
	partitioner.ignore.keys = false
	receive.buffer.bytes = 32768
	reconnect.backoff.max.ms = 1000
	reconnect.backoff.ms = 50
	request.timeout.ms = 30000
	retries = 2147483647
	retry.backoff.max.ms = 1000
	retry.backoff.ms = 100
	sasl.client.callback.handler.class = null
	sasl.jaas.config = null
	sasl.kerberos.kinit.cmd = /usr/bin/kinit
	sasl.kerberos.min.time.before.relogin = 60000
	sasl.kerberos.service.name = null
	sasl.kerberos.ticket.renew.jitter = 0.05
	sasl.kerberos.ticket.renew.window.factor = 0.8
	sasl.login.callback.handler.class = null
	sasl.login.class = null
	sasl.login.connect.timeout.ms = null
	sasl.login.read.timeout.ms = null
	sasl.login.refresh.buffer.seconds = 300
	sasl.login.refresh.min.period.seconds = 60
	sasl.login.refresh.window.factor = 0.8
	sasl.login.refresh.window.jitter = 0.05
	sasl.login.retry.backoff.max.ms = 10000
	sasl.login.retry.backoff.ms = 100
	sasl.mechanism = GSSAPI
	sasl.oauthbearer.clock.skew.seconds = 30
	sasl.oauthbearer.expected.audience = null
	sasl.oauthbearer.expected.issuer = null
	sasl.oauthbearer.jwks.endpoint.refresh.ms = 3600000
	sasl.oauthbearer.jwks.endpoint.retry.backoff.max.ms = 10000
	sasl.oauthbearer.jwks.endpoint.retry.backoff.ms = 100
	sasl.oauthbearer.jwks.endpoint.url = null
	sasl.oauthbearer.scope.claim.name = scope
	sasl.oauthbearer.sub.claim.name = sub
	sasl.oauthbearer.token.endpoint.url = null
	security.protocol = PLAINTEXT
	security.providers = null
	send.buffer.bytes = 131072
	socket.connection.setup.timeout.max.ms = 30000
	socket.connection.setup.timeout.ms = 10000
	ssl.cipher.suites = null
	ssl.enabled.protocols = [TLSv1.2, TLSv1.3]
	ssl.endpoint.identification.algorithm = https
	ssl.engine.factory.class = null
	ssl.key.password = null
	ssl.keymanager.algorithm = SunX509
	ssl.keystore.certificate.chain = null
	ssl.keystore.key = null
	ssl.keystore.location = null
	ssl.keystore.password = null
	ssl.keystore.type = JKS
	ssl.protocol = TLSv1.3
	ssl.provider = null
	ssl.secure.random.implementation = null
	ssl.trustmanager.algorithm = PKIX
	ssl.truststore.certificates = null
	ssl.truststore.location = null
	ssl.truststore.password = null
	ssl.truststore.type = JKS
	transaction.timeout.ms = 60000
	transactional.id = null
	value.serializer = class org.apache.kafka.common.serialization.StringSerializer
 
2025-04-28 15:46:18-033 [nioEventLoopGroup-3-3] INFO  o.a.k.c.t.i.KafkaMetricsCollector - initializing Kafka metrics collector 
2025-04-28 15:46:18-043 [nioEventLoopGroup-3-3] INFO  o.a.k.clients.producer.KafkaProducer - [Producer clientId=wallet-bootcoin-api-producer-1] Instantiated an idempotent producer. 
2025-04-28 15:46:18-062 [nioEventLoopGroup-3-3] INFO  o.a.kafka.common.utils.AppInfoParser - Kafka version: 3.8.1 
2025-04-28 15:46:18-062 [nioEventLoopGroup-3-3] INFO  o.a.kafka.common.utils.AppInfoParser - Kafka commitId: 70d6ff42debf7e17 
2025-04-28 15:46:18-062 [nioEventLoopGroup-3-3] INFO  o.a.kafka.common.utils.AppInfoParser - Kafka startTimeMs: 1745873178062 
2025-04-28 15:46:18-072 [kafka-producer-network-thread | wallet-bootcoin-api-producer-1] INFO  org.apache.kafka.clients.Metadata - [Producer clientId=wallet-bootcoin-api-producer-1] Cluster ID: pQNgvDGCTc6DWdlYtyeAyg 
2025-04-28 15:46:18-073 [kafka-producer-network-thread | wallet-bootcoin-api-producer-1] INFO  o.a.k.c.p.i.TransactionManager - [Producer clientId=wallet-bootcoin-api-producer-1] ProducerId set to 12 with epoch 0 
2025-04-28 15:46:18-084 [nioEventLoopGroup-3-3] INFO  c.b.w.b.api.consumer.WalletConsumer - Subscribe to bootcoin wallet 
2025-04-28 15:46:18-116 [repliesContainer-0-C-1] ERROR o.s.k.r.ReplyingKafkaTemplate - No pending reply: wallet-bootcoin-response-0@5 with correlationId: d2a2f437-23ab-4b56-b725-88288f239195, perhaps timed out, or using a shared reply topic 
2025-04-28 15:46:46-196 [SpringApplicationShutdownHook] INFO  o.s.c.n.e.s.EurekaServiceRegistry - Unregistering application WALLET-BOOTCOIN-API with eureka with status DOWN 
2025-04-28 15:46:46-197 [SpringApplicationShutdownHook] INFO  c.netflix.discovery.DiscoveryClient - Saw local status change event StatusChangeEvent [timestamp=1745873206196, current=DOWN, previous=UP] 
2025-04-28 15:46:46-197 [DiscoveryClient-InstanceInfoReplicator-%d] INFO  c.netflix.discovery.DiscoveryClient - DiscoveryClient_WALLET-BOOTCOIN-API/wallet-bootcoin-api:8805: registering service... 
2025-04-28 15:46:46-204 [repliesContainer-0-C-1] INFO  o.a.k.c.c.i.ConsumerRebalanceListenerInvoker - [Consumer clientId=consumer-bootcoin-group-1, groupId=bootcoin-group] Revoke previously assigned partitions wallet-bootcoin-response-0 
2025-04-28 15:46:46-205 [repliesContainer-0-C-1] INFO  o.s.k.l.ConcurrentMessageListenerContainer - bootcoin-group: partitions revoked: [wallet-bootcoin-response-0] 
2025-04-28 15:46:46-205 [repliesContainer-0-C-1] INFO  o.a.k.c.c.i.ConsumerCoordinator - [Consumer clientId=consumer-bootcoin-group-1, groupId=bootcoin-group] Member consumer-bootcoin-group-1-8598e5d0-aab2-4c8c-87b0-f19beda357dc sending LeaveGroup request to coordinator localhost:29092 (id: 2147482646 rack: null) due to the consumer unsubscribed from all topics 
2025-04-28 15:46:46-206 [repliesContainer-0-C-1] INFO  o.a.k.c.c.i.ConsumerCoordinator - [Consumer clientId=consumer-bootcoin-group-1, groupId=bootcoin-group] Resetting generation and member id due to: consumer pro-actively leaving the group 
2025-04-28 15:46:46-206 [repliesContainer-0-C-1] INFO  o.a.k.c.c.i.ConsumerCoordinator - [Consumer clientId=consumer-bootcoin-group-1, groupId=bootcoin-group] Request joining group due to: consumer pro-actively leaving the group 
2025-04-28 15:46:46-206 [repliesContainer-0-C-1] INFO  o.a.k.c.c.i.LegacyKafkaConsumer - [Consumer clientId=consumer-bootcoin-group-1, groupId=bootcoin-group] Unsubscribed all topics or patterns and assigned partitions 
2025-04-28 15:46:46-209 [repliesContainer-0-C-1] INFO  o.a.k.c.c.i.ConsumerCoordinator - [Consumer clientId=consumer-bootcoin-group-1, groupId=bootcoin-group] Resetting generation and member id due to: consumer pro-actively leaving the group 
2025-04-28 15:46:46-209 [repliesContainer-0-C-1] INFO  o.a.k.c.c.i.ConsumerCoordinator - [Consumer clientId=consumer-bootcoin-group-1, groupId=bootcoin-group] Request joining group due to: consumer pro-actively leaving the group 
2025-04-28 15:46:46-211 [DiscoveryClient-InstanceInfoReplicator-%d] INFO  c.netflix.discovery.DiscoveryClient - DiscoveryClient_WALLET-BOOTCOIN-API/wallet-bootcoin-api:8805 - registration status: 204 
2025-04-28 15:46:46-284 [repliesContainer-0-C-1] INFO  o.a.kafka.common.metrics.Metrics - Metrics scheduler closed 
2025-04-28 15:46:46-284 [repliesContainer-0-C-1] INFO  o.a.kafka.common.metrics.Metrics - Closing reporter org.apache.kafka.common.metrics.JmxReporter 
2025-04-28 15:46:46-284 [repliesContainer-0-C-1] INFO  o.a.kafka.common.metrics.Metrics - Closing reporter org.apache.kafka.common.telemetry.internals.ClientTelemetryReporter 
2025-04-28 15:46:46-284 [repliesContainer-0-C-1] INFO  o.a.kafka.common.metrics.Metrics - Metrics reporters closed 
2025-04-28 15:46:46-292 [repliesContainer-0-C-1] INFO  o.a.kafka.common.utils.AppInfoParser - App info kafka.consumer for consumer-bootcoin-group-1 unregistered 
2025-04-28 15:46:46-293 [repliesContainer-0-C-1] INFO  o.s.k.l.KafkaMessageListenerContainer - bootcoin-group: Consumer stopped 
2025-04-28 15:46:46-319 [org.springframework.kafka.KafkaListenerEndpointContainer#0-0-C-1] INFO  o.a.k.c.c.i.ConsumerRebalanceListenerInvoker - [Consumer clientId=consumer-bootcoin-group-2, groupId=bootcoin-group] Revoke previously assigned partitions wallet-user-request-0 
2025-04-28 15:46:46-319 [org.springframework.kafka.KafkaListenerEndpointContainer#0-0-C-1] INFO  o.s.k.l.KafkaMessageListenerContainer - bootcoin-group: partitions revoked: [wallet-user-request-0] 
2025-04-28 15:46:46-320 [org.springframework.kafka.KafkaListenerEndpointContainer#0-0-C-1] INFO  o.a.k.c.c.i.ConsumerCoordinator - [Consumer clientId=consumer-bootcoin-group-2, groupId=bootcoin-group] Member consumer-bootcoin-group-2-1b1d2fe1-13c1-4f5a-b21b-0ace46c6ddef sending LeaveGroup request to coordinator localhost:29092 (id: 2147482646 rack: null) due to the consumer unsubscribed from all topics 
2025-04-28 15:46:46-320 [org.springframework.kafka.KafkaListenerEndpointContainer#0-0-C-1] INFO  o.a.k.c.c.i.ConsumerCoordinator - [Consumer clientId=consumer-bootcoin-group-2, groupId=bootcoin-group] Resetting generation and member id due to: consumer pro-actively leaving the group 
2025-04-28 15:46:46-320 [org.springframework.kafka.KafkaListenerEndpointContainer#0-0-C-1] INFO  o.a.k.c.c.i.ConsumerCoordinator - [Consumer clientId=consumer-bootcoin-group-2, groupId=bootcoin-group] Request joining group due to: consumer pro-actively leaving the group 
2025-04-28 15:46:46-320 [org.springframework.kafka.KafkaListenerEndpointContainer#0-0-C-1] INFO  o.a.k.c.c.i.LegacyKafkaConsumer - [Consumer clientId=consumer-bootcoin-group-2, groupId=bootcoin-group] Unsubscribed all topics or patterns and assigned partitions 
2025-04-28 15:46:46-321 [org.springframework.kafka.KafkaListenerEndpointContainer#0-0-C-1] INFO  o.a.k.c.c.i.ConsumerCoordinator - [Consumer clientId=consumer-bootcoin-group-2, groupId=bootcoin-group] Resetting generation and member id due to: consumer pro-actively leaving the group 
2025-04-28 15:46:46-321 [org.springframework.kafka.KafkaListenerEndpointContainer#1-0-C-1] INFO  o.a.k.c.c.i.ConsumerRebalanceListenerInvoker - [Consumer clientId=consumer-bootcoin-group-3, groupId=bootcoin-group] Revoke previously assigned partitions wallet-bootcoin-request-0 
2025-04-28 15:46:46-321 [org.springframework.kafka.KafkaListenerEndpointContainer#0-0-C-1] INFO  o.a.k.c.c.i.ConsumerCoordinator - [Consumer clientId=consumer-bootcoin-group-2, groupId=bootcoin-group] Request joining group due to: consumer pro-actively leaving the group 
2025-04-28 15:46:46-321 [org.springframework.kafka.KafkaListenerEndpointContainer#1-0-C-1] INFO  o.s.k.l.KafkaMessageListenerContainer - bootcoin-group: partitions revoked: [wallet-bootcoin-request-0] 
2025-04-28 15:46:46-321 [org.springframework.kafka.KafkaListenerEndpointContainer#1-0-C-1] INFO  o.a.k.c.c.i.ConsumerCoordinator - [Consumer clientId=consumer-bootcoin-group-3, groupId=bootcoin-group] Member consumer-bootcoin-group-3-68186630-66f0-4fc2-95ad-4944568278ab sending LeaveGroup request to coordinator localhost:29092 (id: 2147482646 rack: null) due to the consumer unsubscribed from all topics 
2025-04-28 15:46:46-321 [org.springframework.kafka.KafkaListenerEndpointContainer#1-0-C-1] INFO  o.a.k.c.c.i.ConsumerCoordinator - [Consumer clientId=consumer-bootcoin-group-3, groupId=bootcoin-group] Resetting generation and member id due to: consumer pro-actively leaving the group 
2025-04-28 15:46:46-322 [org.springframework.kafka.KafkaListenerEndpointContainer#1-0-C-1] INFO  o.a.k.c.c.i.ConsumerCoordinator - [Consumer clientId=consumer-bootcoin-group-3, groupId=bootcoin-group] Request joining group due to: consumer pro-actively leaving the group 
2025-04-28 15:46:46-322 [org.springframework.kafka.KafkaListenerEndpointContainer#1-0-C-1] INFO  o.a.k.c.c.i.LegacyKafkaConsumer - [Consumer clientId=consumer-bootcoin-group-3, groupId=bootcoin-group] Unsubscribed all topics or patterns and assigned partitions 
2025-04-28 15:46:46-322 [org.springframework.kafka.KafkaListenerEndpointContainer#1-0-C-1] INFO  o.a.k.c.c.i.ConsumerCoordinator - [Consumer clientId=consumer-bootcoin-group-3, groupId=bootcoin-group] Resetting generation and member id due to: consumer pro-actively leaving the group 
2025-04-28 15:46:46-322 [org.springframework.kafka.KafkaListenerEndpointContainer#1-0-C-1] INFO  o.a.k.c.c.i.ConsumerCoordinator - [Consumer clientId=consumer-bootcoin-group-3, groupId=bootcoin-group] Request joining group due to: consumer pro-actively leaving the group 
2025-04-28 15:46:46-323 [SpringApplicationShutdownHook] INFO  o.s.b.w.e.netty.GracefulShutdown - Commencing graceful shutdown. Waiting for active requests to complete 
2025-04-28 15:46:46-404 [netty-shutdown] INFO  o.s.b.w.e.netty.GracefulShutdown - Graceful shutdown complete 
2025-04-28 15:46:46-437 [org.springframework.kafka.KafkaListenerEndpointContainer#0-0-C-1] INFO  o.a.kafka.common.metrics.Metrics - Metrics scheduler closed 
2025-04-28 15:46:46-437 [org.springframework.kafka.KafkaListenerEndpointContainer#0-0-C-1] INFO  o.a.kafka.common.metrics.Metrics - Closing reporter org.apache.kafka.common.metrics.JmxReporter 
2025-04-28 15:46:46-437 [org.springframework.kafka.KafkaListenerEndpointContainer#0-0-C-1] INFO  o.a.kafka.common.metrics.Metrics - Closing reporter org.apache.kafka.common.telemetry.internals.ClientTelemetryReporter 
2025-04-28 15:46:46-437 [org.springframework.kafka.KafkaListenerEndpointContainer#0-0-C-1] INFO  o.a.kafka.common.metrics.Metrics - Metrics reporters closed 
2025-04-28 15:46:46-441 [org.springframework.kafka.KafkaListenerEndpointContainer#0-0-C-1] INFO  o.a.kafka.common.utils.AppInfoParser - App info kafka.consumer for consumer-bootcoin-group-2 unregistered 
2025-04-28 15:46:46-442 [org.springframework.kafka.KafkaListenerEndpointContainer#0-0-C-1] INFO  o.s.k.l.KafkaMessageListenerContainer - bootcoin-group: Consumer stopped 
2025-04-28 15:46:46-631 [org.springframework.kafka.KafkaListenerEndpointContainer#1-0-C-1] INFO  o.a.kafka.common.metrics.Metrics - Metrics scheduler closed 
2025-04-28 15:46:46-631 [org.springframework.kafka.KafkaListenerEndpointContainer#1-0-C-1] INFO  o.a.kafka.common.metrics.Metrics - Closing reporter org.apache.kafka.common.metrics.JmxReporter 
2025-04-28 15:46:46-631 [org.springframework.kafka.KafkaListenerEndpointContainer#1-0-C-1] INFO  o.a.kafka.common.metrics.Metrics - Closing reporter org.apache.kafka.common.telemetry.internals.ClientTelemetryReporter 
2025-04-28 15:46:46-631 [org.springframework.kafka.KafkaListenerEndpointContainer#1-0-C-1] INFO  o.a.kafka.common.metrics.Metrics - Metrics reporters closed 
2025-04-28 15:46:46-634 [org.springframework.kafka.KafkaListenerEndpointContainer#1-0-C-1] INFO  o.a.kafka.common.utils.AppInfoParser - App info kafka.consumer for consumer-bootcoin-group-3 unregistered 
2025-04-28 15:46:46-634 [org.springframework.kafka.KafkaListenerEndpointContainer#1-0-C-1] INFO  o.s.k.l.KafkaMessageListenerContainer - bootcoin-group: Consumer stopped 
2025-04-28 15:48:33-776 [main] INFO  c.b.w.b.a.WalletBootcoinApiApplication - Starting WalletBootcoinApiApplication using Java 17.0.12 with PID 18344 (C:\Users\mgarcsar\Documents\Bootcamp\etregables\BootCoin\wallet-bootcoin-api\target\classes started by mgarcsar in C:\Users\mgarcsar\Documents\Bootcamp\etregables\BootCoin) 
2025-04-28 15:48:33-778 [main] INFO  c.b.w.b.a.WalletBootcoinApiApplication - The following 1 profile is active: "dev" 
2025-04-28 15:48:33-809 [main] INFO  o.s.c.c.c.ConfigServerConfigDataLoader - Fetching config from server at : http://config-server-bc:8888 
2025-04-28 15:48:33-809 [main] INFO  o.s.c.c.c.ConfigServerConfigDataLoader - Exception on Url - http://config-server-bc:8888:org.springframework.web.client.ResourceAccessException: I/O error on GET request for "http://config-server-bc:8888/wallet-bootcoin-api/default": config-server-bc. Will be trying the next url if available 
2025-04-28 15:48:33-809 [main] WARN  o.s.c.c.c.ConfigServerConfigDataLoader - Could not locate PropertySource ([ConfigServerConfigDataResource@6136998b uris = array<String>['http://config-server-bc:8888'], optional = true, profiles = 'default']): I/O error on GET request for "http://config-server-bc:8888/wallet-bootcoin-api/default": config-server-bc 
2025-04-28 15:48:33-809 [main] INFO  o.s.c.c.c.ConfigServerConfigDataLoader - Fetching config from server at : http://config-server-bc:8888 
2025-04-28 15:48:33-809 [main] INFO  o.s.c.c.c.ConfigServerConfigDataLoader - Exception on Url - http://config-server-bc:8888:org.springframework.web.client.ResourceAccessException: I/O error on GET request for "http://config-server-bc:8888/wallet-bootcoin-api/dev": config-server-bc. Will be trying the next url if available 
2025-04-28 15:48:33-809 [main] WARN  o.s.c.c.c.ConfigServerConfigDataLoader - Could not locate PropertySource ([ConfigServerConfigDataResource@3d43fe uris = array<String>['http://config-server-bc:8888'], optional = true, profiles = 'dev']): I/O error on GET request for "http://config-server-bc:8888/wallet-bootcoin-api/dev": config-server-bc 
2025-04-28 15:48:33-809 [main] INFO  o.s.c.c.c.ConfigServerConfigDataLoader - Fetching config from server at : http://config-server-bc:8888 
2025-04-28 15:48:33-809 [main] INFO  o.s.c.c.c.ConfigServerConfigDataLoader - Exception on Url - http://config-server-bc:8888:org.springframework.web.client.ResourceAccessException: I/O error on GET request for "http://config-server-bc:8888/wallet-bootcoin-api/default": config-server-bc. Will be trying the next url if available 
2025-04-28 15:48:33-809 [main] WARN  o.s.c.c.c.ConfigServerConfigDataLoader - Could not locate PropertySource ([ConfigServerConfigDataResource@74ad8d05 uris = array<String>['http://config-server-bc:8888'], optional = true, profiles = 'default']): I/O error on GET request for "http://config-server-bc:8888/wallet-bootcoin-api/default": config-server-bc 
2025-04-28 15:48:34-540 [main] INFO  o.s.d.r.c.RepositoryConfigurationDelegate - Bootstrapping Spring Data Reactive MongoDB repositories in DEFAULT mode. 
2025-04-28 15:48:34-658 [main] INFO  o.s.d.r.c.RepositoryConfigurationDelegate - Finished Spring Data repository scanning in 111 ms. Found 1 Reactive MongoDB repository interface. 
2025-04-28 15:48:34-886 [main] INFO  o.s.cloud.context.scope.GenericScope - BeanFactory id=081874e3-d78b-3861-8e43-6dddf9cc1bd7 
2025-04-28 15:48:35-400 [main] INFO  org.mongodb.driver.client - MongoClient with metadata {"driver": {"name": "mongo-java-driver|reactive-streams|spring-boot", "version": "5.2.1"}, "os": {"type": "Windows", "name": "Windows 10", "architecture": "amd64", "version": "10.0"}, "platform": "Java/Oracle Corporation/17.0.12+8-LTS-286"} created with settings MongoClientSettings{readPreference=primary, writeConcern=WriteConcern{w=null, wTimeout=null ms, journal=null}, retryWrites=true, retryReads=true, readConcern=ReadConcern{level=null}, credential=null, transportSettings=NettyTransportSettings{eventLoopGroup=io.netty.channel.nio.NioEventLoopGroup@681311a7, socketChannelClass=null, allocator=null, sslContext=null}, commandListeners=[io.micrometer.core.instrument.binder.mongodb.MongoMetricsCommandListener@2c7375da], codecRegistry=ProvidersCodecRegistry{codecProviders=[ValueCodecProvider{}, BsonValueCodecProvider{}, DBRefCodecProvider{}, DBObjectCodecProvider{}, DocumentCodecProvider{}, CollectionCodecProvider{}, IterableCodecProvider{}, MapCodecProvider{}, GeoJsonCodecProvider{}, GridFSFileCodecProvider{}, Jsr310CodecProvider{}, JsonObjectCodecProvider{}, BsonCodecProvider{}, EnumCodecProvider{}, com.mongodb.client.model.mql.ExpressionCodecProvider@68c4db77, com.mongodb.Jep395RecordCodecProvider@775c4054, com.mongodb.KotlinCodecProvider@7b2e931]}, loggerSettings=LoggerSettings{maxDocumentLength=1000}, clusterSettings={hosts=[localhost:27017], srvServiceName=mongodb, mode=SINGLE, requiredClusterType=UNKNOWN, requiredReplicaSetName='null', serverSelector='null', clusterListeners='[]', serverSelectionTimeout='30000 ms', localThreshold='15 ms'}, socketSettings=SocketSettings{connectTimeoutMS=10000, readTimeoutMS=0, receiveBufferSize=0, proxySettings=ProxySettings{host=null, port=null, username=null, password=null}}, heartbeatSocketSettings=SocketSettings{connectTimeoutMS=10000, readTimeoutMS=10000, receiveBufferSize=0, proxySettings=ProxySettings{host=null, port=null, username=null, password=null}}, connectionPoolSettings=ConnectionPoolSettings{maxSize=100, minSize=0, maxWaitTimeMS=120000, maxConnectionLifeTimeMS=0, maxConnectionIdleTimeMS=0, maintenanceInitialDelayMS=0, maintenanceFrequencyMS=60000, connectionPoolListeners=[io.micrometer.core.instrument.binder.mongodb.MongoMetricsConnectionPoolListener@305881b8], maxConnecting=2}, serverSettings=ServerSettings{heartbeatFrequencyMS=10000, minHeartbeatFrequencyMS=500, serverMonitoringMode=AUTO, serverListeners='[]', serverMonitorListeners='[]'}, sslSettings=SslSettings{enabled=false, invalidHostNameAllowed=false, context=null}, applicationName='null', compressorList=[], uuidRepresentation=JAVA_LEGACY, serverApi=null, autoEncryptionSettings=null, dnsClient=null, inetAddressResolver=null, contextProvider=null, timeoutMS=null} 
2025-04-28 15:48:35-499 [cluster-ClusterId{value='680fe9a347e75870485729c4', description='null'}-localhost:27017] INFO  org.mongodb.driver.cluster - Monitor thread successfully connected to server with description ServerDescription{address=localhost:27017, type=STANDALONE, cryptd=false, state=CONNECTED, ok=true, minWireVersion=0, maxWireVersion=25, maxDocumentSize=16777216, logicalSessionTimeoutMinutes=30, roundTripTimeNanos=37636400, minRoundTripTimeNanos=0} 
2025-04-28 15:48:36-511 [main] INFO  o.s.b.a.e.web.EndpointLinksResolver - Exposing 2 endpoints beneath base path '/actuator' 
2025-04-28 15:48:36-893 [main] INFO  o.s.c.n.e.c.DiscoveryClientOptionalArgsConfiguration - Eureka HTTP Client uses RestTemplate. 
2025-04-28 15:48:36-936 [main] WARN  o.s.c.l.c.LoadBalancerCacheAutoConfiguration$LoadBalancerCaffeineWarnLogger - Spring Cloud LoadBalancer is currently working with the default cache. While this cache implementation is useful for development and tests, it's recommended to use Caffeine cache in production.You can switch to using Caffeine cache, by adding it and org.springframework.cache.caffeine.CaffeineCacheManager to the classpath. 
2025-04-28 15:48:37-076 [main] INFO  o.a.k.c.consumer.ConsumerConfig - ConsumerConfig values: 
	allow.auto.create.topics = true
	auto.commit.interval.ms = 5000
	auto.include.jmx.reporter = true
	auto.offset.reset = latest
	bootstrap.servers = [localhost:29092]
	check.crcs = true
	client.dns.lookup = use_all_dns_ips
	client.id = consumer-bootcoin-group-1
	client.rack = 
	connections.max.idle.ms = 540000
	default.api.timeout.ms = 60000
	enable.auto.commit = false
	enable.metrics.push = true
	exclude.internal.topics = true
	fetch.max.bytes = 52428800
	fetch.max.wait.ms = 500
	fetch.min.bytes = 1
	group.id = bootcoin-group
	group.instance.id = null
	group.protocol = classic
	group.remote.assignor = null
	heartbeat.interval.ms = 3000
	interceptor.classes = []
	internal.leave.group.on.close = true
	internal.throw.on.fetch.stable.offset.unsupported = false
	isolation.level = read_uncommitted
	key.deserializer = class org.apache.kafka.common.serialization.StringDeserializer
	max.partition.fetch.bytes = 1048576
	max.poll.interval.ms = 300000
	max.poll.records = 500
	metadata.max.age.ms = 300000
	metadata.recovery.strategy = none
	metric.reporters = []
	metrics.num.samples = 2
	metrics.recording.level = INFO
	metrics.sample.window.ms = 30000
	partition.assignment.strategy = [class org.apache.kafka.clients.consumer.RangeAssignor, class org.apache.kafka.clients.consumer.CooperativeStickyAssignor]
	receive.buffer.bytes = 65536
	reconnect.backoff.max.ms = 1000
	reconnect.backoff.ms = 50
	request.timeout.ms = 30000
	retry.backoff.max.ms = 1000
	retry.backoff.ms = 100
	sasl.client.callback.handler.class = null
	sasl.jaas.config = null
	sasl.kerberos.kinit.cmd = /usr/bin/kinit
	sasl.kerberos.min.time.before.relogin = 60000
	sasl.kerberos.service.name = null
	sasl.kerberos.ticket.renew.jitter = 0.05
	sasl.kerberos.ticket.renew.window.factor = 0.8
	sasl.login.callback.handler.class = null
	sasl.login.class = null
	sasl.login.connect.timeout.ms = null
	sasl.login.read.timeout.ms = null
	sasl.login.refresh.buffer.seconds = 300
	sasl.login.refresh.min.period.seconds = 60
	sasl.login.refresh.window.factor = 0.8
	sasl.login.refresh.window.jitter = 0.05
	sasl.login.retry.backoff.max.ms = 10000
	sasl.login.retry.backoff.ms = 100
	sasl.mechanism = GSSAPI
	sasl.oauthbearer.clock.skew.seconds = 30
	sasl.oauthbearer.expected.audience = null
	sasl.oauthbearer.expected.issuer = null
	sasl.oauthbearer.jwks.endpoint.refresh.ms = 3600000
	sasl.oauthbearer.jwks.endpoint.retry.backoff.max.ms = 10000
	sasl.oauthbearer.jwks.endpoint.retry.backoff.ms = 100
	sasl.oauthbearer.jwks.endpoint.url = null
	sasl.oauthbearer.scope.claim.name = scope
	sasl.oauthbearer.sub.claim.name = sub
	sasl.oauthbearer.token.endpoint.url = null
	security.protocol = PLAINTEXT
	security.providers = null
	send.buffer.bytes = 131072
	session.timeout.ms = 45000
	socket.connection.setup.timeout.max.ms = 30000
	socket.connection.setup.timeout.ms = 10000
	ssl.cipher.suites = null
	ssl.enabled.protocols = [TLSv1.2, TLSv1.3]
	ssl.endpoint.identification.algorithm = https
	ssl.engine.factory.class = null
	ssl.key.password = null
	ssl.keymanager.algorithm = SunX509
	ssl.keystore.certificate.chain = null
	ssl.keystore.key = null
	ssl.keystore.location = null
	ssl.keystore.password = null
	ssl.keystore.type = JKS
	ssl.protocol = TLSv1.3
	ssl.provider = null
	ssl.secure.random.implementation = null
	ssl.trustmanager.algorithm = PKIX
	ssl.truststore.certificates = null
	ssl.truststore.location = null
	ssl.truststore.password = null
	ssl.truststore.type = JKS
	value.deserializer = class org.apache.kafka.common.serialization.StringDeserializer
 
2025-04-28 15:48:37-144 [main] INFO  o.a.k.c.t.i.KafkaMetricsCollector - initializing Kafka metrics collector 
2025-04-28 15:48:37-239 [main] INFO  o.a.kafka.common.utils.AppInfoParser - Kafka version: 3.8.1 
2025-04-28 15:48:37-240 [main] INFO  o.a.kafka.common.utils.AppInfoParser - Kafka commitId: 70d6ff42debf7e17 
2025-04-28 15:48:37-240 [main] INFO  o.a.kafka.common.utils.AppInfoParser - Kafka startTimeMs: 1745873317237 
2025-04-28 15:48:37-243 [main] INFO  o.a.k.c.c.i.LegacyKafkaConsumer - [Consumer clientId=consumer-bootcoin-group-1, groupId=bootcoin-group] Subscribed to topic(s): wallet-bootcoin-response 
2025-04-28 15:48:37-269 [main] INFO  o.s.c.n.eureka.InstanceInfoFactory - Setting initial instance status as: STARTING 
2025-04-28 15:48:37-291 [main] INFO  c.netflix.discovery.DiscoveryClient - Initializing Eureka in region us-east-1 
2025-04-28 15:48:37-295 [main] INFO  c.n.d.s.r.aws.ConfigClusterResolver - Resolving eureka endpoints via configuration 
2025-04-28 15:48:37-304 [main] INFO  c.netflix.discovery.DiscoveryClient - Disable delta property : false 
2025-04-28 15:48:37-304 [main] INFO  c.netflix.discovery.DiscoveryClient - Single vip registry refresh property : null 
2025-04-28 15:48:37-304 [main] INFO  c.netflix.discovery.DiscoveryClient - Force full registry fetch : false 
2025-04-28 15:48:37-304 [main] INFO  c.netflix.discovery.DiscoveryClient - Application is null : false 
2025-04-28 15:48:37-304 [main] INFO  c.netflix.discovery.DiscoveryClient - Registered Applications size is zero : true 
2025-04-28 15:48:37-304 [main] INFO  c.netflix.discovery.DiscoveryClient - Application version is -1: true 
2025-04-28 15:48:37-304 [main] INFO  c.netflix.discovery.DiscoveryClient - Getting all instance registry info from the eureka server 
2025-04-28 15:48:37-602 [main] INFO  c.netflix.discovery.DiscoveryClient - The response status is 200 
2025-04-28 15:48:37-604 [main] INFO  c.netflix.discovery.DiscoveryClient - Starting heartbeat executor: renew interval is: 30 
2025-04-28 15:48:37-606 [main] INFO  c.n.discovery.InstanceInfoReplicator - InstanceInfoReplicator onDemand update allowed rate per min is 4 
2025-04-28 15:48:37-608 [main] INFO  c.netflix.discovery.DiscoveryClient - Discovery Client initialized at timestamp 1745873317607 with initial instances count: 3 
2025-04-28 15:48:37-611 [main] INFO  o.s.c.n.e.s.EurekaServiceRegistry - Registering application WALLET-BOOTCOIN-API with eureka with status UP 
2025-04-28 15:48:37-612 [main] INFO  c.netflix.discovery.DiscoveryClient - Saw local status change event StatusChangeEvent [timestamp=1745873317612, current=UP, previous=STARTING] 
2025-04-28 15:48:37-613 [DiscoveryClient-InstanceInfoReplicator-%d] INFO  c.netflix.discovery.DiscoveryClient - DiscoveryClient_WALLET-BOOTCOIN-API/wallet-bootcoin-api:8805: registering service... 
2025-04-28 15:48:37-646 [repliesContainer-0-C-1] INFO  org.apache.kafka.clients.Metadata - [Consumer clientId=consumer-bootcoin-group-1, groupId=bootcoin-group] Cluster ID: pQNgvDGCTc6DWdlYtyeAyg 
2025-04-28 15:48:37-648 [repliesContainer-0-C-1] INFO  o.a.k.c.c.i.ConsumerCoordinator - [Consumer clientId=consumer-bootcoin-group-1, groupId=bootcoin-group] Discovered group coordinator localhost:29092 (id: 2147482646 rack: null) 
2025-04-28 15:48:37-651 [repliesContainer-0-C-1] INFO  o.a.k.c.c.i.ConsumerCoordinator - [Consumer clientId=consumer-bootcoin-group-1, groupId=bootcoin-group] (Re-)joining group 
2025-04-28 15:48:37-655 [DiscoveryClient-InstanceInfoReplicator-%d] INFO  c.netflix.discovery.DiscoveryClient - DiscoveryClient_WALLET-BOOTCOIN-API/wallet-bootcoin-api:8805 - registration status: 204 
2025-04-28 15:48:37-669 [repliesContainer-0-C-1] INFO  o.a.k.c.c.i.ConsumerCoordinator - [Consumer clientId=consumer-bootcoin-group-1, groupId=bootcoin-group] Request joining group due to: need to re-join with the given member-id: consumer-bootcoin-group-1-5d913ce0-6dbf-4c59-98a2-93c72b2ddc76 
2025-04-28 15:48:37-669 [repliesContainer-0-C-1] INFO  o.a.k.c.c.i.ConsumerCoordinator - [Consumer clientId=consumer-bootcoin-group-1, groupId=bootcoin-group] (Re-)joining group 
2025-04-28 15:48:37-675 [main] INFO  o.s.b.w.e.netty.NettyWebServer - Netty started on port 8805 (http) 
2025-04-28 15:48:37-676 [main] INFO  o.s.c.n.e.s.EurekaAutoServiceRegistration - Updating port to 8805 
2025-04-28 15:48:37-931 [main] INFO  o.a.k.c.consumer.ConsumerConfig - ConsumerConfig values: 
	allow.auto.create.topics = true
	auto.commit.interval.ms = 5000
	auto.include.jmx.reporter = true
	auto.offset.reset = latest
	bootstrap.servers = [localhost:29092]
	check.crcs = true
	client.dns.lookup = use_all_dns_ips
	client.id = consumer-bootcoin-group-2
	client.rack = 
	connections.max.idle.ms = 540000
	default.api.timeout.ms = 60000
	enable.auto.commit = false
	enable.metrics.push = true
	exclude.internal.topics = true
	fetch.max.bytes = 52428800
	fetch.max.wait.ms = 500
	fetch.min.bytes = 1
	group.id = bootcoin-group
	group.instance.id = null
	group.protocol = classic
	group.remote.assignor = null
	heartbeat.interval.ms = 3000
	interceptor.classes = []
	internal.leave.group.on.close = true
	internal.throw.on.fetch.stable.offset.unsupported = false
	isolation.level = read_uncommitted
	key.deserializer = class org.apache.kafka.common.serialization.StringDeserializer
	max.partition.fetch.bytes = 1048576
	max.poll.interval.ms = 300000
	max.poll.records = 500
	metadata.max.age.ms = 300000
	metadata.recovery.strategy = none
	metric.reporters = []
	metrics.num.samples = 2
	metrics.recording.level = INFO
	metrics.sample.window.ms = 30000
	partition.assignment.strategy = [class org.apache.kafka.clients.consumer.RangeAssignor, class org.apache.kafka.clients.consumer.CooperativeStickyAssignor]
	receive.buffer.bytes = 65536
	reconnect.backoff.max.ms = 1000
	reconnect.backoff.ms = 50
	request.timeout.ms = 30000
	retry.backoff.max.ms = 1000
	retry.backoff.ms = 100
	sasl.client.callback.handler.class = null
	sasl.jaas.config = null
	sasl.kerberos.kinit.cmd = /usr/bin/kinit
	sasl.kerberos.min.time.before.relogin = 60000
	sasl.kerberos.service.name = null
	sasl.kerberos.ticket.renew.jitter = 0.05
	sasl.kerberos.ticket.renew.window.factor = 0.8
	sasl.login.callback.handler.class = null
	sasl.login.class = null
	sasl.login.connect.timeout.ms = null
	sasl.login.read.timeout.ms = null
	sasl.login.refresh.buffer.seconds = 300
	sasl.login.refresh.min.period.seconds = 60
	sasl.login.refresh.window.factor = 0.8
	sasl.login.refresh.window.jitter = 0.05
	sasl.login.retry.backoff.max.ms = 10000
	sasl.login.retry.backoff.ms = 100
	sasl.mechanism = GSSAPI
	sasl.oauthbearer.clock.skew.seconds = 30
	sasl.oauthbearer.expected.audience = null
	sasl.oauthbearer.expected.issuer = null
	sasl.oauthbearer.jwks.endpoint.refresh.ms = 3600000
	sasl.oauthbearer.jwks.endpoint.retry.backoff.max.ms = 10000
	sasl.oauthbearer.jwks.endpoint.retry.backoff.ms = 100
	sasl.oauthbearer.jwks.endpoint.url = null
	sasl.oauthbearer.scope.claim.name = scope
	sasl.oauthbearer.sub.claim.name = sub
	sasl.oauthbearer.token.endpoint.url = null
	security.protocol = PLAINTEXT
	security.providers = null
	send.buffer.bytes = 131072
	session.timeout.ms = 45000
	socket.connection.setup.timeout.max.ms = 30000
	socket.connection.setup.timeout.ms = 10000
	ssl.cipher.suites = null
	ssl.enabled.protocols = [TLSv1.2, TLSv1.3]
	ssl.endpoint.identification.algorithm = https
	ssl.engine.factory.class = null
	ssl.key.password = null
	ssl.keymanager.algorithm = SunX509
	ssl.keystore.certificate.chain = null
	ssl.keystore.key = null
	ssl.keystore.location = null
	ssl.keystore.password = null
	ssl.keystore.type = JKS
	ssl.protocol = TLSv1.3
	ssl.provider = null
	ssl.secure.random.implementation = null
	ssl.trustmanager.algorithm = PKIX
	ssl.truststore.certificates = null
	ssl.truststore.location = null
	ssl.truststore.password = null
	ssl.truststore.type = JKS
	value.deserializer = class org.apache.kafka.common.serialization.StringDeserializer
 
2025-04-28 15:48:37-932 [main] INFO  o.a.k.c.t.i.KafkaMetricsCollector - initializing Kafka metrics collector 
2025-04-28 15:48:37-940 [main] INFO  o.a.kafka.common.utils.AppInfoParser - Kafka version: 3.8.1 
2025-04-28 15:48:37-940 [main] INFO  o.a.kafka.common.utils.AppInfoParser - Kafka commitId: 70d6ff42debf7e17 
2025-04-28 15:48:37-940 [main] INFO  o.a.kafka.common.utils.AppInfoParser - Kafka startTimeMs: 1745873317940 
2025-04-28 15:48:37-941 [main] INFO  o.a.k.c.c.i.LegacyKafkaConsumer - [Consumer clientId=consumer-bootcoin-group-2, groupId=bootcoin-group] Subscribed to topic(s): wallet-user-request 
2025-04-28 15:48:37-944 [main] INFO  o.a.k.c.consumer.ConsumerConfig - ConsumerConfig values: 
	allow.auto.create.topics = true
	auto.commit.interval.ms = 5000
	auto.include.jmx.reporter = true
	auto.offset.reset = latest
	bootstrap.servers = [localhost:29092]
	check.crcs = true
	client.dns.lookup = use_all_dns_ips
	client.id = consumer-bootcoin-group-3
	client.rack = 
	connections.max.idle.ms = 540000
	default.api.timeout.ms = 60000
	enable.auto.commit = false
	enable.metrics.push = true
	exclude.internal.topics = true
	fetch.max.bytes = 52428800
	fetch.max.wait.ms = 500
	fetch.min.bytes = 1
	group.id = bootcoin-group
	group.instance.id = null
	group.protocol = classic
	group.remote.assignor = null
	heartbeat.interval.ms = 3000
	interceptor.classes = []
	internal.leave.group.on.close = true
	internal.throw.on.fetch.stable.offset.unsupported = false
	isolation.level = read_uncommitted
	key.deserializer = class org.apache.kafka.common.serialization.StringDeserializer
	max.partition.fetch.bytes = 1048576
	max.poll.interval.ms = 300000
	max.poll.records = 500
	metadata.max.age.ms = 300000
	metadata.recovery.strategy = none
	metric.reporters = []
	metrics.num.samples = 2
	metrics.recording.level = INFO
	metrics.sample.window.ms = 30000
	partition.assignment.strategy = [class org.apache.kafka.clients.consumer.RangeAssignor, class org.apache.kafka.clients.consumer.CooperativeStickyAssignor]
	receive.buffer.bytes = 65536
	reconnect.backoff.max.ms = 1000
	reconnect.backoff.ms = 50
	request.timeout.ms = 30000
	retry.backoff.max.ms = 1000
	retry.backoff.ms = 100
	sasl.client.callback.handler.class = null
	sasl.jaas.config = null
	sasl.kerberos.kinit.cmd = /usr/bin/kinit
	sasl.kerberos.min.time.before.relogin = 60000
	sasl.kerberos.service.name = null
	sasl.kerberos.ticket.renew.jitter = 0.05
	sasl.kerberos.ticket.renew.window.factor = 0.8
	sasl.login.callback.handler.class = null
	sasl.login.class = null
	sasl.login.connect.timeout.ms = null
	sasl.login.read.timeout.ms = null
	sasl.login.refresh.buffer.seconds = 300
	sasl.login.refresh.min.period.seconds = 60
	sasl.login.refresh.window.factor = 0.8
	sasl.login.refresh.window.jitter = 0.05
	sasl.login.retry.backoff.max.ms = 10000
	sasl.login.retry.backoff.ms = 100
	sasl.mechanism = GSSAPI
	sasl.oauthbearer.clock.skew.seconds = 30
	sasl.oauthbearer.expected.audience = null
	sasl.oauthbearer.expected.issuer = null
	sasl.oauthbearer.jwks.endpoint.refresh.ms = 3600000
	sasl.oauthbearer.jwks.endpoint.retry.backoff.max.ms = 10000
	sasl.oauthbearer.jwks.endpoint.retry.backoff.ms = 100
	sasl.oauthbearer.jwks.endpoint.url = null
	sasl.oauthbearer.scope.claim.name = scope
	sasl.oauthbearer.sub.claim.name = sub
	sasl.oauthbearer.token.endpoint.url = null
	security.protocol = PLAINTEXT
	security.providers = null
	send.buffer.bytes = 131072
	session.timeout.ms = 45000
	socket.connection.setup.timeout.max.ms = 30000
	socket.connection.setup.timeout.ms = 10000
	ssl.cipher.suites = null
	ssl.enabled.protocols = [TLSv1.2, TLSv1.3]
	ssl.endpoint.identification.algorithm = https
	ssl.engine.factory.class = null
	ssl.key.password = null
	ssl.keymanager.algorithm = SunX509
	ssl.keystore.certificate.chain = null
	ssl.keystore.key = null
	ssl.keystore.location = null
	ssl.keystore.password = null
	ssl.keystore.type = JKS
	ssl.protocol = TLSv1.3
	ssl.provider = null
	ssl.secure.random.implementation = null
	ssl.trustmanager.algorithm = PKIX
	ssl.truststore.certificates = null
	ssl.truststore.location = null
	ssl.truststore.password = null
	ssl.truststore.type = JKS
	value.deserializer = class org.apache.kafka.common.serialization.StringDeserializer
 
2025-04-28 15:48:37-945 [main] INFO  o.a.k.c.t.i.KafkaMetricsCollector - initializing Kafka metrics collector 
2025-04-28 15:48:37-951 [org.springframework.kafka.KafkaListenerEndpointContainer#0-0-C-1] INFO  org.apache.kafka.clients.Metadata - [Consumer clientId=consumer-bootcoin-group-2, groupId=bootcoin-group] Cluster ID: pQNgvDGCTc6DWdlYtyeAyg 
2025-04-28 15:48:37-951 [org.springframework.kafka.KafkaListenerEndpointContainer#0-0-C-1] INFO  o.a.k.c.c.i.ConsumerCoordinator - [Consumer clientId=consumer-bootcoin-group-2, groupId=bootcoin-group] Discovered group coordinator localhost:29092 (id: 2147482646 rack: null) 
2025-04-28 15:48:37-953 [org.springframework.kafka.KafkaListenerEndpointContainer#0-0-C-1] INFO  o.a.k.c.c.i.ConsumerCoordinator - [Consumer clientId=consumer-bootcoin-group-2, groupId=bootcoin-group] (Re-)joining group 
2025-04-28 15:48:37-955 [main] INFO  o.a.kafka.common.utils.AppInfoParser - Kafka version: 3.8.1 
2025-04-28 15:48:37-956 [main] INFO  o.a.kafka.common.utils.AppInfoParser - Kafka commitId: 70d6ff42debf7e17 
2025-04-28 15:48:37-956 [main] INFO  o.a.kafka.common.utils.AppInfoParser - Kafka startTimeMs: 1745873317955 
2025-04-28 15:48:37-956 [main] INFO  o.a.k.c.c.i.LegacyKafkaConsumer - [Consumer clientId=consumer-bootcoin-group-3, groupId=bootcoin-group] Subscribed to topic(s): wallet-bootcoin-request 
2025-04-28 15:48:37-959 [org.springframework.kafka.KafkaListenerEndpointContainer#0-0-C-1] INFO  o.a.k.c.c.i.ConsumerCoordinator - [Consumer clientId=consumer-bootcoin-group-2, groupId=bootcoin-group] Request joining group due to: need to re-join with the given member-id: consumer-bootcoin-group-2-016ba51c-7f2d-419c-96d0-d369cce74909 
2025-04-28 15:48:37-959 [org.springframework.kafka.KafkaListenerEndpointContainer#0-0-C-1] INFO  o.a.k.c.c.i.ConsumerCoordinator - [Consumer clientId=consumer-bootcoin-group-2, groupId=bootcoin-group] (Re-)joining group 
2025-04-28 15:48:37-965 [org.springframework.kafka.KafkaListenerEndpointContainer#1-0-C-1] INFO  org.apache.kafka.clients.Metadata - [Consumer clientId=consumer-bootcoin-group-3, groupId=bootcoin-group] Cluster ID: pQNgvDGCTc6DWdlYtyeAyg 
2025-04-28 15:48:37-966 [org.springframework.kafka.KafkaListenerEndpointContainer#1-0-C-1] INFO  o.a.k.c.c.i.ConsumerCoordinator - [Consumer clientId=consumer-bootcoin-group-3, groupId=bootcoin-group] Discovered group coordinator localhost:29092 (id: 2147482646 rack: null) 
2025-04-28 15:48:37-968 [org.springframework.kafka.KafkaListenerEndpointContainer#1-0-C-1] INFO  o.a.k.c.c.i.ConsumerCoordinator - [Consumer clientId=consumer-bootcoin-group-3, groupId=bootcoin-group] (Re-)joining group 
2025-04-28 15:48:37-973 [org.springframework.kafka.KafkaListenerEndpointContainer#1-0-C-1] INFO  o.a.k.c.c.i.ConsumerCoordinator - [Consumer clientId=consumer-bootcoin-group-3, groupId=bootcoin-group] Request joining group due to: need to re-join with the given member-id: consumer-bootcoin-group-3-98b82478-103c-48e8-8868-98e8e2730eb7 
2025-04-28 15:48:37-973 [org.springframework.kafka.KafkaListenerEndpointContainer#1-0-C-1] INFO  o.a.k.c.c.i.ConsumerCoordinator - [Consumer clientId=consumer-bootcoin-group-3, groupId=bootcoin-group] (Re-)joining group 
2025-04-28 15:48:37-979 [main] INFO  c.b.w.b.a.WalletBootcoinApiApplication - Started WalletBootcoinApiApplication in 5.984 seconds (process running for 10.375) 
2025-04-28 15:48:39-445 [repliesContainer-0-C-1] INFO  o.a.k.c.c.i.ConsumerCoordinator - [Consumer clientId=consumer-bootcoin-group-1, groupId=bootcoin-group] Successfully joined group with generation Generation{generationId=36, memberId='consumer-bootcoin-group-1-5d913ce0-6dbf-4c59-98a2-93c72b2ddc76', protocol='range'} 
2025-04-28 15:48:39-445 [org.springframework.kafka.KafkaListenerEndpointContainer#0-0-C-1] INFO  o.a.k.c.c.i.ConsumerCoordinator - [Consumer clientId=consumer-bootcoin-group-2, groupId=bootcoin-group] Successfully joined group with generation Generation{generationId=36, memberId='consumer-bootcoin-group-2-016ba51c-7f2d-419c-96d0-d369cce74909', protocol='range'} 
2025-04-28 15:48:39-445 [org.springframework.kafka.KafkaListenerEndpointContainer#1-0-C-1] INFO  o.a.k.c.c.i.ConsumerCoordinator - [Consumer clientId=consumer-bootcoin-group-3, groupId=bootcoin-group] Successfully joined group with generation Generation{generationId=36, memberId='consumer-bootcoin-group-3-98b82478-103c-48e8-8868-98e8e2730eb7', protocol='range'} 
2025-04-28 15:48:39-826 [org.springframework.kafka.KafkaListenerEndpointContainer#0-0-C-1] INFO  o.a.k.c.c.i.ConsumerCoordinator - [Consumer clientId=consumer-bootcoin-group-2, groupId=bootcoin-group] Successfully synced group in generation Generation{generationId=36, memberId='consumer-bootcoin-group-2-016ba51c-7f2d-419c-96d0-d369cce74909', protocol='range'} 
2025-04-28 15:48:39-827 [repliesContainer-0-C-1] INFO  o.a.k.c.c.i.ConsumerCoordinator - [Consumer clientId=consumer-bootcoin-group-1, groupId=bootcoin-group] Successfully synced group in generation Generation{generationId=36, memberId='consumer-bootcoin-group-1-5d913ce0-6dbf-4c59-98a2-93c72b2ddc76', protocol='range'} 
2025-04-28 15:48:39-826 [org.springframework.kafka.KafkaListenerEndpointContainer#1-0-C-1] INFO  o.a.k.c.c.i.ConsumerCoordinator - [Consumer clientId=consumer-bootcoin-group-3, groupId=bootcoin-group] Successfully synced group in generation Generation{generationId=36, memberId='consumer-bootcoin-group-3-98b82478-103c-48e8-8868-98e8e2730eb7', protocol='range'} 
2025-04-28 15:48:39-831 [org.springframework.kafka.KafkaListenerEndpointContainer#0-0-C-1] INFO  o.a.k.c.c.i.ConsumerCoordinator - [Consumer clientId=consumer-bootcoin-group-2, groupId=bootcoin-group] Notifying assignor about the new Assignment(partitions=[wallet-user-request-0]) 
2025-04-28 15:48:39-831 [repliesContainer-0-C-1] INFO  o.a.k.c.c.i.ConsumerCoordinator - [Consumer clientId=consumer-bootcoin-group-1, groupId=bootcoin-group] Notifying assignor about the new Assignment(partitions=[wallet-bootcoin-response-0]) 
2025-04-28 15:48:39-831 [org.springframework.kafka.KafkaListenerEndpointContainer#1-0-C-1] INFO  o.a.k.c.c.i.ConsumerCoordinator - [Consumer clientId=consumer-bootcoin-group-3, groupId=bootcoin-group] Notifying assignor about the new Assignment(partitions=[wallet-bootcoin-request-0]) 
2025-04-28 15:48:39-835 [org.springframework.kafka.KafkaListenerEndpointContainer#0-0-C-1] INFO  o.a.k.c.c.i.ConsumerRebalanceListenerInvoker - [Consumer clientId=consumer-bootcoin-group-2, groupId=bootcoin-group] Adding newly assigned partitions: wallet-user-request-0 
2025-04-28 15:48:39-835 [repliesContainer-0-C-1] INFO  o.a.k.c.c.i.ConsumerRebalanceListenerInvoker - [Consumer clientId=consumer-bootcoin-group-1, groupId=bootcoin-group] Adding newly assigned partitions: wallet-bootcoin-response-0 
2025-04-28 15:48:39-835 [org.springframework.kafka.KafkaListenerEndpointContainer#1-0-C-1] INFO  o.a.k.c.c.i.ConsumerRebalanceListenerInvoker - [Consumer clientId=consumer-bootcoin-group-3, groupId=bootcoin-group] Adding newly assigned partitions: wallet-bootcoin-request-0 
2025-04-28 15:48:39-847 [org.springframework.kafka.KafkaListenerEndpointContainer#1-0-C-1] INFO  o.a.k.c.c.internals.ConsumerUtils - Setting offset for partition wallet-bootcoin-request-0 to the committed offset FetchPosition{offset=7, offsetEpoch=Optional.empty, currentLeader=LeaderAndEpoch{leader=Optional[localhost:29092 (id: 1001 rack: null)], epoch=0}} 
2025-04-28 15:48:39-847 [repliesContainer-0-C-1] INFO  o.a.k.c.c.internals.ConsumerUtils - Setting offset for partition wallet-bootcoin-response-0 to the committed offset FetchPosition{offset=6, offsetEpoch=Optional.empty, currentLeader=LeaderAndEpoch{leader=Optional[localhost:29092 (id: 1001 rack: null)], epoch=0}} 
2025-04-28 15:48:39-847 [org.springframework.kafka.KafkaListenerEndpointContainer#0-0-C-1] INFO  o.a.k.c.c.internals.ConsumerUtils - Setting offset for partition wallet-user-request-0 to the committed offset FetchPosition{offset=0, offsetEpoch=Optional.empty, currentLeader=LeaderAndEpoch{leader=Optional[localhost:29092 (id: 1001 rack: null)], epoch=0}} 
2025-04-28 15:48:39-849 [org.springframework.kafka.KafkaListenerEndpointContainer#0-0-C-1] INFO  o.s.k.l.KafkaMessageListenerContainer - bootcoin-group: partitions assigned: [wallet-user-request-0] 
2025-04-28 15:48:39-849 [org.springframework.kafka.KafkaListenerEndpointContainer#1-0-C-1] INFO  o.s.k.l.KafkaMessageListenerContainer - bootcoin-group: partitions assigned: [wallet-bootcoin-request-0] 
2025-04-28 15:48:39-849 [repliesContainer-0-C-1] INFO  o.s.k.l.ConcurrentMessageListenerContainer - bootcoin-group: partitions assigned: [wallet-bootcoin-response-0] 
2025-04-28 15:49:18-561 [repliesContainer-0-C-1] INFO  o.a.k.c.c.i.ConsumerCoordinator - [Consumer clientId=consumer-bootcoin-group-1, groupId=bootcoin-group] Request joining group due to: group is already rebalancing 
2025-04-28 15:49:18-561 [org.springframework.kafka.KafkaListenerEndpointContainer#1-0-C-1] INFO  o.a.k.c.c.i.ConsumerCoordinator - [Consumer clientId=consumer-bootcoin-group-3, groupId=bootcoin-group] Request joining group due to: group is already rebalancing 
2025-04-28 15:49:18-561 [org.springframework.kafka.KafkaListenerEndpointContainer#0-0-C-1] INFO  o.a.k.c.c.i.ConsumerCoordinator - [Consumer clientId=consumer-bootcoin-group-2, groupId=bootcoin-group] Request joining group due to: group is already rebalancing 
2025-04-28 15:49:18-563 [repliesContainer-0-C-1] INFO  o.a.k.c.c.i.ConsumerRebalanceListenerInvoker - [Consumer clientId=consumer-bootcoin-group-1, groupId=bootcoin-group] Revoke previously assigned partitions wallet-bootcoin-response-0 
2025-04-28 15:49:18-563 [org.springframework.kafka.KafkaListenerEndpointContainer#0-0-C-1] INFO  o.a.k.c.c.i.ConsumerRebalanceListenerInvoker - [Consumer clientId=consumer-bootcoin-group-2, groupId=bootcoin-group] Revoke previously assigned partitions wallet-user-request-0 
2025-04-28 15:49:18-564 [repliesContainer-0-C-1] INFO  o.s.k.l.ConcurrentMessageListenerContainer - bootcoin-group: partitions revoked: [wallet-bootcoin-response-0] 
2025-04-28 15:49:18-564 [org.springframework.kafka.KafkaListenerEndpointContainer#1-0-C-1] INFO  o.a.k.c.c.i.ConsumerRebalanceListenerInvoker - [Consumer clientId=consumer-bootcoin-group-3, groupId=bootcoin-group] Revoke previously assigned partitions wallet-bootcoin-request-0 
2025-04-28 15:49:18-564 [org.springframework.kafka.KafkaListenerEndpointContainer#0-0-C-1] INFO  o.s.k.l.KafkaMessageListenerContainer - bootcoin-group: partitions revoked: [wallet-user-request-0] 
2025-04-28 15:49:18-564 [repliesContainer-0-C-1] INFO  o.a.k.c.c.i.ConsumerCoordinator - [Consumer clientId=consumer-bootcoin-group-1, groupId=bootcoin-group] (Re-)joining group 
2025-04-28 15:49:18-564 [org.springframework.kafka.KafkaListenerEndpointContainer#1-0-C-1] INFO  o.s.k.l.KafkaMessageListenerContainer - bootcoin-group: partitions revoked: [wallet-bootcoin-request-0] 
2025-04-28 15:49:18-565 [org.springframework.kafka.KafkaListenerEndpointContainer#0-0-C-1] INFO  o.a.k.c.c.i.ConsumerCoordinator - [Consumer clientId=consumer-bootcoin-group-2, groupId=bootcoin-group] (Re-)joining group 
2025-04-28 15:49:18-565 [org.springframework.kafka.KafkaListenerEndpointContainer#1-0-C-1] INFO  o.a.k.c.c.i.ConsumerCoordinator - [Consumer clientId=consumer-bootcoin-group-3, groupId=bootcoin-group] (Re-)joining group 
2025-04-28 15:49:18-574 [org.springframework.kafka.KafkaListenerEndpointContainer#1-0-C-1] INFO  o.a.k.c.c.i.ConsumerCoordinator - [Consumer clientId=consumer-bootcoin-group-3, groupId=bootcoin-group] Successfully joined group with generation Generation{generationId=37, memberId='consumer-bootcoin-group-3-98b82478-103c-48e8-8868-98e8e2730eb7', protocol='range'} 
2025-04-28 15:49:18-574 [org.springframework.kafka.KafkaListenerEndpointContainer#0-0-C-1] INFO  o.a.k.c.c.i.ConsumerCoordinator - [Consumer clientId=consumer-bootcoin-group-2, groupId=bootcoin-group] Successfully joined group with generation Generation{generationId=37, memberId='consumer-bootcoin-group-2-016ba51c-7f2d-419c-96d0-d369cce74909', protocol='range'} 
2025-04-28 15:49:18-575 [repliesContainer-0-C-1] INFO  o.a.k.c.c.i.ConsumerCoordinator - [Consumer clientId=consumer-bootcoin-group-1, groupId=bootcoin-group] Successfully joined group with generation Generation{generationId=37, memberId='consumer-bootcoin-group-1-5d913ce0-6dbf-4c59-98a2-93c72b2ddc76', protocol='range'} 
2025-04-28 15:49:18-593 [org.springframework.kafka.KafkaListenerEndpointContainer#1-0-C-1] INFO  o.a.k.c.c.i.ConsumerCoordinator - [Consumer clientId=consumer-bootcoin-group-3, groupId=bootcoin-group] Successfully synced group in generation Generation{generationId=37, memberId='consumer-bootcoin-group-3-98b82478-103c-48e8-8868-98e8e2730eb7', protocol='range'} 
2025-04-28 15:49:18-593 [org.springframework.kafka.KafkaListenerEndpointContainer#1-0-C-1] INFO  o.a.k.c.c.i.ConsumerCoordinator - [Consumer clientId=consumer-bootcoin-group-3, groupId=bootcoin-group] Notifying assignor about the new Assignment(partitions=[wallet-bootcoin-request-0]) 
2025-04-28 15:49:18-593 [org.springframework.kafka.KafkaListenerEndpointContainer#1-0-C-1] INFO  o.a.k.c.c.i.ConsumerRebalanceListenerInvoker - [Consumer clientId=consumer-bootcoin-group-3, groupId=bootcoin-group] Adding newly assigned partitions: wallet-bootcoin-request-0 
2025-04-28 15:49:18-595 [repliesContainer-0-C-1] INFO  o.a.k.c.c.i.ConsumerCoordinator - [Consumer clientId=consumer-bootcoin-group-1, groupId=bootcoin-group] Successfully synced group in generation Generation{generationId=37, memberId='consumer-bootcoin-group-1-5d913ce0-6dbf-4c59-98a2-93c72b2ddc76', protocol='range'} 
2025-04-28 15:49:18-595 [repliesContainer-0-C-1] INFO  o.a.k.c.c.i.ConsumerCoordinator - [Consumer clientId=consumer-bootcoin-group-1, groupId=bootcoin-group] Notifying assignor about the new Assignment(partitions=[wallet-bootcoin-response-0]) 
2025-04-28 15:49:18-596 [repliesContainer-0-C-1] INFO  o.a.k.c.c.i.ConsumerRebalanceListenerInvoker - [Consumer clientId=consumer-bootcoin-group-1, groupId=bootcoin-group] Adding newly assigned partitions: wallet-bootcoin-response-0 
2025-04-28 15:49:18-599 [org.springframework.kafka.KafkaListenerEndpointContainer#0-0-C-1] INFO  o.a.k.c.c.i.ConsumerCoordinator - [Consumer clientId=consumer-bootcoin-group-2, groupId=bootcoin-group] Successfully synced group in generation Generation{generationId=37, memberId='consumer-bootcoin-group-2-016ba51c-7f2d-419c-96d0-d369cce74909', protocol='range'} 
2025-04-28 15:49:18-600 [org.springframework.kafka.KafkaListenerEndpointContainer#0-0-C-1] INFO  o.a.k.c.c.i.ConsumerCoordinator - [Consumer clientId=consumer-bootcoin-group-2, groupId=bootcoin-group] Notifying assignor about the new Assignment(partitions=[wallet-user-request-0]) 
2025-04-28 15:49:18-601 [org.springframework.kafka.KafkaListenerEndpointContainer#0-0-C-1] INFO  o.a.k.c.c.i.ConsumerRebalanceListenerInvoker - [Consumer clientId=consumer-bootcoin-group-2, groupId=bootcoin-group] Adding newly assigned partitions: wallet-user-request-0 
2025-04-28 15:49:18-607 [repliesContainer-0-C-1] INFO  o.a.k.c.c.internals.ConsumerUtils - Setting offset for partition wallet-bootcoin-response-0 to the committed offset FetchPosition{offset=6, offsetEpoch=Optional.empty, currentLeader=LeaderAndEpoch{leader=Optional[localhost:29092 (id: 1001 rack: null)], epoch=0}} 
2025-04-28 15:49:18-608 [repliesContainer-0-C-1] INFO  o.s.k.l.ConcurrentMessageListenerContainer - bootcoin-group: partitions assigned: [wallet-bootcoin-response-0] 
2025-04-28 15:49:18-607 [org.springframework.kafka.KafkaListenerEndpointContainer#1-0-C-1] INFO  o.a.k.c.c.internals.ConsumerUtils - Setting offset for partition wallet-bootcoin-request-0 to the committed offset FetchPosition{offset=7, offsetEpoch=Optional.empty, currentLeader=LeaderAndEpoch{leader=Optional[localhost:29092 (id: 1001 rack: null)], epoch=0}} 
2025-04-28 15:49:18-609 [org.springframework.kafka.KafkaListenerEndpointContainer#1-0-C-1] INFO  o.s.k.l.KafkaMessageListenerContainer - bootcoin-group: partitions assigned: [wallet-bootcoin-request-0] 
2025-04-28 15:49:18-613 [org.springframework.kafka.KafkaListenerEndpointContainer#0-0-C-1] INFO  o.a.k.c.c.internals.ConsumerUtils - Setting offset for partition wallet-user-request-0 to the committed offset FetchPosition{offset=0, offsetEpoch=Optional.empty, currentLeader=LeaderAndEpoch{leader=Optional[localhost:29092 (id: 1001 rack: null)], epoch=0}} 
2025-04-28 15:49:18-615 [org.springframework.kafka.KafkaListenerEndpointContainer#0-0-C-1] INFO  o.s.k.l.KafkaMessageListenerContainer - bootcoin-group: partitions assigned: [wallet-user-request-0] 
2025-04-28 15:49:34-486 [org.springframework.kafka.KafkaListenerEndpointContainer#1-0-C-1] INFO  c.b.w.b.api.consumer.WalletConsumer - Init create wallet: {"phoneNumber":"11111111"}, replyTopic: wallet-bootcoin-response, correlationId: [20, 4, -16, 6, -74, -124, 77, 13, -68, 54, 101, 65, 71, 54, 123, 62] 
2025-04-28 15:49:34-489 [org.springframework.kafka.KafkaListenerEndpointContainer#1-0-C-1] INFO  c.b.w.b.a.service.WalletServiceImpl - Init create wallet to user 11111111 
2025-04-28 15:49:34-644 [nioEventLoopGroup-3-3] INFO  c.b.w.b.a.service.WalletServiceImpl - Creating new wallet for user 11111111: {"walletAccount":"5028294-7980606-9067652","amountCoin":0.0,"userId":"11111111","createdAt":[2025,4,28],"updatedAt":[2025,4,28]} 
2025-04-28 15:49:34-832 [nioEventLoopGroup-3-3] INFO  c.b.w.b.a.service.WalletServiceImpl - Wallet created successfully 5028294-7980606-9067652 for userId 11111111 
2025-04-28 15:49:34-836 [nioEventLoopGroup-3-3] INFO  c.b.w.b.api.consumer.WalletConsumer - Wallet created: {"walletAccount":"5028294-7980606-9067652","phoneNumber":"11111111"} 
2025-04-28 15:49:34-858 [nioEventLoopGroup-3-3] INFO  o.a.k.c.producer.ProducerConfig - ProducerConfig values: 
	acks = -1
	auto.include.jmx.reporter = true
	batch.size = 16384
	bootstrap.servers = [localhost:29092]
	buffer.memory = 33554432
	client.dns.lookup = use_all_dns_ips
	client.id = wallet-bootcoin-api-producer-1
	compression.gzip.level = -1
	compression.lz4.level = 9
	compression.type = none
	compression.zstd.level = 3
	connections.max.idle.ms = 540000
	delivery.timeout.ms = 120000
	enable.idempotence = true
	enable.metrics.push = true
	interceptor.classes = []
	key.serializer = class org.apache.kafka.common.serialization.StringSerializer
	linger.ms = 0
	max.block.ms = 60000
	max.in.flight.requests.per.connection = 5
	max.request.size = 1048576
	metadata.max.age.ms = 300000
	metadata.max.idle.ms = 300000
	metadata.recovery.strategy = none
	metric.reporters = []
	metrics.num.samples = 2
	metrics.recording.level = INFO
	metrics.sample.window.ms = 30000
	partitioner.adaptive.partitioning.enable = true
	partitioner.availability.timeout.ms = 0
	partitioner.class = null
	partitioner.ignore.keys = false
	receive.buffer.bytes = 32768
	reconnect.backoff.max.ms = 1000
	reconnect.backoff.ms = 50
	request.timeout.ms = 30000
	retries = 2147483647
	retry.backoff.max.ms = 1000
	retry.backoff.ms = 100
	sasl.client.callback.handler.class = null
	sasl.jaas.config = null
	sasl.kerberos.kinit.cmd = /usr/bin/kinit
	sasl.kerberos.min.time.before.relogin = 60000
	sasl.kerberos.service.name = null
	sasl.kerberos.ticket.renew.jitter = 0.05
	sasl.kerberos.ticket.renew.window.factor = 0.8
	sasl.login.callback.handler.class = null
	sasl.login.class = null
	sasl.login.connect.timeout.ms = null
	sasl.login.read.timeout.ms = null
	sasl.login.refresh.buffer.seconds = 300
	sasl.login.refresh.min.period.seconds = 60
	sasl.login.refresh.window.factor = 0.8
	sasl.login.refresh.window.jitter = 0.05
	sasl.login.retry.backoff.max.ms = 10000
	sasl.login.retry.backoff.ms = 100
	sasl.mechanism = GSSAPI
	sasl.oauthbearer.clock.skew.seconds = 30
	sasl.oauthbearer.expected.audience = null
	sasl.oauthbearer.expected.issuer = null
	sasl.oauthbearer.jwks.endpoint.refresh.ms = 3600000
	sasl.oauthbearer.jwks.endpoint.retry.backoff.max.ms = 10000
	sasl.oauthbearer.jwks.endpoint.retry.backoff.ms = 100
	sasl.oauthbearer.jwks.endpoint.url = null
	sasl.oauthbearer.scope.claim.name = scope
	sasl.oauthbearer.sub.claim.name = sub
	sasl.oauthbearer.token.endpoint.url = null
	security.protocol = PLAINTEXT
	security.providers = null
	send.buffer.bytes = 131072
	socket.connection.setup.timeout.max.ms = 30000
	socket.connection.setup.timeout.ms = 10000
	ssl.cipher.suites = null
	ssl.enabled.protocols = [TLSv1.2, TLSv1.3]
	ssl.endpoint.identification.algorithm = https
	ssl.engine.factory.class = null
	ssl.key.password = null
	ssl.keymanager.algorithm = SunX509
	ssl.keystore.certificate.chain = null
	ssl.keystore.key = null
	ssl.keystore.location = null
	ssl.keystore.password = null
	ssl.keystore.type = JKS
	ssl.protocol = TLSv1.3
	ssl.provider = null
	ssl.secure.random.implementation = null
	ssl.trustmanager.algorithm = PKIX
	ssl.truststore.certificates = null
	ssl.truststore.location = null
	ssl.truststore.password = null
	ssl.truststore.type = JKS
	transaction.timeout.ms = 60000
	transactional.id = null
	value.serializer = class org.apache.kafka.common.serialization.StringSerializer
 
2025-04-28 15:49:34-859 [nioEventLoopGroup-3-3] INFO  o.a.k.c.t.i.KafkaMetricsCollector - initializing Kafka metrics collector 
2025-04-28 15:49:34-878 [nioEventLoopGroup-3-3] INFO  o.a.k.clients.producer.KafkaProducer - [Producer clientId=wallet-bootcoin-api-producer-1] Instantiated an idempotent producer. 
2025-04-28 15:49:34-905 [nioEventLoopGroup-3-3] INFO  o.a.kafka.common.utils.AppInfoParser - Kafka version: 3.8.1 
2025-04-28 15:49:34-906 [nioEventLoopGroup-3-3] INFO  o.a.kafka.common.utils.AppInfoParser - Kafka commitId: 70d6ff42debf7e17 
2025-04-28 15:49:34-906 [nioEventLoopGroup-3-3] INFO  o.a.kafka.common.utils.AppInfoParser - Kafka startTimeMs: 1745873374905 
2025-04-28 15:49:34-917 [kafka-producer-network-thread | wallet-bootcoin-api-producer-1] INFO  org.apache.kafka.clients.Metadata - [Producer clientId=wallet-bootcoin-api-producer-1] Cluster ID: pQNgvDGCTc6DWdlYtyeAyg 
2025-04-28 15:49:34-918 [kafka-producer-network-thread | wallet-bootcoin-api-producer-1] INFO  o.a.k.c.p.i.TransactionManager - [Producer clientId=wallet-bootcoin-api-producer-1] ProducerId set to 14 with epoch 0 
2025-04-28 15:49:34-925 [nioEventLoopGroup-3-3] INFO  c.b.w.b.api.consumer.WalletConsumer - Subscribe to bootcoin wallet 
2025-04-28 15:49:34-940 [repliesContainer-0-C-1] ERROR o.s.k.r.ReplyingKafkaTemplate - No pending reply: wallet-bootcoin-response-0@6 with correlationId: 1404f006-b684-4d0d-bc36-654147367b3e, perhaps timed out, or using a shared reply topic 
2025-04-28 15:49:48-915 [SpringApplicationShutdownHook] INFO  o.s.c.n.e.s.EurekaServiceRegistry - Unregistering application WALLET-BOOTCOIN-API with eureka with status DOWN 
2025-04-28 15:49:48-916 [SpringApplicationShutdownHook] INFO  c.netflix.discovery.DiscoveryClient - Saw local status change event StatusChangeEvent [timestamp=1745873388916, current=DOWN, previous=UP] 
2025-04-28 15:49:48-916 [DiscoveryClient-InstanceInfoReplicator-%d] INFO  c.netflix.discovery.DiscoveryClient - DiscoveryClient_WALLET-BOOTCOIN-API/wallet-bootcoin-api:8805: registering service... 
2025-04-28 15:49:48-922 [repliesContainer-0-C-1] INFO  o.a.k.c.c.i.ConsumerRebalanceListenerInvoker - [Consumer clientId=consumer-bootcoin-group-1, groupId=bootcoin-group] Revoke previously assigned partitions wallet-bootcoin-response-0 
2025-04-28 15:49:48-922 [repliesContainer-0-C-1] INFO  o.s.k.l.ConcurrentMessageListenerContainer - bootcoin-group: partitions revoked: [wallet-bootcoin-response-0] 
2025-04-28 15:49:48-922 [repliesContainer-0-C-1] INFO  o.a.k.c.c.i.ConsumerCoordinator - [Consumer clientId=consumer-bootcoin-group-1, groupId=bootcoin-group] Member consumer-bootcoin-group-1-5d913ce0-6dbf-4c59-98a2-93c72b2ddc76 sending LeaveGroup request to coordinator localhost:29092 (id: 2147482646 rack: null) due to the consumer unsubscribed from all topics 
2025-04-28 15:49:48-923 [repliesContainer-0-C-1] INFO  o.a.k.c.c.i.ConsumerCoordinator - [Consumer clientId=consumer-bootcoin-group-1, groupId=bootcoin-group] Resetting generation and member id due to: consumer pro-actively leaving the group 
2025-04-28 15:49:48-923 [repliesContainer-0-C-1] INFO  o.a.k.c.c.i.ConsumerCoordinator - [Consumer clientId=consumer-bootcoin-group-1, groupId=bootcoin-group] Request joining group due to: consumer pro-actively leaving the group 
2025-04-28 15:49:48-923 [repliesContainer-0-C-1] INFO  o.a.k.c.c.i.LegacyKafkaConsumer - [Consumer clientId=consumer-bootcoin-group-1, groupId=bootcoin-group] Unsubscribed all topics or patterns and assigned partitions 
2025-04-28 15:49:48-926 [repliesContainer-0-C-1] INFO  o.a.k.c.c.i.ConsumerCoordinator - [Consumer clientId=consumer-bootcoin-group-1, groupId=bootcoin-group] Resetting generation and member id due to: consumer pro-actively leaving the group 
2025-04-28 15:49:48-926 [DiscoveryClient-InstanceInfoReplicator-%d] INFO  c.netflix.discovery.DiscoveryClient - DiscoveryClient_WALLET-BOOTCOIN-API/wallet-bootcoin-api:8805 - registration status: 204 
2025-04-28 15:49:48-926 [repliesContainer-0-C-1] INFO  o.a.k.c.c.i.ConsumerCoordinator - [Consumer clientId=consumer-bootcoin-group-1, groupId=bootcoin-group] Request joining group due to: consumer pro-actively leaving the group 
2025-04-28 15:49:49-018 [repliesContainer-0-C-1] INFO  o.a.kafka.common.metrics.Metrics - Metrics scheduler closed 
2025-04-28 15:49:49-019 [repliesContainer-0-C-1] INFO  o.a.kafka.common.metrics.Metrics - Closing reporter org.apache.kafka.common.metrics.JmxReporter 
2025-04-28 15:49:49-019 [repliesContainer-0-C-1] INFO  o.a.kafka.common.metrics.Metrics - Closing reporter org.apache.kafka.common.telemetry.internals.ClientTelemetryReporter 
2025-04-28 15:49:49-019 [repliesContainer-0-C-1] INFO  o.a.kafka.common.metrics.Metrics - Metrics reporters closed 
2025-04-28 15:49:49-023 [repliesContainer-0-C-1] INFO  o.a.kafka.common.utils.AppInfoParser - App info kafka.consumer for consumer-bootcoin-group-1 unregistered 
2025-04-28 15:49:49-023 [repliesContainer-0-C-1] INFO  o.s.k.l.KafkaMessageListenerContainer - bootcoin-group: Consumer stopped 
2025-04-28 15:49:49-025 [org.springframework.kafka.KafkaListenerEndpointContainer#1-0-C-1] INFO  o.a.k.c.c.i.ConsumerRebalanceListenerInvoker - [Consumer clientId=consumer-bootcoin-group-3, groupId=bootcoin-group] Revoke previously assigned partitions wallet-bootcoin-request-0 
2025-04-28 15:49:49-025 [org.springframework.kafka.KafkaListenerEndpointContainer#0-0-C-1] INFO  o.a.k.c.c.i.ConsumerRebalanceListenerInvoker - [Consumer clientId=consumer-bootcoin-group-2, groupId=bootcoin-group] Revoke previously assigned partitions wallet-user-request-0 
2025-04-28 15:49:49-025 [org.springframework.kafka.KafkaListenerEndpointContainer#1-0-C-1] INFO  o.s.k.l.KafkaMessageListenerContainer - bootcoin-group: partitions revoked: [wallet-bootcoin-request-0] 
2025-04-28 15:49:49-026 [org.springframework.kafka.KafkaListenerEndpointContainer#0-0-C-1] INFO  o.s.k.l.KafkaMessageListenerContainer - bootcoin-group: partitions revoked: [wallet-user-request-0] 
2025-04-28 15:49:49-026 [org.springframework.kafka.KafkaListenerEndpointContainer#1-0-C-1] INFO  o.a.k.c.c.i.ConsumerCoordinator - [Consumer clientId=consumer-bootcoin-group-3, groupId=bootcoin-group] Member consumer-bootcoin-group-3-98b82478-103c-48e8-8868-98e8e2730eb7 sending LeaveGroup request to coordinator localhost:29092 (id: 2147482646 rack: null) due to the consumer unsubscribed from all topics 
2025-04-28 15:49:49-026 [org.springframework.kafka.KafkaListenerEndpointContainer#0-0-C-1] INFO  o.a.k.c.c.i.ConsumerCoordinator - [Consumer clientId=consumer-bootcoin-group-2, groupId=bootcoin-group] Member consumer-bootcoin-group-2-016ba51c-7f2d-419c-96d0-d369cce74909 sending LeaveGroup request to coordinator localhost:29092 (id: 2147482646 rack: null) due to the consumer unsubscribed from all topics 
2025-04-28 15:49:49-026 [SpringApplicationShutdownHook] INFO  o.s.b.w.e.netty.GracefulShutdown - Commencing graceful shutdown. Waiting for active requests to complete 
2025-04-28 15:49:49-026 [org.springframework.kafka.KafkaListenerEndpointContainer#1-0-C-1] INFO  o.a.k.c.c.i.ConsumerCoordinator - [Consumer clientId=consumer-bootcoin-group-3, groupId=bootcoin-group] Resetting generation and member id due to: consumer pro-actively leaving the group 
2025-04-28 15:49:49-026 [org.springframework.kafka.KafkaListenerEndpointContainer#0-0-C-1] INFO  o.a.k.c.c.i.ConsumerCoordinator - [Consumer clientId=consumer-bootcoin-group-2, groupId=bootcoin-group] Resetting generation and member id due to: consumer pro-actively leaving the group 
2025-04-28 15:49:49-026 [org.springframework.kafka.KafkaListenerEndpointContainer#1-0-C-1] INFO  o.a.k.c.c.i.ConsumerCoordinator - [Consumer clientId=consumer-bootcoin-group-3, groupId=bootcoin-group] Request joining group due to: consumer pro-actively leaving the group 
2025-04-28 15:49:49-026 [org.springframework.kafka.KafkaListenerEndpointContainer#0-0-C-1] INFO  o.a.k.c.c.i.ConsumerCoordinator - [Consumer clientId=consumer-bootcoin-group-2, groupId=bootcoin-group] Request joining group due to: consumer pro-actively leaving the group 
2025-04-28 15:49:49-026 [org.springframework.kafka.KafkaListenerEndpointContainer#1-0-C-1] INFO  o.a.k.c.c.i.LegacyKafkaConsumer - [Consumer clientId=consumer-bootcoin-group-3, groupId=bootcoin-group] Unsubscribed all topics or patterns and assigned partitions 
2025-04-28 15:49:49-026 [org.springframework.kafka.KafkaListenerEndpointContainer#0-0-C-1] INFO  o.a.k.c.c.i.LegacyKafkaConsumer - [Consumer clientId=consumer-bootcoin-group-2, groupId=bootcoin-group] Unsubscribed all topics or patterns and assigned partitions 
2025-04-28 15:49:49-026 [org.springframework.kafka.KafkaListenerEndpointContainer#0-0-C-1] INFO  o.a.k.c.c.i.ConsumerCoordinator - [Consumer clientId=consumer-bootcoin-group-2, groupId=bootcoin-group] Resetting generation and member id due to: consumer pro-actively leaving the group 
2025-04-28 15:49:49-026 [org.springframework.kafka.KafkaListenerEndpointContainer#1-0-C-1] INFO  o.a.k.c.c.i.ConsumerCoordinator - [Consumer clientId=consumer-bootcoin-group-3, groupId=bootcoin-group] Resetting generation and member id due to: consumer pro-actively leaving the group 
2025-04-28 15:49:49-026 [org.springframework.kafka.KafkaListenerEndpointContainer#0-0-C-1] INFO  o.a.k.c.c.i.ConsumerCoordinator - [Consumer clientId=consumer-bootcoin-group-2, groupId=bootcoin-group] Request joining group due to: consumer pro-actively leaving the group 
2025-04-28 15:49:49-026 [org.springframework.kafka.KafkaListenerEndpointContainer#1-0-C-1] INFO  o.a.k.c.c.i.ConsumerCoordinator - [Consumer clientId=consumer-bootcoin-group-3, groupId=bootcoin-group] Request joining group due to: consumer pro-actively leaving the group 
2025-04-28 15:49:49-031 [netty-shutdown] INFO  o.s.b.w.e.netty.GracefulShutdown - Graceful shutdown complete 
2025-04-28 15:49:49-216 [org.springframework.kafka.KafkaListenerEndpointContainer#1-0-C-1] INFO  o.a.kafka.common.metrics.Metrics - Metrics scheduler closed 
2025-04-28 15:49:49-216 [org.springframework.kafka.KafkaListenerEndpointContainer#1-0-C-1] INFO  o.a.kafka.common.metrics.Metrics - Closing reporter org.apache.kafka.common.metrics.JmxReporter 
2025-04-28 15:49:49-216 [org.springframework.kafka.KafkaListenerEndpointContainer#1-0-C-1] INFO  o.a.kafka.common.metrics.Metrics - Closing reporter org.apache.kafka.common.telemetry.internals.ClientTelemetryReporter 
2025-04-28 15:49:49-217 [org.springframework.kafka.KafkaListenerEndpointContainer#1-0-C-1] INFO  o.a.kafka.common.metrics.Metrics - Metrics reporters closed 
2025-04-28 15:49:49-220 [org.springframework.kafka.KafkaListenerEndpointContainer#1-0-C-1] INFO  o.a.kafka.common.utils.AppInfoParser - App info kafka.consumer for consumer-bootcoin-group-3 unregistered 
2025-04-28 15:49:49-221 [org.springframework.kafka.KafkaListenerEndpointContainer#1-0-C-1] INFO  o.s.k.l.KafkaMessageListenerContainer - bootcoin-group: Consumer stopped 
2025-04-28 15:49:49-462 [org.springframework.kafka.KafkaListenerEndpointContainer#0-0-C-1] INFO  o.a.kafka.common.metrics.Metrics - Metrics scheduler closed 
2025-04-28 15:49:49-463 [org.springframework.kafka.KafkaListenerEndpointContainer#0-0-C-1] INFO  o.a.kafka.common.metrics.Metrics - Closing reporter org.apache.kafka.common.metrics.JmxReporter 
2025-04-28 15:49:49-463 [org.springframework.kafka.KafkaListenerEndpointContainer#0-0-C-1] INFO  o.a.kafka.common.metrics.Metrics - Closing reporter org.apache.kafka.common.telemetry.internals.ClientTelemetryReporter 
2025-04-28 15:49:49-463 [org.springframework.kafka.KafkaListenerEndpointContainer#0-0-C-1] INFO  o.a.kafka.common.metrics.Metrics - Metrics reporters closed 
2025-04-28 15:49:49-467 [org.springframework.kafka.KafkaListenerEndpointContainer#0-0-C-1] INFO  o.a.kafka.common.utils.AppInfoParser - App info kafka.consumer for consumer-bootcoin-group-2 unregistered 
2025-04-28 15:49:49-468 [org.springframework.kafka.KafkaListenerEndpointContainer#0-0-C-1] INFO  o.s.k.l.KafkaMessageListenerContainer - bootcoin-group: Consumer stopped 
2025-04-28 15:49:51-092 [SpringApplicationShutdownHook] INFO  o.a.k.clients.producer.KafkaProducer - [Producer clientId=wallet-bootcoin-api-producer-1] Closing the Kafka producer with timeoutMillis = 30000 ms. 
2025-04-28 15:49:51-095 [SpringApplicationShutdownHook] INFO  o.a.kafka.common.metrics.Metrics - Metrics scheduler closed 
2025-04-28 15:49:51-096 [SpringApplicationShutdownHook] INFO  o.a.kafka.common.metrics.Metrics - Closing reporter org.apache.kafka.common.metrics.JmxReporter 
2025-04-28 15:49:51-096 [SpringApplicationShutdownHook] INFO  o.a.kafka.common.metrics.Metrics - Closing reporter org.apache.kafka.common.telemetry.internals.ClientTelemetryReporter 
2025-04-28 15:49:51-096 [SpringApplicationShutdownHook] INFO  o.a.kafka.common.metrics.Metrics - Metrics reporters closed 
2025-04-28 15:49:51-096 [SpringApplicationShutdownHook] INFO  o.a.kafka.common.utils.AppInfoParser - App info kafka.producer for wallet-bootcoin-api-producer-1 unregistered 
2025-04-28 15:49:53-168 [SpringApplicationShutdownHook] INFO  c.netflix.discovery.DiscoveryClient - Shutting down DiscoveryClient ... 
2025-04-28 15:49:56-184 [SpringApplicationShutdownHook] INFO  c.netflix.discovery.DiscoveryClient - Unregistering ... 
2025-04-28 15:49:56-202 [SpringApplicationShutdownHook] INFO  c.netflix.discovery.DiscoveryClient - DiscoveryClient_WALLET-BOOTCOIN-API/wallet-bootcoin-api:8805 - deregister  status: 200 
2025-04-28 15:49:56-202 [SpringApplicationShutdownHook] INFO  c.netflix.discovery.DiscoveryClient - Completed shut down of DiscoveryClient 
