2025-04-28 04:13:35-626 [main] INFO  o.s.t.c.s.AnnotationConfigContextLoaderUtils - Could not detect default configuration classes for test class [com.bootcoin.wallet.bootcoin.api.service.WalletServiceImplTest]: WalletServiceImplTest does not declare any static, non-private, non-final, nested classes annotated with @Configuration. 
2025-04-28 04:13:44-753 [main] INFO  o.s.t.c.s.AnnotationConfigContextLoaderUtils - Could not detect default configuration classes for test class [com.bootcoin.wallet.bootcoin.api.WalletBootcoinApiApplicationTests]: WalletBootcoinApiApplicationTests does not declare any static, non-private, non-final, nested classes annotated with @Configuration. 
2025-04-28 04:13:44-974 [main] INFO  o.s.b.t.c.SpringBootTestContextBootstrapper - Found @SpringBootConfiguration com.bootcoin.wallet.bootcoin.api.WalletBootcoinApiApplication for test class com.bootcoin.wallet.bootcoin.api.WalletBootcoinApiApplicationTests 
2025-04-28 04:13:48-591 [main] INFO  c.b.w.b.a.WalletBootcoinApiApplicationTests - Starting WalletBootcoinApiApplicationTests using Java 17.0.12 with PID 18352 (started by mgarcsar in C:\Users\mgarcsar\Documents\Bootcamp\etregables\BootCoin\wallet-bootcoin-api) 
2025-04-28 04:13:48-595 [main] INFO  c.b.w.b.a.WalletBootcoinApiApplicationTests - The following 1 profile is active: "dev" 
2025-04-28 04:13:48-641 [main] INFO  o.s.c.c.c.ConfigServerConfigDataLoader - Fetching config from server at : http://config-server-bc:8888 
2025-04-28 04:13:48-641 [main] INFO  o.s.c.c.c.ConfigServerConfigDataLoader - Exception on Url - http://config-server-bc:8888:org.springframework.web.client.ResourceAccessException: I/O error on GET request for "http://config-server-bc:8888/wallet-bootcoin-api/default": config-server-bc. Will be trying the next url if available 
2025-04-28 04:13:48-642 [main] WARN  o.s.c.c.c.ConfigServerConfigDataLoader - Could not locate PropertySource ([ConfigServerConfigDataResource@526ae1fc uris = array<String>['http://config-server-bc:8888'], optional = true, profiles = 'default']): I/O error on GET request for "http://config-server-bc:8888/wallet-bootcoin-api/default": config-server-bc 
2025-04-28 04:13:48-642 [main] INFO  o.s.c.c.c.ConfigServerConfigDataLoader - Fetching config from server at : http://config-server-bc:8888 
2025-04-28 04:13:48-642 [main] INFO  o.s.c.c.c.ConfigServerConfigDataLoader - Exception on Url - http://config-server-bc:8888:org.springframework.web.client.ResourceAccessException: I/O error on GET request for "http://config-server-bc:8888/wallet-bootcoin-api/dev": config-server-bc. Will be trying the next url if available 
2025-04-28 04:13:48-643 [main] WARN  o.s.c.c.c.ConfigServerConfigDataLoader - Could not locate PropertySource ([ConfigServerConfigDataResource@55785ee7 uris = array<String>['http://config-server-bc:8888'], optional = true, profiles = 'dev']): I/O error on GET request for "http://config-server-bc:8888/wallet-bootcoin-api/dev": config-server-bc 
2025-04-28 04:13:48-643 [main] INFO  o.s.c.c.c.ConfigServerConfigDataLoader - Fetching config from server at : http://config-server-bc:8888 
2025-04-28 04:13:48-643 [main] INFO  o.s.c.c.c.ConfigServerConfigDataLoader - Exception on Url - http://config-server-bc:8888:org.springframework.web.client.ResourceAccessException: I/O error on GET request for "http://config-server-bc:8888/wallet-bootcoin-api/default": config-server-bc. Will be trying the next url if available 
2025-04-28 04:13:48-644 [main] WARN  o.s.c.c.c.ConfigServerConfigDataLoader - Could not locate PropertySource ([ConfigServerConfigDataResource@2ae25358 uris = array<String>['http://config-server-bc:8888'], optional = true, profiles = 'default']): I/O error on GET request for "http://config-server-bc:8888/wallet-bootcoin-api/default": config-server-bc 
2025-04-28 04:13:50-707 [main] INFO  o.s.d.r.c.RepositoryConfigurationDelegate - Bootstrapping Spring Data Reactive MongoDB repositories in DEFAULT mode. 
2025-04-28 04:13:51-027 [main] INFO  o.s.d.r.c.RepositoryConfigurationDelegate - Finished Spring Data repository scanning in 308 ms. Found 1 Reactive MongoDB repository interface. 
2025-04-28 04:13:51-677 [main] INFO  o.s.cloud.context.scope.GenericScope - BeanFactory id=1e23942c-be1b-3bef-82c7-541170ebcb7d 
2025-04-28 04:13:53-000 [main] INFO  org.mongodb.driver.client - MongoClient with metadata {"driver": {"name": "mongo-java-driver|reactive-streams|spring-boot", "version": "5.2.1"}, "os": {"type": "Windows", "name": "Windows 10", "architecture": "amd64", "version": "10.0"}, "platform": "Java/Oracle Corporation/17.0.12+8-LTS-286"} created with settings MongoClientSettings{readPreference=primary, writeConcern=WriteConcern{w=null, wTimeout=null ms, journal=null}, retryWrites=true, retryReads=true, readConcern=ReadConcern{level=null}, credential=null, transportSettings=NettyTransportSettings{eventLoopGroup=io.netty.channel.nio.NioEventLoopGroup@330a0dbb, socketChannelClass=null, allocator=null, sslContext=null}, commandListeners=[io.micrometer.core.instrument.binder.mongodb.MongoMetricsCommandListener@47c81691], codecRegistry=ProvidersCodecRegistry{codecProviders=[ValueCodecProvider{}, BsonValueCodecProvider{}, DBRefCodecProvider{}, DBObjectCodecProvider{}, DocumentCodecProvider{}, CollectionCodecProvider{}, IterableCodecProvider{}, MapCodecProvider{}, GeoJsonCodecProvider{}, GridFSFileCodecProvider{}, Jsr310CodecProvider{}, JsonObjectCodecProvider{}, BsonCodecProvider{}, EnumCodecProvider{}, com.mongodb.client.model.mql.ExpressionCodecProvider@4db0d696, com.mongodb.Jep395RecordCodecProvider@a57b4bd, com.mongodb.KotlinCodecProvider@69530799]}, loggerSettings=LoggerSettings{maxDocumentLength=1000}, clusterSettings={hosts=[localhost:27017], srvServiceName=mongodb, mode=SINGLE, requiredClusterType=UNKNOWN, requiredReplicaSetName='null', serverSelector='null', clusterListeners='[]', serverSelectionTimeout='30000 ms', localThreshold='15 ms'}, socketSettings=SocketSettings{connectTimeoutMS=10000, readTimeoutMS=0, receiveBufferSize=0, proxySettings=ProxySettings{host=null, port=null, username=null, password=null}}, heartbeatSocketSettings=SocketSettings{connectTimeoutMS=10000, readTimeoutMS=10000, receiveBufferSize=0, proxySettings=ProxySettings{host=null, port=null, username=null, password=null}}, connectionPoolSettings=ConnectionPoolSettings{maxSize=100, minSize=0, maxWaitTimeMS=120000, maxConnectionLifeTimeMS=0, maxConnectionIdleTimeMS=0, maintenanceInitialDelayMS=0, maintenanceFrequencyMS=60000, connectionPoolListeners=[io.micrometer.core.instrument.binder.mongodb.MongoMetricsConnectionPoolListener@6ea8e8bc], maxConnecting=2}, serverSettings=ServerSettings{heartbeatFrequencyMS=10000, minHeartbeatFrequencyMS=500, serverMonitoringMode=AUTO, serverListeners='[]', serverMonitorListeners='[]'}, sslSettings=SslSettings{enabled=false, invalidHostNameAllowed=false, context=null}, applicationName='null', compressorList=[], uuidRepresentation=JAVA_LEGACY, serverApi=null, autoEncryptionSettings=null, dnsClient=null, inetAddressResolver=null, contextProvider=null, timeoutMS=null} 
2025-04-28 04:13:53-388 [cluster-ClusterId{value='680f46d0d3a4a3145a12b3cf', description='null'}-localhost:27017] INFO  org.mongodb.driver.cluster - Monitor thread successfully connected to server with description ServerDescription{address=localhost:27017, type=STANDALONE, cryptd=false, state=CONNECTED, ok=true, minWireVersion=0, maxWireVersion=25, maxDocumentSize=16777216, logicalSessionTimeoutMinutes=30, roundTripTimeNanos=196764900, minRoundTripTimeNanos=0} 
2025-04-28 04:13:56-705 [main] INFO  o.s.b.a.e.web.EndpointLinksResolver - Exposing 2 endpoints beneath base path '/actuator' 
2025-04-28 04:13:57-633 [main] INFO  o.s.c.n.e.c.DiscoveryClientOptionalArgsConfiguration - Eureka HTTP Client uses RestTemplate. 
2025-04-28 04:13:57-827 [main] WARN  o.s.c.l.c.LoadBalancerCacheAutoConfiguration$LoadBalancerCaffeineWarnLogger - Spring Cloud LoadBalancer is currently working with the default cache. While this cache implementation is useful for development and tests, it's recommended to use Caffeine cache in production.You can switch to using Caffeine cache, by adding it and org.springframework.cache.caffeine.CaffeineCacheManager to the classpath. 
2025-04-28 04:13:58-228 [main] INFO  o.a.k.c.consumer.ConsumerConfig - ConsumerConfig values: 
	allow.auto.create.topics = true
	auto.commit.interval.ms = 5000
	auto.include.jmx.reporter = true
	auto.offset.reset = latest
	bootstrap.servers = [localhost:29092]
	check.crcs = true
	client.dns.lookup = use_all_dns_ips
	client.id = consumer-wallet-group-1
	client.rack = 
	connections.max.idle.ms = 540000
	default.api.timeout.ms = 60000
	enable.auto.commit = false
	enable.metrics.push = true
	exclude.internal.topics = true
	fetch.max.bytes = 52428800
	fetch.max.wait.ms = 500
	fetch.min.bytes = 1
	group.id = wallet-group
	group.instance.id = null
	group.protocol = classic
	group.remote.assignor = null
	heartbeat.interval.ms = 3000
	interceptor.classes = []
	internal.leave.group.on.close = true
	internal.throw.on.fetch.stable.offset.unsupported = false
	isolation.level = read_uncommitted
	key.deserializer = class org.apache.kafka.common.serialization.StringDeserializer
	max.partition.fetch.bytes = 1048576
	max.poll.interval.ms = 300000
	max.poll.records = 500
	metadata.max.age.ms = 300000
	metadata.recovery.strategy = none
	metric.reporters = []
	metrics.num.samples = 2
	metrics.recording.level = INFO
	metrics.sample.window.ms = 30000
	partition.assignment.strategy = [class org.apache.kafka.clients.consumer.RangeAssignor, class org.apache.kafka.clients.consumer.CooperativeStickyAssignor]
	receive.buffer.bytes = 65536
	reconnect.backoff.max.ms = 1000
	reconnect.backoff.ms = 50
	request.timeout.ms = 30000
	retry.backoff.max.ms = 1000
	retry.backoff.ms = 100
	sasl.client.callback.handler.class = null
	sasl.jaas.config = null
	sasl.kerberos.kinit.cmd = /usr/bin/kinit
	sasl.kerberos.min.time.before.relogin = 60000
	sasl.kerberos.service.name = null
	sasl.kerberos.ticket.renew.jitter = 0.05
	sasl.kerberos.ticket.renew.window.factor = 0.8
	sasl.login.callback.handler.class = null
	sasl.login.class = null
	sasl.login.connect.timeout.ms = null
	sasl.login.read.timeout.ms = null
	sasl.login.refresh.buffer.seconds = 300
	sasl.login.refresh.min.period.seconds = 60
	sasl.login.refresh.window.factor = 0.8
	sasl.login.refresh.window.jitter = 0.05
	sasl.login.retry.backoff.max.ms = 10000
	sasl.login.retry.backoff.ms = 100
	sasl.mechanism = GSSAPI
	sasl.oauthbearer.clock.skew.seconds = 30
	sasl.oauthbearer.expected.audience = null
	sasl.oauthbearer.expected.issuer = null
	sasl.oauthbearer.jwks.endpoint.refresh.ms = 3600000
	sasl.oauthbearer.jwks.endpoint.retry.backoff.max.ms = 10000
	sasl.oauthbearer.jwks.endpoint.retry.backoff.ms = 100
	sasl.oauthbearer.jwks.endpoint.url = null
	sasl.oauthbearer.scope.claim.name = scope
	sasl.oauthbearer.sub.claim.name = sub
	sasl.oauthbearer.token.endpoint.url = null
	security.protocol = PLAINTEXT
	security.providers = null
	send.buffer.bytes = 131072
	session.timeout.ms = 45000
	socket.connection.setup.timeout.max.ms = 30000
	socket.connection.setup.timeout.ms = 10000
	ssl.cipher.suites = null
	ssl.enabled.protocols = [TLSv1.2, TLSv1.3]
	ssl.endpoint.identification.algorithm = https
	ssl.engine.factory.class = null
	ssl.key.password = null
	ssl.keymanager.algorithm = SunX509
	ssl.keystore.certificate.chain = null
	ssl.keystore.key = null
	ssl.keystore.location = null
	ssl.keystore.password = null
	ssl.keystore.type = JKS
	ssl.protocol = TLSv1.3
	ssl.provider = null
	ssl.secure.random.implementation = null
	ssl.trustmanager.algorithm = PKIX
	ssl.truststore.certificates = null
	ssl.truststore.location = null
	ssl.truststore.password = null
	ssl.truststore.type = JKS
	value.deserializer = class org.apache.kafka.common.serialization.StringDeserializer
 
2025-04-28 04:13:58-452 [main] INFO  o.a.k.c.t.i.KafkaMetricsCollector - initializing Kafka metrics collector 
2025-04-28 04:13:59-491 [main] INFO  o.a.kafka.common.utils.AppInfoParser - Kafka version: 3.8.1 
2025-04-28 04:13:59-523 [main] INFO  o.a.kafka.common.utils.AppInfoParser - Kafka commitId: 70d6ff42debf7e17 
2025-04-28 04:13:59-524 [main] INFO  o.a.kafka.common.utils.AppInfoParser - Kafka startTimeMs: 1745831639479 
2025-04-28 04:13:59-545 [main] INFO  o.a.k.c.c.i.LegacyKafkaConsumer - [Consumer clientId=consumer-wallet-group-1, groupId=wallet-group] Subscribed to topic(s): wallet-response 
2025-04-28 04:13:59-735 [main] INFO  o.s.c.n.eureka.InstanceInfoFactory - Setting initial instance status as: STARTING 
2025-04-28 04:13:59-806 [main] INFO  c.netflix.discovery.DiscoveryClient - Initializing Eureka in region us-east-1 
2025-04-28 04:13:59-819 [main] INFO  c.n.d.s.r.aws.ConfigClusterResolver - Resolving eureka endpoints via configuration 
2025-04-28 04:13:59-850 [main] INFO  c.netflix.discovery.DiscoveryClient - Disable delta property : false 
2025-04-28 04:13:59-850 [main] INFO  c.netflix.discovery.DiscoveryClient - Single vip registry refresh property : null 
2025-04-28 04:13:59-850 [main] INFO  c.netflix.discovery.DiscoveryClient - Force full registry fetch : false 
2025-04-28 04:13:59-851 [main] INFO  c.netflix.discovery.DiscoveryClient - Application is null : false 
2025-04-28 04:13:59-851 [main] INFO  c.netflix.discovery.DiscoveryClient - Registered Applications size is zero : true 
2025-04-28 04:13:59-852 [main] INFO  c.netflix.discovery.DiscoveryClient - Application version is -1: true 
2025-04-28 04:13:59-852 [main] INFO  c.netflix.discovery.DiscoveryClient - Getting all instance registry info from the eureka server 
2025-04-28 04:14:00-651 [main] INFO  c.netflix.discovery.DiscoveryClient - The response status is 200 
2025-04-28 04:14:00-656 [main] INFO  c.netflix.discovery.DiscoveryClient - Starting heartbeat executor: renew interval is: 30 
2025-04-28 04:14:00-661 [main] INFO  c.n.discovery.InstanceInfoReplicator - InstanceInfoReplicator onDemand update allowed rate per min is 4 
2025-04-28 04:14:00-664 [main] INFO  c.netflix.discovery.DiscoveryClient - Discovery Client initialized at timestamp 1745831640664 with initial instances count: 1 
2025-04-28 04:14:00-672 [main] INFO  o.s.c.n.e.s.EurekaServiceRegistry - Registering application WALLET-BOOTCOIN-API with eureka with status UP 
2025-04-28 04:14:00-674 [main] INFO  c.netflix.discovery.DiscoveryClient - Saw local status change event StatusChangeEvent [timestamp=1745831640673, current=UP, previous=STARTING] 
2025-04-28 04:14:00-678 [DiscoveryClient-InstanceInfoReplicator-%d] INFO  c.netflix.discovery.DiscoveryClient - DiscoveryClient_WALLET-BOOTCOIN-API/wallet-bootcoin-api:8805: registering service... 
2025-04-28 04:14:00-680 [main] INFO  o.a.k.c.consumer.ConsumerConfig - ConsumerConfig values: 
	allow.auto.create.topics = true
	auto.commit.interval.ms = 5000
	auto.include.jmx.reporter = true
	auto.offset.reset = latest
	bootstrap.servers = [localhost:29092]
	check.crcs = true
	client.dns.lookup = use_all_dns_ips
	client.id = consumer-wallet-group-2
	client.rack = 
	connections.max.idle.ms = 540000
	default.api.timeout.ms = 60000
	enable.auto.commit = false
	enable.metrics.push = true
	exclude.internal.topics = true
	fetch.max.bytes = 52428800
	fetch.max.wait.ms = 500
	fetch.min.bytes = 1
	group.id = wallet-group
	group.instance.id = null
	group.protocol = classic
	group.remote.assignor = null
	heartbeat.interval.ms = 3000
	interceptor.classes = []
	internal.leave.group.on.close = true
	internal.throw.on.fetch.stable.offset.unsupported = false
	isolation.level = read_uncommitted
	key.deserializer = class org.apache.kafka.common.serialization.StringDeserializer
	max.partition.fetch.bytes = 1048576
	max.poll.interval.ms = 300000
	max.poll.records = 500
	metadata.max.age.ms = 300000
	metadata.recovery.strategy = none
	metric.reporters = []
	metrics.num.samples = 2
	metrics.recording.level = INFO
	metrics.sample.window.ms = 30000
	partition.assignment.strategy = [class org.apache.kafka.clients.consumer.RangeAssignor, class org.apache.kafka.clients.consumer.CooperativeStickyAssignor]
	receive.buffer.bytes = 65536
	reconnect.backoff.max.ms = 1000
	reconnect.backoff.ms = 50
	request.timeout.ms = 30000
	retry.backoff.max.ms = 1000
	retry.backoff.ms = 100
	sasl.client.callback.handler.class = null
	sasl.jaas.config = null
	sasl.kerberos.kinit.cmd = /usr/bin/kinit
	sasl.kerberos.min.time.before.relogin = 60000
	sasl.kerberos.service.name = null
	sasl.kerberos.ticket.renew.jitter = 0.05
	sasl.kerberos.ticket.renew.window.factor = 0.8
	sasl.login.callback.handler.class = null
	sasl.login.class = null
	sasl.login.connect.timeout.ms = null
	sasl.login.read.timeout.ms = null
	sasl.login.refresh.buffer.seconds = 300
	sasl.login.refresh.min.period.seconds = 60
	sasl.login.refresh.window.factor = 0.8
	sasl.login.refresh.window.jitter = 0.05
	sasl.login.retry.backoff.max.ms = 10000
	sasl.login.retry.backoff.ms = 100
	sasl.mechanism = GSSAPI
	sasl.oauthbearer.clock.skew.seconds = 30
	sasl.oauthbearer.expected.audience = null
	sasl.oauthbearer.expected.issuer = null
	sasl.oauthbearer.jwks.endpoint.refresh.ms = 3600000
	sasl.oauthbearer.jwks.endpoint.retry.backoff.max.ms = 10000
	sasl.oauthbearer.jwks.endpoint.retry.backoff.ms = 100
	sasl.oauthbearer.jwks.endpoint.url = null
	sasl.oauthbearer.scope.claim.name = scope
	sasl.oauthbearer.sub.claim.name = sub
	sasl.oauthbearer.token.endpoint.url = null
	security.protocol = PLAINTEXT
	security.providers = null
	send.buffer.bytes = 131072
	session.timeout.ms = 45000
	socket.connection.setup.timeout.max.ms = 30000
	socket.connection.setup.timeout.ms = 10000
	ssl.cipher.suites = null
	ssl.enabled.protocols = [TLSv1.2, TLSv1.3]
	ssl.endpoint.identification.algorithm = https
	ssl.engine.factory.class = null
	ssl.key.password = null
	ssl.keymanager.algorithm = SunX509
	ssl.keystore.certificate.chain = null
	ssl.keystore.key = null
	ssl.keystore.location = null
	ssl.keystore.password = null
	ssl.keystore.type = JKS
	ssl.protocol = TLSv1.3
	ssl.provider = null
	ssl.secure.random.implementation = null
	ssl.trustmanager.algorithm = PKIX
	ssl.truststore.certificates = null
	ssl.truststore.location = null
	ssl.truststore.password = null
	ssl.truststore.type = JKS
	value.deserializer = class org.apache.kafka.common.serialization.StringDeserializer
 
2025-04-28 04:14:00-682 [main] INFO  o.a.k.c.t.i.KafkaMetricsCollector - initializing Kafka metrics collector 
2025-04-28 04:14:00-719 [main] INFO  o.a.kafka.common.utils.AppInfoParser - Kafka version: 3.8.1 
2025-04-28 04:14:00-719 [main] INFO  o.a.kafka.common.utils.AppInfoParser - Kafka commitId: 70d6ff42debf7e17 
2025-04-28 04:14:00-719 [main] INFO  o.a.kafka.common.utils.AppInfoParser - Kafka startTimeMs: 1745831640718 
2025-04-28 04:14:00-720 [main] INFO  o.a.k.c.c.i.LegacyKafkaConsumer - [Consumer clientId=consumer-wallet-group-2, groupId=wallet-group] Subscribed to topic(s): wallet-only-create 
2025-04-28 04:14:00-729 [main] INFO  o.a.k.c.consumer.ConsumerConfig - ConsumerConfig values: 
	allow.auto.create.topics = true
	auto.commit.interval.ms = 5000
	auto.include.jmx.reporter = true
	auto.offset.reset = latest
	bootstrap.servers = [localhost:29092]
	check.crcs = true
	client.dns.lookup = use_all_dns_ips
	client.id = consumer-wallet-group-3
	client.rack = 
	connections.max.idle.ms = 540000
	default.api.timeout.ms = 60000
	enable.auto.commit = false
	enable.metrics.push = true
	exclude.internal.topics = true
	fetch.max.bytes = 52428800
	fetch.max.wait.ms = 500
	fetch.min.bytes = 1
	group.id = wallet-group
	group.instance.id = null
	group.protocol = classic
	group.remote.assignor = null
	heartbeat.interval.ms = 3000
	interceptor.classes = []
	internal.leave.group.on.close = true
	internal.throw.on.fetch.stable.offset.unsupported = false
	isolation.level = read_uncommitted
	key.deserializer = class org.apache.kafka.common.serialization.StringDeserializer
	max.partition.fetch.bytes = 1048576
	max.poll.interval.ms = 300000
	max.poll.records = 500
	metadata.max.age.ms = 300000
	metadata.recovery.strategy = none
	metric.reporters = []
	metrics.num.samples = 2
	metrics.recording.level = INFO
	metrics.sample.window.ms = 30000
	partition.assignment.strategy = [class org.apache.kafka.clients.consumer.RangeAssignor, class org.apache.kafka.clients.consumer.CooperativeStickyAssignor]
	receive.buffer.bytes = 65536
	reconnect.backoff.max.ms = 1000
	reconnect.backoff.ms = 50
	request.timeout.ms = 30000
	retry.backoff.max.ms = 1000
	retry.backoff.ms = 100
	sasl.client.callback.handler.class = null
	sasl.jaas.config = null
	sasl.kerberos.kinit.cmd = /usr/bin/kinit
	sasl.kerberos.min.time.before.relogin = 60000
	sasl.kerberos.service.name = null
	sasl.kerberos.ticket.renew.jitter = 0.05
	sasl.kerberos.ticket.renew.window.factor = 0.8
	sasl.login.callback.handler.class = null
	sasl.login.class = null
	sasl.login.connect.timeout.ms = null
	sasl.login.read.timeout.ms = null
	sasl.login.refresh.buffer.seconds = 300
	sasl.login.refresh.min.period.seconds = 60
	sasl.login.refresh.window.factor = 0.8
	sasl.login.refresh.window.jitter = 0.05
	sasl.login.retry.backoff.max.ms = 10000
	sasl.login.retry.backoff.ms = 100
	sasl.mechanism = GSSAPI
	sasl.oauthbearer.clock.skew.seconds = 30
	sasl.oauthbearer.expected.audience = null
	sasl.oauthbearer.expected.issuer = null
	sasl.oauthbearer.jwks.endpoint.refresh.ms = 3600000
	sasl.oauthbearer.jwks.endpoint.retry.backoff.max.ms = 10000
	sasl.oauthbearer.jwks.endpoint.retry.backoff.ms = 100
	sasl.oauthbearer.jwks.endpoint.url = null
	sasl.oauthbearer.scope.claim.name = scope
	sasl.oauthbearer.sub.claim.name = sub
	sasl.oauthbearer.token.endpoint.url = null
	security.protocol = PLAINTEXT
	security.providers = null
	send.buffer.bytes = 131072
	session.timeout.ms = 45000
	socket.connection.setup.timeout.max.ms = 30000
	socket.connection.setup.timeout.ms = 10000
	ssl.cipher.suites = null
	ssl.enabled.protocols = [TLSv1.2, TLSv1.3]
	ssl.endpoint.identification.algorithm = https
	ssl.engine.factory.class = null
	ssl.key.password = null
	ssl.keymanager.algorithm = SunX509
	ssl.keystore.certificate.chain = null
	ssl.keystore.key = null
	ssl.keystore.location = null
	ssl.keystore.password = null
	ssl.keystore.type = JKS
	ssl.protocol = TLSv1.3
	ssl.provider = null
	ssl.secure.random.implementation = null
	ssl.trustmanager.algorithm = PKIX
	ssl.truststore.certificates = null
	ssl.truststore.location = null
	ssl.truststore.password = null
	ssl.truststore.type = JKS
	value.deserializer = class org.apache.kafka.common.serialization.StringDeserializer
 
2025-04-28 04:14:00-731 [main] INFO  o.a.k.c.t.i.KafkaMetricsCollector - initializing Kafka metrics collector 
2025-04-28 04:14:00-768 [main] INFO  o.a.kafka.common.utils.AppInfoParser - Kafka version: 3.8.1 
2025-04-28 04:14:00-768 [main] INFO  o.a.kafka.common.utils.AppInfoParser - Kafka commitId: 70d6ff42debf7e17 
2025-04-28 04:14:00-769 [main] INFO  o.a.kafka.common.utils.AppInfoParser - Kafka startTimeMs: 1745831640768 
2025-04-28 04:14:00-769 [main] INFO  o.a.k.c.c.i.LegacyKafkaConsumer - [Consumer clientId=consumer-wallet-group-3, groupId=wallet-group] Subscribed to topic(s): wallet-request 
2025-04-28 04:14:00-825 [main] INFO  c.b.w.b.a.WalletBootcoinApiApplicationTests - Started WalletBootcoinApiApplicationTests in 15.354 seconds (process running for 27.843) 
2025-04-28 04:14:00-829 [DiscoveryClient-InstanceInfoReplicator-%d] INFO  c.netflix.discovery.DiscoveryClient - DiscoveryClient_WALLET-BOOTCOIN-API/wallet-bootcoin-api:8805 - registration status: 204 
2025-04-28 04:14:00-917 [SpringApplicationShutdownHook] INFO  o.s.c.n.e.s.EurekaServiceRegistry - Unregistering application WALLET-BOOTCOIN-API with eureka with status DOWN 
2025-04-28 04:14:00-918 [SpringApplicationShutdownHook] INFO  c.netflix.discovery.DiscoveryClient - Saw local status change event StatusChangeEvent [timestamp=1745831640918, current=DOWN, previous=UP] 
2025-04-28 04:14:00-919 [DiscoveryClient-InstanceInfoReplicator-%d] INFO  c.netflix.discovery.DiscoveryClient - DiscoveryClient_WALLET-BOOTCOIN-API/wallet-bootcoin-api:8805: registering service... 
2025-04-28 04:14:00-929 [DiscoveryClient-InstanceInfoReplicator-%d] INFO  c.netflix.discovery.DiscoveryClient - DiscoveryClient_WALLET-BOOTCOIN-API/wallet-bootcoin-api:8805 - registration status: 204 
2025-04-28 04:14:01-576 [repliesContainer-0-C-1] INFO  o.a.k.c.c.i.ConsumerCoordinator - [Consumer clientId=consumer-wallet-group-1, groupId=wallet-group] Resetting generation and member id due to: consumer pro-actively leaving the group 
2025-04-28 04:14:01-576 [repliesContainer-0-C-1] INFO  o.a.k.c.c.i.ConsumerCoordinator - [Consumer clientId=consumer-wallet-group-1, groupId=wallet-group] Request joining group due to: consumer pro-actively leaving the group 
2025-04-28 04:14:01-576 [repliesContainer-0-C-1] INFO  o.a.k.c.c.i.LegacyKafkaConsumer - [Consumer clientId=consumer-wallet-group-1, groupId=wallet-group] Unsubscribed all topics or patterns and assigned partitions 
2025-04-28 04:14:01-580 [repliesContainer-0-C-1] INFO  o.a.k.c.c.i.ConsumerCoordinator - [Consumer clientId=consumer-wallet-group-1, groupId=wallet-group] Resetting generation and member id due to: consumer pro-actively leaving the group 
2025-04-28 04:14:01-581 [repliesContainer-0-C-1] INFO  o.a.k.c.c.i.ConsumerCoordinator - [Consumer clientId=consumer-wallet-group-1, groupId=wallet-group] Request joining group due to: consumer pro-actively leaving the group 
2025-04-28 04:14:01-590 [org.springframework.kafka.KafkaListenerEndpointContainer#1-0-C-1] WARN  o.apache.kafka.clients.NetworkClient - [Consumer clientId=consumer-wallet-group-3, groupId=wallet-group] Error while fetching metadata with correlation id 2 : {wallet-request=LEADER_NOT_AVAILABLE} 
2025-04-28 04:14:01-591 [repliesContainer-0-C-1] INFO  o.a.kafka.common.metrics.Metrics - Metrics scheduler closed 
2025-04-28 04:14:01-592 [repliesContainer-0-C-1] INFO  o.a.kafka.common.metrics.Metrics - Closing reporter org.apache.kafka.common.metrics.JmxReporter 
2025-04-28 04:14:01-592 [repliesContainer-0-C-1] INFO  o.a.kafka.common.metrics.Metrics - Closing reporter org.apache.kafka.common.telemetry.internals.ClientTelemetryReporter 
2025-04-28 04:14:01-593 [repliesContainer-0-C-1] INFO  o.a.kafka.common.metrics.Metrics - Metrics reporters closed 
2025-04-28 04:14:01-595 [org.springframework.kafka.KafkaListenerEndpointContainer#1-0-C-1] INFO  org.apache.kafka.clients.Metadata - [Consumer clientId=consumer-wallet-group-3, groupId=wallet-group] Cluster ID: eM8hw9H_Q8WFdJx99fFtRA 
2025-04-28 04:14:01-596 [org.springframework.kafka.KafkaListenerEndpointContainer#0-0-C-1] INFO  org.apache.kafka.clients.Metadata - [Consumer clientId=consumer-wallet-group-2, groupId=wallet-group] Cluster ID: eM8hw9H_Q8WFdJx99fFtRA 
2025-04-28 04:14:01-597 [org.springframework.kafka.KafkaListenerEndpointContainer#0-0-C-1] INFO  o.a.k.c.c.i.ConsumerCoordinator - [Consumer clientId=consumer-wallet-group-2, groupId=wallet-group] Discovered group coordinator localhost:29092 (id: 2147482646 rack: null) 
2025-04-28 04:14:01-598 [org.springframework.kafka.KafkaListenerEndpointContainer#1-0-C-1] INFO  o.a.k.c.c.i.ConsumerCoordinator - [Consumer clientId=consumer-wallet-group-3, groupId=wallet-group] Discovered group coordinator localhost:29092 (id: 2147482646 rack: null) 
2025-04-28 04:14:01-606 [org.springframework.kafka.KafkaListenerEndpointContainer#1-0-C-1] INFO  o.a.k.c.c.i.ConsumerCoordinator - [Consumer clientId=consumer-wallet-group-3, groupId=wallet-group] (Re-)joining group 
2025-04-28 04:14:01-608 [org.springframework.kafka.KafkaListenerEndpointContainer#0-0-C-1] INFO  o.a.k.c.c.i.ConsumerCoordinator - [Consumer clientId=consumer-wallet-group-2, groupId=wallet-group] (Re-)joining group 
2025-04-28 04:14:01-609 [repliesContainer-0-C-1] INFO  o.a.kafka.common.utils.AppInfoParser - App info kafka.consumer for consumer-wallet-group-1 unregistered 
2025-04-28 04:14:01-612 [repliesContainer-0-C-1] INFO  o.s.k.l.KafkaMessageListenerContainer - wallet-group: Consumer stopped 
2025-04-28 04:14:01-631 [org.springframework.kafka.KafkaListenerEndpointContainer#0-0-C-1] INFO  o.a.k.c.c.i.ConsumerCoordinator - [Consumer clientId=consumer-wallet-group-2, groupId=wallet-group] Resetting generation and member id due to: consumer pro-actively leaving the group 
2025-04-28 04:14:01-631 [org.springframework.kafka.KafkaListenerEndpointContainer#1-0-C-1] INFO  o.a.k.c.c.i.ConsumerCoordinator - [Consumer clientId=consumer-wallet-group-3, groupId=wallet-group] Resetting generation and member id due to: consumer pro-actively leaving the group 
2025-04-28 04:14:01-631 [org.springframework.kafka.KafkaListenerEndpointContainer#0-0-C-1] INFO  o.a.k.c.c.i.ConsumerCoordinator - [Consumer clientId=consumer-wallet-group-2, groupId=wallet-group] Request joining group due to: consumer pro-actively leaving the group 
2025-04-28 04:14:01-631 [org.springframework.kafka.KafkaListenerEndpointContainer#1-0-C-1] INFO  o.a.k.c.c.i.ConsumerCoordinator - [Consumer clientId=consumer-wallet-group-3, groupId=wallet-group] Request joining group due to: consumer pro-actively leaving the group 
2025-04-28 04:14:01-632 [org.springframework.kafka.KafkaListenerEndpointContainer#0-0-C-1] INFO  o.a.k.c.c.i.LegacyKafkaConsumer - [Consumer clientId=consumer-wallet-group-2, groupId=wallet-group] Unsubscribed all topics or patterns and assigned partitions 
2025-04-28 04:14:01-632 [org.springframework.kafka.KafkaListenerEndpointContainer#1-0-C-1] INFO  o.a.k.c.c.i.LegacyKafkaConsumer - [Consumer clientId=consumer-wallet-group-3, groupId=wallet-group] Unsubscribed all topics or patterns and assigned partitions 
2025-04-28 04:14:01-632 [org.springframework.kafka.KafkaListenerEndpointContainer#1-0-C-1] INFO  o.a.k.c.c.i.ConsumerCoordinator - [Consumer clientId=consumer-wallet-group-3, groupId=wallet-group] Resetting generation and member id due to: consumer pro-actively leaving the group 
2025-04-28 04:14:01-632 [org.springframework.kafka.KafkaListenerEndpointContainer#0-0-C-1] INFO  o.a.k.c.c.i.ConsumerCoordinator - [Consumer clientId=consumer-wallet-group-2, groupId=wallet-group] Resetting generation and member id due to: consumer pro-actively leaving the group 
2025-04-28 04:14:01-632 [org.springframework.kafka.KafkaListenerEndpointContainer#1-0-C-1] INFO  o.a.k.c.c.i.ConsumerCoordinator - [Consumer clientId=consumer-wallet-group-3, groupId=wallet-group] Request joining group due to: consumer pro-actively leaving the group 
2025-04-28 04:14:01-632 [org.springframework.kafka.KafkaListenerEndpointContainer#0-0-C-1] INFO  o.a.k.c.c.i.ConsumerCoordinator - [Consumer clientId=consumer-wallet-group-2, groupId=wallet-group] Request joining group due to: consumer pro-actively leaving the group 
2025-04-28 04:14:01-641 [org.springframework.kafka.KafkaListenerEndpointContainer#0-0-C-1] INFO  o.a.k.c.c.i.ConsumerCoordinator - [Consumer clientId=consumer-wallet-group-2, groupId=wallet-group] Request joining group due to: need to re-join with the given member-id: consumer-wallet-group-2-2478786c-b277-40f9-bdca-191d0eb168ad 
2025-04-28 04:14:01-641 [org.springframework.kafka.KafkaListenerEndpointContainer#1-0-C-1] INFO  o.a.k.c.c.i.ConsumerCoordinator - [Consumer clientId=consumer-wallet-group-3, groupId=wallet-group] Request joining group due to: need to re-join with the given member-id: consumer-wallet-group-3-9b72773a-5ad3-4a35-8905-682f598475a7 
2025-04-28 04:14:01-643 [org.springframework.kafka.KafkaListenerEndpointContainer#0-0-C-1] INFO  o.a.kafka.common.metrics.Metrics - Metrics scheduler closed 
2025-04-28 04:14:01-643 [org.springframework.kafka.KafkaListenerEndpointContainer#1-0-C-1] INFO  o.a.kafka.common.metrics.Metrics - Metrics scheduler closed 
2025-04-28 04:14:01-643 [org.springframework.kafka.KafkaListenerEndpointContainer#0-0-C-1] INFO  o.a.kafka.common.metrics.Metrics - Closing reporter org.apache.kafka.common.metrics.JmxReporter 
2025-04-28 04:14:01-643 [org.springframework.kafka.KafkaListenerEndpointContainer#1-0-C-1] INFO  o.a.kafka.common.metrics.Metrics - Closing reporter org.apache.kafka.common.metrics.JmxReporter 
2025-04-28 04:14:01-644 [org.springframework.kafka.KafkaListenerEndpointContainer#0-0-C-1] INFO  o.a.kafka.common.metrics.Metrics - Closing reporter org.apache.kafka.common.telemetry.internals.ClientTelemetryReporter 
2025-04-28 04:14:01-644 [org.springframework.kafka.KafkaListenerEndpointContainer#1-0-C-1] INFO  o.a.kafka.common.metrics.Metrics - Closing reporter org.apache.kafka.common.telemetry.internals.ClientTelemetryReporter 
2025-04-28 04:14:01-644 [org.springframework.kafka.KafkaListenerEndpointContainer#0-0-C-1] INFO  o.a.kafka.common.metrics.Metrics - Metrics reporters closed 
2025-04-28 04:14:01-644 [org.springframework.kafka.KafkaListenerEndpointContainer#1-0-C-1] INFO  o.a.kafka.common.metrics.Metrics - Metrics reporters closed 
2025-04-28 04:14:01-653 [org.springframework.kafka.KafkaListenerEndpointContainer#0-0-C-1] INFO  o.a.kafka.common.utils.AppInfoParser - App info kafka.consumer for consumer-wallet-group-2 unregistered 
2025-04-28 04:14:01-653 [org.springframework.kafka.KafkaListenerEndpointContainer#0-0-C-1] INFO  o.s.k.l.KafkaMessageListenerContainer - wallet-group: Consumer stopped 
2025-04-28 04:14:01-654 [org.springframework.kafka.KafkaListenerEndpointContainer#1-0-C-1] INFO  o.a.kafka.common.utils.AppInfoParser - App info kafka.consumer for consumer-wallet-group-3 unregistered 
2025-04-28 04:14:01-655 [org.springframework.kafka.KafkaListenerEndpointContainer#1-0-C-1] INFO  o.s.k.l.KafkaMessageListenerContainer - wallet-group: Consumer stopped 
2025-04-28 04:14:03-773 [SpringApplicationShutdownHook] INFO  c.netflix.discovery.DiscoveryClient - Shutting down DiscoveryClient ... 
2025-04-28 04:14:06-780 [SpringApplicationShutdownHook] INFO  c.netflix.discovery.DiscoveryClient - Unregistering ... 
2025-04-28 04:14:06-806 [SpringApplicationShutdownHook] INFO  c.netflix.discovery.DiscoveryClient - DiscoveryClient_WALLET-BOOTCOIN-API/wallet-bootcoin-api:8805 - deregister  status: 200 
2025-04-28 04:14:06-808 [SpringApplicationShutdownHook] INFO  c.netflix.discovery.DiscoveryClient - Completed shut down of DiscoveryClient 
2025-04-28 09:31:47-264 [main] INFO  o.s.t.c.s.AnnotationConfigContextLoaderUtils - Could not detect default configuration classes for test class [com.bootcoin.wallet.bootcoin.api.service.WalletServiceImplTest]: WalletServiceImplTest does not declare any static, non-private, non-final, nested classes annotated with @Configuration. 
2025-04-28 09:31:51-834 [main] INFO  o.s.t.c.s.AnnotationConfigContextLoaderUtils - Could not detect default configuration classes for test class [com.bootcoin.wallet.bootcoin.api.WalletBootcoinApiApplicationTests]: WalletBootcoinApiApplicationTests does not declare any static, non-private, non-final, nested classes annotated with @Configuration. 
2025-04-28 09:31:52-041 [main] INFO  o.s.b.t.c.SpringBootTestContextBootstrapper - Found @SpringBootConfiguration com.bootcoin.wallet.bootcoin.api.WalletBootcoinApiApplication for test class com.bootcoin.wallet.bootcoin.api.WalletBootcoinApiApplicationTests 
2025-04-28 09:31:56-867 [main] INFO  c.b.w.b.a.WalletBootcoinApiApplicationTests - Starting WalletBootcoinApiApplicationTests using Java 17.0.12 with PID 2952 (started by mgarcsar in C:\Users\mgarcsar\Documents\Bootcamp\etregables\BootCoin\wallet-bootcoin-api) 
2025-04-28 09:31:56-870 [main] INFO  c.b.w.b.a.WalletBootcoinApiApplicationTests - The following 1 profile is active: "dev" 
2025-04-28 09:31:56-929 [main] INFO  o.s.c.c.c.ConfigServerConfigDataLoader - Fetching config from server at : http://config-server-bc:8888 
2025-04-28 09:31:56-929 [main] INFO  o.s.c.c.c.ConfigServerConfigDataLoader - Exception on Url - http://config-server-bc:8888:org.springframework.web.client.ResourceAccessException: I/O error on GET request for "http://config-server-bc:8888/wallet-bootcoin-api/default": config-server-bc. Will be trying the next url if available 
2025-04-28 09:31:56-929 [main] WARN  o.s.c.c.c.ConfigServerConfigDataLoader - Could not locate PropertySource ([ConfigServerConfigDataResource@6ad703cd uris = array<String>['http://config-server-bc:8888'], optional = true, profiles = 'default']): I/O error on GET request for "http://config-server-bc:8888/wallet-bootcoin-api/default": config-server-bc 
2025-04-28 09:31:56-930 [main] INFO  o.s.c.c.c.ConfigServerConfigDataLoader - Fetching config from server at : http://config-server-bc:8888 
2025-04-28 09:31:56-930 [main] INFO  o.s.c.c.c.ConfigServerConfigDataLoader - Exception on Url - http://config-server-bc:8888:org.springframework.web.client.ResourceAccessException: I/O error on GET request for "http://config-server-bc:8888/wallet-bootcoin-api/dev": config-server-bc. Will be trying the next url if available 
2025-04-28 09:31:56-931 [main] WARN  o.s.c.c.c.ConfigServerConfigDataLoader - Could not locate PropertySource ([ConfigServerConfigDataResource@45c5cd9a uris = array<String>['http://config-server-bc:8888'], optional = true, profiles = 'dev']): I/O error on GET request for "http://config-server-bc:8888/wallet-bootcoin-api/dev": config-server-bc 
2025-04-28 09:31:56-931 [main] INFO  o.s.c.c.c.ConfigServerConfigDataLoader - Fetching config from server at : http://config-server-bc:8888 
2025-04-28 09:31:56-931 [main] INFO  o.s.c.c.c.ConfigServerConfigDataLoader - Exception on Url - http://config-server-bc:8888:org.springframework.web.client.ResourceAccessException: I/O error on GET request for "http://config-server-bc:8888/wallet-bootcoin-api/default": config-server-bc. Will be trying the next url if available 
2025-04-28 09:31:56-931 [main] WARN  o.s.c.c.c.ConfigServerConfigDataLoader - Could not locate PropertySource ([ConfigServerConfigDataResource@858bf8c uris = array<String>['http://config-server-bc:8888'], optional = true, profiles = 'default']): I/O error on GET request for "http://config-server-bc:8888/wallet-bootcoin-api/default": config-server-bc 
2025-04-28 09:31:59-049 [main] INFO  o.s.d.r.c.RepositoryConfigurationDelegate - Bootstrapping Spring Data Reactive MongoDB repositories in DEFAULT mode. 
2025-04-28 09:31:59-342 [main] INFO  o.s.d.r.c.RepositoryConfigurationDelegate - Finished Spring Data repository scanning in 282 ms. Found 1 Reactive MongoDB repository interface. 
2025-04-28 09:31:59-908 [main] INFO  o.s.cloud.context.scope.GenericScope - BeanFactory id=1e23942c-be1b-3bef-82c7-541170ebcb7d 
2025-04-28 09:32:01-271 [main] INFO  org.mongodb.driver.client - MongoClient with metadata {"driver": {"name": "mongo-java-driver|reactive-streams|spring-boot", "version": "5.2.1"}, "os": {"type": "Windows", "name": "Windows 10", "architecture": "amd64", "version": "10.0"}, "platform": "Java/Oracle Corporation/17.0.12+8-LTS-286"} created with settings MongoClientSettings{readPreference=primary, writeConcern=WriteConcern{w=null, wTimeout=null ms, journal=null}, retryWrites=true, retryReads=true, readConcern=ReadConcern{level=null}, credential=null, transportSettings=NettyTransportSettings{eventLoopGroup=io.netty.channel.nio.NioEventLoopGroup@6ea8e8bc, socketChannelClass=null, allocator=null, sslContext=null}, commandListeners=[io.micrometer.core.instrument.binder.mongodb.MongoMetricsCommandListener@25e79799], codecRegistry=ProvidersCodecRegistry{codecProviders=[ValueCodecProvider{}, BsonValueCodecProvider{}, DBRefCodecProvider{}, DBObjectCodecProvider{}, DocumentCodecProvider{}, CollectionCodecProvider{}, IterableCodecProvider{}, MapCodecProvider{}, GeoJsonCodecProvider{}, GridFSFileCodecProvider{}, Jsr310CodecProvider{}, JsonObjectCodecProvider{}, BsonCodecProvider{}, EnumCodecProvider{}, com.mongodb.client.model.mql.ExpressionCodecProvider@12a22dc4, com.mongodb.Jep395RecordCodecProvider@633c8fc6, com.mongodb.KotlinCodecProvider@4a787615]}, loggerSettings=LoggerSettings{maxDocumentLength=1000}, clusterSettings={hosts=[localhost:27017], srvServiceName=mongodb, mode=SINGLE, requiredClusterType=UNKNOWN, requiredReplicaSetName='null', serverSelector='null', clusterListeners='[]', serverSelectionTimeout='30000 ms', localThreshold='15 ms'}, socketSettings=SocketSettings{connectTimeoutMS=10000, readTimeoutMS=0, receiveBufferSize=0, proxySettings=ProxySettings{host=null, port=null, username=null, password=null}}, heartbeatSocketSettings=SocketSettings{connectTimeoutMS=10000, readTimeoutMS=10000, receiveBufferSize=0, proxySettings=ProxySettings{host=null, port=null, username=null, password=null}}, connectionPoolSettings=ConnectionPoolSettings{maxSize=100, minSize=0, maxWaitTimeMS=120000, maxConnectionLifeTimeMS=0, maxConnectionIdleTimeMS=0, maintenanceInitialDelayMS=0, maintenanceFrequencyMS=60000, connectionPoolListeners=[io.micrometer.core.instrument.binder.mongodb.MongoMetricsConnectionPoolListener@53ba7b9c], maxConnecting=2}, serverSettings=ServerSettings{heartbeatFrequencyMS=10000, minHeartbeatFrequencyMS=500, serverMonitoringMode=AUTO, serverListeners='[]', serverMonitorListeners='[]'}, sslSettings=SslSettings{enabled=false, invalidHostNameAllowed=false, context=null}, applicationName='null', compressorList=[], uuidRepresentation=JAVA_LEGACY, serverApi=null, autoEncryptionSettings=null, dnsClient=null, inetAddressResolver=null, contextProvider=null, timeoutMS=null} 
2025-04-28 09:32:01-680 [cluster-ClusterId{value='680f91612f403919f4a2ca77', description='null'}-localhost:27017] INFO  org.mongodb.driver.cluster - Monitor thread successfully connected to server with description ServerDescription{address=localhost:27017, type=STANDALONE, cryptd=false, state=CONNECTED, ok=true, minWireVersion=0, maxWireVersion=25, maxDocumentSize=16777216, logicalSessionTimeoutMinutes=30, roundTripTimeNanos=182751600, minRoundTripTimeNanos=0} 
2025-04-28 09:32:04-133 [main] INFO  o.s.b.a.e.web.EndpointLinksResolver - Exposing 2 endpoints beneath base path '/actuator' 
2025-04-28 09:32:05-365 [main] INFO  o.s.c.n.e.c.DiscoveryClientOptionalArgsConfiguration - Eureka HTTP Client uses RestTemplate. 
2025-04-28 09:32:05-506 [main] WARN  o.s.c.l.c.LoadBalancerCacheAutoConfiguration$LoadBalancerCaffeineWarnLogger - Spring Cloud LoadBalancer is currently working with the default cache. While this cache implementation is useful for development and tests, it's recommended to use Caffeine cache in production.You can switch to using Caffeine cache, by adding it and org.springframework.cache.caffeine.CaffeineCacheManager to the classpath. 
2025-04-28 09:32:05-793 [main] INFO  o.a.k.c.consumer.ConsumerConfig - ConsumerConfig values: 
	allow.auto.create.topics = true
	auto.commit.interval.ms = 5000
	auto.include.jmx.reporter = true
	auto.offset.reset = latest
	bootstrap.servers = [localhost:29092]
	check.crcs = true
	client.dns.lookup = use_all_dns_ips
	client.id = consumer-wallet-group-1
	client.rack = 
	connections.max.idle.ms = 540000
	default.api.timeout.ms = 60000
	enable.auto.commit = false
	enable.metrics.push = true
	exclude.internal.topics = true
	fetch.max.bytes = 52428800
	fetch.max.wait.ms = 500
	fetch.min.bytes = 1
	group.id = wallet-group
	group.instance.id = null
	group.protocol = classic
	group.remote.assignor = null
	heartbeat.interval.ms = 3000
	interceptor.classes = []
	internal.leave.group.on.close = true
	internal.throw.on.fetch.stable.offset.unsupported = false
	isolation.level = read_uncommitted
	key.deserializer = class org.apache.kafka.common.serialization.StringDeserializer
	max.partition.fetch.bytes = 1048576
	max.poll.interval.ms = 300000
	max.poll.records = 500
	metadata.max.age.ms = 300000
	metadata.recovery.strategy = none
	metric.reporters = []
	metrics.num.samples = 2
	metrics.recording.level = INFO
	metrics.sample.window.ms = 30000
	partition.assignment.strategy = [class org.apache.kafka.clients.consumer.RangeAssignor, class org.apache.kafka.clients.consumer.CooperativeStickyAssignor]
	receive.buffer.bytes = 65536
	reconnect.backoff.max.ms = 1000
	reconnect.backoff.ms = 50
	request.timeout.ms = 30000
	retry.backoff.max.ms = 1000
	retry.backoff.ms = 100
	sasl.client.callback.handler.class = null
	sasl.jaas.config = null
	sasl.kerberos.kinit.cmd = /usr/bin/kinit
	sasl.kerberos.min.time.before.relogin = 60000
	sasl.kerberos.service.name = null
	sasl.kerberos.ticket.renew.jitter = 0.05
	sasl.kerberos.ticket.renew.window.factor = 0.8
	sasl.login.callback.handler.class = null
	sasl.login.class = null
	sasl.login.connect.timeout.ms = null
	sasl.login.read.timeout.ms = null
	sasl.login.refresh.buffer.seconds = 300
	sasl.login.refresh.min.period.seconds = 60
	sasl.login.refresh.window.factor = 0.8
	sasl.login.refresh.window.jitter = 0.05
	sasl.login.retry.backoff.max.ms = 10000
	sasl.login.retry.backoff.ms = 100
	sasl.mechanism = GSSAPI
	sasl.oauthbearer.clock.skew.seconds = 30
	sasl.oauthbearer.expected.audience = null
	sasl.oauthbearer.expected.issuer = null
	sasl.oauthbearer.jwks.endpoint.refresh.ms = 3600000
	sasl.oauthbearer.jwks.endpoint.retry.backoff.max.ms = 10000
	sasl.oauthbearer.jwks.endpoint.retry.backoff.ms = 100
	sasl.oauthbearer.jwks.endpoint.url = null
	sasl.oauthbearer.scope.claim.name = scope
	sasl.oauthbearer.sub.claim.name = sub
	sasl.oauthbearer.token.endpoint.url = null
	security.protocol = PLAINTEXT
	security.providers = null
	send.buffer.bytes = 131072
	session.timeout.ms = 45000
	socket.connection.setup.timeout.max.ms = 30000
	socket.connection.setup.timeout.ms = 10000
	ssl.cipher.suites = null
	ssl.enabled.protocols = [TLSv1.2, TLSv1.3]
	ssl.endpoint.identification.algorithm = https
	ssl.engine.factory.class = null
	ssl.key.password = null
	ssl.keymanager.algorithm = SunX509
	ssl.keystore.certificate.chain = null
	ssl.keystore.key = null
	ssl.keystore.location = null
	ssl.keystore.password = null
	ssl.keystore.type = JKS
	ssl.protocol = TLSv1.3
	ssl.provider = null
	ssl.secure.random.implementation = null
	ssl.trustmanager.algorithm = PKIX
	ssl.truststore.certificates = null
	ssl.truststore.location = null
	ssl.truststore.password = null
	ssl.truststore.type = JKS
	value.deserializer = class org.apache.kafka.common.serialization.StringDeserializer
 
2025-04-28 09:32:05-933 [main] INFO  o.a.k.c.t.i.KafkaMetricsCollector - initializing Kafka metrics collector 
2025-04-28 09:32:06-342 [main] INFO  o.a.kafka.common.utils.AppInfoParser - Kafka version: 3.8.1 
2025-04-28 09:32:06-344 [main] INFO  o.a.kafka.common.utils.AppInfoParser - Kafka commitId: 70d6ff42debf7e17 
2025-04-28 09:32:06-344 [main] INFO  o.a.kafka.common.utils.AppInfoParser - Kafka startTimeMs: 1745850726338 
2025-04-28 09:32:06-351 [main] INFO  o.a.k.c.c.i.LegacyKafkaConsumer - [Consumer clientId=consumer-wallet-group-1, groupId=wallet-group] Subscribed to topic(s): wallet-response 
2025-04-28 09:32:06-402 [main] INFO  o.s.c.n.eureka.InstanceInfoFactory - Setting initial instance status as: STARTING 
2025-04-28 09:32:06-466 [main] INFO  c.netflix.discovery.DiscoveryClient - Initializing Eureka in region us-east-1 
2025-04-28 09:32:06-477 [main] INFO  c.n.d.s.r.aws.ConfigClusterResolver - Resolving eureka endpoints via configuration 
2025-04-28 09:32:06-499 [main] INFO  c.netflix.discovery.DiscoveryClient - Disable delta property : false 
2025-04-28 09:32:06-499 [main] INFO  c.netflix.discovery.DiscoveryClient - Single vip registry refresh property : null 
2025-04-28 09:32:06-499 [main] INFO  c.netflix.discovery.DiscoveryClient - Force full registry fetch : false 
2025-04-28 09:32:06-499 [main] INFO  c.netflix.discovery.DiscoveryClient - Application is null : false 
2025-04-28 09:32:06-500 [main] INFO  c.netflix.discovery.DiscoveryClient - Registered Applications size is zero : true 
2025-04-28 09:32:06-500 [main] INFO  c.netflix.discovery.DiscoveryClient - Application version is -1: true 
2025-04-28 09:32:06-500 [main] INFO  c.netflix.discovery.DiscoveryClient - Getting all instance registry info from the eureka server 
2025-04-28 09:32:07-182 [repliesContainer-0-C-1] INFO  o.apache.kafka.clients.NetworkClient - [Consumer clientId=consumer-wallet-group-1, groupId=wallet-group] Node -1 disconnected. 
2025-04-28 09:32:07-185 [repliesContainer-0-C-1] WARN  o.apache.kafka.clients.NetworkClient - [Consumer clientId=consumer-wallet-group-1, groupId=wallet-group] Connection to node -1 (localhost/127.0.0.1:29092) could not be established. Node may not be available. 
2025-04-28 09:32:07-186 [repliesContainer-0-C-1] WARN  o.apache.kafka.clients.NetworkClient - [Consumer clientId=consumer-wallet-group-1, groupId=wallet-group] Bootstrap broker localhost:29092 (id: -1 rack: null) disconnected 
2025-04-28 09:32:07-309 [repliesContainer-0-C-1] INFO  o.apache.kafka.clients.NetworkClient - [Consumer clientId=consumer-wallet-group-1, groupId=wallet-group] Node -1 disconnected. 
2025-04-28 09:32:07-310 [repliesContainer-0-C-1] WARN  o.apache.kafka.clients.NetworkClient - [Consumer clientId=consumer-wallet-group-1, groupId=wallet-group] Connection to node -1 (localhost/127.0.0.1:29092) could not be established. Node may not be available. 
2025-04-28 09:32:07-311 [repliesContainer-0-C-1] WARN  o.apache.kafka.clients.NetworkClient - [Consumer clientId=consumer-wallet-group-1, groupId=wallet-group] Bootstrap broker localhost:29092 (id: -1 rack: null) disconnected 
2025-04-28 09:32:07-317 [main] INFO  c.netflix.discovery.DiscoveryClient - The response status is 200 
2025-04-28 09:32:07-324 [main] INFO  c.netflix.discovery.DiscoveryClient - Starting heartbeat executor: renew interval is: 30 
2025-04-28 09:32:07-332 [main] INFO  c.n.discovery.InstanceInfoReplicator - InstanceInfoReplicator onDemand update allowed rate per min is 4 
2025-04-28 09:32:07-338 [main] INFO  c.netflix.discovery.DiscoveryClient - Discovery Client initialized at timestamp 1745850727337 with initial instances count: 6 
2025-04-28 09:32:07-346 [main] INFO  o.s.c.n.e.s.EurekaServiceRegistry - Registering application WALLET-BOOTCOIN-API with eureka with status UP 
2025-04-28 09:32:07-349 [main] INFO  c.netflix.discovery.DiscoveryClient - Saw local status change event StatusChangeEvent [timestamp=1745850727349, current=UP, previous=STARTING] 
2025-04-28 09:32:07-358 [DiscoveryClient-InstanceInfoReplicator-%d] INFO  c.netflix.discovery.DiscoveryClient - DiscoveryClient_WALLET-BOOTCOIN-API/wallet-bootcoin-api:8805: registering service... 
2025-04-28 09:32:07-362 [main] INFO  o.a.k.c.consumer.ConsumerConfig - ConsumerConfig values: 
	allow.auto.create.topics = true
	auto.commit.interval.ms = 5000
	auto.include.jmx.reporter = true
	auto.offset.reset = latest
	bootstrap.servers = [localhost:29092]
	check.crcs = true
	client.dns.lookup = use_all_dns_ips
	client.id = consumer-wallet-group-2
	client.rack = 
	connections.max.idle.ms = 540000
	default.api.timeout.ms = 60000
	enable.auto.commit = false
	enable.metrics.push = true
	exclude.internal.topics = true
	fetch.max.bytes = 52428800
	fetch.max.wait.ms = 500
	fetch.min.bytes = 1
	group.id = wallet-group
	group.instance.id = null
	group.protocol = classic
	group.remote.assignor = null
	heartbeat.interval.ms = 3000
	interceptor.classes = []
	internal.leave.group.on.close = true
	internal.throw.on.fetch.stable.offset.unsupported = false
	isolation.level = read_uncommitted
	key.deserializer = class org.apache.kafka.common.serialization.StringDeserializer
	max.partition.fetch.bytes = 1048576
	max.poll.interval.ms = 300000
	max.poll.records = 500
	metadata.max.age.ms = 300000
	metadata.recovery.strategy = none
	metric.reporters = []
	metrics.num.samples = 2
	metrics.recording.level = INFO
	metrics.sample.window.ms = 30000
	partition.assignment.strategy = [class org.apache.kafka.clients.consumer.RangeAssignor, class org.apache.kafka.clients.consumer.CooperativeStickyAssignor]
	receive.buffer.bytes = 65536
	reconnect.backoff.max.ms = 1000
	reconnect.backoff.ms = 50
	request.timeout.ms = 30000
	retry.backoff.max.ms = 1000
	retry.backoff.ms = 100
	sasl.client.callback.handler.class = null
	sasl.jaas.config = null
	sasl.kerberos.kinit.cmd = /usr/bin/kinit
	sasl.kerberos.min.time.before.relogin = 60000
	sasl.kerberos.service.name = null
	sasl.kerberos.ticket.renew.jitter = 0.05
	sasl.kerberos.ticket.renew.window.factor = 0.8
	sasl.login.callback.handler.class = null
	sasl.login.class = null
	sasl.login.connect.timeout.ms = null
	sasl.login.read.timeout.ms = null
	sasl.login.refresh.buffer.seconds = 300
	sasl.login.refresh.min.period.seconds = 60
	sasl.login.refresh.window.factor = 0.8
	sasl.login.refresh.window.jitter = 0.05
	sasl.login.retry.backoff.max.ms = 10000
	sasl.login.retry.backoff.ms = 100
	sasl.mechanism = GSSAPI
	sasl.oauthbearer.clock.skew.seconds = 30
	sasl.oauthbearer.expected.audience = null
	sasl.oauthbearer.expected.issuer = null
	sasl.oauthbearer.jwks.endpoint.refresh.ms = 3600000
	sasl.oauthbearer.jwks.endpoint.retry.backoff.max.ms = 10000
	sasl.oauthbearer.jwks.endpoint.retry.backoff.ms = 100
	sasl.oauthbearer.jwks.endpoint.url = null
	sasl.oauthbearer.scope.claim.name = scope
	sasl.oauthbearer.sub.claim.name = sub
	sasl.oauthbearer.token.endpoint.url = null
	security.protocol = PLAINTEXT
	security.providers = null
	send.buffer.bytes = 131072
	session.timeout.ms = 45000
	socket.connection.setup.timeout.max.ms = 30000
	socket.connection.setup.timeout.ms = 10000
	ssl.cipher.suites = null
	ssl.enabled.protocols = [TLSv1.2, TLSv1.3]
	ssl.endpoint.identification.algorithm = https
	ssl.engine.factory.class = null
	ssl.key.password = null
	ssl.keymanager.algorithm = SunX509
	ssl.keystore.certificate.chain = null
	ssl.keystore.key = null
	ssl.keystore.location = null
	ssl.keystore.password = null
	ssl.keystore.type = JKS
	ssl.protocol = TLSv1.3
	ssl.provider = null
	ssl.secure.random.implementation = null
	ssl.trustmanager.algorithm = PKIX
	ssl.truststore.certificates = null
	ssl.truststore.location = null
	ssl.truststore.password = null
	ssl.truststore.type = JKS
	value.deserializer = class org.apache.kafka.common.serialization.StringDeserializer
 
2025-04-28 09:32:07-363 [main] INFO  o.a.k.c.t.i.KafkaMetricsCollector - initializing Kafka metrics collector 
2025-04-28 09:32:07-399 [main] INFO  o.a.kafka.common.utils.AppInfoParser - Kafka version: 3.8.1 
2025-04-28 09:32:07-400 [main] INFO  o.a.kafka.common.utils.AppInfoParser - Kafka commitId: 70d6ff42debf7e17 
2025-04-28 09:32:07-401 [main] INFO  o.a.kafka.common.utils.AppInfoParser - Kafka startTimeMs: 1745850727399 
2025-04-28 09:32:07-403 [main] INFO  o.a.k.c.c.i.LegacyKafkaConsumer - [Consumer clientId=consumer-wallet-group-2, groupId=wallet-group] Subscribed to topic(s): wallet-only-create 
2025-04-28 09:32:07-416 [main] INFO  o.a.k.c.consumer.ConsumerConfig - ConsumerConfig values: 
	allow.auto.create.topics = true
	auto.commit.interval.ms = 5000
	auto.include.jmx.reporter = true
	auto.offset.reset = latest
	bootstrap.servers = [localhost:29092]
	check.crcs = true
	client.dns.lookup = use_all_dns_ips
	client.id = consumer-wallet-group-3
	client.rack = 
	connections.max.idle.ms = 540000
	default.api.timeout.ms = 60000
	enable.auto.commit = false
	enable.metrics.push = true
	exclude.internal.topics = true
	fetch.max.bytes = 52428800
	fetch.max.wait.ms = 500
	fetch.min.bytes = 1
	group.id = wallet-group
	group.instance.id = null
	group.protocol = classic
	group.remote.assignor = null
	heartbeat.interval.ms = 3000
	interceptor.classes = []
	internal.leave.group.on.close = true
	internal.throw.on.fetch.stable.offset.unsupported = false
	isolation.level = read_uncommitted
	key.deserializer = class org.apache.kafka.common.serialization.StringDeserializer
	max.partition.fetch.bytes = 1048576
	max.poll.interval.ms = 300000
	max.poll.records = 500
	metadata.max.age.ms = 300000
	metadata.recovery.strategy = none
	metric.reporters = []
	metrics.num.samples = 2
	metrics.recording.level = INFO
	metrics.sample.window.ms = 30000
	partition.assignment.strategy = [class org.apache.kafka.clients.consumer.RangeAssignor, class org.apache.kafka.clients.consumer.CooperativeStickyAssignor]
	receive.buffer.bytes = 65536
	reconnect.backoff.max.ms = 1000
	reconnect.backoff.ms = 50
	request.timeout.ms = 30000
	retry.backoff.max.ms = 1000
	retry.backoff.ms = 100
	sasl.client.callback.handler.class = null
	sasl.jaas.config = null
	sasl.kerberos.kinit.cmd = /usr/bin/kinit
	sasl.kerberos.min.time.before.relogin = 60000
	sasl.kerberos.service.name = null
	sasl.kerberos.ticket.renew.jitter = 0.05
	sasl.kerberos.ticket.renew.window.factor = 0.8
	sasl.login.callback.handler.class = null
	sasl.login.class = null
	sasl.login.connect.timeout.ms = null
	sasl.login.read.timeout.ms = null
	sasl.login.refresh.buffer.seconds = 300
	sasl.login.refresh.min.period.seconds = 60
	sasl.login.refresh.window.factor = 0.8
	sasl.login.refresh.window.jitter = 0.05
	sasl.login.retry.backoff.max.ms = 10000
	sasl.login.retry.backoff.ms = 100
	sasl.mechanism = GSSAPI
	sasl.oauthbearer.clock.skew.seconds = 30
	sasl.oauthbearer.expected.audience = null
	sasl.oauthbearer.expected.issuer = null
	sasl.oauthbearer.jwks.endpoint.refresh.ms = 3600000
	sasl.oauthbearer.jwks.endpoint.retry.backoff.max.ms = 10000
	sasl.oauthbearer.jwks.endpoint.retry.backoff.ms = 100
	sasl.oauthbearer.jwks.endpoint.url = null
	sasl.oauthbearer.scope.claim.name = scope
	sasl.oauthbearer.sub.claim.name = sub
	sasl.oauthbearer.token.endpoint.url = null
	security.protocol = PLAINTEXT
	security.providers = null
	send.buffer.bytes = 131072
	session.timeout.ms = 45000
	socket.connection.setup.timeout.max.ms = 30000
	socket.connection.setup.timeout.ms = 10000
	ssl.cipher.suites = null
	ssl.enabled.protocols = [TLSv1.2, TLSv1.3]
	ssl.endpoint.identification.algorithm = https
	ssl.engine.factory.class = null
	ssl.key.password = null
	ssl.keymanager.algorithm = SunX509
	ssl.keystore.certificate.chain = null
	ssl.keystore.key = null
	ssl.keystore.location = null
	ssl.keystore.password = null
	ssl.keystore.type = JKS
	ssl.protocol = TLSv1.3
	ssl.provider = null
	ssl.secure.random.implementation = null
	ssl.trustmanager.algorithm = PKIX
	ssl.truststore.certificates = null
	ssl.truststore.location = null
	ssl.truststore.password = null
	ssl.truststore.type = JKS
	value.deserializer = class org.apache.kafka.common.serialization.StringDeserializer
 
2025-04-28 09:32:07-418 [main] INFO  o.a.k.c.t.i.KafkaMetricsCollector - initializing Kafka metrics collector 
2025-04-28 09:32:07-427 [org.springframework.kafka.KafkaListenerEndpointContainer#0-0-C-1] INFO  o.apache.kafka.clients.NetworkClient - [Consumer clientId=consumer-wallet-group-2, groupId=wallet-group] Node -1 disconnected. 
2025-04-28 09:32:07-428 [org.springframework.kafka.KafkaListenerEndpointContainer#0-0-C-1] WARN  o.apache.kafka.clients.NetworkClient - [Consumer clientId=consumer-wallet-group-2, groupId=wallet-group] Connection to node -1 (localhost/127.0.0.1:29092) could not be established. Node may not be available. 
2025-04-28 09:32:07-428 [org.springframework.kafka.KafkaListenerEndpointContainer#0-0-C-1] WARN  o.apache.kafka.clients.NetworkClient - [Consumer clientId=consumer-wallet-group-2, groupId=wallet-group] Bootstrap broker localhost:29092 (id: -1 rack: null) disconnected 
2025-04-28 09:32:07-432 [repliesContainer-0-C-1] INFO  o.apache.kafka.clients.NetworkClient - [Consumer clientId=consumer-wallet-group-1, groupId=wallet-group] Node -1 disconnected. 
2025-04-28 09:32:07-433 [repliesContainer-0-C-1] WARN  o.apache.kafka.clients.NetworkClient - [Consumer clientId=consumer-wallet-group-1, groupId=wallet-group] Connection to node -1 (localhost/127.0.0.1:29092) could not be established. Node may not be available. 
2025-04-28 09:32:07-434 [repliesContainer-0-C-1] WARN  o.apache.kafka.clients.NetworkClient - [Consumer clientId=consumer-wallet-group-1, groupId=wallet-group] Bootstrap broker localhost:29092 (id: -1 rack: null) disconnected 
2025-04-28 09:32:07-443 [main] INFO  o.a.kafka.common.utils.AppInfoParser - Kafka version: 3.8.1 
2025-04-28 09:32:07-444 [main] INFO  o.a.kafka.common.utils.AppInfoParser - Kafka commitId: 70d6ff42debf7e17 
2025-04-28 09:32:07-445 [main] INFO  o.a.kafka.common.utils.AppInfoParser - Kafka startTimeMs: 1745850727443 
2025-04-28 09:32:07-446 [main] INFO  o.a.k.c.c.i.LegacyKafkaConsumer - [Consumer clientId=consumer-wallet-group-3, groupId=wallet-group] Subscribed to topic(s): wallet-request 
2025-04-28 09:32:07-456 [org.springframework.kafka.KafkaListenerEndpointContainer#1-0-C-1] INFO  o.apache.kafka.clients.NetworkClient - [Consumer clientId=consumer-wallet-group-3, groupId=wallet-group] Node -1 disconnected. 
2025-04-28 09:32:07-456 [org.springframework.kafka.KafkaListenerEndpointContainer#1-0-C-1] WARN  o.apache.kafka.clients.NetworkClient - [Consumer clientId=consumer-wallet-group-3, groupId=wallet-group] Connection to node -1 (localhost/127.0.0.1:29092) could not be established. Node may not be available. 
2025-04-28 09:32:07-456 [org.springframework.kafka.KafkaListenerEndpointContainer#1-0-C-1] WARN  o.apache.kafka.clients.NetworkClient - [Consumer clientId=consumer-wallet-group-3, groupId=wallet-group] Bootstrap broker localhost:29092 (id: -1 rack: null) disconnected 
2025-04-28 09:32:07-487 [main] INFO  c.b.w.b.a.WalletBootcoinApiApplicationTests - Started WalletBootcoinApiApplicationTests in 14.717 seconds (process running for 23.326) 
2025-04-28 09:32:07-542 [org.springframework.kafka.KafkaListenerEndpointContainer#0-0-C-1] INFO  o.apache.kafka.clients.NetworkClient - [Consumer clientId=consumer-wallet-group-2, groupId=wallet-group] Node -1 disconnected. 
2025-04-28 09:32:07-544 [org.springframework.kafka.KafkaListenerEndpointContainer#0-0-C-1] WARN  o.apache.kafka.clients.NetworkClient - [Consumer clientId=consumer-wallet-group-2, groupId=wallet-group] Connection to node -1 (localhost/127.0.0.1:29092) could not be established. Node may not be available. 
2025-04-28 09:32:07-544 [org.springframework.kafka.KafkaListenerEndpointContainer#0-0-C-1] WARN  o.apache.kafka.clients.NetworkClient - [Consumer clientId=consumer-wallet-group-2, groupId=wallet-group] Bootstrap broker localhost:29092 (id: -1 rack: null) disconnected 
2025-04-28 09:32:07-567 [org.springframework.kafka.KafkaListenerEndpointContainer#1-0-C-1] INFO  o.apache.kafka.clients.NetworkClient - [Consumer clientId=consumer-wallet-group-3, groupId=wallet-group] Node -1 disconnected. 
2025-04-28 09:32:07-569 [org.springframework.kafka.KafkaListenerEndpointContainer#1-0-C-1] WARN  o.apache.kafka.clients.NetworkClient - [Consumer clientId=consumer-wallet-group-3, groupId=wallet-group] Connection to node -1 (localhost/127.0.0.1:29092) could not be established. Node may not be available. 
2025-04-28 09:32:07-570 [org.springframework.kafka.KafkaListenerEndpointContainer#1-0-C-1] WARN  o.apache.kafka.clients.NetworkClient - [Consumer clientId=consumer-wallet-group-3, groupId=wallet-group] Bootstrap broker localhost:29092 (id: -1 rack: null) disconnected 
2025-04-28 09:32:07-575 [DiscoveryClient-InstanceInfoReplicator-%d] INFO  c.netflix.discovery.DiscoveryClient - DiscoveryClient_WALLET-BOOTCOIN-API/wallet-bootcoin-api:8805 - registration status: 204 
2025-04-28 09:32:07-588 [SpringApplicationShutdownHook] INFO  o.s.c.n.e.s.EurekaServiceRegistry - Unregistering application WALLET-BOOTCOIN-API with eureka with status DOWN 
2025-04-28 09:32:07-591 [SpringApplicationShutdownHook] INFO  c.netflix.discovery.DiscoveryClient - Saw local status change event StatusChangeEvent [timestamp=1745850727591, current=DOWN, previous=UP] 
2025-04-28 09:32:07-592 [DiscoveryClient-InstanceInfoReplicator-%d] INFO  c.netflix.discovery.DiscoveryClient - DiscoveryClient_WALLET-BOOTCOIN-API/wallet-bootcoin-api:8805: registering service... 
2025-04-28 09:32:07-608 [DiscoveryClient-InstanceInfoReplicator-%d] INFO  c.netflix.discovery.DiscoveryClient - DiscoveryClient_WALLET-BOOTCOIN-API/wallet-bootcoin-api:8805 - registration status: 204 
2025-04-28 09:32:07-647 [repliesContainer-0-C-1] INFO  o.apache.kafka.clients.NetworkClient - [Consumer clientId=consumer-wallet-group-1, groupId=wallet-group] Node -1 disconnected. 
2025-04-28 09:32:07-647 [repliesContainer-0-C-1] WARN  o.apache.kafka.clients.NetworkClient - [Consumer clientId=consumer-wallet-group-1, groupId=wallet-group] Connection to node -1 (localhost/127.0.0.1:29092) could not be established. Node may not be available. 
2025-04-28 09:32:07-648 [repliesContainer-0-C-1] WARN  o.apache.kafka.clients.NetworkClient - [Consumer clientId=consumer-wallet-group-1, groupId=wallet-group] Bootstrap broker localhost:29092 (id: -1 rack: null) disconnected 
2025-04-28 09:32:07-663 [org.springframework.kafka.KafkaListenerEndpointContainer#0-0-C-1] INFO  o.apache.kafka.clients.NetworkClient - [Consumer clientId=consumer-wallet-group-2, groupId=wallet-group] Node -1 disconnected. 
2025-04-28 09:32:07-664 [org.springframework.kafka.KafkaListenerEndpointContainer#0-0-C-1] WARN  o.apache.kafka.clients.NetworkClient - [Consumer clientId=consumer-wallet-group-2, groupId=wallet-group] Connection to node -1 (localhost/127.0.0.1:29092) could not be established. Node may not be available. 
2025-04-28 09:32:07-664 [org.springframework.kafka.KafkaListenerEndpointContainer#0-0-C-1] WARN  o.apache.kafka.clients.NetworkClient - [Consumer clientId=consumer-wallet-group-2, groupId=wallet-group] Bootstrap broker localhost:29092 (id: -1 rack: null) disconnected 
2025-04-28 09:32:07-683 [org.springframework.kafka.KafkaListenerEndpointContainer#1-0-C-1] INFO  o.apache.kafka.clients.NetworkClient - [Consumer clientId=consumer-wallet-group-3, groupId=wallet-group] Node -1 disconnected. 
2025-04-28 09:32:07-683 [org.springframework.kafka.KafkaListenerEndpointContainer#1-0-C-1] WARN  o.apache.kafka.clients.NetworkClient - [Consumer clientId=consumer-wallet-group-3, groupId=wallet-group] Connection to node -1 (localhost/127.0.0.1:29092) could not be established. Node may not be available. 
2025-04-28 09:32:07-684 [org.springframework.kafka.KafkaListenerEndpointContainer#1-0-C-1] WARN  o.apache.kafka.clients.NetworkClient - [Consumer clientId=consumer-wallet-group-3, groupId=wallet-group] Bootstrap broker localhost:29092 (id: -1 rack: null) disconnected 
2025-04-28 09:32:07-886 [org.springframework.kafka.KafkaListenerEndpointContainer#0-0-C-1] INFO  o.apache.kafka.clients.NetworkClient - [Consumer clientId=consumer-wallet-group-2, groupId=wallet-group] Node -1 disconnected. 
2025-04-28 09:32:07-886 [org.springframework.kafka.KafkaListenerEndpointContainer#0-0-C-1] WARN  o.apache.kafka.clients.NetworkClient - [Consumer clientId=consumer-wallet-group-2, groupId=wallet-group] Connection to node -1 (localhost/127.0.0.1:29092) could not be established. Node may not be available. 
2025-04-28 09:32:07-886 [org.springframework.kafka.KafkaListenerEndpointContainer#0-0-C-1] WARN  o.apache.kafka.clients.NetworkClient - [Consumer clientId=consumer-wallet-group-2, groupId=wallet-group] Bootstrap broker localhost:29092 (id: -1 rack: null) disconnected 
2025-04-28 09:32:07-890 [org.springframework.kafka.KafkaListenerEndpointContainer#1-0-C-1] INFO  o.apache.kafka.clients.NetworkClient - [Consumer clientId=consumer-wallet-group-3, groupId=wallet-group] Node -1 disconnected. 
2025-04-28 09:32:07-891 [org.springframework.kafka.KafkaListenerEndpointContainer#1-0-C-1] WARN  o.apache.kafka.clients.NetworkClient - [Consumer clientId=consumer-wallet-group-3, groupId=wallet-group] Connection to node -1 (localhost/127.0.0.1:29092) could not be established. Node may not be available. 
2025-04-28 09:32:07-891 [org.springframework.kafka.KafkaListenerEndpointContainer#1-0-C-1] WARN  o.apache.kafka.clients.NetworkClient - [Consumer clientId=consumer-wallet-group-3, groupId=wallet-group] Bootstrap broker localhost:29092 (id: -1 rack: null) disconnected 
2025-04-28 09:32:08-113 [repliesContainer-0-C-1] INFO  o.apache.kafka.clients.NetworkClient - [Consumer clientId=consumer-wallet-group-1, groupId=wallet-group] Node -1 disconnected. 
2025-04-28 09:32:08-114 [repliesContainer-0-C-1] WARN  o.apache.kafka.clients.NetworkClient - [Consumer clientId=consumer-wallet-group-1, groupId=wallet-group] Connection to node -1 (localhost/127.0.0.1:29092) could not be established. Node may not be available. 
2025-04-28 09:32:08-114 [repliesContainer-0-C-1] WARN  o.apache.kafka.clients.NetworkClient - [Consumer clientId=consumer-wallet-group-1, groupId=wallet-group] Bootstrap broker localhost:29092 (id: -1 rack: null) disconnected 
2025-04-28 09:32:08-254 [org.springframework.kafka.KafkaListenerEndpointContainer#0-0-C-1] INFO  o.apache.kafka.clients.NetworkClient - [Consumer clientId=consumer-wallet-group-2, groupId=wallet-group] Node -1 disconnected. 
2025-04-28 09:32:08-255 [org.springframework.kafka.KafkaListenerEndpointContainer#0-0-C-1] WARN  o.apache.kafka.clients.NetworkClient - [Consumer clientId=consumer-wallet-group-2, groupId=wallet-group] Connection to node -1 (localhost/127.0.0.1:29092) could not be established. Node may not be available. 
2025-04-28 09:32:08-255 [org.springframework.kafka.KafkaListenerEndpointContainer#0-0-C-1] WARN  o.apache.kafka.clients.NetworkClient - [Consumer clientId=consumer-wallet-group-2, groupId=wallet-group] Bootstrap broker localhost:29092 (id: -1 rack: null) disconnected 
2025-04-28 09:32:08-255 [org.springframework.kafka.KafkaListenerEndpointContainer#1-0-C-1] INFO  o.apache.kafka.clients.NetworkClient - [Consumer clientId=consumer-wallet-group-3, groupId=wallet-group] Node -1 disconnected. 
2025-04-28 09:32:08-256 [org.springframework.kafka.KafkaListenerEndpointContainer#1-0-C-1] WARN  o.apache.kafka.clients.NetworkClient - [Consumer clientId=consumer-wallet-group-3, groupId=wallet-group] Connection to node -1 (localhost/127.0.0.1:29092) could not be established. Node may not be available. 
2025-04-28 09:32:08-256 [org.springframework.kafka.KafkaListenerEndpointContainer#1-0-C-1] WARN  o.apache.kafka.clients.NetworkClient - [Consumer clientId=consumer-wallet-group-3, groupId=wallet-group] Bootstrap broker localhost:29092 (id: -1 rack: null) disconnected 
2025-04-28 09:32:08-476 [repliesContainer-0-C-1] INFO  o.a.k.c.c.i.ConsumerCoordinator - [Consumer clientId=consumer-wallet-group-1, groupId=wallet-group] Resetting generation and member id due to: consumer pro-actively leaving the group 
2025-04-28 09:32:08-476 [repliesContainer-0-C-1] INFO  o.a.k.c.c.i.ConsumerCoordinator - [Consumer clientId=consumer-wallet-group-1, groupId=wallet-group] Request joining group due to: consumer pro-actively leaving the group 
2025-04-28 09:32:08-477 [repliesContainer-0-C-1] INFO  o.a.k.c.c.i.LegacyKafkaConsumer - [Consumer clientId=consumer-wallet-group-1, groupId=wallet-group] Unsubscribed all topics or patterns and assigned partitions 
2025-04-28 09:32:08-479 [repliesContainer-0-C-1] INFO  o.a.k.c.c.i.ConsumerCoordinator - [Consumer clientId=consumer-wallet-group-1, groupId=wallet-group] Resetting generation and member id due to: consumer pro-actively leaving the group 
2025-04-28 09:32:08-479 [repliesContainer-0-C-1] INFO  o.a.k.c.c.i.ConsumerCoordinator - [Consumer clientId=consumer-wallet-group-1, groupId=wallet-group] Request joining group due to: consumer pro-actively leaving the group 
2025-04-28 09:32:08-489 [repliesContainer-0-C-1] INFO  o.a.kafka.common.metrics.Metrics - Metrics scheduler closed 
2025-04-28 09:32:08-489 [repliesContainer-0-C-1] INFO  o.a.kafka.common.metrics.Metrics - Closing reporter org.apache.kafka.common.metrics.JmxReporter 
2025-04-28 09:32:08-490 [repliesContainer-0-C-1] INFO  o.a.kafka.common.metrics.Metrics - Closing reporter org.apache.kafka.common.telemetry.internals.ClientTelemetryReporter 
2025-04-28 09:32:08-490 [repliesContainer-0-C-1] INFO  o.a.kafka.common.metrics.Metrics - Metrics reporters closed 
2025-04-28 09:32:08-503 [repliesContainer-0-C-1] INFO  o.a.kafka.common.utils.AppInfoParser - App info kafka.consumer for consumer-wallet-group-1 unregistered 
2025-04-28 09:32:08-504 [repliesContainer-0-C-1] INFO  o.s.k.l.KafkaMessageListenerContainer - wallet-group: Consumer stopped 
2025-04-28 09:32:08-511 [org.springframework.kafka.KafkaListenerEndpointContainer#1-0-C-1] INFO  o.a.k.c.c.i.ConsumerCoordinator - [Consumer clientId=consumer-wallet-group-3, groupId=wallet-group] Resetting generation and member id due to: consumer pro-actively leaving the group 
2025-04-28 09:32:08-511 [org.springframework.kafka.KafkaListenerEndpointContainer#0-0-C-1] INFO  o.a.k.c.c.i.ConsumerCoordinator - [Consumer clientId=consumer-wallet-group-2, groupId=wallet-group] Resetting generation and member id due to: consumer pro-actively leaving the group 
2025-04-28 09:32:08-523 [org.springframework.kafka.KafkaListenerEndpointContainer#1-0-C-1] INFO  o.a.k.c.c.i.ConsumerCoordinator - [Consumer clientId=consumer-wallet-group-3, groupId=wallet-group] Request joining group due to: consumer pro-actively leaving the group 
2025-04-28 09:32:08-523 [org.springframework.kafka.KafkaListenerEndpointContainer#0-0-C-1] INFO  o.a.k.c.c.i.ConsumerCoordinator - [Consumer clientId=consumer-wallet-group-2, groupId=wallet-group] Request joining group due to: consumer pro-actively leaving the group 
2025-04-28 09:32:08-523 [org.springframework.kafka.KafkaListenerEndpointContainer#1-0-C-1] INFO  o.a.k.c.c.i.LegacyKafkaConsumer - [Consumer clientId=consumer-wallet-group-3, groupId=wallet-group] Unsubscribed all topics or patterns and assigned partitions 
2025-04-28 09:32:08-524 [org.springframework.kafka.KafkaListenerEndpointContainer#0-0-C-1] INFO  o.a.k.c.c.i.LegacyKafkaConsumer - [Consumer clientId=consumer-wallet-group-2, groupId=wallet-group] Unsubscribed all topics or patterns and assigned partitions 
2025-04-28 09:32:08-524 [org.springframework.kafka.KafkaListenerEndpointContainer#1-0-C-1] INFO  o.a.k.c.c.i.ConsumerCoordinator - [Consumer clientId=consumer-wallet-group-3, groupId=wallet-group] Resetting generation and member id due to: consumer pro-actively leaving the group 
2025-04-28 09:32:08-525 [org.springframework.kafka.KafkaListenerEndpointContainer#0-0-C-1] INFO  o.a.k.c.c.i.ConsumerCoordinator - [Consumer clientId=consumer-wallet-group-2, groupId=wallet-group] Resetting generation and member id due to: consumer pro-actively leaving the group 
2025-04-28 09:32:08-525 [org.springframework.kafka.KafkaListenerEndpointContainer#1-0-C-1] INFO  o.a.k.c.c.i.ConsumerCoordinator - [Consumer clientId=consumer-wallet-group-3, groupId=wallet-group] Request joining group due to: consumer pro-actively leaving the group 
2025-04-28 09:32:08-525 [org.springframework.kafka.KafkaListenerEndpointContainer#0-0-C-1] INFO  o.a.k.c.c.i.ConsumerCoordinator - [Consumer clientId=consumer-wallet-group-2, groupId=wallet-group] Request joining group due to: consumer pro-actively leaving the group 
2025-04-28 09:32:08-527 [org.springframework.kafka.KafkaListenerEndpointContainer#1-0-C-1] INFO  o.a.kafka.common.metrics.Metrics - Metrics scheduler closed 
2025-04-28 09:32:08-528 [org.springframework.kafka.KafkaListenerEndpointContainer#0-0-C-1] INFO  o.a.kafka.common.metrics.Metrics - Metrics scheduler closed 
2025-04-28 09:32:08-528 [org.springframework.kafka.KafkaListenerEndpointContainer#1-0-C-1] INFO  o.a.kafka.common.metrics.Metrics - Closing reporter org.apache.kafka.common.metrics.JmxReporter 
2025-04-28 09:32:08-528 [org.springframework.kafka.KafkaListenerEndpointContainer#0-0-C-1] INFO  o.a.kafka.common.metrics.Metrics - Closing reporter org.apache.kafka.common.metrics.JmxReporter 
2025-04-28 09:32:08-528 [org.springframework.kafka.KafkaListenerEndpointContainer#1-0-C-1] INFO  o.a.kafka.common.metrics.Metrics - Closing reporter org.apache.kafka.common.telemetry.internals.ClientTelemetryReporter 
2025-04-28 09:32:08-529 [org.springframework.kafka.KafkaListenerEndpointContainer#0-0-C-1] INFO  o.a.kafka.common.metrics.Metrics - Closing reporter org.apache.kafka.common.telemetry.internals.ClientTelemetryReporter 
2025-04-28 09:32:08-529 [org.springframework.kafka.KafkaListenerEndpointContainer#1-0-C-1] INFO  o.a.kafka.common.metrics.Metrics - Metrics reporters closed 
2025-04-28 09:32:08-529 [org.springframework.kafka.KafkaListenerEndpointContainer#0-0-C-1] INFO  o.a.kafka.common.metrics.Metrics - Metrics reporters closed 
2025-04-28 09:32:08-538 [org.springframework.kafka.KafkaListenerEndpointContainer#1-0-C-1] INFO  o.a.kafka.common.utils.AppInfoParser - App info kafka.consumer for consumer-wallet-group-3 unregistered 
2025-04-28 09:32:08-539 [org.springframework.kafka.KafkaListenerEndpointContainer#1-0-C-1] INFO  o.s.k.l.KafkaMessageListenerContainer - wallet-group: Consumer stopped 
2025-04-28 09:32:08-539 [org.springframework.kafka.KafkaListenerEndpointContainer#0-0-C-1] INFO  o.a.kafka.common.utils.AppInfoParser - App info kafka.consumer for consumer-wallet-group-2 unregistered 
2025-04-28 09:32:08-540 [org.springframework.kafka.KafkaListenerEndpointContainer#0-0-C-1] INFO  o.s.k.l.KafkaMessageListenerContainer - wallet-group: Consumer stopped 
2025-04-28 09:32:10-679 [SpringApplicationShutdownHook] INFO  c.netflix.discovery.DiscoveryClient - Shutting down DiscoveryClient ... 
2025-04-28 09:32:13-694 [SpringApplicationShutdownHook] INFO  c.netflix.discovery.DiscoveryClient - Unregistering ... 
2025-04-28 09:32:13-715 [SpringApplicationShutdownHook] INFO  c.netflix.discovery.DiscoveryClient - DiscoveryClient_WALLET-BOOTCOIN-API/wallet-bootcoin-api:8805 - deregister  status: 200 
2025-04-28 09:32:13-715 [SpringApplicationShutdownHook] INFO  c.netflix.discovery.DiscoveryClient - Completed shut down of DiscoveryClient 
2025-04-28 09:32:43-323 [main] INFO  o.s.t.c.s.AnnotationConfigContextLoaderUtils - Could not detect default configuration classes for test class [com.bootcoin.wallet.bootcoin.api.service.WalletServiceImplTest]: WalletServiceImplTest does not declare any static, non-private, non-final, nested classes annotated with @Configuration. 
2025-04-28 09:32:48-034 [main] INFO  o.s.t.c.s.AnnotationConfigContextLoaderUtils - Could not detect default configuration classes for test class [com.bootcoin.wallet.bootcoin.api.WalletBootcoinApiApplicationTests]: WalletBootcoinApiApplicationTests does not declare any static, non-private, non-final, nested classes annotated with @Configuration. 
2025-04-28 09:32:48-440 [main] INFO  o.s.b.t.c.SpringBootTestContextBootstrapper - Found @SpringBootConfiguration com.bootcoin.wallet.bootcoin.api.WalletBootcoinApiApplication for test class com.bootcoin.wallet.bootcoin.api.WalletBootcoinApiApplicationTests 
2025-04-28 09:32:53-742 [main] INFO  c.b.w.b.a.WalletBootcoinApiApplicationTests - Starting WalletBootcoinApiApplicationTests using Java 17.0.12 with PID 13732 (started by mgarcsar in C:\Users\mgarcsar\Documents\Bootcamp\etregables\BootCoin\wallet-bootcoin-api) 
2025-04-28 09:32:53-744 [main] INFO  c.b.w.b.a.WalletBootcoinApiApplicationTests - The following 1 profile is active: "dev" 
2025-04-28 09:32:53-795 [main] INFO  o.s.c.c.c.ConfigServerConfigDataLoader - Fetching config from server at : http://config-server-bc:8888 
2025-04-28 09:32:53-796 [main] INFO  o.s.c.c.c.ConfigServerConfigDataLoader - Exception on Url - http://config-server-bc:8888:org.springframework.web.client.ResourceAccessException: I/O error on GET request for "http://config-server-bc:8888/wallet-bootcoin-api/default": config-server-bc. Will be trying the next url if available 
2025-04-28 09:32:53-796 [main] WARN  o.s.c.c.c.ConfigServerConfigDataLoader - Could not locate PropertySource ([ConfigServerConfigDataResource@6ad703cd uris = array<String>['http://config-server-bc:8888'], optional = true, profiles = 'default']): I/O error on GET request for "http://config-server-bc:8888/wallet-bootcoin-api/default": config-server-bc 
2025-04-28 09:32:53-796 [main] INFO  o.s.c.c.c.ConfigServerConfigDataLoader - Fetching config from server at : http://config-server-bc:8888 
2025-04-28 09:32:53-797 [main] INFO  o.s.c.c.c.ConfigServerConfigDataLoader - Exception on Url - http://config-server-bc:8888:org.springframework.web.client.ResourceAccessException: I/O error on GET request for "http://config-server-bc:8888/wallet-bootcoin-api/dev": config-server-bc. Will be trying the next url if available 
2025-04-28 09:32:53-797 [main] WARN  o.s.c.c.c.ConfigServerConfigDataLoader - Could not locate PropertySource ([ConfigServerConfigDataResource@45c5cd9a uris = array<String>['http://config-server-bc:8888'], optional = true, profiles = 'dev']): I/O error on GET request for "http://config-server-bc:8888/wallet-bootcoin-api/dev": config-server-bc 
2025-04-28 09:32:53-797 [main] INFO  o.s.c.c.c.ConfigServerConfigDataLoader - Fetching config from server at : http://config-server-bc:8888 
2025-04-28 09:32:53-797 [main] INFO  o.s.c.c.c.ConfigServerConfigDataLoader - Exception on Url - http://config-server-bc:8888:org.springframework.web.client.ResourceAccessException: I/O error on GET request for "http://config-server-bc:8888/wallet-bootcoin-api/default": config-server-bc. Will be trying the next url if available 
2025-04-28 09:32:53-797 [main] WARN  o.s.c.c.c.ConfigServerConfigDataLoader - Could not locate PropertySource ([ConfigServerConfigDataResource@858bf8c uris = array<String>['http://config-server-bc:8888'], optional = true, profiles = 'default']): I/O error on GET request for "http://config-server-bc:8888/wallet-bootcoin-api/default": config-server-bc 
2025-04-28 09:32:56-969 [main] INFO  o.s.d.r.c.RepositoryConfigurationDelegate - Bootstrapping Spring Data Reactive MongoDB repositories in DEFAULT mode. 
2025-04-28 09:32:57-397 [main] INFO  o.s.d.r.c.RepositoryConfigurationDelegate - Finished Spring Data repository scanning in 414 ms. Found 1 Reactive MongoDB repository interface. 
2025-04-28 09:32:58-064 [main] INFO  o.s.cloud.context.scope.GenericScope - BeanFactory id=1e23942c-be1b-3bef-82c7-541170ebcb7d 
2025-04-28 09:33:00-394 [main] INFO  org.mongodb.driver.client - MongoClient with metadata {"driver": {"name": "mongo-java-driver|reactive-streams|spring-boot", "version": "5.2.1"}, "os": {"type": "Windows", "name": "Windows 10", "architecture": "amd64", "version": "10.0"}, "platform": "Java/Oracle Corporation/17.0.12+8-LTS-286"} created with settings MongoClientSettings{readPreference=primary, writeConcern=WriteConcern{w=null, wTimeout=null ms, journal=null}, retryWrites=true, retryReads=true, readConcern=ReadConcern{level=null}, credential=null, transportSettings=NettyTransportSettings{eventLoopGroup=io.netty.channel.nio.NioEventLoopGroup@330a0dbb, socketChannelClass=null, allocator=null, sslContext=null}, commandListeners=[io.micrometer.core.instrument.binder.mongodb.MongoMetricsCommandListener@47c81691], codecRegistry=ProvidersCodecRegistry{codecProviders=[ValueCodecProvider{}, BsonValueCodecProvider{}, DBRefCodecProvider{}, DBObjectCodecProvider{}, DocumentCodecProvider{}, CollectionCodecProvider{}, IterableCodecProvider{}, MapCodecProvider{}, GeoJsonCodecProvider{}, GridFSFileCodecProvider{}, Jsr310CodecProvider{}, JsonObjectCodecProvider{}, BsonCodecProvider{}, EnumCodecProvider{}, com.mongodb.client.model.mql.ExpressionCodecProvider@4db0d696, com.mongodb.Jep395RecordCodecProvider@a57b4bd, com.mongodb.KotlinCodecProvider@69530799]}, loggerSettings=LoggerSettings{maxDocumentLength=1000}, clusterSettings={hosts=[localhost:27017], srvServiceName=mongodb, mode=SINGLE, requiredClusterType=UNKNOWN, requiredReplicaSetName='null', serverSelector='null', clusterListeners='[]', serverSelectionTimeout='30000 ms', localThreshold='15 ms'}, socketSettings=SocketSettings{connectTimeoutMS=10000, readTimeoutMS=0, receiveBufferSize=0, proxySettings=ProxySettings{host=null, port=null, username=null, password=null}}, heartbeatSocketSettings=SocketSettings{connectTimeoutMS=10000, readTimeoutMS=10000, receiveBufferSize=0, proxySettings=ProxySettings{host=null, port=null, username=null, password=null}}, connectionPoolSettings=ConnectionPoolSettings{maxSize=100, minSize=0, maxWaitTimeMS=120000, maxConnectionLifeTimeMS=0, maxConnectionIdleTimeMS=0, maintenanceInitialDelayMS=0, maintenanceFrequencyMS=60000, connectionPoolListeners=[io.micrometer.core.instrument.binder.mongodb.MongoMetricsConnectionPoolListener@6ea8e8bc], maxConnecting=2}, serverSettings=ServerSettings{heartbeatFrequencyMS=10000, minHeartbeatFrequencyMS=500, serverMonitoringMode=AUTO, serverListeners='[]', serverMonitorListeners='[]'}, sslSettings=SslSettings{enabled=false, invalidHostNameAllowed=false, context=null}, applicationName='null', compressorList=[], uuidRepresentation=JAVA_LEGACY, serverApi=null, autoEncryptionSettings=null, dnsClient=null, inetAddressResolver=null, contextProvider=null, timeoutMS=null} 
2025-04-28 09:33:00-975 [cluster-ClusterId{value='680f919b8eead64e3aa99f69', description='null'}-localhost:27017] INFO  org.mongodb.driver.cluster - Monitor thread successfully connected to server with description ServerDescription{address=localhost:27017, type=STANDALONE, cryptd=false, state=CONNECTED, ok=true, minWireVersion=0, maxWireVersion=25, maxDocumentSize=16777216, logicalSessionTimeoutMinutes=30, roundTripTimeNanos=241909200, minRoundTripTimeNanos=0} 
2025-04-28 09:33:03-199 [main] INFO  o.s.b.a.e.web.EndpointLinksResolver - Exposing 2 endpoints beneath base path '/actuator' 
2025-04-28 09:33:04-139 [main] INFO  o.s.c.n.e.c.DiscoveryClientOptionalArgsConfiguration - Eureka HTTP Client uses RestTemplate. 
2025-04-28 09:33:04-286 [main] WARN  o.s.c.l.c.LoadBalancerCacheAutoConfiguration$LoadBalancerCaffeineWarnLogger - Spring Cloud LoadBalancer is currently working with the default cache. While this cache implementation is useful for development and tests, it's recommended to use Caffeine cache in production.You can switch to using Caffeine cache, by adding it and org.springframework.cache.caffeine.CaffeineCacheManager to the classpath. 
2025-04-28 09:33:04-536 [main] INFO  o.a.k.c.consumer.ConsumerConfig - ConsumerConfig values: 
	allow.auto.create.topics = true
	auto.commit.interval.ms = 5000
	auto.include.jmx.reporter = true
	auto.offset.reset = latest
	bootstrap.servers = [localhost:29092]
	check.crcs = true
	client.dns.lookup = use_all_dns_ips
	client.id = consumer-wallet-group-1
	client.rack = 
	connections.max.idle.ms = 540000
	default.api.timeout.ms = 60000
	enable.auto.commit = false
	enable.metrics.push = true
	exclude.internal.topics = true
	fetch.max.bytes = 52428800
	fetch.max.wait.ms = 500
	fetch.min.bytes = 1
	group.id = wallet-group
	group.instance.id = null
	group.protocol = classic
	group.remote.assignor = null
	heartbeat.interval.ms = 3000
	interceptor.classes = []
	internal.leave.group.on.close = true
	internal.throw.on.fetch.stable.offset.unsupported = false
	isolation.level = read_uncommitted
	key.deserializer = class org.apache.kafka.common.serialization.StringDeserializer
	max.partition.fetch.bytes = 1048576
	max.poll.interval.ms = 300000
	max.poll.records = 500
	metadata.max.age.ms = 300000
	metadata.recovery.strategy = none
	metric.reporters = []
	metrics.num.samples = 2
	metrics.recording.level = INFO
	metrics.sample.window.ms = 30000
	partition.assignment.strategy = [class org.apache.kafka.clients.consumer.RangeAssignor, class org.apache.kafka.clients.consumer.CooperativeStickyAssignor]
	receive.buffer.bytes = 65536
	reconnect.backoff.max.ms = 1000
	reconnect.backoff.ms = 50
	request.timeout.ms = 30000
	retry.backoff.max.ms = 1000
	retry.backoff.ms = 100
	sasl.client.callback.handler.class = null
	sasl.jaas.config = null
	sasl.kerberos.kinit.cmd = /usr/bin/kinit
	sasl.kerberos.min.time.before.relogin = 60000
	sasl.kerberos.service.name = null
	sasl.kerberos.ticket.renew.jitter = 0.05
	sasl.kerberos.ticket.renew.window.factor = 0.8
	sasl.login.callback.handler.class = null
	sasl.login.class = null
	sasl.login.connect.timeout.ms = null
	sasl.login.read.timeout.ms = null
	sasl.login.refresh.buffer.seconds = 300
	sasl.login.refresh.min.period.seconds = 60
	sasl.login.refresh.window.factor = 0.8
	sasl.login.refresh.window.jitter = 0.05
	sasl.login.retry.backoff.max.ms = 10000
	sasl.login.retry.backoff.ms = 100
	sasl.mechanism = GSSAPI
	sasl.oauthbearer.clock.skew.seconds = 30
	sasl.oauthbearer.expected.audience = null
	sasl.oauthbearer.expected.issuer = null
	sasl.oauthbearer.jwks.endpoint.refresh.ms = 3600000
	sasl.oauthbearer.jwks.endpoint.retry.backoff.max.ms = 10000
	sasl.oauthbearer.jwks.endpoint.retry.backoff.ms = 100
	sasl.oauthbearer.jwks.endpoint.url = null
	sasl.oauthbearer.scope.claim.name = scope
	sasl.oauthbearer.sub.claim.name = sub
	sasl.oauthbearer.token.endpoint.url = null
	security.protocol = PLAINTEXT
	security.providers = null
	send.buffer.bytes = 131072
	session.timeout.ms = 45000
	socket.connection.setup.timeout.max.ms = 30000
	socket.connection.setup.timeout.ms = 10000
	ssl.cipher.suites = null
	ssl.enabled.protocols = [TLSv1.2, TLSv1.3]
	ssl.endpoint.identification.algorithm = https
	ssl.engine.factory.class = null
	ssl.key.password = null
	ssl.keymanager.algorithm = SunX509
	ssl.keystore.certificate.chain = null
	ssl.keystore.key = null
	ssl.keystore.location = null
	ssl.keystore.password = null
	ssl.keystore.type = JKS
	ssl.protocol = TLSv1.3
	ssl.provider = null
	ssl.secure.random.implementation = null
	ssl.trustmanager.algorithm = PKIX
	ssl.truststore.certificates = null
	ssl.truststore.location = null
	ssl.truststore.password = null
	ssl.truststore.type = JKS
	value.deserializer = class org.apache.kafka.common.serialization.StringDeserializer
 
2025-04-28 09:33:04-649 [main] INFO  o.a.k.c.t.i.KafkaMetricsCollector - initializing Kafka metrics collector 
2025-04-28 09:33:04-947 [main] INFO  o.a.kafka.common.utils.AppInfoParser - Kafka version: 3.8.1 
2025-04-28 09:33:04-958 [main] INFO  o.a.kafka.common.utils.AppInfoParser - Kafka commitId: 70d6ff42debf7e17 
2025-04-28 09:33:04-958 [main] INFO  o.a.kafka.common.utils.AppInfoParser - Kafka startTimeMs: 1745850784944 
2025-04-28 09:33:04-967 [main] INFO  o.a.k.c.c.i.LegacyKafkaConsumer - [Consumer clientId=consumer-wallet-group-1, groupId=wallet-group] Subscribed to topic(s): wallet-response 
2025-04-28 09:33:05-015 [main] INFO  o.s.c.n.eureka.InstanceInfoFactory - Setting initial instance status as: STARTING 
2025-04-28 09:33:05-071 [main] INFO  c.netflix.discovery.DiscoveryClient - Initializing Eureka in region us-east-1 
2025-04-28 09:33:05-079 [main] INFO  c.n.d.s.r.aws.ConfigClusterResolver - Resolving eureka endpoints via configuration 
2025-04-28 09:33:05-105 [main] INFO  c.netflix.discovery.DiscoveryClient - Disable delta property : false 
2025-04-28 09:33:05-106 [main] INFO  c.netflix.discovery.DiscoveryClient - Single vip registry refresh property : null 
2025-04-28 09:33:05-106 [main] INFO  c.netflix.discovery.DiscoveryClient - Force full registry fetch : false 
2025-04-28 09:33:05-106 [main] INFO  c.netflix.discovery.DiscoveryClient - Application is null : false 
2025-04-28 09:33:05-107 [main] INFO  c.netflix.discovery.DiscoveryClient - Registered Applications size is zero : true 
2025-04-28 09:33:05-107 [main] INFO  c.netflix.discovery.DiscoveryClient - Application version is -1: true 
2025-04-28 09:33:05-107 [main] INFO  c.netflix.discovery.DiscoveryClient - Getting all instance registry info from the eureka server 
2025-04-28 09:33:05-765 [repliesContainer-0-C-1] INFO  o.apache.kafka.clients.NetworkClient - [Consumer clientId=consumer-wallet-group-1, groupId=wallet-group] Node -1 disconnected. 
2025-04-28 09:33:05-768 [repliesContainer-0-C-1] WARN  o.apache.kafka.clients.NetworkClient - [Consumer clientId=consumer-wallet-group-1, groupId=wallet-group] Connection to node -1 (localhost/127.0.0.1:29092) could not be established. Node may not be available. 
2025-04-28 09:33:05-769 [repliesContainer-0-C-1] WARN  o.apache.kafka.clients.NetworkClient - [Consumer clientId=consumer-wallet-group-1, groupId=wallet-group] Bootstrap broker localhost:29092 (id: -1 rack: null) disconnected 
2025-04-28 09:33:05-822 [main] INFO  c.netflix.discovery.DiscoveryClient - The response status is 200 
2025-04-28 09:33:05-826 [main] INFO  c.netflix.discovery.DiscoveryClient - Starting heartbeat executor: renew interval is: 30 
2025-04-28 09:33:05-831 [main] INFO  c.n.discovery.InstanceInfoReplicator - InstanceInfoReplicator onDemand update allowed rate per min is 4 
2025-04-28 09:33:05-835 [main] INFO  c.netflix.discovery.DiscoveryClient - Discovery Client initialized at timestamp 1745850785835 with initial instances count: 6 
2025-04-28 09:33:05-844 [main] INFO  o.s.c.n.e.s.EurekaServiceRegistry - Registering application WALLET-BOOTCOIN-API with eureka with status UP 
2025-04-28 09:33:05-846 [main] INFO  c.netflix.discovery.DiscoveryClient - Saw local status change event StatusChangeEvent [timestamp=1745850785846, current=UP, previous=STARTING] 
2025-04-28 09:33:05-851 [DiscoveryClient-InstanceInfoReplicator-%d] INFO  c.netflix.discovery.DiscoveryClient - DiscoveryClient_WALLET-BOOTCOIN-API/wallet-bootcoin-api:8805: registering service... 
2025-04-28 09:33:05-852 [main] INFO  o.a.k.c.consumer.ConsumerConfig - ConsumerConfig values: 
	allow.auto.create.topics = true
	auto.commit.interval.ms = 5000
	auto.include.jmx.reporter = true
	auto.offset.reset = latest
	bootstrap.servers = [localhost:29092]
	check.crcs = true
	client.dns.lookup = use_all_dns_ips
	client.id = consumer-wallet-group-2
	client.rack = 
	connections.max.idle.ms = 540000
	default.api.timeout.ms = 60000
	enable.auto.commit = false
	enable.metrics.push = true
	exclude.internal.topics = true
	fetch.max.bytes = 52428800
	fetch.max.wait.ms = 500
	fetch.min.bytes = 1
	group.id = wallet-group
	group.instance.id = null
	group.protocol = classic
	group.remote.assignor = null
	heartbeat.interval.ms = 3000
	interceptor.classes = []
	internal.leave.group.on.close = true
	internal.throw.on.fetch.stable.offset.unsupported = false
	isolation.level = read_uncommitted
	key.deserializer = class org.apache.kafka.common.serialization.StringDeserializer
	max.partition.fetch.bytes = 1048576
	max.poll.interval.ms = 300000
	max.poll.records = 500
	metadata.max.age.ms = 300000
	metadata.recovery.strategy = none
	metric.reporters = []
	metrics.num.samples = 2
	metrics.recording.level = INFO
	metrics.sample.window.ms = 30000
	partition.assignment.strategy = [class org.apache.kafka.clients.consumer.RangeAssignor, class org.apache.kafka.clients.consumer.CooperativeStickyAssignor]
	receive.buffer.bytes = 65536
	reconnect.backoff.max.ms = 1000
	reconnect.backoff.ms = 50
	request.timeout.ms = 30000
	retry.backoff.max.ms = 1000
	retry.backoff.ms = 100
	sasl.client.callback.handler.class = null
	sasl.jaas.config = null
	sasl.kerberos.kinit.cmd = /usr/bin/kinit
	sasl.kerberos.min.time.before.relogin = 60000
	sasl.kerberos.service.name = null
	sasl.kerberos.ticket.renew.jitter = 0.05
	sasl.kerberos.ticket.renew.window.factor = 0.8
	sasl.login.callback.handler.class = null
	sasl.login.class = null
	sasl.login.connect.timeout.ms = null
	sasl.login.read.timeout.ms = null
	sasl.login.refresh.buffer.seconds = 300
	sasl.login.refresh.min.period.seconds = 60
	sasl.login.refresh.window.factor = 0.8
	sasl.login.refresh.window.jitter = 0.05
	sasl.login.retry.backoff.max.ms = 10000
	sasl.login.retry.backoff.ms = 100
	sasl.mechanism = GSSAPI
	sasl.oauthbearer.clock.skew.seconds = 30
	sasl.oauthbearer.expected.audience = null
	sasl.oauthbearer.expected.issuer = null
	sasl.oauthbearer.jwks.endpoint.refresh.ms = 3600000
	sasl.oauthbearer.jwks.endpoint.retry.backoff.max.ms = 10000
	sasl.oauthbearer.jwks.endpoint.retry.backoff.ms = 100
	sasl.oauthbearer.jwks.endpoint.url = null
	sasl.oauthbearer.scope.claim.name = scope
	sasl.oauthbearer.sub.claim.name = sub
	sasl.oauthbearer.token.endpoint.url = null
	security.protocol = PLAINTEXT
	security.providers = null
	send.buffer.bytes = 131072
	session.timeout.ms = 45000
	socket.connection.setup.timeout.max.ms = 30000
	socket.connection.setup.timeout.ms = 10000
	ssl.cipher.suites = null
	ssl.enabled.protocols = [TLSv1.2, TLSv1.3]
	ssl.endpoint.identification.algorithm = https
	ssl.engine.factory.class = null
	ssl.key.password = null
	ssl.keymanager.algorithm = SunX509
	ssl.keystore.certificate.chain = null
	ssl.keystore.key = null
	ssl.keystore.location = null
	ssl.keystore.password = null
	ssl.keystore.type = JKS
	ssl.protocol = TLSv1.3
	ssl.provider = null
	ssl.secure.random.implementation = null
	ssl.trustmanager.algorithm = PKIX
	ssl.truststore.certificates = null
	ssl.truststore.location = null
	ssl.truststore.password = null
	ssl.truststore.type = JKS
	value.deserializer = class org.apache.kafka.common.serialization.StringDeserializer
 
2025-04-28 09:33:05-854 [main] INFO  o.a.k.c.t.i.KafkaMetricsCollector - initializing Kafka metrics collector 
2025-04-28 09:33:05-883 [main] INFO  o.a.kafka.common.utils.AppInfoParser - Kafka version: 3.8.1 
2025-04-28 09:33:05-884 [main] INFO  o.a.kafka.common.utils.AppInfoParser - Kafka commitId: 70d6ff42debf7e17 
2025-04-28 09:33:05-885 [main] INFO  o.a.kafka.common.utils.AppInfoParser - Kafka startTimeMs: 1745850785883 
2025-04-28 09:33:05-887 [main] INFO  o.a.k.c.c.i.LegacyKafkaConsumer - [Consumer clientId=consumer-wallet-group-2, groupId=wallet-group] Subscribed to topic(s): wallet-only-create 
2025-04-28 09:33:05-895 [repliesContainer-0-C-1] INFO  o.apache.kafka.clients.NetworkClient - [Consumer clientId=consumer-wallet-group-1, groupId=wallet-group] Node -1 disconnected. 
2025-04-28 09:33:05-896 [repliesContainer-0-C-1] WARN  o.apache.kafka.clients.NetworkClient - [Consumer clientId=consumer-wallet-group-1, groupId=wallet-group] Connection to node -1 (localhost/127.0.0.1:29092) could not be established. Node may not be available. 
2025-04-28 09:33:05-897 [repliesContainer-0-C-1] WARN  o.apache.kafka.clients.NetworkClient - [Consumer clientId=consumer-wallet-group-1, groupId=wallet-group] Bootstrap broker localhost:29092 (id: -1 rack: null) disconnected 
2025-04-28 09:33:05-900 [main] INFO  o.a.k.c.consumer.ConsumerConfig - ConsumerConfig values: 
	allow.auto.create.topics = true
	auto.commit.interval.ms = 5000
	auto.include.jmx.reporter = true
	auto.offset.reset = latest
	bootstrap.servers = [localhost:29092]
	check.crcs = true
	client.dns.lookup = use_all_dns_ips
	client.id = consumer-wallet-group-3
	client.rack = 
	connections.max.idle.ms = 540000
	default.api.timeout.ms = 60000
	enable.auto.commit = false
	enable.metrics.push = true
	exclude.internal.topics = true
	fetch.max.bytes = 52428800
	fetch.max.wait.ms = 500
	fetch.min.bytes = 1
	group.id = wallet-group
	group.instance.id = null
	group.protocol = classic
	group.remote.assignor = null
	heartbeat.interval.ms = 3000
	interceptor.classes = []
	internal.leave.group.on.close = true
	internal.throw.on.fetch.stable.offset.unsupported = false
	isolation.level = read_uncommitted
	key.deserializer = class org.apache.kafka.common.serialization.StringDeserializer
	max.partition.fetch.bytes = 1048576
	max.poll.interval.ms = 300000
	max.poll.records = 500
	metadata.max.age.ms = 300000
	metadata.recovery.strategy = none
	metric.reporters = []
	metrics.num.samples = 2
	metrics.recording.level = INFO
	metrics.sample.window.ms = 30000
	partition.assignment.strategy = [class org.apache.kafka.clients.consumer.RangeAssignor, class org.apache.kafka.clients.consumer.CooperativeStickyAssignor]
	receive.buffer.bytes = 65536
	reconnect.backoff.max.ms = 1000
	reconnect.backoff.ms = 50
	request.timeout.ms = 30000
	retry.backoff.max.ms = 1000
	retry.backoff.ms = 100
	sasl.client.callback.handler.class = null
	sasl.jaas.config = null
	sasl.kerberos.kinit.cmd = /usr/bin/kinit
	sasl.kerberos.min.time.before.relogin = 60000
	sasl.kerberos.service.name = null
	sasl.kerberos.ticket.renew.jitter = 0.05
	sasl.kerberos.ticket.renew.window.factor = 0.8
	sasl.login.callback.handler.class = null
	sasl.login.class = null
	sasl.login.connect.timeout.ms = null
	sasl.login.read.timeout.ms = null
	sasl.login.refresh.buffer.seconds = 300
	sasl.login.refresh.min.period.seconds = 60
	sasl.login.refresh.window.factor = 0.8
	sasl.login.refresh.window.jitter = 0.05
	sasl.login.retry.backoff.max.ms = 10000
	sasl.login.retry.backoff.ms = 100
	sasl.mechanism = GSSAPI
	sasl.oauthbearer.clock.skew.seconds = 30
	sasl.oauthbearer.expected.audience = null
	sasl.oauthbearer.expected.issuer = null
	sasl.oauthbearer.jwks.endpoint.refresh.ms = 3600000
	sasl.oauthbearer.jwks.endpoint.retry.backoff.max.ms = 10000
	sasl.oauthbearer.jwks.endpoint.retry.backoff.ms = 100
	sasl.oauthbearer.jwks.endpoint.url = null
	sasl.oauthbearer.scope.claim.name = scope
	sasl.oauthbearer.sub.claim.name = sub
	sasl.oauthbearer.token.endpoint.url = null
	security.protocol = PLAINTEXT
	security.providers = null
	send.buffer.bytes = 131072
	session.timeout.ms = 45000
	socket.connection.setup.timeout.max.ms = 30000
	socket.connection.setup.timeout.ms = 10000
	ssl.cipher.suites = null
	ssl.enabled.protocols = [TLSv1.2, TLSv1.3]
	ssl.endpoint.identification.algorithm = https
	ssl.engine.factory.class = null
	ssl.key.password = null
	ssl.keymanager.algorithm = SunX509
	ssl.keystore.certificate.chain = null
	ssl.keystore.key = null
	ssl.keystore.location = null
	ssl.keystore.password = null
	ssl.keystore.type = JKS
	ssl.protocol = TLSv1.3
	ssl.provider = null
	ssl.secure.random.implementation = null
	ssl.trustmanager.algorithm = PKIX
	ssl.truststore.certificates = null
	ssl.truststore.location = null
	ssl.truststore.password = null
	ssl.truststore.type = JKS
	value.deserializer = class org.apache.kafka.common.serialization.StringDeserializer
 
2025-04-28 09:33:05-902 [main] INFO  o.a.k.c.t.i.KafkaMetricsCollector - initializing Kafka metrics collector 
2025-04-28 09:33:05-906 [org.springframework.kafka.KafkaListenerEndpointContainer#0-0-C-1] INFO  o.apache.kafka.clients.NetworkClient - [Consumer clientId=consumer-wallet-group-2, groupId=wallet-group] Node -1 disconnected. 
2025-04-28 09:33:05-907 [org.springframework.kafka.KafkaListenerEndpointContainer#0-0-C-1] WARN  o.apache.kafka.clients.NetworkClient - [Consumer clientId=consumer-wallet-group-2, groupId=wallet-group] Connection to node -1 (localhost/127.0.0.1:29092) could not be established. Node may not be available. 
2025-04-28 09:33:05-907 [org.springframework.kafka.KafkaListenerEndpointContainer#0-0-C-1] WARN  o.apache.kafka.clients.NetworkClient - [Consumer clientId=consumer-wallet-group-2, groupId=wallet-group] Bootstrap broker localhost:29092 (id: -1 rack: null) disconnected 
2025-04-28 09:33:05-926 [main] INFO  o.a.kafka.common.utils.AppInfoParser - Kafka version: 3.8.1 
2025-04-28 09:33:05-927 [main] INFO  o.a.kafka.common.utils.AppInfoParser - Kafka commitId: 70d6ff42debf7e17 
2025-04-28 09:33:05-927 [main] INFO  o.a.kafka.common.utils.AppInfoParser - Kafka startTimeMs: 1745850785926 
2025-04-28 09:33:05-928 [main] INFO  o.a.k.c.c.i.LegacyKafkaConsumer - [Consumer clientId=consumer-wallet-group-3, groupId=wallet-group] Subscribed to topic(s): wallet-request 
2025-04-28 09:33:05-938 [org.springframework.kafka.KafkaListenerEndpointContainer#1-0-C-1] INFO  o.apache.kafka.clients.NetworkClient - [Consumer clientId=consumer-wallet-group-3, groupId=wallet-group] Node -1 disconnected. 
2025-04-28 09:33:05-939 [org.springframework.kafka.KafkaListenerEndpointContainer#1-0-C-1] WARN  o.apache.kafka.clients.NetworkClient - [Consumer clientId=consumer-wallet-group-3, groupId=wallet-group] Connection to node -1 (localhost/127.0.0.1:29092) could not be established. Node may not be available. 
2025-04-28 09:33:05-939 [org.springframework.kafka.KafkaListenerEndpointContainer#1-0-C-1] WARN  o.apache.kafka.clients.NetworkClient - [Consumer clientId=consumer-wallet-group-3, groupId=wallet-group] Bootstrap broker localhost:29092 (id: -1 rack: null) disconnected 
2025-04-28 09:33:05-965 [main] INFO  c.b.w.b.a.WalletBootcoinApiApplicationTests - Started WalletBootcoinApiApplicationTests in 16.426 seconds (process running for 25.372) 
2025-04-28 09:33:06-006 [DiscoveryClient-InstanceInfoReplicator-%d] INFO  c.netflix.discovery.DiscoveryClient - DiscoveryClient_WALLET-BOOTCOIN-API/wallet-bootcoin-api:8805 - registration status: 204 
2025-04-28 09:33:06-013 [org.springframework.kafka.KafkaListenerEndpointContainer#0-0-C-1] INFO  o.apache.kafka.clients.NetworkClient - [Consumer clientId=consumer-wallet-group-2, groupId=wallet-group] Node -1 disconnected. 
2025-04-28 09:33:06-014 [org.springframework.kafka.KafkaListenerEndpointContainer#0-0-C-1] WARN  o.apache.kafka.clients.NetworkClient - [Consumer clientId=consumer-wallet-group-2, groupId=wallet-group] Connection to node -1 (localhost/127.0.0.1:29092) could not be established. Node may not be available. 
2025-04-28 09:33:06-015 [org.springframework.kafka.KafkaListenerEndpointContainer#0-0-C-1] WARN  o.apache.kafka.clients.NetworkClient - [Consumer clientId=consumer-wallet-group-2, groupId=wallet-group] Bootstrap broker localhost:29092 (id: -1 rack: null) disconnected 
2025-04-28 09:33:06-030 [org.springframework.kafka.KafkaListenerEndpointContainer#1-0-C-1] INFO  o.apache.kafka.clients.NetworkClient - [Consumer clientId=consumer-wallet-group-3, groupId=wallet-group] Node -1 disconnected. 
2025-04-28 09:33:06-030 [org.springframework.kafka.KafkaListenerEndpointContainer#1-0-C-1] WARN  o.apache.kafka.clients.NetworkClient - [Consumer clientId=consumer-wallet-group-3, groupId=wallet-group] Connection to node -1 (localhost/127.0.0.1:29092) could not be established. Node may not be available. 
2025-04-28 09:33:06-031 [org.springframework.kafka.KafkaListenerEndpointContainer#1-0-C-1] WARN  o.apache.kafka.clients.NetworkClient - [Consumer clientId=consumer-wallet-group-3, groupId=wallet-group] Bootstrap broker localhost:29092 (id: -1 rack: null) disconnected 
2025-04-28 09:33:06-056 [SpringApplicationShutdownHook] INFO  o.s.c.n.e.s.EurekaServiceRegistry - Unregistering application WALLET-BOOTCOIN-API with eureka with status DOWN 
2025-04-28 09:33:06-056 [SpringApplicationShutdownHook] INFO  c.netflix.discovery.DiscoveryClient - Saw local status change event StatusChangeEvent [timestamp=1745850786056, current=DOWN, previous=UP] 
2025-04-28 09:33:06-057 [DiscoveryClient-InstanceInfoReplicator-%d] INFO  c.netflix.discovery.DiscoveryClient - DiscoveryClient_WALLET-BOOTCOIN-API/wallet-bootcoin-api:8805: registering service... 
2025-04-28 09:33:06-069 [DiscoveryClient-InstanceInfoReplicator-%d] INFO  c.netflix.discovery.DiscoveryClient - DiscoveryClient_WALLET-BOOTCOIN-API/wallet-bootcoin-api:8805 - registration status: 204 
2025-04-28 09:33:06-073 [repliesContainer-0-C-1] INFO  o.apache.kafka.clients.NetworkClient - [Consumer clientId=consumer-wallet-group-1, groupId=wallet-group] Node -1 disconnected. 
2025-04-28 09:33:06-074 [repliesContainer-0-C-1] WARN  o.apache.kafka.clients.NetworkClient - [Consumer clientId=consumer-wallet-group-1, groupId=wallet-group] Connection to node -1 (localhost/127.0.0.1:29092) could not be established. Node may not be available. 
2025-04-28 09:33:06-074 [repliesContainer-0-C-1] WARN  o.apache.kafka.clients.NetworkClient - [Consumer clientId=consumer-wallet-group-1, groupId=wallet-group] Bootstrap broker localhost:29092 (id: -1 rack: null) disconnected 
2025-04-28 09:33:06-123 [org.springframework.kafka.KafkaListenerEndpointContainer#0-0-C-1] INFO  o.apache.kafka.clients.NetworkClient - [Consumer clientId=consumer-wallet-group-2, groupId=wallet-group] Node -1 disconnected. 
2025-04-28 09:33:06-124 [org.springframework.kafka.KafkaListenerEndpointContainer#0-0-C-1] WARN  o.apache.kafka.clients.NetworkClient - [Consumer clientId=consumer-wallet-group-2, groupId=wallet-group] Connection to node -1 (localhost/127.0.0.1:29092) could not be established. Node may not be available. 
2025-04-28 09:33:06-124 [org.springframework.kafka.KafkaListenerEndpointContainer#0-0-C-1] WARN  o.apache.kafka.clients.NetworkClient - [Consumer clientId=consumer-wallet-group-2, groupId=wallet-group] Bootstrap broker localhost:29092 (id: -1 rack: null) disconnected 
2025-04-28 09:33:06-170 [org.springframework.kafka.KafkaListenerEndpointContainer#1-0-C-1] INFO  o.apache.kafka.clients.NetworkClient - [Consumer clientId=consumer-wallet-group-3, groupId=wallet-group] Node -1 disconnected. 
2025-04-28 09:33:06-170 [org.springframework.kafka.KafkaListenerEndpointContainer#1-0-C-1] WARN  o.apache.kafka.clients.NetworkClient - [Consumer clientId=consumer-wallet-group-3, groupId=wallet-group] Connection to node -1 (localhost/127.0.0.1:29092) could not be established. Node may not be available. 
2025-04-28 09:33:06-171 [org.springframework.kafka.KafkaListenerEndpointContainer#1-0-C-1] WARN  o.apache.kafka.clients.NetworkClient - [Consumer clientId=consumer-wallet-group-3, groupId=wallet-group] Bootstrap broker localhost:29092 (id: -1 rack: null) disconnected 
2025-04-28 09:33:06-279 [repliesContainer-0-C-1] INFO  o.apache.kafka.clients.NetworkClient - [Consumer clientId=consumer-wallet-group-1, groupId=wallet-group] Node -1 disconnected. 
2025-04-28 09:33:06-280 [repliesContainer-0-C-1] WARN  o.apache.kafka.clients.NetworkClient - [Consumer clientId=consumer-wallet-group-1, groupId=wallet-group] Connection to node -1 (localhost/127.0.0.1:29092) could not be established. Node may not be available. 
2025-04-28 09:33:06-280 [repliesContainer-0-C-1] WARN  o.apache.kafka.clients.NetworkClient - [Consumer clientId=consumer-wallet-group-1, groupId=wallet-group] Bootstrap broker localhost:29092 (id: -1 rack: null) disconnected 
2025-04-28 09:33:06-355 [org.springframework.kafka.KafkaListenerEndpointContainer#1-0-C-1] INFO  o.apache.kafka.clients.NetworkClient - [Consumer clientId=consumer-wallet-group-3, groupId=wallet-group] Node -1 disconnected. 
2025-04-28 09:33:06-355 [org.springframework.kafka.KafkaListenerEndpointContainer#1-0-C-1] WARN  o.apache.kafka.clients.NetworkClient - [Consumer clientId=consumer-wallet-group-3, groupId=wallet-group] Connection to node -1 (localhost/127.0.0.1:29092) could not be established. Node may not be available. 
2025-04-28 09:33:06-355 [org.springframework.kafka.KafkaListenerEndpointContainer#1-0-C-1] WARN  o.apache.kafka.clients.NetworkClient - [Consumer clientId=consumer-wallet-group-3, groupId=wallet-group] Bootstrap broker localhost:29092 (id: -1 rack: null) disconnected 
2025-04-28 09:33:06-404 [org.springframework.kafka.KafkaListenerEndpointContainer#0-0-C-1] INFO  o.apache.kafka.clients.NetworkClient - [Consumer clientId=consumer-wallet-group-2, groupId=wallet-group] Node -1 disconnected. 
2025-04-28 09:33:06-404 [org.springframework.kafka.KafkaListenerEndpointContainer#0-0-C-1] WARN  o.apache.kafka.clients.NetworkClient - [Consumer clientId=consumer-wallet-group-2, groupId=wallet-group] Connection to node -1 (localhost/127.0.0.1:29092) could not be established. Node may not be available. 
2025-04-28 09:33:06-404 [org.springframework.kafka.KafkaListenerEndpointContainer#0-0-C-1] WARN  o.apache.kafka.clients.NetworkClient - [Consumer clientId=consumer-wallet-group-2, groupId=wallet-group] Bootstrap broker localhost:29092 (id: -1 rack: null) disconnected 
2025-04-28 09:33:06-649 [repliesContainer-0-C-1] INFO  o.a.k.c.c.i.ConsumerCoordinator - [Consumer clientId=consumer-wallet-group-1, groupId=wallet-group] Resetting generation and member id due to: consumer pro-actively leaving the group 
2025-04-28 09:33:06-649 [repliesContainer-0-C-1] INFO  o.a.k.c.c.i.ConsumerCoordinator - [Consumer clientId=consumer-wallet-group-1, groupId=wallet-group] Request joining group due to: consumer pro-actively leaving the group 
2025-04-28 09:33:06-649 [repliesContainer-0-C-1] INFO  o.a.k.c.c.i.LegacyKafkaConsumer - [Consumer clientId=consumer-wallet-group-1, groupId=wallet-group] Unsubscribed all topics or patterns and assigned partitions 
2025-04-28 09:33:06-653 [repliesContainer-0-C-1] INFO  o.a.k.c.c.i.ConsumerCoordinator - [Consumer clientId=consumer-wallet-group-1, groupId=wallet-group] Resetting generation and member id due to: consumer pro-actively leaving the group 
2025-04-28 09:33:06-653 [repliesContainer-0-C-1] INFO  o.a.k.c.c.i.ConsumerCoordinator - [Consumer clientId=consumer-wallet-group-1, groupId=wallet-group] Request joining group due to: consumer pro-actively leaving the group 
2025-04-28 09:33:06-658 [repliesContainer-0-C-1] INFO  o.a.kafka.common.metrics.Metrics - Metrics scheduler closed 
2025-04-28 09:33:06-659 [repliesContainer-0-C-1] INFO  o.a.kafka.common.metrics.Metrics - Closing reporter org.apache.kafka.common.metrics.JmxReporter 
2025-04-28 09:33:06-659 [repliesContainer-0-C-1] INFO  o.a.kafka.common.metrics.Metrics - Closing reporter org.apache.kafka.common.telemetry.internals.ClientTelemetryReporter 
2025-04-28 09:33:06-659 [repliesContainer-0-C-1] INFO  o.a.kafka.common.metrics.Metrics - Metrics reporters closed 
2025-04-28 09:33:06-663 [repliesContainer-0-C-1] INFO  o.a.kafka.common.utils.AppInfoParser - App info kafka.consumer for consumer-wallet-group-1 unregistered 
2025-04-28 09:33:06-664 [repliesContainer-0-C-1] INFO  o.s.k.l.KafkaMessageListenerContainer - wallet-group: Consumer stopped 
2025-04-28 09:33:06-667 [org.springframework.kafka.KafkaListenerEndpointContainer#1-0-C-1] INFO  o.a.k.c.c.i.ConsumerCoordinator - [Consumer clientId=consumer-wallet-group-3, groupId=wallet-group] Resetting generation and member id due to: consumer pro-actively leaving the group 
2025-04-28 09:33:06-667 [org.springframework.kafka.KafkaListenerEndpointContainer#1-0-C-1] INFO  o.a.k.c.c.i.ConsumerCoordinator - [Consumer clientId=consumer-wallet-group-3, groupId=wallet-group] Request joining group due to: consumer pro-actively leaving the group 
2025-04-28 09:33:06-667 [org.springframework.kafka.KafkaListenerEndpointContainer#0-0-C-1] INFO  o.a.k.c.c.i.ConsumerCoordinator - [Consumer clientId=consumer-wallet-group-2, groupId=wallet-group] Resetting generation and member id due to: consumer pro-actively leaving the group 
2025-04-28 09:33:06-667 [org.springframework.kafka.KafkaListenerEndpointContainer#1-0-C-1] INFO  o.a.k.c.c.i.LegacyKafkaConsumer - [Consumer clientId=consumer-wallet-group-3, groupId=wallet-group] Unsubscribed all topics or patterns and assigned partitions 
2025-04-28 09:33:06-667 [org.springframework.kafka.KafkaListenerEndpointContainer#0-0-C-1] INFO  o.a.k.c.c.i.ConsumerCoordinator - [Consumer clientId=consumer-wallet-group-2, groupId=wallet-group] Request joining group due to: consumer pro-actively leaving the group 
2025-04-28 09:33:06-668 [org.springframework.kafka.KafkaListenerEndpointContainer#0-0-C-1] INFO  o.a.k.c.c.i.LegacyKafkaConsumer - [Consumer clientId=consumer-wallet-group-2, groupId=wallet-group] Unsubscribed all topics or patterns and assigned partitions 
2025-04-28 09:33:06-668 [org.springframework.kafka.KafkaListenerEndpointContainer#1-0-C-1] INFO  o.a.k.c.c.i.ConsumerCoordinator - [Consumer clientId=consumer-wallet-group-3, groupId=wallet-group] Resetting generation and member id due to: consumer pro-actively leaving the group 
2025-04-28 09:33:06-668 [org.springframework.kafka.KafkaListenerEndpointContainer#1-0-C-1] INFO  o.a.k.c.c.i.ConsumerCoordinator - [Consumer clientId=consumer-wallet-group-3, groupId=wallet-group] Request joining group due to: consumer pro-actively leaving the group 
2025-04-28 09:33:06-668 [org.springframework.kafka.KafkaListenerEndpointContainer#0-0-C-1] INFO  o.a.k.c.c.i.ConsumerCoordinator - [Consumer clientId=consumer-wallet-group-2, groupId=wallet-group] Resetting generation and member id due to: consumer pro-actively leaving the group 
2025-04-28 09:33:06-668 [org.springframework.kafka.KafkaListenerEndpointContainer#0-0-C-1] INFO  o.a.k.c.c.i.ConsumerCoordinator - [Consumer clientId=consumer-wallet-group-2, groupId=wallet-group] Request joining group due to: consumer pro-actively leaving the group 
2025-04-28 09:33:06-669 [org.springframework.kafka.KafkaListenerEndpointContainer#0-0-C-1] INFO  o.a.kafka.common.metrics.Metrics - Metrics scheduler closed 
2025-04-28 09:33:06-669 [org.springframework.kafka.KafkaListenerEndpointContainer#1-0-C-1] INFO  o.a.kafka.common.metrics.Metrics - Metrics scheduler closed 
2025-04-28 09:33:06-670 [org.springframework.kafka.KafkaListenerEndpointContainer#0-0-C-1] INFO  o.a.kafka.common.metrics.Metrics - Closing reporter org.apache.kafka.common.metrics.JmxReporter 
2025-04-28 09:33:06-670 [org.springframework.kafka.KafkaListenerEndpointContainer#1-0-C-1] INFO  o.a.kafka.common.metrics.Metrics - Closing reporter org.apache.kafka.common.metrics.JmxReporter 
2025-04-28 09:33:06-670 [org.springframework.kafka.KafkaListenerEndpointContainer#0-0-C-1] INFO  o.a.kafka.common.metrics.Metrics - Closing reporter org.apache.kafka.common.telemetry.internals.ClientTelemetryReporter 
2025-04-28 09:33:06-670 [org.springframework.kafka.KafkaListenerEndpointContainer#1-0-C-1] INFO  o.a.kafka.common.metrics.Metrics - Closing reporter org.apache.kafka.common.telemetry.internals.ClientTelemetryReporter 
2025-04-28 09:33:06-670 [org.springframework.kafka.KafkaListenerEndpointContainer#0-0-C-1] INFO  o.a.kafka.common.metrics.Metrics - Metrics reporters closed 
2025-04-28 09:33:06-670 [org.springframework.kafka.KafkaListenerEndpointContainer#1-0-C-1] INFO  o.a.kafka.common.metrics.Metrics - Metrics reporters closed 
2025-04-28 09:33:06-676 [org.springframework.kafka.KafkaListenerEndpointContainer#0-0-C-1] INFO  o.a.kafka.common.utils.AppInfoParser - App info kafka.consumer for consumer-wallet-group-2 unregistered 
2025-04-28 09:33:06-677 [org.springframework.kafka.KafkaListenerEndpointContainer#0-0-C-1] INFO  o.s.k.l.KafkaMessageListenerContainer - wallet-group: Consumer stopped 
2025-04-28 09:33:06-677 [org.springframework.kafka.KafkaListenerEndpointContainer#1-0-C-1] INFO  o.a.kafka.common.utils.AppInfoParser - App info kafka.consumer for consumer-wallet-group-3 unregistered 
2025-04-28 09:33:06-678 [org.springframework.kafka.KafkaListenerEndpointContainer#1-0-C-1] INFO  o.s.k.l.KafkaMessageListenerContainer - wallet-group: Consumer stopped 
2025-04-28 09:33:08-797 [SpringApplicationShutdownHook] INFO  c.netflix.discovery.DiscoveryClient - Shutting down DiscoveryClient ... 
2025-04-28 09:33:11-812 [SpringApplicationShutdownHook] INFO  c.netflix.discovery.DiscoveryClient - Unregistering ... 
2025-04-28 09:33:11-832 [SpringApplicationShutdownHook] INFO  c.netflix.discovery.DiscoveryClient - DiscoveryClient_WALLET-BOOTCOIN-API/wallet-bootcoin-api:8805 - deregister  status: 200 
2025-04-28 09:33:11-833 [SpringApplicationShutdownHook] INFO  c.netflix.discovery.DiscoveryClient - Completed shut down of DiscoveryClient 
2025-04-28 09:57:57-387 [main] INFO  o.s.t.c.s.AnnotationConfigContextLoaderUtils - Could not detect default configuration classes for test class [com.bootcoin.wallet.bootcoin.api.service.WalletServiceImplTest]: WalletServiceImplTest does not declare any static, non-private, non-final, nested classes annotated with @Configuration. 
2025-04-28 09:58:01-365 [main] INFO  o.s.t.c.s.AnnotationConfigContextLoaderUtils - Could not detect default configuration classes for test class [com.bootcoin.wallet.bootcoin.api.WalletBootcoinApiApplicationTests]: WalletBootcoinApiApplicationTests does not declare any static, non-private, non-final, nested classes annotated with @Configuration. 
2025-04-28 09:58:01-532 [main] INFO  o.s.b.t.c.SpringBootTestContextBootstrapper - Found @SpringBootConfiguration com.bootcoin.wallet.bootcoin.api.WalletBootcoinApiApplication for test class com.bootcoin.wallet.bootcoin.api.WalletBootcoinApiApplicationTests 
2025-04-28 09:58:05-424 [main] INFO  c.b.w.b.a.WalletBootcoinApiApplicationTests - Starting WalletBootcoinApiApplicationTests using Java 17.0.12 with PID 18108 (started by mgarcsar in C:\Users\mgarcsar\Documents\Bootcamp\etregables\BootCoin\wallet-bootcoin-api) 
2025-04-28 09:58:05-427 [main] INFO  c.b.w.b.a.WalletBootcoinApiApplicationTests - The following 1 profile is active: "dev" 
2025-04-28 09:58:05-467 [main] INFO  o.s.c.c.c.ConfigServerConfigDataLoader - Fetching config from server at : http://config-server-bc:8888 
2025-04-28 09:58:05-467 [main] INFO  o.s.c.c.c.ConfigServerConfigDataLoader - Exception on Url - http://config-server-bc:8888:org.springframework.web.client.ResourceAccessException: I/O error on GET request for "http://config-server-bc:8888/wallet-bootcoin-api/default": config-server-bc. Will be trying the next url if available 
2025-04-28 09:58:05-467 [main] WARN  o.s.c.c.c.ConfigServerConfigDataLoader - Could not locate PropertySource ([ConfigServerConfigDataResource@6ad703cd uris = array<String>['http://config-server-bc:8888'], optional = true, profiles = 'default']): I/O error on GET request for "http://config-server-bc:8888/wallet-bootcoin-api/default": config-server-bc 
2025-04-28 09:58:05-468 [main] INFO  o.s.c.c.c.ConfigServerConfigDataLoader - Fetching config from server at : http://config-server-bc:8888 
2025-04-28 09:58:05-468 [main] INFO  o.s.c.c.c.ConfigServerConfigDataLoader - Exception on Url - http://config-server-bc:8888:org.springframework.web.client.ResourceAccessException: I/O error on GET request for "http://config-server-bc:8888/wallet-bootcoin-api/dev": config-server-bc. Will be trying the next url if available 
2025-04-28 09:58:05-468 [main] WARN  o.s.c.c.c.ConfigServerConfigDataLoader - Could not locate PropertySource ([ConfigServerConfigDataResource@45c5cd9a uris = array<String>['http://config-server-bc:8888'], optional = true, profiles = 'dev']): I/O error on GET request for "http://config-server-bc:8888/wallet-bootcoin-api/dev": config-server-bc 
2025-04-28 09:58:05-468 [main] INFO  o.s.c.c.c.ConfigServerConfigDataLoader - Fetching config from server at : http://config-server-bc:8888 
2025-04-28 09:58:05-468 [main] INFO  o.s.c.c.c.ConfigServerConfigDataLoader - Exception on Url - http://config-server-bc:8888:org.springframework.web.client.ResourceAccessException: I/O error on GET request for "http://config-server-bc:8888/wallet-bootcoin-api/default": config-server-bc. Will be trying the next url if available 
2025-04-28 09:58:05-468 [main] WARN  o.s.c.c.c.ConfigServerConfigDataLoader - Could not locate PropertySource ([ConfigServerConfigDataResource@858bf8c uris = array<String>['http://config-server-bc:8888'], optional = true, profiles = 'default']): I/O error on GET request for "http://config-server-bc:8888/wallet-bootcoin-api/default": config-server-bc 
2025-04-28 09:58:07-267 [main] INFO  o.s.d.r.c.RepositoryConfigurationDelegate - Bootstrapping Spring Data Reactive MongoDB repositories in DEFAULT mode. 
2025-04-28 09:58:07-570 [main] INFO  o.s.d.r.c.RepositoryConfigurationDelegate - Finished Spring Data repository scanning in 290 ms. Found 1 Reactive MongoDB repository interface. 
2025-04-28 09:58:08-186 [main] INFO  o.s.cloud.context.scope.GenericScope - BeanFactory id=1e23942c-be1b-3bef-82c7-541170ebcb7d 
2025-04-28 09:58:09-349 [main] INFO  org.mongodb.driver.client - MongoClient with metadata {"driver": {"name": "mongo-java-driver|reactive-streams|spring-boot", "version": "5.2.1"}, "os": {"type": "Windows", "name": "Windows 10", "architecture": "amd64", "version": "10.0"}, "platform": "Java/Oracle Corporation/17.0.12+8-LTS-286"} created with settings MongoClientSettings{readPreference=primary, writeConcern=WriteConcern{w=null, wTimeout=null ms, journal=null}, retryWrites=true, retryReads=true, readConcern=ReadConcern{level=null}, credential=null, transportSettings=NettyTransportSettings{eventLoopGroup=io.netty.channel.nio.NioEventLoopGroup@79f16678, socketChannelClass=null, allocator=null, sslContext=null}, commandListeners=[io.micrometer.core.instrument.binder.mongodb.MongoMetricsCommandListener@25fc5442], codecRegistry=ProvidersCodecRegistry{codecProviders=[ValueCodecProvider{}, BsonValueCodecProvider{}, DBRefCodecProvider{}, DBObjectCodecProvider{}, DocumentCodecProvider{}, CollectionCodecProvider{}, IterableCodecProvider{}, MapCodecProvider{}, GeoJsonCodecProvider{}, GridFSFileCodecProvider{}, Jsr310CodecProvider{}, JsonObjectCodecProvider{}, BsonCodecProvider{}, EnumCodecProvider{}, com.mongodb.client.model.mql.ExpressionCodecProvider@7a02fa85, com.mongodb.Jep395RecordCodecProvider@403529fb, com.mongodb.KotlinCodecProvider@32855523]}, loggerSettings=LoggerSettings{maxDocumentLength=1000}, clusterSettings={hosts=[localhost:27017], srvServiceName=mongodb, mode=SINGLE, requiredClusterType=UNKNOWN, requiredReplicaSetName='null', serverSelector='null', clusterListeners='[]', serverSelectionTimeout='30000 ms', localThreshold='15 ms'}, socketSettings=SocketSettings{connectTimeoutMS=10000, readTimeoutMS=0, receiveBufferSize=0, proxySettings=ProxySettings{host=null, port=null, username=null, password=null}}, heartbeatSocketSettings=SocketSettings{connectTimeoutMS=10000, readTimeoutMS=10000, receiveBufferSize=0, proxySettings=ProxySettings{host=null, port=null, username=null, password=null}}, connectionPoolSettings=ConnectionPoolSettings{maxSize=100, minSize=0, maxWaitTimeMS=120000, maxConnectionLifeTimeMS=0, maxConnectionIdleTimeMS=0, maintenanceInitialDelayMS=0, maintenanceFrequencyMS=60000, connectionPoolListeners=[io.micrometer.core.instrument.binder.mongodb.MongoMetricsConnectionPoolListener@751c5975], maxConnecting=2}, serverSettings=ServerSettings{heartbeatFrequencyMS=10000, minHeartbeatFrequencyMS=500, serverMonitoringMode=AUTO, serverListeners='[]', serverMonitorListeners='[]'}, sslSettings=SslSettings{enabled=false, invalidHostNameAllowed=false, context=null}, applicationName='null', compressorList=[], uuidRepresentation=JAVA_LEGACY, serverApi=null, autoEncryptionSettings=null, dnsClient=null, inetAddressResolver=null, contextProvider=null, timeoutMS=null} 
2025-04-28 09:58:09-684 [cluster-ClusterId{value='680f9781832c72528799ec12', description='null'}-localhost:27017] INFO  org.mongodb.driver.cluster - Monitor thread successfully connected to server with description ServerDescription{address=localhost:27017, type=STANDALONE, cryptd=false, state=CONNECTED, ok=true, minWireVersion=0, maxWireVersion=25, maxDocumentSize=16777216, logicalSessionTimeoutMinutes=30, roundTripTimeNanos=170579100, minRoundTripTimeNanos=0} 
2025-04-28 09:58:12-336 [main] INFO  o.s.b.a.e.web.EndpointLinksResolver - Exposing 2 endpoints beneath base path '/actuator' 
2025-04-28 09:58:13-118 [main] INFO  o.s.c.n.e.c.DiscoveryClientOptionalArgsConfiguration - Eureka HTTP Client uses RestTemplate. 
2025-04-28 09:58:13-273 [main] WARN  o.s.c.l.c.LoadBalancerCacheAutoConfiguration$LoadBalancerCaffeineWarnLogger - Spring Cloud LoadBalancer is currently working with the default cache. While this cache implementation is useful for development and tests, it's recommended to use Caffeine cache in production.You can switch to using Caffeine cache, by adding it and org.springframework.cache.caffeine.CaffeineCacheManager to the classpath. 
2025-04-28 09:58:13-507 [main] INFO  o.a.k.c.consumer.ConsumerConfig - ConsumerConfig values: 
	allow.auto.create.topics = true
	auto.commit.interval.ms = 5000
	auto.include.jmx.reporter = true
	auto.offset.reset = latest
	bootstrap.servers = [localhost:29092]
	check.crcs = true
	client.dns.lookup = use_all_dns_ips
	client.id = consumer-wallet-group-1
	client.rack = 
	connections.max.idle.ms = 540000
	default.api.timeout.ms = 60000
	enable.auto.commit = false
	enable.metrics.push = true
	exclude.internal.topics = true
	fetch.max.bytes = 52428800
	fetch.max.wait.ms = 500
	fetch.min.bytes = 1
	group.id = wallet-group
	group.instance.id = null
	group.protocol = classic
	group.remote.assignor = null
	heartbeat.interval.ms = 3000
	interceptor.classes = []
	internal.leave.group.on.close = true
	internal.throw.on.fetch.stable.offset.unsupported = false
	isolation.level = read_uncommitted
	key.deserializer = class org.apache.kafka.common.serialization.StringDeserializer
	max.partition.fetch.bytes = 1048576
	max.poll.interval.ms = 300000
	max.poll.records = 500
	metadata.max.age.ms = 300000
	metadata.recovery.strategy = none
	metric.reporters = []
	metrics.num.samples = 2
	metrics.recording.level = INFO
	metrics.sample.window.ms = 30000
	partition.assignment.strategy = [class org.apache.kafka.clients.consumer.RangeAssignor, class org.apache.kafka.clients.consumer.CooperativeStickyAssignor]
	receive.buffer.bytes = 65536
	reconnect.backoff.max.ms = 1000
	reconnect.backoff.ms = 50
	request.timeout.ms = 30000
	retry.backoff.max.ms = 1000
	retry.backoff.ms = 100
	sasl.client.callback.handler.class = null
	sasl.jaas.config = null
	sasl.kerberos.kinit.cmd = /usr/bin/kinit
	sasl.kerberos.min.time.before.relogin = 60000
	sasl.kerberos.service.name = null
	sasl.kerberos.ticket.renew.jitter = 0.05
	sasl.kerberos.ticket.renew.window.factor = 0.8
	sasl.login.callback.handler.class = null
	sasl.login.class = null
	sasl.login.connect.timeout.ms = null
	sasl.login.read.timeout.ms = null
	sasl.login.refresh.buffer.seconds = 300
	sasl.login.refresh.min.period.seconds = 60
	sasl.login.refresh.window.factor = 0.8
	sasl.login.refresh.window.jitter = 0.05
	sasl.login.retry.backoff.max.ms = 10000
	sasl.login.retry.backoff.ms = 100
	sasl.mechanism = GSSAPI
	sasl.oauthbearer.clock.skew.seconds = 30
	sasl.oauthbearer.expected.audience = null
	sasl.oauthbearer.expected.issuer = null
	sasl.oauthbearer.jwks.endpoint.refresh.ms = 3600000
	sasl.oauthbearer.jwks.endpoint.retry.backoff.max.ms = 10000
	sasl.oauthbearer.jwks.endpoint.retry.backoff.ms = 100
	sasl.oauthbearer.jwks.endpoint.url = null
	sasl.oauthbearer.scope.claim.name = scope
	sasl.oauthbearer.sub.claim.name = sub
	sasl.oauthbearer.token.endpoint.url = null
	security.protocol = PLAINTEXT
	security.providers = null
	send.buffer.bytes = 131072
	session.timeout.ms = 45000
	socket.connection.setup.timeout.max.ms = 30000
	socket.connection.setup.timeout.ms = 10000
	ssl.cipher.suites = null
	ssl.enabled.protocols = [TLSv1.2, TLSv1.3]
	ssl.endpoint.identification.algorithm = https
	ssl.engine.factory.class = null
	ssl.key.password = null
	ssl.keymanager.algorithm = SunX509
	ssl.keystore.certificate.chain = null
	ssl.keystore.key = null
	ssl.keystore.location = null
	ssl.keystore.password = null
	ssl.keystore.type = JKS
	ssl.protocol = TLSv1.3
	ssl.provider = null
	ssl.secure.random.implementation = null
	ssl.trustmanager.algorithm = PKIX
	ssl.truststore.certificates = null
	ssl.truststore.location = null
	ssl.truststore.password = null
	ssl.truststore.type = JKS
	value.deserializer = class org.apache.kafka.common.serialization.StringDeserializer
 
2025-04-28 09:58:13-621 [main] INFO  o.a.k.c.t.i.KafkaMetricsCollector - initializing Kafka metrics collector 
2025-04-28 09:58:13-854 [main] INFO  o.a.kafka.common.utils.AppInfoParser - Kafka version: 3.8.1 
2025-04-28 09:58:13-856 [main] INFO  o.a.kafka.common.utils.AppInfoParser - Kafka commitId: 70d6ff42debf7e17 
2025-04-28 09:58:13-856 [main] INFO  o.a.kafka.common.utils.AppInfoParser - Kafka startTimeMs: 1745852293851 
2025-04-28 09:58:13-863 [main] INFO  o.a.k.c.c.i.LegacyKafkaConsumer - [Consumer clientId=consumer-wallet-group-1, groupId=wallet-group] Subscribed to topic(s): wallet-response 
2025-04-28 09:58:13-903 [main] INFO  o.s.c.n.eureka.InstanceInfoFactory - Setting initial instance status as: STARTING 
2025-04-28 09:58:13-958 [main] INFO  c.netflix.discovery.DiscoveryClient - Initializing Eureka in region us-east-1 
2025-04-28 09:58:13-966 [main] INFO  c.n.d.s.r.aws.ConfigClusterResolver - Resolving eureka endpoints via configuration 
2025-04-28 09:58:13-991 [main] INFO  c.netflix.discovery.DiscoveryClient - Disable delta property : false 
2025-04-28 09:58:13-992 [main] INFO  c.netflix.discovery.DiscoveryClient - Single vip registry refresh property : null 
2025-04-28 09:58:13-992 [main] INFO  c.netflix.discovery.DiscoveryClient - Force full registry fetch : false 
2025-04-28 09:58:13-992 [main] INFO  c.netflix.discovery.DiscoveryClient - Application is null : false 
2025-04-28 09:58:13-992 [main] INFO  c.netflix.discovery.DiscoveryClient - Registered Applications size is zero : true 
2025-04-28 09:58:13-992 [main] INFO  c.netflix.discovery.DiscoveryClient - Application version is -1: true 
2025-04-28 09:58:13-992 [main] INFO  c.netflix.discovery.DiscoveryClient - Getting all instance registry info from the eureka server 
2025-04-28 09:58:14-450 [repliesContainer-0-C-1] INFO  o.apache.kafka.clients.NetworkClient - [Consumer clientId=consumer-wallet-group-1, groupId=wallet-group] Node -1 disconnected. 
2025-04-28 09:58:14-453 [repliesContainer-0-C-1] WARN  o.apache.kafka.clients.NetworkClient - [Consumer clientId=consumer-wallet-group-1, groupId=wallet-group] Connection to node -1 (localhost/127.0.0.1:29092) could not be established. Node may not be available. 
2025-04-28 09:58:14-454 [repliesContainer-0-C-1] WARN  o.apache.kafka.clients.NetworkClient - [Consumer clientId=consumer-wallet-group-1, groupId=wallet-group] Bootstrap broker localhost:29092 (id: -1 rack: null) disconnected 
2025-04-28 09:58:14-514 [main] INFO  c.netflix.discovery.DiscoveryClient - The response status is 200 
2025-04-28 09:58:14-517 [main] INFO  c.netflix.discovery.DiscoveryClient - Starting heartbeat executor: renew interval is: 30 
2025-04-28 09:58:14-521 [main] INFO  c.n.discovery.InstanceInfoReplicator - InstanceInfoReplicator onDemand update allowed rate per min is 4 
2025-04-28 09:58:14-523 [main] INFO  c.netflix.discovery.DiscoveryClient - Discovery Client initialized at timestamp 1745852294523 with initial instances count: 6 
2025-04-28 09:58:14-528 [main] INFO  o.s.c.n.e.s.EurekaServiceRegistry - Registering application WALLET-BOOTCOIN-API with eureka with status UP 
2025-04-28 09:58:14-528 [main] INFO  c.netflix.discovery.DiscoveryClient - Saw local status change event StatusChangeEvent [timestamp=1745852294528, current=UP, previous=STARTING] 
2025-04-28 09:58:14-531 [DiscoveryClient-InstanceInfoReplicator-%d] INFO  c.netflix.discovery.DiscoveryClient - DiscoveryClient_WALLET-BOOTCOIN-API/wallet-bootcoin-api:8805: registering service... 
2025-04-28 09:58:14-532 [main] INFO  o.a.k.c.consumer.ConsumerConfig - ConsumerConfig values: 
	allow.auto.create.topics = true
	auto.commit.interval.ms = 5000
	auto.include.jmx.reporter = true
	auto.offset.reset = latest
	bootstrap.servers = [localhost:29092]
	check.crcs = true
	client.dns.lookup = use_all_dns_ips
	client.id = consumer-wallet-group-2
	client.rack = 
	connections.max.idle.ms = 540000
	default.api.timeout.ms = 60000
	enable.auto.commit = false
	enable.metrics.push = true
	exclude.internal.topics = true
	fetch.max.bytes = 52428800
	fetch.max.wait.ms = 500
	fetch.min.bytes = 1
	group.id = wallet-group
	group.instance.id = null
	group.protocol = classic
	group.remote.assignor = null
	heartbeat.interval.ms = 3000
	interceptor.classes = []
	internal.leave.group.on.close = true
	internal.throw.on.fetch.stable.offset.unsupported = false
	isolation.level = read_uncommitted
	key.deserializer = class org.apache.kafka.common.serialization.StringDeserializer
	max.partition.fetch.bytes = 1048576
	max.poll.interval.ms = 300000
	max.poll.records = 500
	metadata.max.age.ms = 300000
	metadata.recovery.strategy = none
	metric.reporters = []
	metrics.num.samples = 2
	metrics.recording.level = INFO
	metrics.sample.window.ms = 30000
	partition.assignment.strategy = [class org.apache.kafka.clients.consumer.RangeAssignor, class org.apache.kafka.clients.consumer.CooperativeStickyAssignor]
	receive.buffer.bytes = 65536
	reconnect.backoff.max.ms = 1000
	reconnect.backoff.ms = 50
	request.timeout.ms = 30000
	retry.backoff.max.ms = 1000
	retry.backoff.ms = 100
	sasl.client.callback.handler.class = null
	sasl.jaas.config = null
	sasl.kerberos.kinit.cmd = /usr/bin/kinit
	sasl.kerberos.min.time.before.relogin = 60000
	sasl.kerberos.service.name = null
	sasl.kerberos.ticket.renew.jitter = 0.05
	sasl.kerberos.ticket.renew.window.factor = 0.8
	sasl.login.callback.handler.class = null
	sasl.login.class = null
	sasl.login.connect.timeout.ms = null
	sasl.login.read.timeout.ms = null
	sasl.login.refresh.buffer.seconds = 300
	sasl.login.refresh.min.period.seconds = 60
	sasl.login.refresh.window.factor = 0.8
	sasl.login.refresh.window.jitter = 0.05
	sasl.login.retry.backoff.max.ms = 10000
	sasl.login.retry.backoff.ms = 100
	sasl.mechanism = GSSAPI
	sasl.oauthbearer.clock.skew.seconds = 30
	sasl.oauthbearer.expected.audience = null
	sasl.oauthbearer.expected.issuer = null
	sasl.oauthbearer.jwks.endpoint.refresh.ms = 3600000
	sasl.oauthbearer.jwks.endpoint.retry.backoff.max.ms = 10000
	sasl.oauthbearer.jwks.endpoint.retry.backoff.ms = 100
	sasl.oauthbearer.jwks.endpoint.url = null
	sasl.oauthbearer.scope.claim.name = scope
	sasl.oauthbearer.sub.claim.name = sub
	sasl.oauthbearer.token.endpoint.url = null
	security.protocol = PLAINTEXT
	security.providers = null
	send.buffer.bytes = 131072
	session.timeout.ms = 45000
	socket.connection.setup.timeout.max.ms = 30000
	socket.connection.setup.timeout.ms = 10000
	ssl.cipher.suites = null
	ssl.enabled.protocols = [TLSv1.2, TLSv1.3]
	ssl.endpoint.identification.algorithm = https
	ssl.engine.factory.class = null
	ssl.key.password = null
	ssl.keymanager.algorithm = SunX509
	ssl.keystore.certificate.chain = null
	ssl.keystore.key = null
	ssl.keystore.location = null
	ssl.keystore.password = null
	ssl.keystore.type = JKS
	ssl.protocol = TLSv1.3
	ssl.provider = null
	ssl.secure.random.implementation = null
	ssl.trustmanager.algorithm = PKIX
	ssl.truststore.certificates = null
	ssl.truststore.location = null
	ssl.truststore.password = null
	ssl.truststore.type = JKS
	value.deserializer = class org.apache.kafka.common.serialization.StringDeserializer
 
2025-04-28 09:58:14-532 [main] INFO  o.a.k.c.t.i.KafkaMetricsCollector - initializing Kafka metrics collector 
2025-04-28 09:58:14-545 [main] INFO  o.a.kafka.common.utils.AppInfoParser - Kafka version: 3.8.1 
2025-04-28 09:58:14-546 [main] INFO  o.a.kafka.common.utils.AppInfoParser - Kafka commitId: 70d6ff42debf7e17 
2025-04-28 09:58:14-546 [main] INFO  o.a.kafka.common.utils.AppInfoParser - Kafka startTimeMs: 1745852294545 
2025-04-28 09:58:14-547 [main] INFO  o.a.k.c.c.i.LegacyKafkaConsumer - [Consumer clientId=consumer-wallet-group-2, groupId=wallet-group] Subscribed to topic(s): wallet-only-create 
2025-04-28 09:58:14-553 [main] INFO  o.a.k.c.consumer.ConsumerConfig - ConsumerConfig values: 
	allow.auto.create.topics = true
	auto.commit.interval.ms = 5000
	auto.include.jmx.reporter = true
	auto.offset.reset = latest
	bootstrap.servers = [localhost:29092]
	check.crcs = true
	client.dns.lookup = use_all_dns_ips
	client.id = consumer-wallet-group-3
	client.rack = 
	connections.max.idle.ms = 540000
	default.api.timeout.ms = 60000
	enable.auto.commit = false
	enable.metrics.push = true
	exclude.internal.topics = true
	fetch.max.bytes = 52428800
	fetch.max.wait.ms = 500
	fetch.min.bytes = 1
	group.id = wallet-group
	group.instance.id = null
	group.protocol = classic
	group.remote.assignor = null
	heartbeat.interval.ms = 3000
	interceptor.classes = []
	internal.leave.group.on.close = true
	internal.throw.on.fetch.stable.offset.unsupported = false
	isolation.level = read_uncommitted
	key.deserializer = class org.apache.kafka.common.serialization.StringDeserializer
	max.partition.fetch.bytes = 1048576
	max.poll.interval.ms = 300000
	max.poll.records = 500
	metadata.max.age.ms = 300000
	metadata.recovery.strategy = none
	metric.reporters = []
	metrics.num.samples = 2
	metrics.recording.level = INFO
	metrics.sample.window.ms = 30000
	partition.assignment.strategy = [class org.apache.kafka.clients.consumer.RangeAssignor, class org.apache.kafka.clients.consumer.CooperativeStickyAssignor]
	receive.buffer.bytes = 65536
	reconnect.backoff.max.ms = 1000
	reconnect.backoff.ms = 50
	request.timeout.ms = 30000
	retry.backoff.max.ms = 1000
	retry.backoff.ms = 100
	sasl.client.callback.handler.class = null
	sasl.jaas.config = null
	sasl.kerberos.kinit.cmd = /usr/bin/kinit
	sasl.kerberos.min.time.before.relogin = 60000
	sasl.kerberos.service.name = null
	sasl.kerberos.ticket.renew.jitter = 0.05
	sasl.kerberos.ticket.renew.window.factor = 0.8
	sasl.login.callback.handler.class = null
	sasl.login.class = null
	sasl.login.connect.timeout.ms = null
	sasl.login.read.timeout.ms = null
	sasl.login.refresh.buffer.seconds = 300
	sasl.login.refresh.min.period.seconds = 60
	sasl.login.refresh.window.factor = 0.8
	sasl.login.refresh.window.jitter = 0.05
	sasl.login.retry.backoff.max.ms = 10000
	sasl.login.retry.backoff.ms = 100
	sasl.mechanism = GSSAPI
	sasl.oauthbearer.clock.skew.seconds = 30
	sasl.oauthbearer.expected.audience = null
	sasl.oauthbearer.expected.issuer = null
	sasl.oauthbearer.jwks.endpoint.refresh.ms = 3600000
	sasl.oauthbearer.jwks.endpoint.retry.backoff.max.ms = 10000
	sasl.oauthbearer.jwks.endpoint.retry.backoff.ms = 100
	sasl.oauthbearer.jwks.endpoint.url = null
	sasl.oauthbearer.scope.claim.name = scope
	sasl.oauthbearer.sub.claim.name = sub
	sasl.oauthbearer.token.endpoint.url = null
	security.protocol = PLAINTEXT
	security.providers = null
	send.buffer.bytes = 131072
	session.timeout.ms = 45000
	socket.connection.setup.timeout.max.ms = 30000
	socket.connection.setup.timeout.ms = 10000
	ssl.cipher.suites = null
	ssl.enabled.protocols = [TLSv1.2, TLSv1.3]
	ssl.endpoint.identification.algorithm = https
	ssl.engine.factory.class = null
	ssl.key.password = null
	ssl.keymanager.algorithm = SunX509
	ssl.keystore.certificate.chain = null
	ssl.keystore.key = null
	ssl.keystore.location = null
	ssl.keystore.password = null
	ssl.keystore.type = JKS
	ssl.protocol = TLSv1.3
	ssl.provider = null
	ssl.secure.random.implementation = null
	ssl.trustmanager.algorithm = PKIX
	ssl.truststore.certificates = null
	ssl.truststore.location = null
	ssl.truststore.password = null
	ssl.truststore.type = JKS
	value.deserializer = class org.apache.kafka.common.serialization.StringDeserializer
 
2025-04-28 09:58:14-554 [main] INFO  o.a.k.c.t.i.KafkaMetricsCollector - initializing Kafka metrics collector 
2025-04-28 09:58:14-556 [org.springframework.kafka.KafkaListenerEndpointContainer#0-0-C-1] INFO  o.apache.kafka.clients.NetworkClient - [Consumer clientId=consumer-wallet-group-2, groupId=wallet-group] Node -1 disconnected. 
2025-04-28 09:58:14-556 [org.springframework.kafka.KafkaListenerEndpointContainer#0-0-C-1] WARN  o.apache.kafka.clients.NetworkClient - [Consumer clientId=consumer-wallet-group-2, groupId=wallet-group] Connection to node -1 (localhost/127.0.0.1:29092) could not be established. Node may not be available. 
2025-04-28 09:58:14-556 [org.springframework.kafka.KafkaListenerEndpointContainer#0-0-C-1] WARN  o.apache.kafka.clients.NetworkClient - [Consumer clientId=consumer-wallet-group-2, groupId=wallet-group] Bootstrap broker localhost:29092 (id: -1 rack: null) disconnected 
2025-04-28 09:58:14-565 [main] INFO  o.a.kafka.common.utils.AppInfoParser - Kafka version: 3.8.1 
2025-04-28 09:58:14-566 [main] INFO  o.a.kafka.common.utils.AppInfoParser - Kafka commitId: 70d6ff42debf7e17 
2025-04-28 09:58:14-566 [main] INFO  o.a.kafka.common.utils.AppInfoParser - Kafka startTimeMs: 1745852294565 
2025-04-28 09:58:14-567 [repliesContainer-0-C-1] INFO  o.apache.kafka.clients.NetworkClient - [Consumer clientId=consumer-wallet-group-1, groupId=wallet-group] Node -1 disconnected. 
2025-04-28 09:58:14-567 [main] INFO  o.a.k.c.c.i.LegacyKafkaConsumer - [Consumer clientId=consumer-wallet-group-3, groupId=wallet-group] Subscribed to topic(s): wallet-request 
2025-04-28 09:58:14-567 [repliesContainer-0-C-1] WARN  o.apache.kafka.clients.NetworkClient - [Consumer clientId=consumer-wallet-group-1, groupId=wallet-group] Connection to node -1 (localhost/127.0.0.1:29092) could not be established. Node may not be available. 
2025-04-28 09:58:14-567 [repliesContainer-0-C-1] WARN  o.apache.kafka.clients.NetworkClient - [Consumer clientId=consumer-wallet-group-1, groupId=wallet-group] Bootstrap broker localhost:29092 (id: -1 rack: null) disconnected 
2025-04-28 09:58:14-573 [org.springframework.kafka.KafkaListenerEndpointContainer#1-0-C-1] INFO  o.apache.kafka.clients.NetworkClient - [Consumer clientId=consumer-wallet-group-3, groupId=wallet-group] Node -1 disconnected. 
2025-04-28 09:58:14-573 [org.springframework.kafka.KafkaListenerEndpointContainer#1-0-C-1] WARN  o.apache.kafka.clients.NetworkClient - [Consumer clientId=consumer-wallet-group-3, groupId=wallet-group] Connection to node -1 (localhost/127.0.0.1:29092) could not be established. Node may not be available. 
2025-04-28 09:58:14-573 [org.springframework.kafka.KafkaListenerEndpointContainer#1-0-C-1] WARN  o.apache.kafka.clients.NetworkClient - [Consumer clientId=consumer-wallet-group-3, groupId=wallet-group] Bootstrap broker localhost:29092 (id: -1 rack: null) disconnected 
2025-04-28 09:58:14-589 [main] INFO  c.b.w.b.a.WalletBootcoinApiApplicationTests - Started WalletBootcoinApiApplicationTests in 12.435 seconds (process running for 19.434) 
2025-04-28 09:58:14-620 [DiscoveryClient-InstanceInfoReplicator-%d] INFO  c.netflix.discovery.DiscoveryClient - DiscoveryClient_WALLET-BOOTCOIN-API/wallet-bootcoin-api:8805 - registration status: 204 
2025-04-28 09:58:14-651 [SpringApplicationShutdownHook] INFO  o.s.c.n.e.s.EurekaServiceRegistry - Unregistering application WALLET-BOOTCOIN-API with eureka with status DOWN 
2025-04-28 09:58:14-652 [SpringApplicationShutdownHook] INFO  c.netflix.discovery.DiscoveryClient - Saw local status change event StatusChangeEvent [timestamp=1745852294652, current=DOWN, previous=UP] 
2025-04-28 09:58:14-653 [DiscoveryClient-InstanceInfoReplicator-%d] INFO  c.netflix.discovery.DiscoveryClient - DiscoveryClient_WALLET-BOOTCOIN-API/wallet-bootcoin-api:8805: registering service... 
2025-04-28 09:58:14-661 [DiscoveryClient-InstanceInfoReplicator-%d] INFO  c.netflix.discovery.DiscoveryClient - DiscoveryClient_WALLET-BOOTCOIN-API/wallet-bootcoin-api:8805 - registration status: 204 
2025-04-28 09:58:14-674 [repliesContainer-0-C-1] INFO  o.apache.kafka.clients.NetworkClient - [Consumer clientId=consumer-wallet-group-1, groupId=wallet-group] Node -1 disconnected. 
2025-04-28 09:58:14-674 [repliesContainer-0-C-1] WARN  o.apache.kafka.clients.NetworkClient - [Consumer clientId=consumer-wallet-group-1, groupId=wallet-group] Connection to node -1 (localhost/127.0.0.1:29092) could not be established. Node may not be available. 
2025-04-28 09:58:14-674 [repliesContainer-0-C-1] WARN  o.apache.kafka.clients.NetworkClient - [Consumer clientId=consumer-wallet-group-1, groupId=wallet-group] Bootstrap broker localhost:29092 (id: -1 rack: null) disconnected 
2025-04-28 09:58:14-677 [org.springframework.kafka.KafkaListenerEndpointContainer#0-0-C-1] INFO  o.apache.kafka.clients.NetworkClient - [Consumer clientId=consumer-wallet-group-2, groupId=wallet-group] Node -1 disconnected. 
2025-04-28 09:58:14-677 [org.springframework.kafka.KafkaListenerEndpointContainer#0-0-C-1] WARN  o.apache.kafka.clients.NetworkClient - [Consumer clientId=consumer-wallet-group-2, groupId=wallet-group] Connection to node -1 (localhost/127.0.0.1:29092) could not be established. Node may not be available. 
2025-04-28 09:58:14-677 [org.springframework.kafka.KafkaListenerEndpointContainer#0-0-C-1] WARN  o.apache.kafka.clients.NetworkClient - [Consumer clientId=consumer-wallet-group-2, groupId=wallet-group] Bootstrap broker localhost:29092 (id: -1 rack: null) disconnected 
2025-04-28 09:58:14-691 [org.springframework.kafka.KafkaListenerEndpointContainer#1-0-C-1] INFO  o.apache.kafka.clients.NetworkClient - [Consumer clientId=consumer-wallet-group-3, groupId=wallet-group] Node -1 disconnected. 
2025-04-28 09:58:14-691 [org.springframework.kafka.KafkaListenerEndpointContainer#1-0-C-1] WARN  o.apache.kafka.clients.NetworkClient - [Consumer clientId=consumer-wallet-group-3, groupId=wallet-group] Connection to node -1 (localhost/127.0.0.1:29092) could not be established. Node may not be available. 
2025-04-28 09:58:14-691 [org.springframework.kafka.KafkaListenerEndpointContainer#1-0-C-1] WARN  o.apache.kafka.clients.NetworkClient - [Consumer clientId=consumer-wallet-group-3, groupId=wallet-group] Bootstrap broker localhost:29092 (id: -1 rack: null) disconnected 
2025-04-28 09:58:14-779 [org.springframework.kafka.KafkaListenerEndpointContainer#0-0-C-1] INFO  o.apache.kafka.clients.NetworkClient - [Consumer clientId=consumer-wallet-group-2, groupId=wallet-group] Node -1 disconnected. 
2025-04-28 09:58:14-780 [org.springframework.kafka.KafkaListenerEndpointContainer#0-0-C-1] WARN  o.apache.kafka.clients.NetworkClient - [Consumer clientId=consumer-wallet-group-2, groupId=wallet-group] Connection to node -1 (localhost/127.0.0.1:29092) could not be established. Node may not be available. 
2025-04-28 09:58:14-780 [org.springframework.kafka.KafkaListenerEndpointContainer#0-0-C-1] WARN  o.apache.kafka.clients.NetworkClient - [Consumer clientId=consumer-wallet-group-2, groupId=wallet-group] Bootstrap broker localhost:29092 (id: -1 rack: null) disconnected 
2025-04-28 09:58:14-795 [org.springframework.kafka.KafkaListenerEndpointContainer#1-0-C-1] INFO  o.apache.kafka.clients.NetworkClient - [Consumer clientId=consumer-wallet-group-3, groupId=wallet-group] Node -1 disconnected. 
2025-04-28 09:58:14-796 [org.springframework.kafka.KafkaListenerEndpointContainer#1-0-C-1] WARN  o.apache.kafka.clients.NetworkClient - [Consumer clientId=consumer-wallet-group-3, groupId=wallet-group] Connection to node -1 (localhost/127.0.0.1:29092) could not be established. Node may not be available. 
2025-04-28 09:58:14-796 [org.springframework.kafka.KafkaListenerEndpointContainer#1-0-C-1] WARN  o.apache.kafka.clients.NetworkClient - [Consumer clientId=consumer-wallet-group-3, groupId=wallet-group] Bootstrap broker localhost:29092 (id: -1 rack: null) disconnected 
2025-04-28 09:58:14-948 [repliesContainer-0-C-1] INFO  o.apache.kafka.clients.NetworkClient - [Consumer clientId=consumer-wallet-group-1, groupId=wallet-group] Node -1 disconnected. 
2025-04-28 09:58:14-949 [repliesContainer-0-C-1] WARN  o.apache.kafka.clients.NetworkClient - [Consumer clientId=consumer-wallet-group-1, groupId=wallet-group] Connection to node -1 (localhost/127.0.0.1:29092) could not be established. Node may not be available. 
2025-04-28 09:58:14-949 [repliesContainer-0-C-1] WARN  o.apache.kafka.clients.NetworkClient - [Consumer clientId=consumer-wallet-group-1, groupId=wallet-group] Bootstrap broker localhost:29092 (id: -1 rack: null) disconnected 
2025-04-28 09:58:14-959 [org.springframework.kafka.KafkaListenerEndpointContainer#1-0-C-1] INFO  o.apache.kafka.clients.NetworkClient - [Consumer clientId=consumer-wallet-group-3, groupId=wallet-group] Node -1 disconnected. 
2025-04-28 09:58:14-959 [org.springframework.kafka.KafkaListenerEndpointContainer#1-0-C-1] WARN  o.apache.kafka.clients.NetworkClient - [Consumer clientId=consumer-wallet-group-3, groupId=wallet-group] Connection to node -1 (localhost/127.0.0.1:29092) could not be established. Node may not be available. 
2025-04-28 09:58:14-959 [org.springframework.kafka.KafkaListenerEndpointContainer#1-0-C-1] WARN  o.apache.kafka.clients.NetworkClient - [Consumer clientId=consumer-wallet-group-3, groupId=wallet-group] Bootstrap broker localhost:29092 (id: -1 rack: null) disconnected 
2025-04-28 09:58:15-014 [org.springframework.kafka.KafkaListenerEndpointContainer#0-0-C-1] INFO  o.apache.kafka.clients.NetworkClient - [Consumer clientId=consumer-wallet-group-2, groupId=wallet-group] Node -1 disconnected. 
2025-04-28 09:58:15-014 [org.springframework.kafka.KafkaListenerEndpointContainer#0-0-C-1] WARN  o.apache.kafka.clients.NetworkClient - [Consumer clientId=consumer-wallet-group-2, groupId=wallet-group] Connection to node -1 (localhost/127.0.0.1:29092) could not be established. Node may not be available. 
2025-04-28 09:58:15-014 [org.springframework.kafka.KafkaListenerEndpointContainer#0-0-C-1] WARN  o.apache.kafka.clients.NetworkClient - [Consumer clientId=consumer-wallet-group-2, groupId=wallet-group] Bootstrap broker localhost:29092 (id: -1 rack: null) disconnected 
2025-04-28 09:58:15-246 [repliesContainer-0-C-1] INFO  o.a.k.c.c.i.ConsumerCoordinator - [Consumer clientId=consumer-wallet-group-1, groupId=wallet-group] Resetting generation and member id due to: consumer pro-actively leaving the group 
2025-04-28 09:58:15-246 [repliesContainer-0-C-1] INFO  o.a.k.c.c.i.ConsumerCoordinator - [Consumer clientId=consumer-wallet-group-1, groupId=wallet-group] Request joining group due to: consumer pro-actively leaving the group 
2025-04-28 09:58:15-246 [repliesContainer-0-C-1] INFO  o.a.k.c.c.i.LegacyKafkaConsumer - [Consumer clientId=consumer-wallet-group-1, groupId=wallet-group] Unsubscribed all topics or patterns and assigned partitions 
2025-04-28 09:58:15-248 [repliesContainer-0-C-1] INFO  o.a.k.c.c.i.ConsumerCoordinator - [Consumer clientId=consumer-wallet-group-1, groupId=wallet-group] Resetting generation and member id due to: consumer pro-actively leaving the group 
2025-04-28 09:58:15-249 [repliesContainer-0-C-1] INFO  o.a.k.c.c.i.ConsumerCoordinator - [Consumer clientId=consumer-wallet-group-1, groupId=wallet-group] Request joining group due to: consumer pro-actively leaving the group 
2025-04-28 09:58:15-253 [repliesContainer-0-C-1] INFO  o.a.kafka.common.metrics.Metrics - Metrics scheduler closed 
2025-04-28 09:58:15-253 [repliesContainer-0-C-1] INFO  o.a.kafka.common.metrics.Metrics - Closing reporter org.apache.kafka.common.metrics.JmxReporter 
2025-04-28 09:58:15-253 [repliesContainer-0-C-1] INFO  o.a.kafka.common.metrics.Metrics - Closing reporter org.apache.kafka.common.telemetry.internals.ClientTelemetryReporter 
2025-04-28 09:58:15-254 [repliesContainer-0-C-1] INFO  o.a.kafka.common.metrics.Metrics - Metrics reporters closed 
2025-04-28 09:58:15-259 [repliesContainer-0-C-1] INFO  o.a.kafka.common.utils.AppInfoParser - App info kafka.consumer for consumer-wallet-group-1 unregistered 
2025-04-28 09:58:15-260 [repliesContainer-0-C-1] INFO  o.s.k.l.KafkaMessageListenerContainer - wallet-group: Consumer stopped 
2025-04-28 09:58:15-263 [org.springframework.kafka.KafkaListenerEndpointContainer#0-0-C-1] INFO  o.a.k.c.c.i.ConsumerCoordinator - [Consumer clientId=consumer-wallet-group-2, groupId=wallet-group] Resetting generation and member id due to: consumer pro-actively leaving the group 
2025-04-28 09:58:15-263 [org.springframework.kafka.KafkaListenerEndpointContainer#1-0-C-1] INFO  o.a.k.c.c.i.ConsumerCoordinator - [Consumer clientId=consumer-wallet-group-3, groupId=wallet-group] Resetting generation and member id due to: consumer pro-actively leaving the group 
2025-04-28 09:58:15-264 [org.springframework.kafka.KafkaListenerEndpointContainer#1-0-C-1] INFO  o.a.k.c.c.i.ConsumerCoordinator - [Consumer clientId=consumer-wallet-group-3, groupId=wallet-group] Request joining group due to: consumer pro-actively leaving the group 
2025-04-28 09:58:15-264 [org.springframework.kafka.KafkaListenerEndpointContainer#0-0-C-1] INFO  o.a.k.c.c.i.ConsumerCoordinator - [Consumer clientId=consumer-wallet-group-2, groupId=wallet-group] Request joining group due to: consumer pro-actively leaving the group 
2025-04-28 09:58:15-264 [org.springframework.kafka.KafkaListenerEndpointContainer#1-0-C-1] INFO  o.a.k.c.c.i.LegacyKafkaConsumer - [Consumer clientId=consumer-wallet-group-3, groupId=wallet-group] Unsubscribed all topics or patterns and assigned partitions 
2025-04-28 09:58:15-264 [org.springframework.kafka.KafkaListenerEndpointContainer#0-0-C-1] INFO  o.a.k.c.c.i.LegacyKafkaConsumer - [Consumer clientId=consumer-wallet-group-2, groupId=wallet-group] Unsubscribed all topics or patterns and assigned partitions 
2025-04-28 09:58:15-264 [org.springframework.kafka.KafkaListenerEndpointContainer#0-0-C-1] INFO  o.a.k.c.c.i.ConsumerCoordinator - [Consumer clientId=consumer-wallet-group-2, groupId=wallet-group] Resetting generation and member id due to: consumer pro-actively leaving the group 
2025-04-28 09:58:15-264 [org.springframework.kafka.KafkaListenerEndpointContainer#1-0-C-1] INFO  o.a.k.c.c.i.ConsumerCoordinator - [Consumer clientId=consumer-wallet-group-3, groupId=wallet-group] Resetting generation and member id due to: consumer pro-actively leaving the group 
2025-04-28 09:58:15-265 [org.springframework.kafka.KafkaListenerEndpointContainer#0-0-C-1] INFO  o.a.k.c.c.i.ConsumerCoordinator - [Consumer clientId=consumer-wallet-group-2, groupId=wallet-group] Request joining group due to: consumer pro-actively leaving the group 
2025-04-28 09:58:15-265 [org.springframework.kafka.KafkaListenerEndpointContainer#1-0-C-1] INFO  o.a.k.c.c.i.ConsumerCoordinator - [Consumer clientId=consumer-wallet-group-3, groupId=wallet-group] Request joining group due to: consumer pro-actively leaving the group 
2025-04-28 09:58:15-266 [org.springframework.kafka.KafkaListenerEndpointContainer#1-0-C-1] INFO  o.a.kafka.common.metrics.Metrics - Metrics scheduler closed 
2025-04-28 09:58:15-266 [org.springframework.kafka.KafkaListenerEndpointContainer#0-0-C-1] INFO  o.a.kafka.common.metrics.Metrics - Metrics scheduler closed 
2025-04-28 09:58:15-266 [org.springframework.kafka.KafkaListenerEndpointContainer#1-0-C-1] INFO  o.a.kafka.common.metrics.Metrics - Closing reporter org.apache.kafka.common.metrics.JmxReporter 
2025-04-28 09:58:15-266 [org.springframework.kafka.KafkaListenerEndpointContainer#0-0-C-1] INFO  o.a.kafka.common.metrics.Metrics - Closing reporter org.apache.kafka.common.metrics.JmxReporter 
2025-04-28 09:58:15-266 [org.springframework.kafka.KafkaListenerEndpointContainer#1-0-C-1] INFO  o.a.kafka.common.metrics.Metrics - Closing reporter org.apache.kafka.common.telemetry.internals.ClientTelemetryReporter 
2025-04-28 09:58:15-266 [org.springframework.kafka.KafkaListenerEndpointContainer#0-0-C-1] INFO  o.a.kafka.common.metrics.Metrics - Closing reporter org.apache.kafka.common.telemetry.internals.ClientTelemetryReporter 
2025-04-28 09:58:15-266 [org.springframework.kafka.KafkaListenerEndpointContainer#1-0-C-1] INFO  o.a.kafka.common.metrics.Metrics - Metrics reporters closed 
2025-04-28 09:58:15-266 [org.springframework.kafka.KafkaListenerEndpointContainer#0-0-C-1] INFO  o.a.kafka.common.metrics.Metrics - Metrics reporters closed 
2025-04-28 09:58:15-270 [org.springframework.kafka.KafkaListenerEndpointContainer#1-0-C-1] INFO  o.a.kafka.common.utils.AppInfoParser - App info kafka.consumer for consumer-wallet-group-3 unregistered 
2025-04-28 09:58:15-271 [org.springframework.kafka.KafkaListenerEndpointContainer#1-0-C-1] INFO  o.s.k.l.KafkaMessageListenerContainer - wallet-group: Consumer stopped 
2025-04-28 09:58:15-271 [org.springframework.kafka.KafkaListenerEndpointContainer#0-0-C-1] INFO  o.a.kafka.common.utils.AppInfoParser - App info kafka.consumer for consumer-wallet-group-2 unregistered 
2025-04-28 09:58:15-271 [org.springframework.kafka.KafkaListenerEndpointContainer#0-0-C-1] INFO  o.s.k.l.KafkaMessageListenerContainer - wallet-group: Consumer stopped 
2025-04-28 09:58:17-365 [SpringApplicationShutdownHook] INFO  c.netflix.discovery.DiscoveryClient - Shutting down DiscoveryClient ... 
2025-04-28 09:58:20-377 [SpringApplicationShutdownHook] INFO  c.netflix.discovery.DiscoveryClient - Unregistering ... 
2025-04-28 09:58:20-400 [SpringApplicationShutdownHook] INFO  c.netflix.discovery.DiscoveryClient - DiscoveryClient_WALLET-BOOTCOIN-API/wallet-bootcoin-api:8805 - deregister  status: 200 
2025-04-28 09:58:20-400 [SpringApplicationShutdownHook] INFO  c.netflix.discovery.DiscoveryClient - Completed shut down of DiscoveryClient 
2025-04-28 10:09:17-762 [main] INFO  o.s.t.c.s.AnnotationConfigContextLoaderUtils - Could not detect default configuration classes for test class [com.bootcoin.wallet.bootcoin.api.service.WalletServiceImplTest]: WalletServiceImplTest does not declare any static, non-private, non-final, nested classes annotated with @Configuration. 
2025-04-28 10:09:25-294 [main] INFO  o.s.t.c.s.AnnotationConfigContextLoaderUtils - Could not detect default configuration classes for test class [com.bootcoin.wallet.bootcoin.api.WalletBootcoinApiApplicationTests]: WalletBootcoinApiApplicationTests does not declare any static, non-private, non-final, nested classes annotated with @Configuration. 
2025-04-28 10:09:25-471 [main] INFO  o.s.b.t.c.SpringBootTestContextBootstrapper - Found @SpringBootConfiguration com.bootcoin.wallet.bootcoin.api.WalletBootcoinApiApplication for test class com.bootcoin.wallet.bootcoin.api.WalletBootcoinApiApplicationTests 
2025-04-28 10:09:29-694 [main] INFO  c.b.w.b.a.WalletBootcoinApiApplicationTests - Starting WalletBootcoinApiApplicationTests using Java 17.0.12 with PID 18608 (started by mgarcsar in C:\Users\mgarcsar\Documents\Bootcamp\etregables\BootCoin\wallet-bootcoin-api) 
2025-04-28 10:09:29-695 [main] INFO  c.b.w.b.a.WalletBootcoinApiApplicationTests - The following 1 profile is active: "dev" 
2025-04-28 10:09:29-748 [main] INFO  o.s.c.c.c.ConfigServerConfigDataLoader - Fetching config from server at : http://config-server-bc:8888 
2025-04-28 10:09:29-749 [main] INFO  o.s.c.c.c.ConfigServerConfigDataLoader - Exception on Url - http://config-server-bc:8888:org.springframework.web.client.ResourceAccessException: I/O error on GET request for "http://config-server-bc:8888/wallet-bootcoin-api/default": config-server-bc. Will be trying the next url if available 
2025-04-28 10:09:29-749 [main] WARN  o.s.c.c.c.ConfigServerConfigDataLoader - Could not locate PropertySource ([ConfigServerConfigDataResource@6ad703cd uris = array<String>['http://config-server-bc:8888'], optional = true, profiles = 'default']): I/O error on GET request for "http://config-server-bc:8888/wallet-bootcoin-api/default": config-server-bc 
2025-04-28 10:09:29-749 [main] INFO  o.s.c.c.c.ConfigServerConfigDataLoader - Fetching config from server at : http://config-server-bc:8888 
2025-04-28 10:09:29-749 [main] INFO  o.s.c.c.c.ConfigServerConfigDataLoader - Exception on Url - http://config-server-bc:8888:org.springframework.web.client.ResourceAccessException: I/O error on GET request for "http://config-server-bc:8888/wallet-bootcoin-api/dev": config-server-bc. Will be trying the next url if available 
2025-04-28 10:09:29-749 [main] WARN  o.s.c.c.c.ConfigServerConfigDataLoader - Could not locate PropertySource ([ConfigServerConfigDataResource@45c5cd9a uris = array<String>['http://config-server-bc:8888'], optional = true, profiles = 'dev']): I/O error on GET request for "http://config-server-bc:8888/wallet-bootcoin-api/dev": config-server-bc 
2025-04-28 10:09:29-750 [main] INFO  o.s.c.c.c.ConfigServerConfigDataLoader - Fetching config from server at : http://config-server-bc:8888 
2025-04-28 10:09:29-750 [main] INFO  o.s.c.c.c.ConfigServerConfigDataLoader - Exception on Url - http://config-server-bc:8888:org.springframework.web.client.ResourceAccessException: I/O error on GET request for "http://config-server-bc:8888/wallet-bootcoin-api/default": config-server-bc. Will be trying the next url if available 
2025-04-28 10:09:29-750 [main] WARN  o.s.c.c.c.ConfigServerConfigDataLoader - Could not locate PropertySource ([ConfigServerConfigDataResource@858bf8c uris = array<String>['http://config-server-bc:8888'], optional = true, profiles = 'default']): I/O error on GET request for "http://config-server-bc:8888/wallet-bootcoin-api/default": config-server-bc 
2025-04-28 10:09:36-575 [main] INFO  o.s.d.r.c.RepositoryConfigurationDelegate - Bootstrapping Spring Data Reactive MongoDB repositories in DEFAULT mode. 
2025-04-28 10:09:36-941 [main] INFO  o.s.d.r.c.RepositoryConfigurationDelegate - Finished Spring Data repository scanning in 343 ms. Found 1 Reactive MongoDB repository interface. 
2025-04-28 10:09:37-613 [main] INFO  o.s.cloud.context.scope.GenericScope - BeanFactory id=1e23942c-be1b-3bef-82c7-541170ebcb7d 
2025-04-28 10:09:39-262 [main] INFO  org.mongodb.driver.client - MongoClient with metadata {"driver": {"name": "mongo-java-driver|reactive-streams|spring-boot", "version": "5.2.1"}, "os": {"type": "Windows", "name": "Windows 10", "architecture": "amd64", "version": "10.0"}, "platform": "Java/Oracle Corporation/17.0.12+8-LTS-286"} created with settings MongoClientSettings{readPreference=primary, writeConcern=WriteConcern{w=null, wTimeout=null ms, journal=null}, retryWrites=true, retryReads=true, readConcern=ReadConcern{level=null}, credential=null, transportSettings=NettyTransportSettings{eventLoopGroup=io.netty.channel.nio.NioEventLoopGroup@6ea8e8bc, socketChannelClass=null, allocator=null, sslContext=null}, commandListeners=[io.micrometer.core.instrument.binder.mongodb.MongoMetricsCommandListener@25e79799], codecRegistry=ProvidersCodecRegistry{codecProviders=[ValueCodecProvider{}, BsonValueCodecProvider{}, DBRefCodecProvider{}, DBObjectCodecProvider{}, DocumentCodecProvider{}, CollectionCodecProvider{}, IterableCodecProvider{}, MapCodecProvider{}, GeoJsonCodecProvider{}, GridFSFileCodecProvider{}, Jsr310CodecProvider{}, JsonObjectCodecProvider{}, BsonCodecProvider{}, EnumCodecProvider{}, com.mongodb.client.model.mql.ExpressionCodecProvider@12a22dc4, com.mongodb.Jep395RecordCodecProvider@633c8fc6, com.mongodb.KotlinCodecProvider@4a787615]}, loggerSettings=LoggerSettings{maxDocumentLength=1000}, clusterSettings={hosts=[localhost:27017], srvServiceName=mongodb, mode=SINGLE, requiredClusterType=UNKNOWN, requiredReplicaSetName='null', serverSelector='null', clusterListeners='[]', serverSelectionTimeout='30000 ms', localThreshold='15 ms'}, socketSettings=SocketSettings{connectTimeoutMS=10000, readTimeoutMS=0, receiveBufferSize=0, proxySettings=ProxySettings{host=null, port=null, username=null, password=null}}, heartbeatSocketSettings=SocketSettings{connectTimeoutMS=10000, readTimeoutMS=10000, receiveBufferSize=0, proxySettings=ProxySettings{host=null, port=null, username=null, password=null}}, connectionPoolSettings=ConnectionPoolSettings{maxSize=100, minSize=0, maxWaitTimeMS=120000, maxConnectionLifeTimeMS=0, maxConnectionIdleTimeMS=0, maintenanceInitialDelayMS=0, maintenanceFrequencyMS=60000, connectionPoolListeners=[io.micrometer.core.instrument.binder.mongodb.MongoMetricsConnectionPoolListener@53ba7b9c], maxConnecting=2}, serverSettings=ServerSettings{heartbeatFrequencyMS=10000, minHeartbeatFrequencyMS=500, serverMonitoringMode=AUTO, serverListeners='[]', serverMonitorListeners='[]'}, sslSettings=SslSettings{enabled=false, invalidHostNameAllowed=false, context=null}, applicationName='null', compressorList=[], uuidRepresentation=JAVA_LEGACY, serverApi=null, autoEncryptionSettings=null, dnsClient=null, inetAddressResolver=null, contextProvider=null, timeoutMS=null} 
2025-04-28 10:09:39-761 [cluster-ClusterId{value='680f9a32ea664a10d8661704', description='null'}-localhost:27017] INFO  org.mongodb.driver.cluster - Monitor thread successfully connected to server with description ServerDescription{address=localhost:27017, type=STANDALONE, cryptd=false, state=CONNECTED, ok=true, minWireVersion=0, maxWireVersion=25, maxDocumentSize=16777216, logicalSessionTimeoutMinutes=30, roundTripTimeNanos=244563100, minRoundTripTimeNanos=0} 
2025-04-28 10:09:43-269 [main] INFO  o.s.b.a.e.web.EndpointLinksResolver - Exposing 2 endpoints beneath base path '/actuator' 
2025-04-28 10:09:44-620 [main] INFO  o.s.c.n.e.c.DiscoveryClientOptionalArgsConfiguration - Eureka HTTP Client uses RestTemplate. 
2025-04-28 10:09:44-774 [main] WARN  o.s.c.l.c.LoadBalancerCacheAutoConfiguration$LoadBalancerCaffeineWarnLogger - Spring Cloud LoadBalancer is currently working with the default cache. While this cache implementation is useful for development and tests, it's recommended to use Caffeine cache in production.You can switch to using Caffeine cache, by adding it and org.springframework.cache.caffeine.CaffeineCacheManager to the classpath. 
2025-04-28 10:09:45-275 [main] INFO  o.a.k.c.consumer.ConsumerConfig - ConsumerConfig values: 
	allow.auto.create.topics = true
	auto.commit.interval.ms = 5000
	auto.include.jmx.reporter = true
	auto.offset.reset = latest
	bootstrap.servers = [localhost:29092]
	check.crcs = true
	client.dns.lookup = use_all_dns_ips
	client.id = consumer-wallet-group-1
	client.rack = 
	connections.max.idle.ms = 540000
	default.api.timeout.ms = 60000
	enable.auto.commit = false
	enable.metrics.push = true
	exclude.internal.topics = true
	fetch.max.bytes = 52428800
	fetch.max.wait.ms = 500
	fetch.min.bytes = 1
	group.id = wallet-group
	group.instance.id = null
	group.protocol = classic
	group.remote.assignor = null
	heartbeat.interval.ms = 3000
	interceptor.classes = []
	internal.leave.group.on.close = true
	internal.throw.on.fetch.stable.offset.unsupported = false
	isolation.level = read_uncommitted
	key.deserializer = class org.apache.kafka.common.serialization.StringDeserializer
	max.partition.fetch.bytes = 1048576
	max.poll.interval.ms = 300000
	max.poll.records = 500
	metadata.max.age.ms = 300000
	metadata.recovery.strategy = none
	metric.reporters = []
	metrics.num.samples = 2
	metrics.recording.level = INFO
	metrics.sample.window.ms = 30000
	partition.assignment.strategy = [class org.apache.kafka.clients.consumer.RangeAssignor, class org.apache.kafka.clients.consumer.CooperativeStickyAssignor]
	receive.buffer.bytes = 65536
	reconnect.backoff.max.ms = 1000
	reconnect.backoff.ms = 50
	request.timeout.ms = 30000
	retry.backoff.max.ms = 1000
	retry.backoff.ms = 100
	sasl.client.callback.handler.class = null
	sasl.jaas.config = null
	sasl.kerberos.kinit.cmd = /usr/bin/kinit
	sasl.kerberos.min.time.before.relogin = 60000
	sasl.kerberos.service.name = null
	sasl.kerberos.ticket.renew.jitter = 0.05
	sasl.kerberos.ticket.renew.window.factor = 0.8
	sasl.login.callback.handler.class = null
	sasl.login.class = null
	sasl.login.connect.timeout.ms = null
	sasl.login.read.timeout.ms = null
	sasl.login.refresh.buffer.seconds = 300
	sasl.login.refresh.min.period.seconds = 60
	sasl.login.refresh.window.factor = 0.8
	sasl.login.refresh.window.jitter = 0.05
	sasl.login.retry.backoff.max.ms = 10000
	sasl.login.retry.backoff.ms = 100
	sasl.mechanism = GSSAPI
	sasl.oauthbearer.clock.skew.seconds = 30
	sasl.oauthbearer.expected.audience = null
	sasl.oauthbearer.expected.issuer = null
	sasl.oauthbearer.jwks.endpoint.refresh.ms = 3600000
	sasl.oauthbearer.jwks.endpoint.retry.backoff.max.ms = 10000
	sasl.oauthbearer.jwks.endpoint.retry.backoff.ms = 100
	sasl.oauthbearer.jwks.endpoint.url = null
	sasl.oauthbearer.scope.claim.name = scope
	sasl.oauthbearer.sub.claim.name = sub
	sasl.oauthbearer.token.endpoint.url = null
	security.protocol = PLAINTEXT
	security.providers = null
	send.buffer.bytes = 131072
	session.timeout.ms = 45000
	socket.connection.setup.timeout.max.ms = 30000
	socket.connection.setup.timeout.ms = 10000
	ssl.cipher.suites = null
	ssl.enabled.protocols = [TLSv1.2, TLSv1.3]
	ssl.endpoint.identification.algorithm = https
	ssl.engine.factory.class = null
	ssl.key.password = null
	ssl.keymanager.algorithm = SunX509
	ssl.keystore.certificate.chain = null
	ssl.keystore.key = null
	ssl.keystore.location = null
	ssl.keystore.password = null
	ssl.keystore.type = JKS
	ssl.protocol = TLSv1.3
	ssl.provider = null
	ssl.secure.random.implementation = null
	ssl.trustmanager.algorithm = PKIX
	ssl.truststore.certificates = null
	ssl.truststore.location = null
	ssl.truststore.password = null
	ssl.truststore.type = JKS
	value.deserializer = class org.apache.kafka.common.serialization.StringDeserializer
 
2025-04-28 10:09:45-484 [main] INFO  o.a.k.c.t.i.KafkaMetricsCollector - initializing Kafka metrics collector 
2025-04-28 10:09:46-030 [main] INFO  o.a.kafka.common.utils.AppInfoParser - Kafka version: 3.8.1 
2025-04-28 10:09:46-036 [main] INFO  o.a.kafka.common.utils.AppInfoParser - Kafka commitId: 70d6ff42debf7e17 
2025-04-28 10:09:46-037 [main] INFO  o.a.kafka.common.utils.AppInfoParser - Kafka startTimeMs: 1745852986022 
2025-04-28 10:09:46-054 [main] INFO  o.a.k.c.c.i.LegacyKafkaConsumer - [Consumer clientId=consumer-wallet-group-1, groupId=wallet-group] Subscribed to topic(s): wallet-response 
2025-04-28 10:09:46-193 [main] INFO  o.s.c.n.eureka.InstanceInfoFactory - Setting initial instance status as: STARTING 
2025-04-28 10:09:46-342 [main] INFO  c.netflix.discovery.DiscoveryClient - Initializing Eureka in region us-east-1 
2025-04-28 10:09:46-366 [main] INFO  c.n.d.s.r.aws.ConfigClusterResolver - Resolving eureka endpoints via configuration 
2025-04-28 10:09:46-404 [main] INFO  c.netflix.discovery.DiscoveryClient - Disable delta property : false 
2025-04-28 10:09:46-405 [main] INFO  c.netflix.discovery.DiscoveryClient - Single vip registry refresh property : null 
2025-04-28 10:09:46-406 [main] INFO  c.netflix.discovery.DiscoveryClient - Force full registry fetch : false 
2025-04-28 10:09:46-406 [main] INFO  c.netflix.discovery.DiscoveryClient - Application is null : false 
2025-04-28 10:09:46-407 [main] INFO  c.netflix.discovery.DiscoveryClient - Registered Applications size is zero : true 
2025-04-28 10:09:46-407 [main] INFO  c.netflix.discovery.DiscoveryClient - Application version is -1: true 
2025-04-28 10:09:46-407 [main] INFO  c.netflix.discovery.DiscoveryClient - Getting all instance registry info from the eureka server 
2025-04-28 10:09:47-437 [repliesContainer-0-C-1] INFO  o.apache.kafka.clients.NetworkClient - [Consumer clientId=consumer-wallet-group-1, groupId=wallet-group] Node -1 disconnected. 
2025-04-28 10:09:47-442 [repliesContainer-0-C-1] WARN  o.apache.kafka.clients.NetworkClient - [Consumer clientId=consumer-wallet-group-1, groupId=wallet-group] Connection to node -1 (localhost/127.0.0.1:29092) could not be established. Node may not be available. 
2025-04-28 10:09:47-442 [repliesContainer-0-C-1] WARN  o.apache.kafka.clients.NetworkClient - [Consumer clientId=consumer-wallet-group-1, groupId=wallet-group] Bootstrap broker localhost:29092 (id: -1 rack: null) disconnected 
2025-04-28 10:09:47-556 [repliesContainer-0-C-1] INFO  o.apache.kafka.clients.NetworkClient - [Consumer clientId=consumer-wallet-group-1, groupId=wallet-group] Node -1 disconnected. 
2025-04-28 10:09:47-557 [repliesContainer-0-C-1] WARN  o.apache.kafka.clients.NetworkClient - [Consumer clientId=consumer-wallet-group-1, groupId=wallet-group] Connection to node -1 (localhost/127.0.0.1:29092) could not be established. Node may not be available. 
2025-04-28 10:09:47-557 [repliesContainer-0-C-1] WARN  o.apache.kafka.clients.NetworkClient - [Consumer clientId=consumer-wallet-group-1, groupId=wallet-group] Bootstrap broker localhost:29092 (id: -1 rack: null) disconnected 
2025-04-28 10:09:47-572 [main] INFO  c.netflix.discovery.DiscoveryClient - The response status is 200 
2025-04-28 10:09:47-577 [main] INFO  c.netflix.discovery.DiscoveryClient - Starting heartbeat executor: renew interval is: 30 
2025-04-28 10:09:47-583 [main] INFO  c.n.discovery.InstanceInfoReplicator - InstanceInfoReplicator onDemand update allowed rate per min is 4 
2025-04-28 10:09:47-591 [main] INFO  c.netflix.discovery.DiscoveryClient - Discovery Client initialized at timestamp 1745852987589 with initial instances count: 5 
2025-04-28 10:09:47-600 [main] INFO  o.s.c.n.e.s.EurekaServiceRegistry - Registering application WALLET-BOOTCOIN-API with eureka with status UP 
2025-04-28 10:09:47-601 [main] INFO  c.netflix.discovery.DiscoveryClient - Saw local status change event StatusChangeEvent [timestamp=1745852987601, current=UP, previous=STARTING] 
2025-04-28 10:09:47-608 [DiscoveryClient-InstanceInfoReplicator-%d] INFO  c.netflix.discovery.DiscoveryClient - DiscoveryClient_WALLET-BOOTCOIN-API/wallet-bootcoin-api:8805: registering service... 
2025-04-28 10:09:47-609 [main] INFO  o.a.k.c.consumer.ConsumerConfig - ConsumerConfig values: 
	allow.auto.create.topics = true
	auto.commit.interval.ms = 5000
	auto.include.jmx.reporter = true
	auto.offset.reset = latest
	bootstrap.servers = [localhost:29092]
	check.crcs = true
	client.dns.lookup = use_all_dns_ips
	client.id = consumer-wallet-group-2
	client.rack = 
	connections.max.idle.ms = 540000
	default.api.timeout.ms = 60000
	enable.auto.commit = false
	enable.metrics.push = true
	exclude.internal.topics = true
	fetch.max.bytes = 52428800
	fetch.max.wait.ms = 500
	fetch.min.bytes = 1
	group.id = wallet-group
	group.instance.id = null
	group.protocol = classic
	group.remote.assignor = null
	heartbeat.interval.ms = 3000
	interceptor.classes = []
	internal.leave.group.on.close = true
	internal.throw.on.fetch.stable.offset.unsupported = false
	isolation.level = read_uncommitted
	key.deserializer = class org.apache.kafka.common.serialization.StringDeserializer
	max.partition.fetch.bytes = 1048576
	max.poll.interval.ms = 300000
	max.poll.records = 500
	metadata.max.age.ms = 300000
	metadata.recovery.strategy = none
	metric.reporters = []
	metrics.num.samples = 2
	metrics.recording.level = INFO
	metrics.sample.window.ms = 30000
	partition.assignment.strategy = [class org.apache.kafka.clients.consumer.RangeAssignor, class org.apache.kafka.clients.consumer.CooperativeStickyAssignor]
	receive.buffer.bytes = 65536
	reconnect.backoff.max.ms = 1000
	reconnect.backoff.ms = 50
	request.timeout.ms = 30000
	retry.backoff.max.ms = 1000
	retry.backoff.ms = 100
	sasl.client.callback.handler.class = null
	sasl.jaas.config = null
	sasl.kerberos.kinit.cmd = /usr/bin/kinit
	sasl.kerberos.min.time.before.relogin = 60000
	sasl.kerberos.service.name = null
	sasl.kerberos.ticket.renew.jitter = 0.05
	sasl.kerberos.ticket.renew.window.factor = 0.8
	sasl.login.callback.handler.class = null
	sasl.login.class = null
	sasl.login.connect.timeout.ms = null
	sasl.login.read.timeout.ms = null
	sasl.login.refresh.buffer.seconds = 300
	sasl.login.refresh.min.period.seconds = 60
	sasl.login.refresh.window.factor = 0.8
	sasl.login.refresh.window.jitter = 0.05
	sasl.login.retry.backoff.max.ms = 10000
	sasl.login.retry.backoff.ms = 100
	sasl.mechanism = GSSAPI
	sasl.oauthbearer.clock.skew.seconds = 30
	sasl.oauthbearer.expected.audience = null
	sasl.oauthbearer.expected.issuer = null
	sasl.oauthbearer.jwks.endpoint.refresh.ms = 3600000
	sasl.oauthbearer.jwks.endpoint.retry.backoff.max.ms = 10000
	sasl.oauthbearer.jwks.endpoint.retry.backoff.ms = 100
	sasl.oauthbearer.jwks.endpoint.url = null
	sasl.oauthbearer.scope.claim.name = scope
	sasl.oauthbearer.sub.claim.name = sub
	sasl.oauthbearer.token.endpoint.url = null
	security.protocol = PLAINTEXT
	security.providers = null
	send.buffer.bytes = 131072
	session.timeout.ms = 45000
	socket.connection.setup.timeout.max.ms = 30000
	socket.connection.setup.timeout.ms = 10000
	ssl.cipher.suites = null
	ssl.enabled.protocols = [TLSv1.2, TLSv1.3]
	ssl.endpoint.identification.algorithm = https
	ssl.engine.factory.class = null
	ssl.key.password = null
	ssl.keymanager.algorithm = SunX509
	ssl.keystore.certificate.chain = null
	ssl.keystore.key = null
	ssl.keystore.location = null
	ssl.keystore.password = null
	ssl.keystore.type = JKS
	ssl.protocol = TLSv1.3
	ssl.provider = null
	ssl.secure.random.implementation = null
	ssl.trustmanager.algorithm = PKIX
	ssl.truststore.certificates = null
	ssl.truststore.location = null
	ssl.truststore.password = null
	ssl.truststore.type = JKS
	value.deserializer = class org.apache.kafka.common.serialization.StringDeserializer
 
2025-04-28 10:09:47-610 [main] INFO  o.a.k.c.t.i.KafkaMetricsCollector - initializing Kafka metrics collector 
2025-04-28 10:09:47-636 [main] INFO  o.a.kafka.common.utils.AppInfoParser - Kafka version: 3.8.1 
2025-04-28 10:09:47-636 [main] INFO  o.a.kafka.common.utils.AppInfoParser - Kafka commitId: 70d6ff42debf7e17 
2025-04-28 10:09:47-636 [main] INFO  o.a.kafka.common.utils.AppInfoParser - Kafka startTimeMs: 1745852987636 
2025-04-28 10:09:47-638 [main] INFO  o.a.k.c.c.i.LegacyKafkaConsumer - [Consumer clientId=consumer-wallet-group-2, groupId=wallet-group] Subscribed to topic(s): wallet-bootcoin-request 
2025-04-28 10:09:47-652 [main] INFO  o.a.k.c.consumer.ConsumerConfig - ConsumerConfig values: 
	allow.auto.create.topics = true
	auto.commit.interval.ms = 5000
	auto.include.jmx.reporter = true
	auto.offset.reset = latest
	bootstrap.servers = [localhost:29092]
	check.crcs = true
	client.dns.lookup = use_all_dns_ips
	client.id = consumer-wallet-group-3
	client.rack = 
	connections.max.idle.ms = 540000
	default.api.timeout.ms = 60000
	enable.auto.commit = false
	enable.metrics.push = true
	exclude.internal.topics = true
	fetch.max.bytes = 52428800
	fetch.max.wait.ms = 500
	fetch.min.bytes = 1
	group.id = wallet-group
	group.instance.id = null
	group.protocol = classic
	group.remote.assignor = null
	heartbeat.interval.ms = 3000
	interceptor.classes = []
	internal.leave.group.on.close = true
	internal.throw.on.fetch.stable.offset.unsupported = false
	isolation.level = read_uncommitted
	key.deserializer = class org.apache.kafka.common.serialization.StringDeserializer
	max.partition.fetch.bytes = 1048576
	max.poll.interval.ms = 300000
	max.poll.records = 500
	metadata.max.age.ms = 300000
	metadata.recovery.strategy = none
	metric.reporters = []
	metrics.num.samples = 2
	metrics.recording.level = INFO
	metrics.sample.window.ms = 30000
	partition.assignment.strategy = [class org.apache.kafka.clients.consumer.RangeAssignor, class org.apache.kafka.clients.consumer.CooperativeStickyAssignor]
	receive.buffer.bytes = 65536
	reconnect.backoff.max.ms = 1000
	reconnect.backoff.ms = 50
	request.timeout.ms = 30000
	retry.backoff.max.ms = 1000
	retry.backoff.ms = 100
	sasl.client.callback.handler.class = null
	sasl.jaas.config = null
	sasl.kerberos.kinit.cmd = /usr/bin/kinit
	sasl.kerberos.min.time.before.relogin = 60000
	sasl.kerberos.service.name = null
	sasl.kerberos.ticket.renew.jitter = 0.05
	sasl.kerberos.ticket.renew.window.factor = 0.8
	sasl.login.callback.handler.class = null
	sasl.login.class = null
	sasl.login.connect.timeout.ms = null
	sasl.login.read.timeout.ms = null
	sasl.login.refresh.buffer.seconds = 300
	sasl.login.refresh.min.period.seconds = 60
	sasl.login.refresh.window.factor = 0.8
	sasl.login.refresh.window.jitter = 0.05
	sasl.login.retry.backoff.max.ms = 10000
	sasl.login.retry.backoff.ms = 100
	sasl.mechanism = GSSAPI
	sasl.oauthbearer.clock.skew.seconds = 30
	sasl.oauthbearer.expected.audience = null
	sasl.oauthbearer.expected.issuer = null
	sasl.oauthbearer.jwks.endpoint.refresh.ms = 3600000
	sasl.oauthbearer.jwks.endpoint.retry.backoff.max.ms = 10000
	sasl.oauthbearer.jwks.endpoint.retry.backoff.ms = 100
	sasl.oauthbearer.jwks.endpoint.url = null
	sasl.oauthbearer.scope.claim.name = scope
	sasl.oauthbearer.sub.claim.name = sub
	sasl.oauthbearer.token.endpoint.url = null
	security.protocol = PLAINTEXT
	security.providers = null
	send.buffer.bytes = 131072
	session.timeout.ms = 45000
	socket.connection.setup.timeout.max.ms = 30000
	socket.connection.setup.timeout.ms = 10000
	ssl.cipher.suites = null
	ssl.enabled.protocols = [TLSv1.2, TLSv1.3]
	ssl.endpoint.identification.algorithm = https
	ssl.engine.factory.class = null
	ssl.key.password = null
	ssl.keymanager.algorithm = SunX509
	ssl.keystore.certificate.chain = null
	ssl.keystore.key = null
	ssl.keystore.location = null
	ssl.keystore.password = null
	ssl.keystore.type = JKS
	ssl.protocol = TLSv1.3
	ssl.provider = null
	ssl.secure.random.implementation = null
	ssl.trustmanager.algorithm = PKIX
	ssl.truststore.certificates = null
	ssl.truststore.location = null
	ssl.truststore.password = null
	ssl.truststore.type = JKS
	value.deserializer = class org.apache.kafka.common.serialization.StringDeserializer
 
2025-04-28 10:09:47-654 [main] INFO  o.a.k.c.t.i.KafkaMetricsCollector - initializing Kafka metrics collector 
2025-04-28 10:09:47-655 [org.springframework.kafka.KafkaListenerEndpointContainer#0-0-C-1] INFO  o.apache.kafka.clients.NetworkClient - [Consumer clientId=consumer-wallet-group-2, groupId=wallet-group] Node -1 disconnected. 
2025-04-28 10:09:47-655 [org.springframework.kafka.KafkaListenerEndpointContainer#0-0-C-1] WARN  o.apache.kafka.clients.NetworkClient - [Consumer clientId=consumer-wallet-group-2, groupId=wallet-group] Connection to node -1 (localhost/127.0.0.1:29092) could not be established. Node may not be available. 
2025-04-28 10:09:47-655 [org.springframework.kafka.KafkaListenerEndpointContainer#0-0-C-1] WARN  o.apache.kafka.clients.NetworkClient - [Consumer clientId=consumer-wallet-group-2, groupId=wallet-group] Bootstrap broker localhost:29092 (id: -1 rack: null) disconnected 
2025-04-28 10:09:47-691 [main] INFO  o.a.kafka.common.utils.AppInfoParser - Kafka version: 3.8.1 
2025-04-28 10:09:47-691 [main] INFO  o.a.kafka.common.utils.AppInfoParser - Kafka commitId: 70d6ff42debf7e17 
2025-04-28 10:09:47-692 [main] INFO  o.a.kafka.common.utils.AppInfoParser - Kafka startTimeMs: 1745852987691 
2025-04-28 10:09:47-689 [repliesContainer-0-C-1] INFO  o.apache.kafka.clients.NetworkClient - [Consumer clientId=consumer-wallet-group-1, groupId=wallet-group] Node -1 disconnected. 
2025-04-28 10:09:47-693 [main] INFO  o.a.k.c.c.i.LegacyKafkaConsumer - [Consumer clientId=consumer-wallet-group-3, groupId=wallet-group] Subscribed to topic(s): wallet-only-create 
2025-04-28 10:09:47-693 [repliesContainer-0-C-1] WARN  o.apache.kafka.clients.NetworkClient - [Consumer clientId=consumer-wallet-group-1, groupId=wallet-group] Connection to node -1 (localhost/127.0.0.1:29092) could not be established. Node may not be available. 
2025-04-28 10:09:47-695 [repliesContainer-0-C-1] WARN  o.apache.kafka.clients.NetworkClient - [Consumer clientId=consumer-wallet-group-1, groupId=wallet-group] Bootstrap broker localhost:29092 (id: -1 rack: null) disconnected 
2025-04-28 10:09:47-739 [org.springframework.kafka.KafkaListenerEndpointContainer#1-0-C-1] INFO  o.apache.kafka.clients.NetworkClient - [Consumer clientId=consumer-wallet-group-3, groupId=wallet-group] Node -1 disconnected. 
2025-04-28 10:09:47-740 [org.springframework.kafka.KafkaListenerEndpointContainer#1-0-C-1] WARN  o.apache.kafka.clients.NetworkClient - [Consumer clientId=consumer-wallet-group-3, groupId=wallet-group] Connection to node -1 (localhost/127.0.0.1:29092) could not be established. Node may not be available. 
2025-04-28 10:09:47-740 [org.springframework.kafka.KafkaListenerEndpointContainer#1-0-C-1] WARN  o.apache.kafka.clients.NetworkClient - [Consumer clientId=consumer-wallet-group-3, groupId=wallet-group] Bootstrap broker localhost:29092 (id: -1 rack: null) disconnected 
2025-04-28 10:09:47-762 [main] INFO  c.b.w.b.a.WalletBootcoinApiApplicationTests - Started WalletBootcoinApiApplicationTests in 21.51 seconds (process running for 34.316) 
2025-04-28 10:09:47-776 [org.springframework.kafka.KafkaListenerEndpointContainer#0-0-C-1] INFO  o.apache.kafka.clients.NetworkClient - [Consumer clientId=consumer-wallet-group-2, groupId=wallet-group] Node -1 disconnected. 
2025-04-28 10:09:47-779 [org.springframework.kafka.KafkaListenerEndpointContainer#0-0-C-1] WARN  o.apache.kafka.clients.NetworkClient - [Consumer clientId=consumer-wallet-group-2, groupId=wallet-group] Connection to node -1 (localhost/127.0.0.1:29092) could not be established. Node may not be available. 
2025-04-28 10:09:47-783 [org.springframework.kafka.KafkaListenerEndpointContainer#0-0-C-1] WARN  o.apache.kafka.clients.NetworkClient - [Consumer clientId=consumer-wallet-group-2, groupId=wallet-group] Bootstrap broker localhost:29092 (id: -1 rack: null) disconnected 
2025-04-28 10:09:47-834 [org.springframework.kafka.KafkaListenerEndpointContainer#1-0-C-1] INFO  o.apache.kafka.clients.NetworkClient - [Consumer clientId=consumer-wallet-group-3, groupId=wallet-group] Node -1 disconnected. 
2025-04-28 10:09:47-847 [DiscoveryClient-InstanceInfoReplicator-%d] INFO  c.netflix.discovery.DiscoveryClient - DiscoveryClient_WALLET-BOOTCOIN-API/wallet-bootcoin-api:8805 - registration status: 204 
2025-04-28 10:09:47-849 [org.springframework.kafka.KafkaListenerEndpointContainer#1-0-C-1] WARN  o.apache.kafka.clients.NetworkClient - [Consumer clientId=consumer-wallet-group-3, groupId=wallet-group] Connection to node -1 (localhost/127.0.0.1:29092) could not be established. Node may not be available. 
2025-04-28 10:09:47-849 [org.springframework.kafka.KafkaListenerEndpointContainer#1-0-C-1] WARN  o.apache.kafka.clients.NetworkClient - [Consumer clientId=consumer-wallet-group-3, groupId=wallet-group] Bootstrap broker localhost:29092 (id: -1 rack: null) disconnected 
2025-04-28 10:09:47-874 [SpringApplicationShutdownHook] INFO  o.s.c.n.e.s.EurekaServiceRegistry - Unregistering application WALLET-BOOTCOIN-API with eureka with status DOWN 
2025-04-28 10:09:47-876 [SpringApplicationShutdownHook] INFO  c.netflix.discovery.DiscoveryClient - Saw local status change event StatusChangeEvent [timestamp=1745852987876, current=DOWN, previous=UP] 
2025-04-28 10:09:47-877 [DiscoveryClient-InstanceInfoReplicator-%d] INFO  c.netflix.discovery.DiscoveryClient - DiscoveryClient_WALLET-BOOTCOIN-API/wallet-bootcoin-api:8805: registering service... 
2025-04-28 10:09:47-900 [repliesContainer-0-C-1] INFO  o.apache.kafka.clients.NetworkClient - [Consumer clientId=consumer-wallet-group-1, groupId=wallet-group] Node -1 disconnected. 
2025-04-28 10:09:47-901 [repliesContainer-0-C-1] WARN  o.apache.kafka.clients.NetworkClient - [Consumer clientId=consumer-wallet-group-1, groupId=wallet-group] Connection to node -1 (localhost/127.0.0.1:29092) could not be established. Node may not be available. 
2025-04-28 10:09:47-901 [repliesContainer-0-C-1] WARN  o.apache.kafka.clients.NetworkClient - [Consumer clientId=consumer-wallet-group-1, groupId=wallet-group] Bootstrap broker localhost:29092 (id: -1 rack: null) disconnected 
2025-04-28 10:09:47-916 [org.springframework.kafka.KafkaListenerEndpointContainer#0-0-C-1] INFO  o.apache.kafka.clients.NetworkClient - [Consumer clientId=consumer-wallet-group-2, groupId=wallet-group] Node -1 disconnected. 
2025-04-28 10:09:47-917 [org.springframework.kafka.KafkaListenerEndpointContainer#0-0-C-1] WARN  o.apache.kafka.clients.NetworkClient - [Consumer clientId=consumer-wallet-group-2, groupId=wallet-group] Connection to node -1 (localhost/127.0.0.1:29092) could not be established. Node may not be available. 
2025-04-28 10:09:47-917 [org.springframework.kafka.KafkaListenerEndpointContainer#0-0-C-1] WARN  o.apache.kafka.clients.NetworkClient - [Consumer clientId=consumer-wallet-group-2, groupId=wallet-group] Bootstrap broker localhost:29092 (id: -1 rack: null) disconnected 
2025-04-28 10:09:47-924 [DiscoveryClient-InstanceInfoReplicator-%d] INFO  c.netflix.discovery.DiscoveryClient - DiscoveryClient_WALLET-BOOTCOIN-API/wallet-bootcoin-api:8805 - registration status: 204 
2025-04-28 10:09:47-969 [org.springframework.kafka.KafkaListenerEndpointContainer#1-0-C-1] INFO  o.apache.kafka.clients.NetworkClient - [Consumer clientId=consumer-wallet-group-3, groupId=wallet-group] Node -1 disconnected. 
2025-04-28 10:09:47-970 [org.springframework.kafka.KafkaListenerEndpointContainer#1-0-C-1] WARN  o.apache.kafka.clients.NetworkClient - [Consumer clientId=consumer-wallet-group-3, groupId=wallet-group] Connection to node -1 (localhost/127.0.0.1:29092) could not be established. Node may not be available. 
2025-04-28 10:09:47-970 [org.springframework.kafka.KafkaListenerEndpointContainer#1-0-C-1] WARN  o.apache.kafka.clients.NetworkClient - [Consumer clientId=consumer-wallet-group-3, groupId=wallet-group] Bootstrap broker localhost:29092 (id: -1 rack: null) disconnected 
2025-04-28 10:09:48-124 [org.springframework.kafka.KafkaListenerEndpointContainer#0-0-C-1] INFO  o.apache.kafka.clients.NetworkClient - [Consumer clientId=consumer-wallet-group-2, groupId=wallet-group] Node -1 disconnected. 
2025-04-28 10:09:48-125 [org.springframework.kafka.KafkaListenerEndpointContainer#0-0-C-1] WARN  o.apache.kafka.clients.NetworkClient - [Consumer clientId=consumer-wallet-group-2, groupId=wallet-group] Connection to node -1 (localhost/127.0.0.1:29092) could not be established. Node may not be available. 
2025-04-28 10:09:48-125 [org.springframework.kafka.KafkaListenerEndpointContainer#0-0-C-1] WARN  o.apache.kafka.clients.NetworkClient - [Consumer clientId=consumer-wallet-group-2, groupId=wallet-group] Bootstrap broker localhost:29092 (id: -1 rack: null) disconnected 
2025-04-28 10:09:48-173 [org.springframework.kafka.KafkaListenerEndpointContainer#1-0-C-1] INFO  o.apache.kafka.clients.NetworkClient - [Consumer clientId=consumer-wallet-group-3, groupId=wallet-group] Node -1 disconnected. 
2025-04-28 10:09:48-174 [org.springframework.kafka.KafkaListenerEndpointContainer#1-0-C-1] WARN  o.apache.kafka.clients.NetworkClient - [Consumer clientId=consumer-wallet-group-3, groupId=wallet-group] Connection to node -1 (localhost/127.0.0.1:29092) could not be established. Node may not be available. 
2025-04-28 10:09:48-175 [org.springframework.kafka.KafkaListenerEndpointContainer#1-0-C-1] WARN  o.apache.kafka.clients.NetworkClient - [Consumer clientId=consumer-wallet-group-3, groupId=wallet-group] Bootstrap broker localhost:29092 (id: -1 rack: null) disconnected 
2025-04-28 10:09:48-257 [repliesContainer-0-C-1] INFO  o.apache.kafka.clients.NetworkClient - [Consumer clientId=consumer-wallet-group-1, groupId=wallet-group] Node -1 disconnected. 
2025-04-28 10:09:48-258 [repliesContainer-0-C-1] WARN  o.apache.kafka.clients.NetworkClient - [Consumer clientId=consumer-wallet-group-1, groupId=wallet-group] Connection to node -1 (localhost/127.0.0.1:29092) could not be established. Node may not be available. 
2025-04-28 10:09:48-259 [repliesContainer-0-C-1] WARN  o.apache.kafka.clients.NetworkClient - [Consumer clientId=consumer-wallet-group-1, groupId=wallet-group] Bootstrap broker localhost:29092 (id: -1 rack: null) disconnected 
2025-04-28 10:09:48-598 [org.springframework.kafka.KafkaListenerEndpointContainer#0-0-C-1] INFO  o.apache.kafka.clients.NetworkClient - [Consumer clientId=consumer-wallet-group-2, groupId=wallet-group] Node -1 disconnected. 
2025-04-28 10:09:48-599 [org.springframework.kafka.KafkaListenerEndpointContainer#0-0-C-1] WARN  o.apache.kafka.clients.NetworkClient - [Consumer clientId=consumer-wallet-group-2, groupId=wallet-group] Connection to node -1 (localhost/127.0.0.1:29092) could not be established. Node may not be available. 
2025-04-28 10:09:48-599 [org.springframework.kafka.KafkaListenerEndpointContainer#0-0-C-1] WARN  o.apache.kafka.clients.NetworkClient - [Consumer clientId=consumer-wallet-group-2, groupId=wallet-group] Bootstrap broker localhost:29092 (id: -1 rack: null) disconnected 
2025-04-28 10:09:48-676 [org.springframework.kafka.KafkaListenerEndpointContainer#1-0-C-1] INFO  o.apache.kafka.clients.NetworkClient - [Consumer clientId=consumer-wallet-group-3, groupId=wallet-group] Node -1 disconnected. 
2025-04-28 10:09:48-677 [org.springframework.kafka.KafkaListenerEndpointContainer#1-0-C-1] WARN  o.apache.kafka.clients.NetworkClient - [Consumer clientId=consumer-wallet-group-3, groupId=wallet-group] Connection to node -1 (localhost/127.0.0.1:29092) could not be established. Node may not be available. 
2025-04-28 10:09:48-678 [org.springframework.kafka.KafkaListenerEndpointContainer#1-0-C-1] WARN  o.apache.kafka.clients.NetworkClient - [Consumer clientId=consumer-wallet-group-3, groupId=wallet-group] Bootstrap broker localhost:29092 (id: -1 rack: null) disconnected 
2025-04-28 10:09:48-808 [repliesContainer-0-C-1] INFO  o.a.k.c.c.i.ConsumerCoordinator - [Consumer clientId=consumer-wallet-group-1, groupId=wallet-group] Resetting generation and member id due to: consumer pro-actively leaving the group 
2025-04-28 10:09:48-809 [repliesContainer-0-C-1] INFO  o.a.k.c.c.i.ConsumerCoordinator - [Consumer clientId=consumer-wallet-group-1, groupId=wallet-group] Request joining group due to: consumer pro-actively leaving the group 
2025-04-28 10:09:48-809 [repliesContainer-0-C-1] INFO  o.a.k.c.c.i.LegacyKafkaConsumer - [Consumer clientId=consumer-wallet-group-1, groupId=wallet-group] Unsubscribed all topics or patterns and assigned partitions 
2025-04-28 10:09:48-813 [repliesContainer-0-C-1] INFO  o.a.k.c.c.i.ConsumerCoordinator - [Consumer clientId=consumer-wallet-group-1, groupId=wallet-group] Resetting generation and member id due to: consumer pro-actively leaving the group 
2025-04-28 10:09:48-814 [repliesContainer-0-C-1] INFO  o.a.k.c.c.i.ConsumerCoordinator - [Consumer clientId=consumer-wallet-group-1, groupId=wallet-group] Request joining group due to: consumer pro-actively leaving the group 
2025-04-28 10:09:48-822 [repliesContainer-0-C-1] INFO  o.a.kafka.common.metrics.Metrics - Metrics scheduler closed 
2025-04-28 10:09:48-822 [repliesContainer-0-C-1] INFO  o.a.kafka.common.metrics.Metrics - Closing reporter org.apache.kafka.common.metrics.JmxReporter 
2025-04-28 10:09:48-823 [repliesContainer-0-C-1] INFO  o.a.kafka.common.metrics.Metrics - Closing reporter org.apache.kafka.common.telemetry.internals.ClientTelemetryReporter 
2025-04-28 10:09:48-823 [repliesContainer-0-C-1] INFO  o.a.kafka.common.metrics.Metrics - Metrics reporters closed 
2025-04-28 10:09:48-831 [repliesContainer-0-C-1] INFO  o.a.kafka.common.utils.AppInfoParser - App info kafka.consumer for consumer-wallet-group-1 unregistered 
2025-04-28 10:09:48-832 [repliesContainer-0-C-1] INFO  o.s.k.l.KafkaMessageListenerContainer - wallet-group: Consumer stopped 
2025-04-28 10:09:48-836 [org.springframework.kafka.KafkaListenerEndpointContainer#1-0-C-1] INFO  o.a.k.c.c.i.ConsumerCoordinator - [Consumer clientId=consumer-wallet-group-3, groupId=wallet-group] Resetting generation and member id due to: consumer pro-actively leaving the group 
2025-04-28 10:09:48-837 [org.springframework.kafka.KafkaListenerEndpointContainer#1-0-C-1] INFO  o.a.k.c.c.i.ConsumerCoordinator - [Consumer clientId=consumer-wallet-group-3, groupId=wallet-group] Request joining group due to: consumer pro-actively leaving the group 
2025-04-28 10:09:48-837 [org.springframework.kafka.KafkaListenerEndpointContainer#1-0-C-1] INFO  o.a.k.c.c.i.LegacyKafkaConsumer - [Consumer clientId=consumer-wallet-group-3, groupId=wallet-group] Unsubscribed all topics or patterns and assigned partitions 
2025-04-28 10:09:48-837 [org.springframework.kafka.KafkaListenerEndpointContainer#0-0-C-1] INFO  o.a.k.c.c.i.ConsumerCoordinator - [Consumer clientId=consumer-wallet-group-2, groupId=wallet-group] Resetting generation and member id due to: consumer pro-actively leaving the group 
2025-04-28 10:09:48-837 [org.springframework.kafka.KafkaListenerEndpointContainer#0-0-C-1] INFO  o.a.k.c.c.i.ConsumerCoordinator - [Consumer clientId=consumer-wallet-group-2, groupId=wallet-group] Request joining group due to: consumer pro-actively leaving the group 
2025-04-28 10:09:48-837 [org.springframework.kafka.KafkaListenerEndpointContainer#1-0-C-1] INFO  o.a.k.c.c.i.ConsumerCoordinator - [Consumer clientId=consumer-wallet-group-3, groupId=wallet-group] Resetting generation and member id due to: consumer pro-actively leaving the group 
2025-04-28 10:09:48-838 [org.springframework.kafka.KafkaListenerEndpointContainer#0-0-C-1] INFO  o.a.k.c.c.i.LegacyKafkaConsumer - [Consumer clientId=consumer-wallet-group-2, groupId=wallet-group] Unsubscribed all topics or patterns and assigned partitions 
2025-04-28 10:09:48-838 [org.springframework.kafka.KafkaListenerEndpointContainer#1-0-C-1] INFO  o.a.k.c.c.i.ConsumerCoordinator - [Consumer clientId=consumer-wallet-group-3, groupId=wallet-group] Request joining group due to: consumer pro-actively leaving the group 
2025-04-28 10:09:48-838 [org.springframework.kafka.KafkaListenerEndpointContainer#0-0-C-1] INFO  o.a.k.c.c.i.ConsumerCoordinator - [Consumer clientId=consumer-wallet-group-2, groupId=wallet-group] Resetting generation and member id due to: consumer pro-actively leaving the group 
2025-04-28 10:09:48-839 [org.springframework.kafka.KafkaListenerEndpointContainer#0-0-C-1] INFO  o.a.k.c.c.i.ConsumerCoordinator - [Consumer clientId=consumer-wallet-group-2, groupId=wallet-group] Request joining group due to: consumer pro-actively leaving the group 
2025-04-28 10:09:48-839 [org.springframework.kafka.KafkaListenerEndpointContainer#1-0-C-1] INFO  o.a.kafka.common.metrics.Metrics - Metrics scheduler closed 
2025-04-28 10:09:48-839 [org.springframework.kafka.KafkaListenerEndpointContainer#1-0-C-1] INFO  o.a.kafka.common.metrics.Metrics - Closing reporter org.apache.kafka.common.metrics.JmxReporter 
2025-04-28 10:09:48-840 [org.springframework.kafka.KafkaListenerEndpointContainer#0-0-C-1] INFO  o.a.kafka.common.metrics.Metrics - Metrics scheduler closed 
2025-04-28 10:09:48-840 [org.springframework.kafka.KafkaListenerEndpointContainer#1-0-C-1] INFO  o.a.kafka.common.metrics.Metrics - Closing reporter org.apache.kafka.common.telemetry.internals.ClientTelemetryReporter 
2025-04-28 10:09:48-840 [org.springframework.kafka.KafkaListenerEndpointContainer#0-0-C-1] INFO  o.a.kafka.common.metrics.Metrics - Closing reporter org.apache.kafka.common.metrics.JmxReporter 
2025-04-28 10:09:48-840 [org.springframework.kafka.KafkaListenerEndpointContainer#1-0-C-1] INFO  o.a.kafka.common.metrics.Metrics - Metrics reporters closed 
2025-04-28 10:09:48-841 [org.springframework.kafka.KafkaListenerEndpointContainer#0-0-C-1] INFO  o.a.kafka.common.metrics.Metrics - Closing reporter org.apache.kafka.common.telemetry.internals.ClientTelemetryReporter 
2025-04-28 10:09:48-841 [org.springframework.kafka.KafkaListenerEndpointContainer#0-0-C-1] INFO  o.a.kafka.common.metrics.Metrics - Metrics reporters closed 
2025-04-28 10:09:48-850 [org.springframework.kafka.KafkaListenerEndpointContainer#1-0-C-1] INFO  o.a.kafka.common.utils.AppInfoParser - App info kafka.consumer for consumer-wallet-group-3 unregistered 
2025-04-28 10:09:48-851 [org.springframework.kafka.KafkaListenerEndpointContainer#1-0-C-1] INFO  o.s.k.l.KafkaMessageListenerContainer - wallet-group: Consumer stopped 
2025-04-28 10:09:48-851 [org.springframework.kafka.KafkaListenerEndpointContainer#0-0-C-1] INFO  o.a.kafka.common.utils.AppInfoParser - App info kafka.consumer for consumer-wallet-group-2 unregistered 
2025-04-28 10:09:48-851 [org.springframework.kafka.KafkaListenerEndpointContainer#0-0-C-1] INFO  o.s.k.l.KafkaMessageListenerContainer - wallet-group: Consumer stopped 
2025-04-28 10:09:50-980 [SpringApplicationShutdownHook] INFO  c.netflix.discovery.DiscoveryClient - Shutting down DiscoveryClient ... 
2025-04-28 10:09:53-990 [SpringApplicationShutdownHook] INFO  c.netflix.discovery.DiscoveryClient - Unregistering ... 
2025-04-28 10:09:54-012 [SpringApplicationShutdownHook] INFO  c.netflix.discovery.DiscoveryClient - DiscoveryClient_WALLET-BOOTCOIN-API/wallet-bootcoin-api:8805 - deregister  status: 200 
2025-04-28 10:09:54-013 [SpringApplicationShutdownHook] INFO  c.netflix.discovery.DiscoveryClient - Completed shut down of DiscoveryClient 
2025-04-28 10:27:15-354 [main] INFO  o.s.t.c.s.AnnotationConfigContextLoaderUtils - Could not detect default configuration classes for test class [com.bootcoin.wallet.bootcoin.api.service.WalletServiceImplTest]: WalletServiceImplTest does not declare any static, non-private, non-final, nested classes annotated with @Configuration. 
2025-04-28 10:27:21-192 [main] INFO  o.s.t.c.s.AnnotationConfigContextLoaderUtils - Could not detect default configuration classes for test class [com.bootcoin.wallet.bootcoin.api.WalletBootcoinApiApplicationTests]: WalletBootcoinApiApplicationTests does not declare any static, non-private, non-final, nested classes annotated with @Configuration. 
2025-04-28 10:27:21-419 [main] INFO  o.s.b.t.c.SpringBootTestContextBootstrapper - Found @SpringBootConfiguration com.bootcoin.wallet.bootcoin.api.WalletBootcoinApiApplication for test class com.bootcoin.wallet.bootcoin.api.WalletBootcoinApiApplicationTests 
2025-04-28 10:27:27-685 [main] INFO  c.b.w.b.a.WalletBootcoinApiApplicationTests - Starting WalletBootcoinApiApplicationTests using Java 17.0.12 with PID 1784 (started by mgarcsar in C:\Users\mgarcsar\Documents\Bootcamp\etregables\BootCoin\wallet-bootcoin-api) 
2025-04-28 10:27:27-690 [main] INFO  c.b.w.b.a.WalletBootcoinApiApplicationTests - The following 1 profile is active: "dev" 
2025-04-28 10:27:27-785 [main] INFO  o.s.c.c.c.ConfigServerConfigDataLoader - Fetching config from server at : http://config-server-bc:8888 
2025-04-28 10:27:27-786 [main] INFO  o.s.c.c.c.ConfigServerConfigDataLoader - Exception on Url - http://config-server-bc:8888:org.springframework.web.client.ResourceAccessException: I/O error on GET request for "http://config-server-bc:8888/wallet-bootcoin-api/default": config-server-bc. Will be trying the next url if available 
2025-04-28 10:27:27-787 [main] WARN  o.s.c.c.c.ConfigServerConfigDataLoader - Could not locate PropertySource ([ConfigServerConfigDataResource@5d237827 uris = array<String>['http://config-server-bc:8888'], optional = true, profiles = 'default']): I/O error on GET request for "http://config-server-bc:8888/wallet-bootcoin-api/default": config-server-bc 
2025-04-28 10:27:27-788 [main] INFO  o.s.c.c.c.ConfigServerConfigDataLoader - Fetching config from server at : http://config-server-bc:8888 
2025-04-28 10:27:27-788 [main] INFO  o.s.c.c.c.ConfigServerConfigDataLoader - Exception on Url - http://config-server-bc:8888:org.springframework.web.client.ResourceAccessException: I/O error on GET request for "http://config-server-bc:8888/wallet-bootcoin-api/dev": config-server-bc. Will be trying the next url if available 
2025-04-28 10:27:27-788 [main] WARN  o.s.c.c.c.ConfigServerConfigDataLoader - Could not locate PropertySource ([ConfigServerConfigDataResource@858bf8c uris = array<String>['http://config-server-bc:8888'], optional = true, profiles = 'dev']): I/O error on GET request for "http://config-server-bc:8888/wallet-bootcoin-api/dev": config-server-bc 
2025-04-28 10:27:27-788 [main] INFO  o.s.c.c.c.ConfigServerConfigDataLoader - Fetching config from server at : http://config-server-bc:8888 
2025-04-28 10:27:27-788 [main] INFO  o.s.c.c.c.ConfigServerConfigDataLoader - Exception on Url - http://config-server-bc:8888:org.springframework.web.client.ResourceAccessException: I/O error on GET request for "http://config-server-bc:8888/wallet-bootcoin-api/default": config-server-bc. Will be trying the next url if available 
2025-04-28 10:27:27-789 [main] WARN  o.s.c.c.c.ConfigServerConfigDataLoader - Could not locate PropertySource ([ConfigServerConfigDataResource@30c1447e uris = array<String>['http://config-server-bc:8888'], optional = true, profiles = 'default']): I/O error on GET request for "http://config-server-bc:8888/wallet-bootcoin-api/default": config-server-bc 
2025-04-28 10:27:30-171 [main] INFO  o.s.d.r.c.RepositoryConfigurationDelegate - Bootstrapping Spring Data Reactive MongoDB repositories in DEFAULT mode. 
2025-04-28 10:27:30-511 [main] INFO  o.s.d.r.c.RepositoryConfigurationDelegate - Finished Spring Data repository scanning in 324 ms. Found 1 Reactive MongoDB repository interface. 
2025-04-28 10:27:31-169 [main] INFO  o.s.cloud.context.scope.GenericScope - BeanFactory id=1e23942c-be1b-3bef-82c7-541170ebcb7d 
2025-04-28 10:27:33-314 [main] INFO  org.mongodb.driver.client - MongoClient with metadata {"driver": {"name": "mongo-java-driver|reactive-streams|spring-boot", "version": "5.2.1"}, "os": {"type": "Windows", "name": "Windows 10", "architecture": "amd64", "version": "10.0"}, "platform": "Java/Oracle Corporation/17.0.12+8-LTS-286"} created with settings MongoClientSettings{readPreference=primary, writeConcern=WriteConcern{w=null, wTimeout=null ms, journal=null}, retryWrites=true, retryReads=true, readConcern=ReadConcern{level=null}, credential=null, transportSettings=NettyTransportSettings{eventLoopGroup=io.netty.channel.nio.NioEventLoopGroup@a200a54, socketChannelClass=null, allocator=null, sslContext=null}, commandListeners=[io.micrometer.core.instrument.binder.mongodb.MongoMetricsCommandListener@347e6bc6], codecRegistry=ProvidersCodecRegistry{codecProviders=[ValueCodecProvider{}, BsonValueCodecProvider{}, DBRefCodecProvider{}, DBObjectCodecProvider{}, DocumentCodecProvider{}, CollectionCodecProvider{}, IterableCodecProvider{}, MapCodecProvider{}, GeoJsonCodecProvider{}, GridFSFileCodecProvider{}, Jsr310CodecProvider{}, JsonObjectCodecProvider{}, BsonCodecProvider{}, EnumCodecProvider{}, com.mongodb.client.model.mql.ExpressionCodecProvider@330a0dbb, com.mongodb.Jep395RecordCodecProvider@47c81691, com.mongodb.KotlinCodecProvider@4db0d696]}, loggerSettings=LoggerSettings{maxDocumentLength=1000}, clusterSettings={hosts=[localhost:27017], srvServiceName=mongodb, mode=SINGLE, requiredClusterType=UNKNOWN, requiredReplicaSetName='null', serverSelector='null', clusterListeners='[]', serverSelectionTimeout='30000 ms', localThreshold='15 ms'}, socketSettings=SocketSettings{connectTimeoutMS=10000, readTimeoutMS=0, receiveBufferSize=0, proxySettings=ProxySettings{host=null, port=null, username=null, password=null}}, heartbeatSocketSettings=SocketSettings{connectTimeoutMS=10000, readTimeoutMS=10000, receiveBufferSize=0, proxySettings=ProxySettings{host=null, port=null, username=null, password=null}}, connectionPoolSettings=ConnectionPoolSettings{maxSize=100, minSize=0, maxWaitTimeMS=120000, maxConnectionLifeTimeMS=0, maxConnectionIdleTimeMS=0, maintenanceInitialDelayMS=0, maintenanceFrequencyMS=60000, connectionPoolListeners=[io.micrometer.core.instrument.binder.mongodb.MongoMetricsConnectionPoolListener@a57b4bd], maxConnecting=2}, serverSettings=ServerSettings{heartbeatFrequencyMS=10000, minHeartbeatFrequencyMS=500, serverMonitoringMode=AUTO, serverListeners='[]', serverMonitorListeners='[]'}, sslSettings=SslSettings{enabled=false, invalidHostNameAllowed=false, context=null}, applicationName='null', compressorList=[], uuidRepresentation=JAVA_LEGACY, serverApi=null, autoEncryptionSettings=null, dnsClient=null, inetAddressResolver=null, contextProvider=null, timeoutMS=null} 
2025-04-28 10:27:34-336 [cluster-ClusterId{value='680f9e64cf48365e446aea70', description='null'}-localhost:27017] INFO  org.mongodb.driver.cluster - Monitor thread successfully connected to server with description ServerDescription{address=localhost:27017, type=STANDALONE, cryptd=false, state=CONNECTED, ok=true, minWireVersion=0, maxWireVersion=25, maxDocumentSize=16777216, logicalSessionTimeoutMinutes=30, roundTripTimeNanos=325815000, minRoundTripTimeNanos=0} 
2025-04-28 10:27:37-292 [main] INFO  o.s.b.a.e.web.EndpointLinksResolver - Exposing 2 endpoints beneath base path '/actuator' 
2025-04-28 10:27:39-418 [main] INFO  o.s.c.n.e.c.DiscoveryClientOptionalArgsConfiguration - Eureka HTTP Client uses RestTemplate. 
2025-04-28 10:27:39-667 [main] WARN  o.s.c.l.c.LoadBalancerCacheAutoConfiguration$LoadBalancerCaffeineWarnLogger - Spring Cloud LoadBalancer is currently working with the default cache. While this cache implementation is useful for development and tests, it's recommended to use Caffeine cache in production.You can switch to using Caffeine cache, by adding it and org.springframework.cache.caffeine.CaffeineCacheManager to the classpath. 
2025-04-28 10:27:40-031 [main] INFO  o.a.k.c.consumer.ConsumerConfig - ConsumerConfig values: 
	allow.auto.create.topics = true
	auto.commit.interval.ms = 5000
	auto.include.jmx.reporter = true
	auto.offset.reset = latest
	bootstrap.servers = [localhost:29092]
	check.crcs = true
	client.dns.lookup = use_all_dns_ips
	client.id = consumer-wallet-group-1
	client.rack = 
	connections.max.idle.ms = 540000
	default.api.timeout.ms = 60000
	enable.auto.commit = false
	enable.metrics.push = true
	exclude.internal.topics = true
	fetch.max.bytes = 52428800
	fetch.max.wait.ms = 500
	fetch.min.bytes = 1
	group.id = wallet-group
	group.instance.id = null
	group.protocol = classic
	group.remote.assignor = null
	heartbeat.interval.ms = 3000
	interceptor.classes = []
	internal.leave.group.on.close = true
	internal.throw.on.fetch.stable.offset.unsupported = false
	isolation.level = read_uncommitted
	key.deserializer = class org.apache.kafka.common.serialization.StringDeserializer
	max.partition.fetch.bytes = 1048576
	max.poll.interval.ms = 300000
	max.poll.records = 500
	metadata.max.age.ms = 300000
	metadata.recovery.strategy = none
	metric.reporters = []
	metrics.num.samples = 2
	metrics.recording.level = INFO
	metrics.sample.window.ms = 30000
	partition.assignment.strategy = [class org.apache.kafka.clients.consumer.RangeAssignor, class org.apache.kafka.clients.consumer.CooperativeStickyAssignor]
	receive.buffer.bytes = 65536
	reconnect.backoff.max.ms = 1000
	reconnect.backoff.ms = 50
	request.timeout.ms = 30000
	retry.backoff.max.ms = 1000
	retry.backoff.ms = 100
	sasl.client.callback.handler.class = null
	sasl.jaas.config = null
	sasl.kerberos.kinit.cmd = /usr/bin/kinit
	sasl.kerberos.min.time.before.relogin = 60000
	sasl.kerberos.service.name = null
	sasl.kerberos.ticket.renew.jitter = 0.05
	sasl.kerberos.ticket.renew.window.factor = 0.8
	sasl.login.callback.handler.class = null
	sasl.login.class = null
	sasl.login.connect.timeout.ms = null
	sasl.login.read.timeout.ms = null
	sasl.login.refresh.buffer.seconds = 300
	sasl.login.refresh.min.period.seconds = 60
	sasl.login.refresh.window.factor = 0.8
	sasl.login.refresh.window.jitter = 0.05
	sasl.login.retry.backoff.max.ms = 10000
	sasl.login.retry.backoff.ms = 100
	sasl.mechanism = GSSAPI
	sasl.oauthbearer.clock.skew.seconds = 30
	sasl.oauthbearer.expected.audience = null
	sasl.oauthbearer.expected.issuer = null
	sasl.oauthbearer.jwks.endpoint.refresh.ms = 3600000
	sasl.oauthbearer.jwks.endpoint.retry.backoff.max.ms = 10000
	sasl.oauthbearer.jwks.endpoint.retry.backoff.ms = 100
	sasl.oauthbearer.jwks.endpoint.url = null
	sasl.oauthbearer.scope.claim.name = scope
	sasl.oauthbearer.sub.claim.name = sub
	sasl.oauthbearer.token.endpoint.url = null
	security.protocol = PLAINTEXT
	security.providers = null
	send.buffer.bytes = 131072
	session.timeout.ms = 45000
	socket.connection.setup.timeout.max.ms = 30000
	socket.connection.setup.timeout.ms = 10000
	ssl.cipher.suites = null
	ssl.enabled.protocols = [TLSv1.2, TLSv1.3]
	ssl.endpoint.identification.algorithm = https
	ssl.engine.factory.class = null
	ssl.key.password = null
	ssl.keymanager.algorithm = SunX509
	ssl.keystore.certificate.chain = null
	ssl.keystore.key = null
	ssl.keystore.location = null
	ssl.keystore.password = null
	ssl.keystore.type = JKS
	ssl.protocol = TLSv1.3
	ssl.provider = null
	ssl.secure.random.implementation = null
	ssl.trustmanager.algorithm = PKIX
	ssl.truststore.certificates = null
	ssl.truststore.location = null
	ssl.truststore.password = null
	ssl.truststore.type = JKS
	value.deserializer = class org.apache.kafka.common.serialization.StringDeserializer
 
2025-04-28 10:27:40-167 [main] INFO  o.a.k.c.t.i.KafkaMetricsCollector - initializing Kafka metrics collector 
2025-04-28 10:27:40-545 [main] INFO  o.a.kafka.common.utils.AppInfoParser - Kafka version: 3.8.1 
2025-04-28 10:27:40-550 [main] INFO  o.a.kafka.common.utils.AppInfoParser - Kafka commitId: 70d6ff42debf7e17 
2025-04-28 10:27:40-550 [main] INFO  o.a.kafka.common.utils.AppInfoParser - Kafka startTimeMs: 1745854060542 
2025-04-28 10:27:40-560 [main] INFO  o.a.k.c.c.i.LegacyKafkaConsumer - [Consumer clientId=consumer-wallet-group-1, groupId=wallet-group] Subscribed to topic(s): wallet-response 
2025-04-28 10:27:40-626 [main] INFO  o.s.c.n.eureka.InstanceInfoFactory - Setting initial instance status as: STARTING 
2025-04-28 10:27:40-749 [main] INFO  c.netflix.discovery.DiscoveryClient - Initializing Eureka in region us-east-1 
2025-04-28 10:27:40-762 [main] INFO  c.n.d.s.r.aws.ConfigClusterResolver - Resolving eureka endpoints via configuration 
2025-04-28 10:27:40-804 [main] INFO  c.netflix.discovery.DiscoveryClient - Disable delta property : false 
2025-04-28 10:27:40-804 [main] INFO  c.netflix.discovery.DiscoveryClient - Single vip registry refresh property : null 
2025-04-28 10:27:40-805 [main] INFO  c.netflix.discovery.DiscoveryClient - Force full registry fetch : false 
2025-04-28 10:27:40-805 [main] INFO  c.netflix.discovery.DiscoveryClient - Application is null : false 
2025-04-28 10:27:40-805 [main] INFO  c.netflix.discovery.DiscoveryClient - Registered Applications size is zero : true 
2025-04-28 10:27:40-806 [main] INFO  c.netflix.discovery.DiscoveryClient - Application version is -1: true 
2025-04-28 10:27:40-806 [main] INFO  c.netflix.discovery.DiscoveryClient - Getting all instance registry info from the eureka server 
2025-04-28 10:27:41-895 [repliesContainer-0-C-1] INFO  o.apache.kafka.clients.NetworkClient - [Consumer clientId=consumer-wallet-group-1, groupId=wallet-group] Node -1 disconnected. 
2025-04-28 10:27:41-901 [repliesContainer-0-C-1] WARN  o.apache.kafka.clients.NetworkClient - [Consumer clientId=consumer-wallet-group-1, groupId=wallet-group] Connection to node -1 (localhost/127.0.0.1:29092) could not be established. Node may not be available. 
2025-04-28 10:27:41-902 [repliesContainer-0-C-1] WARN  o.apache.kafka.clients.NetworkClient - [Consumer clientId=consumer-wallet-group-1, groupId=wallet-group] Bootstrap broker localhost:29092 (id: -1 rack: null) disconnected 
2025-04-28 10:27:42-002 [repliesContainer-0-C-1] INFO  o.apache.kafka.clients.NetworkClient - [Consumer clientId=consumer-wallet-group-1, groupId=wallet-group] Node -1 disconnected. 
2025-04-28 10:27:42-006 [repliesContainer-0-C-1] WARN  o.apache.kafka.clients.NetworkClient - [Consumer clientId=consumer-wallet-group-1, groupId=wallet-group] Connection to node -1 (localhost/127.0.0.1:29092) could not be established. Node may not be available. 
2025-04-28 10:27:42-007 [repliesContainer-0-C-1] WARN  o.apache.kafka.clients.NetworkClient - [Consumer clientId=consumer-wallet-group-1, groupId=wallet-group] Bootstrap broker localhost:29092 (id: -1 rack: null) disconnected 
2025-04-28 10:27:42-110 [main] INFO  c.netflix.discovery.DiscoveryClient - The response status is 200 
2025-04-28 10:27:42-116 [main] INFO  c.netflix.discovery.DiscoveryClient - Starting heartbeat executor: renew interval is: 30 
2025-04-28 10:27:42-123 [main] INFO  c.n.discovery.InstanceInfoReplicator - InstanceInfoReplicator onDemand update allowed rate per min is 4 
2025-04-28 10:27:42-128 [repliesContainer-0-C-1] INFO  o.apache.kafka.clients.NetworkClient - [Consumer clientId=consumer-wallet-group-1, groupId=wallet-group] Node -1 disconnected. 
2025-04-28 10:27:42-128 [main] INFO  c.netflix.discovery.DiscoveryClient - Discovery Client initialized at timestamp 1745854062127 with initial instances count: 4 
2025-04-28 10:27:42-128 [repliesContainer-0-C-1] WARN  o.apache.kafka.clients.NetworkClient - [Consumer clientId=consumer-wallet-group-1, groupId=wallet-group] Connection to node -1 (localhost/127.0.0.1:29092) could not be established. Node may not be available. 
2025-04-28 10:27:42-129 [repliesContainer-0-C-1] WARN  o.apache.kafka.clients.NetworkClient - [Consumer clientId=consumer-wallet-group-1, groupId=wallet-group] Bootstrap broker localhost:29092 (id: -1 rack: null) disconnected 
2025-04-28 10:27:42-136 [main] INFO  o.s.c.n.e.s.EurekaServiceRegistry - Registering application WALLET-BOOTCOIN-API with eureka with status UP 
2025-04-28 10:27:42-138 [main] INFO  c.netflix.discovery.DiscoveryClient - Saw local status change event StatusChangeEvent [timestamp=1745854062138, current=UP, previous=STARTING] 
2025-04-28 10:27:42-144 [DiscoveryClient-InstanceInfoReplicator-%d] INFO  c.netflix.discovery.DiscoveryClient - DiscoveryClient_WALLET-BOOTCOIN-API/wallet-bootcoin-api:8805: registering service... 
2025-04-28 10:27:42-144 [main] INFO  o.a.k.c.consumer.ConsumerConfig - ConsumerConfig values: 
	allow.auto.create.topics = true
	auto.commit.interval.ms = 5000
	auto.include.jmx.reporter = true
	auto.offset.reset = latest
	bootstrap.servers = [localhost:29092]
	check.crcs = true
	client.dns.lookup = use_all_dns_ips
	client.id = consumer-wallet-group-2
	client.rack = 
	connections.max.idle.ms = 540000
	default.api.timeout.ms = 60000
	enable.auto.commit = false
	enable.metrics.push = true
	exclude.internal.topics = true
	fetch.max.bytes = 52428800
	fetch.max.wait.ms = 500
	fetch.min.bytes = 1
	group.id = wallet-group
	group.instance.id = null
	group.protocol = classic
	group.remote.assignor = null
	heartbeat.interval.ms = 3000
	interceptor.classes = []
	internal.leave.group.on.close = true
	internal.throw.on.fetch.stable.offset.unsupported = false
	isolation.level = read_uncommitted
	key.deserializer = class org.apache.kafka.common.serialization.StringDeserializer
	max.partition.fetch.bytes = 1048576
	max.poll.interval.ms = 300000
	max.poll.records = 500
	metadata.max.age.ms = 300000
	metadata.recovery.strategy = none
	metric.reporters = []
	metrics.num.samples = 2
	metrics.recording.level = INFO
	metrics.sample.window.ms = 30000
	partition.assignment.strategy = [class org.apache.kafka.clients.consumer.RangeAssignor, class org.apache.kafka.clients.consumer.CooperativeStickyAssignor]
	receive.buffer.bytes = 65536
	reconnect.backoff.max.ms = 1000
	reconnect.backoff.ms = 50
	request.timeout.ms = 30000
	retry.backoff.max.ms = 1000
	retry.backoff.ms = 100
	sasl.client.callback.handler.class = null
	sasl.jaas.config = null
	sasl.kerberos.kinit.cmd = /usr/bin/kinit
	sasl.kerberos.min.time.before.relogin = 60000
	sasl.kerberos.service.name = null
	sasl.kerberos.ticket.renew.jitter = 0.05
	sasl.kerberos.ticket.renew.window.factor = 0.8
	sasl.login.callback.handler.class = null
	sasl.login.class = null
	sasl.login.connect.timeout.ms = null
	sasl.login.read.timeout.ms = null
	sasl.login.refresh.buffer.seconds = 300
	sasl.login.refresh.min.period.seconds = 60
	sasl.login.refresh.window.factor = 0.8
	sasl.login.refresh.window.jitter = 0.05
	sasl.login.retry.backoff.max.ms = 10000
	sasl.login.retry.backoff.ms = 100
	sasl.mechanism = GSSAPI
	sasl.oauthbearer.clock.skew.seconds = 30
	sasl.oauthbearer.expected.audience = null
	sasl.oauthbearer.expected.issuer = null
	sasl.oauthbearer.jwks.endpoint.refresh.ms = 3600000
	sasl.oauthbearer.jwks.endpoint.retry.backoff.max.ms = 10000
	sasl.oauthbearer.jwks.endpoint.retry.backoff.ms = 100
	sasl.oauthbearer.jwks.endpoint.url = null
	sasl.oauthbearer.scope.claim.name = scope
	sasl.oauthbearer.sub.claim.name = sub
	sasl.oauthbearer.token.endpoint.url = null
	security.protocol = PLAINTEXT
	security.providers = null
	send.buffer.bytes = 131072
	session.timeout.ms = 45000
	socket.connection.setup.timeout.max.ms = 30000
	socket.connection.setup.timeout.ms = 10000
	ssl.cipher.suites = null
	ssl.enabled.protocols = [TLSv1.2, TLSv1.3]
	ssl.endpoint.identification.algorithm = https
	ssl.engine.factory.class = null
	ssl.key.password = null
	ssl.keymanager.algorithm = SunX509
	ssl.keystore.certificate.chain = null
	ssl.keystore.key = null
	ssl.keystore.location = null
	ssl.keystore.password = null
	ssl.keystore.type = JKS
	ssl.protocol = TLSv1.3
	ssl.provider = null
	ssl.secure.random.implementation = null
	ssl.trustmanager.algorithm = PKIX
	ssl.truststore.certificates = null
	ssl.truststore.location = null
	ssl.truststore.password = null
	ssl.truststore.type = JKS
	value.deserializer = class org.apache.kafka.common.serialization.StringDeserializer
 
2025-04-28 10:27:42-145 [main] INFO  o.a.k.c.t.i.KafkaMetricsCollector - initializing Kafka metrics collector 
2025-04-28 10:27:42-168 [main] INFO  o.a.kafka.common.utils.AppInfoParser - Kafka version: 3.8.1 
2025-04-28 10:27:42-168 [main] INFO  o.a.kafka.common.utils.AppInfoParser - Kafka commitId: 70d6ff42debf7e17 
2025-04-28 10:27:42-169 [main] INFO  o.a.kafka.common.utils.AppInfoParser - Kafka startTimeMs: 1745854062168 
2025-04-28 10:27:42-170 [main] INFO  o.a.k.c.c.i.LegacyKafkaConsumer - [Consumer clientId=consumer-wallet-group-2, groupId=wallet-group] Subscribed to topic(s): wallet-bootcoin-request 
2025-04-28 10:27:42-192 [main] INFO  o.a.k.c.consumer.ConsumerConfig - ConsumerConfig values: 
	allow.auto.create.topics = true
	auto.commit.interval.ms = 5000
	auto.include.jmx.reporter = true
	auto.offset.reset = latest
	bootstrap.servers = [localhost:29092]
	check.crcs = true
	client.dns.lookup = use_all_dns_ips
	client.id = consumer-wallet-group-3
	client.rack = 
	connections.max.idle.ms = 540000
	default.api.timeout.ms = 60000
	enable.auto.commit = false
	enable.metrics.push = true
	exclude.internal.topics = true
	fetch.max.bytes = 52428800
	fetch.max.wait.ms = 500
	fetch.min.bytes = 1
	group.id = wallet-group
	group.instance.id = null
	group.protocol = classic
	group.remote.assignor = null
	heartbeat.interval.ms = 3000
	interceptor.classes = []
	internal.leave.group.on.close = true
	internal.throw.on.fetch.stable.offset.unsupported = false
	isolation.level = read_uncommitted
	key.deserializer = class org.apache.kafka.common.serialization.StringDeserializer
	max.partition.fetch.bytes = 1048576
	max.poll.interval.ms = 300000
	max.poll.records = 500
	metadata.max.age.ms = 300000
	metadata.recovery.strategy = none
	metric.reporters = []
	metrics.num.samples = 2
	metrics.recording.level = INFO
	metrics.sample.window.ms = 30000
	partition.assignment.strategy = [class org.apache.kafka.clients.consumer.RangeAssignor, class org.apache.kafka.clients.consumer.CooperativeStickyAssignor]
	receive.buffer.bytes = 65536
	reconnect.backoff.max.ms = 1000
	reconnect.backoff.ms = 50
	request.timeout.ms = 30000
	retry.backoff.max.ms = 1000
	retry.backoff.ms = 100
	sasl.client.callback.handler.class = null
	sasl.jaas.config = null
	sasl.kerberos.kinit.cmd = /usr/bin/kinit
	sasl.kerberos.min.time.before.relogin = 60000
	sasl.kerberos.service.name = null
	sasl.kerberos.ticket.renew.jitter = 0.05
	sasl.kerberos.ticket.renew.window.factor = 0.8
	sasl.login.callback.handler.class = null
	sasl.login.class = null
	sasl.login.connect.timeout.ms = null
	sasl.login.read.timeout.ms = null
	sasl.login.refresh.buffer.seconds = 300
	sasl.login.refresh.min.period.seconds = 60
	sasl.login.refresh.window.factor = 0.8
	sasl.login.refresh.window.jitter = 0.05
	sasl.login.retry.backoff.max.ms = 10000
	sasl.login.retry.backoff.ms = 100
	sasl.mechanism = GSSAPI
	sasl.oauthbearer.clock.skew.seconds = 30
	sasl.oauthbearer.expected.audience = null
	sasl.oauthbearer.expected.issuer = null
	sasl.oauthbearer.jwks.endpoint.refresh.ms = 3600000
	sasl.oauthbearer.jwks.endpoint.retry.backoff.max.ms = 10000
	sasl.oauthbearer.jwks.endpoint.retry.backoff.ms = 100
	sasl.oauthbearer.jwks.endpoint.url = null
	sasl.oauthbearer.scope.claim.name = scope
	sasl.oauthbearer.sub.claim.name = sub
	sasl.oauthbearer.token.endpoint.url = null
	security.protocol = PLAINTEXT
	security.providers = null
	send.buffer.bytes = 131072
	session.timeout.ms = 45000
	socket.connection.setup.timeout.max.ms = 30000
	socket.connection.setup.timeout.ms = 10000
	ssl.cipher.suites = null
	ssl.enabled.protocols = [TLSv1.2, TLSv1.3]
	ssl.endpoint.identification.algorithm = https
	ssl.engine.factory.class = null
	ssl.key.password = null
	ssl.keymanager.algorithm = SunX509
	ssl.keystore.certificate.chain = null
	ssl.keystore.key = null
	ssl.keystore.location = null
	ssl.keystore.password = null
	ssl.keystore.type = JKS
	ssl.protocol = TLSv1.3
	ssl.provider = null
	ssl.secure.random.implementation = null
	ssl.trustmanager.algorithm = PKIX
	ssl.truststore.certificates = null
	ssl.truststore.location = null
	ssl.truststore.password = null
	ssl.truststore.type = JKS
	value.deserializer = class org.apache.kafka.common.serialization.StringDeserializer
 
2025-04-28 10:27:42-193 [main] INFO  o.a.k.c.t.i.KafkaMetricsCollector - initializing Kafka metrics collector 
2025-04-28 10:27:42-202 [org.springframework.kafka.KafkaListenerEndpointContainer#2-0-C-1] INFO  o.apache.kafka.clients.NetworkClient - [Consumer clientId=consumer-wallet-group-2, groupId=wallet-group] Node -1 disconnected. 
2025-04-28 10:27:42-203 [org.springframework.kafka.KafkaListenerEndpointContainer#2-0-C-1] WARN  o.apache.kafka.clients.NetworkClient - [Consumer clientId=consumer-wallet-group-2, groupId=wallet-group] Connection to node -1 (localhost/127.0.0.1:29092) could not be established. Node may not be available. 
2025-04-28 10:27:42-205 [org.springframework.kafka.KafkaListenerEndpointContainer#2-0-C-1] WARN  o.apache.kafka.clients.NetworkClient - [Consumer clientId=consumer-wallet-group-2, groupId=wallet-group] Bootstrap broker localhost:29092 (id: -1 rack: null) disconnected 
2025-04-28 10:27:42-233 [main] INFO  o.a.kafka.common.utils.AppInfoParser - Kafka version: 3.8.1 
2025-04-28 10:27:42-233 [main] INFO  o.a.kafka.common.utils.AppInfoParser - Kafka commitId: 70d6ff42debf7e17 
2025-04-28 10:27:42-235 [main] INFO  o.a.kafka.common.utils.AppInfoParser - Kafka startTimeMs: 1745854062233 
2025-04-28 10:27:42-241 [main] INFO  o.a.k.c.c.i.LegacyKafkaConsumer - [Consumer clientId=consumer-wallet-group-3, groupId=wallet-group] Subscribed to topic(s): wallet-only-create 
2025-04-28 10:27:42-249 [main] INFO  o.a.k.c.consumer.ConsumerConfig - ConsumerConfig values: 
	allow.auto.create.topics = true
	auto.commit.interval.ms = 5000
	auto.include.jmx.reporter = true
	auto.offset.reset = latest
	bootstrap.servers = [localhost:29092]
	check.crcs = true
	client.dns.lookup = use_all_dns_ips
	client.id = consumer-wallet-group-4
	client.rack = 
	connections.max.idle.ms = 540000
	default.api.timeout.ms = 60000
	enable.auto.commit = false
	enable.metrics.push = true
	exclude.internal.topics = true
	fetch.max.bytes = 52428800
	fetch.max.wait.ms = 500
	fetch.min.bytes = 1
	group.id = wallet-group
	group.instance.id = null
	group.protocol = classic
	group.remote.assignor = null
	heartbeat.interval.ms = 3000
	interceptor.classes = []
	internal.leave.group.on.close = true
	internal.throw.on.fetch.stable.offset.unsupported = false
	isolation.level = read_uncommitted
	key.deserializer = class org.apache.kafka.common.serialization.StringDeserializer
	max.partition.fetch.bytes = 1048576
	max.poll.interval.ms = 300000
	max.poll.records = 500
	metadata.max.age.ms = 300000
	metadata.recovery.strategy = none
	metric.reporters = []
	metrics.num.samples = 2
	metrics.recording.level = INFO
	metrics.sample.window.ms = 30000
	partition.assignment.strategy = [class org.apache.kafka.clients.consumer.RangeAssignor, class org.apache.kafka.clients.consumer.CooperativeStickyAssignor]
	receive.buffer.bytes = 65536
	reconnect.backoff.max.ms = 1000
	reconnect.backoff.ms = 50
	request.timeout.ms = 30000
	retry.backoff.max.ms = 1000
	retry.backoff.ms = 100
	sasl.client.callback.handler.class = null
	sasl.jaas.config = null
	sasl.kerberos.kinit.cmd = /usr/bin/kinit
	sasl.kerberos.min.time.before.relogin = 60000
	sasl.kerberos.service.name = null
	sasl.kerberos.ticket.renew.jitter = 0.05
	sasl.kerberos.ticket.renew.window.factor = 0.8
	sasl.login.callback.handler.class = null
	sasl.login.class = null
	sasl.login.connect.timeout.ms = null
	sasl.login.read.timeout.ms = null
	sasl.login.refresh.buffer.seconds = 300
	sasl.login.refresh.min.period.seconds = 60
	sasl.login.refresh.window.factor = 0.8
	sasl.login.refresh.window.jitter = 0.05
	sasl.login.retry.backoff.max.ms = 10000
	sasl.login.retry.backoff.ms = 100
	sasl.mechanism = GSSAPI
	sasl.oauthbearer.clock.skew.seconds = 30
	sasl.oauthbearer.expected.audience = null
	sasl.oauthbearer.expected.issuer = null
	sasl.oauthbearer.jwks.endpoint.refresh.ms = 3600000
	sasl.oauthbearer.jwks.endpoint.retry.backoff.max.ms = 10000
	sasl.oauthbearer.jwks.endpoint.retry.backoff.ms = 100
	sasl.oauthbearer.jwks.endpoint.url = null
	sasl.oauthbearer.scope.claim.name = scope
	sasl.oauthbearer.sub.claim.name = sub
	sasl.oauthbearer.token.endpoint.url = null
	security.protocol = PLAINTEXT
	security.providers = null
	send.buffer.bytes = 131072
	session.timeout.ms = 45000
	socket.connection.setup.timeout.max.ms = 30000
	socket.connection.setup.timeout.ms = 10000
	ssl.cipher.suites = null
	ssl.enabled.protocols = [TLSv1.2, TLSv1.3]
	ssl.endpoint.identification.algorithm = https
	ssl.engine.factory.class = null
	ssl.key.password = null
	ssl.keymanager.algorithm = SunX509
	ssl.keystore.certificate.chain = null
	ssl.keystore.key = null
	ssl.keystore.location = null
	ssl.keystore.password = null
	ssl.keystore.type = JKS
	ssl.protocol = TLSv1.3
	ssl.provider = null
	ssl.secure.random.implementation = null
	ssl.trustmanager.algorithm = PKIX
	ssl.truststore.certificates = null
	ssl.truststore.location = null
	ssl.truststore.password = null
	ssl.truststore.type = JKS
	value.deserializer = class org.apache.kafka.common.serialization.StringDeserializer
 
2025-04-28 10:27:42-252 [main] INFO  o.a.k.c.t.i.KafkaMetricsCollector - initializing Kafka metrics collector 
2025-04-28 10:27:42-255 [org.springframework.kafka.KafkaListenerEndpointContainer#0-0-C-1] INFO  o.apache.kafka.clients.NetworkClient - [Consumer clientId=consumer-wallet-group-3, groupId=wallet-group] Node -1 disconnected. 
2025-04-28 10:27:42-256 [org.springframework.kafka.KafkaListenerEndpointContainer#0-0-C-1] WARN  o.apache.kafka.clients.NetworkClient - [Consumer clientId=consumer-wallet-group-3, groupId=wallet-group] Connection to node -1 (localhost/127.0.0.1:29092) could not be established. Node may not be available. 
2025-04-28 10:27:42-256 [org.springframework.kafka.KafkaListenerEndpointContainer#0-0-C-1] WARN  o.apache.kafka.clients.NetworkClient - [Consumer clientId=consumer-wallet-group-3, groupId=wallet-group] Bootstrap broker localhost:29092 (id: -1 rack: null) disconnected 
2025-04-28 10:27:42-286 [main] INFO  o.a.kafka.common.utils.AppInfoParser - Kafka version: 3.8.1 
2025-04-28 10:27:42-287 [main] INFO  o.a.kafka.common.utils.AppInfoParser - Kafka commitId: 70d6ff42debf7e17 
2025-04-28 10:27:42-287 [main] INFO  o.a.kafka.common.utils.AppInfoParser - Kafka startTimeMs: 1745854062285 
2025-04-28 10:27:42-288 [main] INFO  o.a.k.c.c.i.LegacyKafkaConsumer - [Consumer clientId=consumer-wallet-group-4, groupId=wallet-group] Subscribed to topic(s): wallet-user-request 
2025-04-28 10:27:42-304 [org.springframework.kafka.KafkaListenerEndpointContainer#1-0-C-1] INFO  o.apache.kafka.clients.NetworkClient - [Consumer clientId=consumer-wallet-group-4, groupId=wallet-group] Node -1 disconnected. 
2025-04-28 10:27:42-305 [org.springframework.kafka.KafkaListenerEndpointContainer#1-0-C-1] WARN  o.apache.kafka.clients.NetworkClient - [Consumer clientId=consumer-wallet-group-4, groupId=wallet-group] Connection to node -1 (localhost/127.0.0.1:29092) could not be established. Node may not be available. 
2025-04-28 10:27:42-305 [org.springframework.kafka.KafkaListenerEndpointContainer#1-0-C-1] WARN  o.apache.kafka.clients.NetworkClient - [Consumer clientId=consumer-wallet-group-4, groupId=wallet-group] Bootstrap broker localhost:29092 (id: -1 rack: null) disconnected 
2025-04-28 10:27:42-323 [org.springframework.kafka.KafkaListenerEndpointContainer#2-0-C-1] INFO  o.apache.kafka.clients.NetworkClient - [Consumer clientId=consumer-wallet-group-2, groupId=wallet-group] Node -1 disconnected. 
2025-04-28 10:27:42-324 [org.springframework.kafka.KafkaListenerEndpointContainer#2-0-C-1] WARN  o.apache.kafka.clients.NetworkClient - [Consumer clientId=consumer-wallet-group-2, groupId=wallet-group] Connection to node -1 (localhost/127.0.0.1:29092) could not be established. Node may not be available. 
2025-04-28 10:27:42-326 [org.springframework.kafka.KafkaListenerEndpointContainer#2-0-C-1] WARN  o.apache.kafka.clients.NetworkClient - [Consumer clientId=consumer-wallet-group-2, groupId=wallet-group] Bootstrap broker localhost:29092 (id: -1 rack: null) disconnected 
2025-04-28 10:27:42-551 [repliesContainer-0-C-1] INFO  o.apache.kafka.clients.NetworkClient - [Consumer clientId=consumer-wallet-group-1, groupId=wallet-group] Node -1 disconnected. 
2025-04-28 10:27:42-552 [repliesContainer-0-C-1] WARN  o.apache.kafka.clients.NetworkClient - [Consumer clientId=consumer-wallet-group-1, groupId=wallet-group] Connection to node -1 (localhost/127.0.0.1:29092) could not be established. Node may not be available. 
2025-04-28 10:27:42-555 [repliesContainer-0-C-1] WARN  o.apache.kafka.clients.NetworkClient - [Consumer clientId=consumer-wallet-group-1, groupId=wallet-group] Bootstrap broker localhost:29092 (id: -1 rack: null) disconnected 
2025-04-28 10:27:42-560 [org.springframework.kafka.KafkaListenerEndpointContainer#1-0-C-1] INFO  o.apache.kafka.clients.NetworkClient - [Consumer clientId=consumer-wallet-group-4, groupId=wallet-group] Node -1 disconnected. 
2025-04-28 10:27:42-560 [org.springframework.kafka.KafkaListenerEndpointContainer#1-0-C-1] WARN  o.apache.kafka.clients.NetworkClient - [Consumer clientId=consumer-wallet-group-4, groupId=wallet-group] Connection to node -1 (localhost/127.0.0.1:29092) could not be established. Node may not be available. 
2025-04-28 10:27:42-560 [org.springframework.kafka.KafkaListenerEndpointContainer#1-0-C-1] WARN  o.apache.kafka.clients.NetworkClient - [Consumer clientId=consumer-wallet-group-4, groupId=wallet-group] Bootstrap broker localhost:29092 (id: -1 rack: null) disconnected 
2025-04-28 10:27:42-607 [org.springframework.kafka.KafkaListenerEndpointContainer#2-0-C-1] INFO  o.apache.kafka.clients.NetworkClient - [Consumer clientId=consumer-wallet-group-2, groupId=wallet-group] Node -1 disconnected. 
2025-04-28 10:27:42-608 [org.springframework.kafka.KafkaListenerEndpointContainer#2-0-C-1] WARN  o.apache.kafka.clients.NetworkClient - [Consumer clientId=consumer-wallet-group-2, groupId=wallet-group] Connection to node -1 (localhost/127.0.0.1:29092) could not be established. Node may not be available. 
2025-04-28 10:27:42-611 [org.springframework.kafka.KafkaListenerEndpointContainer#2-0-C-1] WARN  o.apache.kafka.clients.NetworkClient - [Consumer clientId=consumer-wallet-group-2, groupId=wallet-group] Bootstrap broker localhost:29092 (id: -1 rack: null) disconnected 
2025-04-28 10:27:42-622 [main] INFO  c.b.w.b.a.WalletBootcoinApiApplicationTests - Started WalletBootcoinApiApplicationTests in 20.479 seconds (process running for 29.867) 
2025-04-28 10:27:42-711 [org.springframework.kafka.KafkaListenerEndpointContainer#1-0-C-1] INFO  o.apache.kafka.clients.NetworkClient - [Consumer clientId=consumer-wallet-group-4, groupId=wallet-group] Node -1 disconnected. 
2025-04-28 10:27:42-711 [org.springframework.kafka.KafkaListenerEndpointContainer#1-0-C-1] WARN  o.apache.kafka.clients.NetworkClient - [Consumer clientId=consumer-wallet-group-4, groupId=wallet-group] Connection to node -1 (localhost/127.0.0.1:29092) could not be established. Node may not be available. 
2025-04-28 10:27:42-712 [org.springframework.kafka.KafkaListenerEndpointContainer#1-0-C-1] WARN  o.apache.kafka.clients.NetworkClient - [Consumer clientId=consumer-wallet-group-4, groupId=wallet-group] Bootstrap broker localhost:29092 (id: -1 rack: null) disconnected 
2025-04-28 10:27:42-713 [org.springframework.kafka.KafkaListenerEndpointContainer#0-0-C-1] INFO  o.apache.kafka.clients.NetworkClient - [Consumer clientId=consumer-wallet-group-3, groupId=wallet-group] Node -1 disconnected. 
2025-04-28 10:27:42-714 [org.springframework.kafka.KafkaListenerEndpointContainer#0-0-C-1] WARN  o.apache.kafka.clients.NetworkClient - [Consumer clientId=consumer-wallet-group-3, groupId=wallet-group] Connection to node -1 (localhost/127.0.0.1:29092) could not be established. Node may not be available. 
2025-04-28 10:27:42-714 [org.springframework.kafka.KafkaListenerEndpointContainer#0-0-C-1] WARN  o.apache.kafka.clients.NetworkClient - [Consumer clientId=consumer-wallet-group-3, groupId=wallet-group] Bootstrap broker localhost:29092 (id: -1 rack: null) disconnected 
2025-04-28 10:27:42-715 [DiscoveryClient-InstanceInfoReplicator-%d] INFO  c.netflix.discovery.DiscoveryClient - DiscoveryClient_WALLET-BOOTCOIN-API/wallet-bootcoin-api:8805 - registration status: 204 
2025-04-28 10:27:42-773 [org.springframework.kafka.KafkaListenerEndpointContainer#2-0-C-1] INFO  o.apache.kafka.clients.NetworkClient - [Consumer clientId=consumer-wallet-group-2, groupId=wallet-group] Node -1 disconnected. 
2025-04-28 10:27:42-774 [org.springframework.kafka.KafkaListenerEndpointContainer#2-0-C-1] WARN  o.apache.kafka.clients.NetworkClient - [Consumer clientId=consumer-wallet-group-2, groupId=wallet-group] Connection to node -1 (localhost/127.0.0.1:29092) could not be established. Node may not be available. 
2025-04-28 10:27:42-775 [org.springframework.kafka.KafkaListenerEndpointContainer#2-0-C-1] WARN  o.apache.kafka.clients.NetworkClient - [Consumer clientId=consumer-wallet-group-2, groupId=wallet-group] Bootstrap broker localhost:29092 (id: -1 rack: null) disconnected 
2025-04-28 10:27:42-832 [org.springframework.kafka.KafkaListenerEndpointContainer#0-0-C-1] INFO  o.apache.kafka.clients.NetworkClient - [Consumer clientId=consumer-wallet-group-3, groupId=wallet-group] Node -1 disconnected. 
2025-04-28 10:27:42-833 [org.springframework.kafka.KafkaListenerEndpointContainer#0-0-C-1] WARN  o.apache.kafka.clients.NetworkClient - [Consumer clientId=consumer-wallet-group-3, groupId=wallet-group] Connection to node -1 (localhost/127.0.0.1:29092) could not be established. Node may not be available. 
2025-04-28 10:27:42-834 [org.springframework.kafka.KafkaListenerEndpointContainer#0-0-C-1] WARN  o.apache.kafka.clients.NetworkClient - [Consumer clientId=consumer-wallet-group-3, groupId=wallet-group] Bootstrap broker localhost:29092 (id: -1 rack: null) disconnected 
2025-04-28 10:27:42-944 [org.springframework.kafka.KafkaListenerEndpointContainer#1-0-C-1] INFO  o.apache.kafka.clients.NetworkClient - [Consumer clientId=consumer-wallet-group-4, groupId=wallet-group] Node -1 disconnected. 
2025-04-28 10:27:42-945 [org.springframework.kafka.KafkaListenerEndpointContainer#1-0-C-1] WARN  o.apache.kafka.clients.NetworkClient - [Consumer clientId=consumer-wallet-group-4, groupId=wallet-group] Connection to node -1 (localhost/127.0.0.1:29092) could not be established. Node may not be available. 
2025-04-28 10:27:42-946 [org.springframework.kafka.KafkaListenerEndpointContainer#1-0-C-1] WARN  o.apache.kafka.clients.NetworkClient - [Consumer clientId=consumer-wallet-group-4, groupId=wallet-group] Bootstrap broker localhost:29092 (id: -1 rack: null) disconnected 
2025-04-28 10:27:42-999 [SpringApplicationShutdownHook] INFO  o.s.c.n.e.s.EurekaServiceRegistry - Unregistering application WALLET-BOOTCOIN-API with eureka with status DOWN 
2025-04-28 10:27:43-000 [SpringApplicationShutdownHook] INFO  c.netflix.discovery.DiscoveryClient - Saw local status change event StatusChangeEvent [timestamp=1745854063000, current=DOWN, previous=UP] 
2025-04-28 10:27:43-001 [DiscoveryClient-InstanceInfoReplicator-%d] INFO  c.netflix.discovery.DiscoveryClient - DiscoveryClient_WALLET-BOOTCOIN-API/wallet-bootcoin-api:8805: registering service... 
2025-04-28 10:27:43-016 [repliesContainer-0-C-1] INFO  o.a.k.c.c.i.ConsumerCoordinator - [Consumer clientId=consumer-wallet-group-1, groupId=wallet-group] Resetting generation and member id due to: consumer pro-actively leaving the group 
2025-04-28 10:27:43-017 [repliesContainer-0-C-1] INFO  o.a.k.c.c.i.ConsumerCoordinator - [Consumer clientId=consumer-wallet-group-1, groupId=wallet-group] Request joining group due to: consumer pro-actively leaving the group 
2025-04-28 10:27:43-017 [repliesContainer-0-C-1] INFO  o.a.k.c.c.i.LegacyKafkaConsumer - [Consumer clientId=consumer-wallet-group-1, groupId=wallet-group] Unsubscribed all topics or patterns and assigned partitions 
2025-04-28 10:27:43-021 [repliesContainer-0-C-1] INFO  o.a.k.c.c.i.ConsumerCoordinator - [Consumer clientId=consumer-wallet-group-1, groupId=wallet-group] Resetting generation and member id due to: consumer pro-actively leaving the group 
2025-04-28 10:27:43-022 [repliesContainer-0-C-1] INFO  o.a.k.c.c.i.ConsumerCoordinator - [Consumer clientId=consumer-wallet-group-1, groupId=wallet-group] Request joining group due to: consumer pro-actively leaving the group 
2025-04-28 10:27:43-034 [DiscoveryClient-InstanceInfoReplicator-%d] INFO  c.netflix.discovery.DiscoveryClient - DiscoveryClient_WALLET-BOOTCOIN-API/wallet-bootcoin-api:8805 - registration status: 204 
2025-04-28 10:27:43-043 [repliesContainer-0-C-1] INFO  o.a.kafka.common.metrics.Metrics - Metrics scheduler closed 
2025-04-28 10:27:43-045 [repliesContainer-0-C-1] INFO  o.a.kafka.common.metrics.Metrics - Closing reporter org.apache.kafka.common.metrics.JmxReporter 
2025-04-28 10:27:43-045 [repliesContainer-0-C-1] INFO  o.a.kafka.common.metrics.Metrics - Closing reporter org.apache.kafka.common.telemetry.internals.ClientTelemetryReporter 
2025-04-28 10:27:43-046 [repliesContainer-0-C-1] INFO  o.a.kafka.common.metrics.Metrics - Metrics reporters closed 
2025-04-28 10:27:43-061 [org.springframework.kafka.KafkaListenerEndpointContainer#0-0-C-1] INFO  o.apache.kafka.clients.NetworkClient - [Consumer clientId=consumer-wallet-group-3, groupId=wallet-group] Node -1 disconnected. 
2025-04-28 10:27:43-063 [org.springframework.kafka.KafkaListenerEndpointContainer#0-0-C-1] WARN  o.apache.kafka.clients.NetworkClient - [Consumer clientId=consumer-wallet-group-3, groupId=wallet-group] Connection to node -1 (localhost/127.0.0.1:29092) could not be established. Node may not be available. 
2025-04-28 10:27:43-063 [org.springframework.kafka.KafkaListenerEndpointContainer#0-0-C-1] WARN  o.apache.kafka.clients.NetworkClient - [Consumer clientId=consumer-wallet-group-3, groupId=wallet-group] Bootstrap broker localhost:29092 (id: -1 rack: null) disconnected 
2025-04-28 10:27:43-083 [repliesContainer-0-C-1] INFO  o.a.kafka.common.utils.AppInfoParser - App info kafka.consumer for consumer-wallet-group-1 unregistered 
2025-04-28 10:27:43-089 [repliesContainer-0-C-1] INFO  o.s.k.l.KafkaMessageListenerContainer - wallet-group: Consumer stopped 
2025-04-28 10:27:43-212 [org.springframework.kafka.KafkaListenerEndpointContainer#2-0-C-1] INFO  o.apache.kafka.clients.NetworkClient - [Consumer clientId=consumer-wallet-group-2, groupId=wallet-group] Node -1 disconnected. 
2025-04-28 10:27:43-216 [org.springframework.kafka.KafkaListenerEndpointContainer#2-0-C-1] WARN  o.apache.kafka.clients.NetworkClient - [Consumer clientId=consumer-wallet-group-2, groupId=wallet-group] Connection to node -1 (localhost/127.0.0.1:29092) could not be established. Node may not be available. 
2025-04-28 10:27:43-217 [org.springframework.kafka.KafkaListenerEndpointContainer#2-0-C-1] WARN  o.apache.kafka.clients.NetworkClient - [Consumer clientId=consumer-wallet-group-2, groupId=wallet-group] Bootstrap broker localhost:29092 (id: -1 rack: null) disconnected 
2025-04-28 10:27:43-386 [org.springframework.kafka.KafkaListenerEndpointContainer#1-0-C-1] INFO  o.apache.kafka.clients.NetworkClient - [Consumer clientId=consumer-wallet-group-4, groupId=wallet-group] Node -1 disconnected. 
2025-04-28 10:27:43-397 [org.springframework.kafka.KafkaListenerEndpointContainer#1-0-C-1] WARN  o.apache.kafka.clients.NetworkClient - [Consumer clientId=consumer-wallet-group-4, groupId=wallet-group] Connection to node -1 (localhost/127.0.0.1:29092) could not be established. Node may not be available. 
2025-04-28 10:27:43-399 [org.springframework.kafka.KafkaListenerEndpointContainer#1-0-C-1] WARN  o.apache.kafka.clients.NetworkClient - [Consumer clientId=consumer-wallet-group-4, groupId=wallet-group] Bootstrap broker localhost:29092 (id: -1 rack: null) disconnected 
2025-04-28 10:27:43-453 [org.springframework.kafka.KafkaListenerEndpointContainer#0-0-C-1] INFO  o.apache.kafka.clients.NetworkClient - [Consumer clientId=consumer-wallet-group-3, groupId=wallet-group] Node -1 disconnected. 
2025-04-28 10:27:43-454 [org.springframework.kafka.KafkaListenerEndpointContainer#0-0-C-1] WARN  o.apache.kafka.clients.NetworkClient - [Consumer clientId=consumer-wallet-group-3, groupId=wallet-group] Connection to node -1 (localhost/127.0.0.1:29092) could not be established. Node may not be available. 
2025-04-28 10:27:43-455 [org.springframework.kafka.KafkaListenerEndpointContainer#0-0-C-1] WARN  o.apache.kafka.clients.NetworkClient - [Consumer clientId=consumer-wallet-group-3, groupId=wallet-group] Bootstrap broker localhost:29092 (id: -1 rack: null) disconnected 
2025-04-28 10:27:43-976 [org.springframework.kafka.KafkaListenerEndpointContainer#2-0-C-1] INFO  o.apache.kafka.clients.NetworkClient - [Consumer clientId=consumer-wallet-group-2, groupId=wallet-group] Node -1 disconnected. 
2025-04-28 10:27:44-040 [org.springframework.kafka.KafkaListenerEndpointContainer#2-0-C-1] WARN  o.apache.kafka.clients.NetworkClient - [Consumer clientId=consumer-wallet-group-2, groupId=wallet-group] Connection to node -1 (localhost/127.0.0.1:29092) could not be established. Node may not be available. 
2025-04-28 10:27:44-047 [org.springframework.kafka.KafkaListenerEndpointContainer#2-0-C-1] WARN  o.apache.kafka.clients.NetworkClient - [Consumer clientId=consumer-wallet-group-2, groupId=wallet-group] Bootstrap broker localhost:29092 (id: -1 rack: null) disconnected 
2025-04-28 10:27:44-205 [org.springframework.kafka.KafkaListenerEndpointContainer#1-0-C-1] INFO  o.apache.kafka.clients.NetworkClient - [Consumer clientId=consumer-wallet-group-4, groupId=wallet-group] Node -1 disconnected. 
2025-04-28 10:27:44-206 [org.springframework.kafka.KafkaListenerEndpointContainer#1-0-C-1] WARN  o.apache.kafka.clients.NetworkClient - [Consumer clientId=consumer-wallet-group-4, groupId=wallet-group] Connection to node -1 (localhost/127.0.0.1:29092) could not be established. Node may not be available. 
2025-04-28 10:27:44-206 [org.springframework.kafka.KafkaListenerEndpointContainer#1-0-C-1] WARN  o.apache.kafka.clients.NetworkClient - [Consumer clientId=consumer-wallet-group-4, groupId=wallet-group] Bootstrap broker localhost:29092 (id: -1 rack: null) disconnected 
2025-04-28 10:27:44-410 [org.springframework.kafka.KafkaListenerEndpointContainer#0-0-C-1] INFO  o.apache.kafka.clients.NetworkClient - [Consumer clientId=consumer-wallet-group-3, groupId=wallet-group] Node -1 disconnected. 
2025-04-28 10:27:44-410 [org.springframework.kafka.KafkaListenerEndpointContainer#0-0-C-1] WARN  o.apache.kafka.clients.NetworkClient - [Consumer clientId=consumer-wallet-group-3, groupId=wallet-group] Connection to node -1 (localhost/127.0.0.1:29092) could not be established. Node may not be available. 
2025-04-28 10:27:44-410 [org.springframework.kafka.KafkaListenerEndpointContainer#0-0-C-1] WARN  o.apache.kafka.clients.NetworkClient - [Consumer clientId=consumer-wallet-group-3, groupId=wallet-group] Bootstrap broker localhost:29092 (id: -1 rack: null) disconnected 
2025-04-28 10:27:44-982 [org.springframework.kafka.KafkaListenerEndpointContainer#2-0-C-1] INFO  o.apache.kafka.clients.NetworkClient - [Consumer clientId=consumer-wallet-group-2, groupId=wallet-group] Node -1 disconnected. 
2025-04-28 10:27:44-983 [org.springframework.kafka.KafkaListenerEndpointContainer#2-0-C-1] WARN  o.apache.kafka.clients.NetworkClient - [Consumer clientId=consumer-wallet-group-2, groupId=wallet-group] Connection to node -1 (localhost/127.0.0.1:29092) could not be established. Node may not be available. 
2025-04-28 10:27:44-983 [org.springframework.kafka.KafkaListenerEndpointContainer#2-0-C-1] WARN  o.apache.kafka.clients.NetworkClient - [Consumer clientId=consumer-wallet-group-2, groupId=wallet-group] Bootstrap broker localhost:29092 (id: -1 rack: null) disconnected 
2025-04-28 10:27:45-049 [org.springframework.kafka.KafkaListenerEndpointContainer#1-0-C-1] INFO  o.apache.kafka.clients.NetworkClient - [Consumer clientId=consumer-wallet-group-4, groupId=wallet-group] Node -1 disconnected. 
2025-04-28 10:27:45-052 [org.springframework.kafka.KafkaListenerEndpointContainer#1-0-C-1] WARN  o.apache.kafka.clients.NetworkClient - [Consumer clientId=consumer-wallet-group-4, groupId=wallet-group] Connection to node -1 (localhost/127.0.0.1:29092) could not be established. Node may not be available. 
2025-04-28 10:27:45-053 [org.springframework.kafka.KafkaListenerEndpointContainer#1-0-C-1] WARN  o.apache.kafka.clients.NetworkClient - [Consumer clientId=consumer-wallet-group-4, groupId=wallet-group] Bootstrap broker localhost:29092 (id: -1 rack: null) disconnected 
2025-04-28 10:27:45-412 [org.springframework.kafka.KafkaListenerEndpointContainer#0-0-C-1] INFO  o.apache.kafka.clients.NetworkClient - [Consumer clientId=consumer-wallet-group-3, groupId=wallet-group] Node -1 disconnected. 
2025-04-28 10:27:45-412 [org.springframework.kafka.KafkaListenerEndpointContainer#0-0-C-1] WARN  o.apache.kafka.clients.NetworkClient - [Consumer clientId=consumer-wallet-group-3, groupId=wallet-group] Connection to node -1 (localhost/127.0.0.1:29092) could not be established. Node may not be available. 
2025-04-28 10:27:45-413 [org.springframework.kafka.KafkaListenerEndpointContainer#0-0-C-1] WARN  o.apache.kafka.clients.NetworkClient - [Consumer clientId=consumer-wallet-group-3, groupId=wallet-group] Bootstrap broker localhost:29092 (id: -1 rack: null) disconnected 
2025-04-28 10:27:45-931 [org.springframework.kafka.KafkaListenerEndpointContainer#2-0-C-1] INFO  o.apache.kafka.clients.NetworkClient - [Consumer clientId=consumer-wallet-group-2, groupId=wallet-group] Node -1 disconnected. 
2025-04-28 10:27:45-932 [org.springframework.kafka.KafkaListenerEndpointContainer#2-0-C-1] WARN  o.apache.kafka.clients.NetworkClient - [Consumer clientId=consumer-wallet-group-2, groupId=wallet-group] Connection to node -1 (localhost/127.0.0.1:29092) could not be established. Node may not be available. 
2025-04-28 10:27:45-934 [org.springframework.kafka.KafkaListenerEndpointContainer#2-0-C-1] WARN  o.apache.kafka.clients.NetworkClient - [Consumer clientId=consumer-wallet-group-2, groupId=wallet-group] Bootstrap broker localhost:29092 (id: -1 rack: null) disconnected 
2025-04-28 10:27:46-019 [org.springframework.kafka.KafkaListenerEndpointContainer#1-0-C-1] INFO  o.a.k.c.c.i.ConsumerCoordinator - [Consumer clientId=consumer-wallet-group-4, groupId=wallet-group] Resetting generation and member id due to: consumer pro-actively leaving the group 
2025-04-28 10:27:46-019 [org.springframework.kafka.KafkaListenerEndpointContainer#1-0-C-1] INFO  o.a.k.c.c.i.ConsumerCoordinator - [Consumer clientId=consumer-wallet-group-4, groupId=wallet-group] Request joining group due to: consumer pro-actively leaving the group 
2025-04-28 10:27:46-020 [org.springframework.kafka.KafkaListenerEndpointContainer#1-0-C-1] INFO  o.a.k.c.c.i.LegacyKafkaConsumer - [Consumer clientId=consumer-wallet-group-4, groupId=wallet-group] Unsubscribed all topics or patterns and assigned partitions 
2025-04-28 10:27:46-020 [org.springframework.kafka.KafkaListenerEndpointContainer#1-0-C-1] INFO  o.a.k.c.c.i.ConsumerCoordinator - [Consumer clientId=consumer-wallet-group-4, groupId=wallet-group] Resetting generation and member id due to: consumer pro-actively leaving the group 
2025-04-28 10:27:46-020 [org.springframework.kafka.KafkaListenerEndpointContainer#1-0-C-1] INFO  o.a.k.c.c.i.ConsumerCoordinator - [Consumer clientId=consumer-wallet-group-4, groupId=wallet-group] Request joining group due to: consumer pro-actively leaving the group 
2025-04-28 10:27:46-023 [org.springframework.kafka.KafkaListenerEndpointContainer#2-0-C-1] INFO  o.a.k.c.c.i.ConsumerCoordinator - [Consumer clientId=consumer-wallet-group-2, groupId=wallet-group] Resetting generation and member id due to: consumer pro-actively leaving the group 
2025-04-28 10:27:46-024 [org.springframework.kafka.KafkaListenerEndpointContainer#2-0-C-1] INFO  o.a.k.c.c.i.ConsumerCoordinator - [Consumer clientId=consumer-wallet-group-2, groupId=wallet-group] Request joining group due to: consumer pro-actively leaving the group 
2025-04-28 10:27:46-026 [org.springframework.kafka.KafkaListenerEndpointContainer#2-0-C-1] INFO  o.a.k.c.c.i.LegacyKafkaConsumer - [Consumer clientId=consumer-wallet-group-2, groupId=wallet-group] Unsubscribed all topics or patterns and assigned partitions 
2025-04-28 10:27:46-027 [org.springframework.kafka.KafkaListenerEndpointContainer#1-0-C-1] INFO  o.a.kafka.common.metrics.Metrics - Metrics scheduler closed 
2025-04-28 10:27:46-027 [org.springframework.kafka.KafkaListenerEndpointContainer#2-0-C-1] INFO  o.a.k.c.c.i.ConsumerCoordinator - [Consumer clientId=consumer-wallet-group-2, groupId=wallet-group] Resetting generation and member id due to: consumer pro-actively leaving the group 
2025-04-28 10:27:46-028 [org.springframework.kafka.KafkaListenerEndpointContainer#1-0-C-1] INFO  o.a.kafka.common.metrics.Metrics - Closing reporter org.apache.kafka.common.metrics.JmxReporter 
2025-04-28 10:27:46-028 [org.springframework.kafka.KafkaListenerEndpointContainer#2-0-C-1] INFO  o.a.k.c.c.i.ConsumerCoordinator - [Consumer clientId=consumer-wallet-group-2, groupId=wallet-group] Request joining group due to: consumer pro-actively leaving the group 
2025-04-28 10:27:46-028 [org.springframework.kafka.KafkaListenerEndpointContainer#1-0-C-1] INFO  o.a.kafka.common.metrics.Metrics - Closing reporter org.apache.kafka.common.telemetry.internals.ClientTelemetryReporter 
2025-04-28 10:27:46-028 [org.springframework.kafka.KafkaListenerEndpointContainer#1-0-C-1] INFO  o.a.kafka.common.metrics.Metrics - Metrics reporters closed 
2025-04-28 10:27:46-029 [org.springframework.kafka.KafkaListenerEndpointContainer#2-0-C-1] INFO  o.a.kafka.common.metrics.Metrics - Metrics scheduler closed 
2025-04-28 10:27:46-030 [org.springframework.kafka.KafkaListenerEndpointContainer#2-0-C-1] INFO  o.a.kafka.common.metrics.Metrics - Closing reporter org.apache.kafka.common.metrics.JmxReporter 
2025-04-28 10:27:46-030 [org.springframework.kafka.KafkaListenerEndpointContainer#2-0-C-1] INFO  o.a.kafka.common.metrics.Metrics - Closing reporter org.apache.kafka.common.telemetry.internals.ClientTelemetryReporter 
2025-04-28 10:27:46-031 [org.springframework.kafka.KafkaListenerEndpointContainer#2-0-C-1] INFO  o.a.kafka.common.metrics.Metrics - Metrics reporters closed 
2025-04-28 10:27:46-035 [org.springframework.kafka.KafkaListenerEndpointContainer#0-0-C-1] INFO  o.a.k.c.c.i.ConsumerCoordinator - [Consumer clientId=consumer-wallet-group-3, groupId=wallet-group] Resetting generation and member id due to: consumer pro-actively leaving the group 
2025-04-28 10:27:46-038 [org.springframework.kafka.KafkaListenerEndpointContainer#0-0-C-1] INFO  o.a.k.c.c.i.ConsumerCoordinator - [Consumer clientId=consumer-wallet-group-3, groupId=wallet-group] Request joining group due to: consumer pro-actively leaving the group 
2025-04-28 10:27:46-038 [org.springframework.kafka.KafkaListenerEndpointContainer#0-0-C-1] INFO  o.a.k.c.c.i.LegacyKafkaConsumer - [Consumer clientId=consumer-wallet-group-3, groupId=wallet-group] Unsubscribed all topics or patterns and assigned partitions 
2025-04-28 10:27:46-042 [org.springframework.kafka.KafkaListenerEndpointContainer#0-0-C-1] INFO  o.a.k.c.c.i.ConsumerCoordinator - [Consumer clientId=consumer-wallet-group-3, groupId=wallet-group] Resetting generation and member id due to: consumer pro-actively leaving the group 
2025-04-28 10:27:46-043 [org.springframework.kafka.KafkaListenerEndpointContainer#0-0-C-1] INFO  o.a.k.c.c.i.ConsumerCoordinator - [Consumer clientId=consumer-wallet-group-3, groupId=wallet-group] Request joining group due to: consumer pro-actively leaving the group 
2025-04-28 10:27:46-045 [org.springframework.kafka.KafkaListenerEndpointContainer#0-0-C-1] INFO  o.a.kafka.common.metrics.Metrics - Metrics scheduler closed 
2025-04-28 10:27:46-046 [org.springframework.kafka.KafkaListenerEndpointContainer#0-0-C-1] INFO  o.a.kafka.common.metrics.Metrics - Closing reporter org.apache.kafka.common.metrics.JmxReporter 
2025-04-28 10:27:46-046 [org.springframework.kafka.KafkaListenerEndpointContainer#0-0-C-1] INFO  o.a.kafka.common.metrics.Metrics - Closing reporter org.apache.kafka.common.telemetry.internals.ClientTelemetryReporter 
2025-04-28 10:27:46-047 [org.springframework.kafka.KafkaListenerEndpointContainer#0-0-C-1] INFO  o.a.kafka.common.metrics.Metrics - Metrics reporters closed 
2025-04-28 10:27:46-047 [org.springframework.kafka.KafkaListenerEndpointContainer#2-0-C-1] INFO  o.a.kafka.common.utils.AppInfoParser - App info kafka.consumer for consumer-wallet-group-2 unregistered 
2025-04-28 10:27:46-048 [org.springframework.kafka.KafkaListenerEndpointContainer#2-0-C-1] INFO  o.s.k.l.KafkaMessageListenerContainer - wallet-group: Consumer stopped 
2025-04-28 10:27:46-049 [org.springframework.kafka.KafkaListenerEndpointContainer#1-0-C-1] INFO  o.a.kafka.common.utils.AppInfoParser - App info kafka.consumer for consumer-wallet-group-4 unregistered 
2025-04-28 10:27:46-055 [org.springframework.kafka.KafkaListenerEndpointContainer#0-0-C-1] INFO  o.a.kafka.common.utils.AppInfoParser - App info kafka.consumer for consumer-wallet-group-3 unregistered 
2025-04-28 10:27:46-057 [org.springframework.kafka.KafkaListenerEndpointContainer#0-0-C-1] INFO  o.s.k.l.KafkaMessageListenerContainer - wallet-group: Consumer stopped 
2025-04-28 10:27:46-052 [org.springframework.kafka.KafkaListenerEndpointContainer#1-0-C-1] INFO  o.s.k.l.KafkaMessageListenerContainer - wallet-group: Consumer stopped 
2025-04-28 10:27:48-234 [SpringApplicationShutdownHook] INFO  c.netflix.discovery.DiscoveryClient - Shutting down DiscoveryClient ... 
2025-04-28 10:27:51-246 [SpringApplicationShutdownHook] INFO  c.netflix.discovery.DiscoveryClient - Unregistering ... 
2025-04-28 10:27:51-265 [SpringApplicationShutdownHook] INFO  c.netflix.discovery.DiscoveryClient - DiscoveryClient_WALLET-BOOTCOIN-API/wallet-bootcoin-api:8805 - deregister  status: 200 
2025-04-28 10:27:51-266 [SpringApplicationShutdownHook] INFO  c.netflix.discovery.DiscoveryClient - Completed shut down of DiscoveryClient 
2025-04-28 13:36:13-259 [main] INFO  o.s.t.c.s.AnnotationConfigContextLoaderUtils - Could not detect default configuration classes for test class [com.bootcoin.wallet.bootcoin.api.service.WalletServiceImplTest]: WalletServiceImplTest does not declare any static, non-private, non-final, nested classes annotated with @Configuration. 
2025-04-28 13:36:24-013 [main] INFO  o.s.t.c.s.AnnotationConfigContextLoaderUtils - Could not detect default configuration classes for test class [com.bootcoin.wallet.bootcoin.api.WalletBootcoinApiApplicationTests]: WalletBootcoinApiApplicationTests does not declare any static, non-private, non-final, nested classes annotated with @Configuration. 
2025-04-28 13:36:25-392 [main] INFO  o.s.b.t.c.SpringBootTestContextBootstrapper - Found @SpringBootConfiguration com.bootcoin.wallet.bootcoin.api.WalletBootcoinApiApplication for test class com.bootcoin.wallet.bootcoin.api.WalletBootcoinApiApplicationTests 
2025-04-28 13:36:37-232 [main] INFO  c.b.w.b.a.WalletBootcoinApiApplicationTests - Starting WalletBootcoinApiApplicationTests using Java 17.0.12 with PID 12728 (started by mgarcsar in C:\Users\mgarcsar\Documents\Bootcamp\etregables\BootCoin\wallet-bootcoin-api) 
2025-04-28 13:36:37-234 [main] INFO  c.b.w.b.a.WalletBootcoinApiApplicationTests - The following 1 profile is active: "dev" 
2025-04-28 13:36:37-295 [main] INFO  o.s.c.c.c.ConfigServerConfigDataLoader - Fetching config from server at : http://config-server-bc:8888 
2025-04-28 13:36:37-296 [main] INFO  o.s.c.c.c.ConfigServerConfigDataLoader - Exception on Url - http://config-server-bc:8888:org.springframework.web.client.ResourceAccessException: I/O error on GET request for "http://config-server-bc:8888/wallet-bootcoin-api/default": config-server-bc. Will be trying the next url if available 
2025-04-28 13:36:37-296 [main] WARN  o.s.c.c.c.ConfigServerConfigDataLoader - Could not locate PropertySource ([ConfigServerConfigDataResource@5d237827 uris = array<String>['http://config-server-bc:8888'], optional = true, profiles = 'default']): I/O error on GET request for "http://config-server-bc:8888/wallet-bootcoin-api/default": config-server-bc 
2025-04-28 13:36:37-297 [main] INFO  o.s.c.c.c.ConfigServerConfigDataLoader - Fetching config from server at : http://config-server-bc:8888 
2025-04-28 13:36:37-297 [main] INFO  o.s.c.c.c.ConfigServerConfigDataLoader - Exception on Url - http://config-server-bc:8888:org.springframework.web.client.ResourceAccessException: I/O error on GET request for "http://config-server-bc:8888/wallet-bootcoin-api/dev": config-server-bc. Will be trying the next url if available 
2025-04-28 13:36:37-298 [main] WARN  o.s.c.c.c.ConfigServerConfigDataLoader - Could not locate PropertySource ([ConfigServerConfigDataResource@858bf8c uris = array<String>['http://config-server-bc:8888'], optional = true, profiles = 'dev']): I/O error on GET request for "http://config-server-bc:8888/wallet-bootcoin-api/dev": config-server-bc 
2025-04-28 13:36:37-298 [main] INFO  o.s.c.c.c.ConfigServerConfigDataLoader - Fetching config from server at : http://config-server-bc:8888 
2025-04-28 13:36:37-298 [main] INFO  o.s.c.c.c.ConfigServerConfigDataLoader - Exception on Url - http://config-server-bc:8888:org.springframework.web.client.ResourceAccessException: I/O error on GET request for "http://config-server-bc:8888/wallet-bootcoin-api/default": config-server-bc. Will be trying the next url if available 
2025-04-28 13:36:37-298 [main] WARN  o.s.c.c.c.ConfigServerConfigDataLoader - Could not locate PropertySource ([ConfigServerConfigDataResource@30c1447e uris = array<String>['http://config-server-bc:8888'], optional = true, profiles = 'default']): I/O error on GET request for "http://config-server-bc:8888/wallet-bootcoin-api/default": config-server-bc 
2025-04-28 13:36:43-923 [main] INFO  o.s.d.r.c.RepositoryConfigurationDelegate - Bootstrapping Spring Data Reactive MongoDB repositories in DEFAULT mode. 
2025-04-28 13:36:44-632 [main] INFO  o.s.d.r.c.RepositoryConfigurationDelegate - Finished Spring Data repository scanning in 683 ms. Found 1 Reactive MongoDB repository interface. 
2025-04-28 13:36:45-773 [main] INFO  o.s.cloud.context.scope.GenericScope - BeanFactory id=1e23942c-be1b-3bef-82c7-541170ebcb7d 
2025-04-28 13:36:47-793 [main] INFO  org.mongodb.driver.client - MongoClient with metadata {"driver": {"name": "mongo-java-driver|reactive-streams|spring-boot", "version": "5.2.1"}, "os": {"type": "Windows", "name": "Windows 10", "architecture": "amd64", "version": "10.0"}, "platform": "Java/Oracle Corporation/17.0.12+8-LTS-286"} created with settings MongoClientSettings{readPreference=primary, writeConcern=WriteConcern{w=null, wTimeout=null ms, journal=null}, retryWrites=true, retryReads=true, readConcern=ReadConcern{level=null}, credential=null, transportSettings=NettyTransportSettings{eventLoopGroup=io.netty.channel.nio.NioEventLoopGroup@46261779, socketChannelClass=null, allocator=null, sslContext=null}, commandListeners=[io.micrometer.core.instrument.binder.mongodb.MongoMetricsCommandListener@378f09a], codecRegistry=ProvidersCodecRegistry{codecProviders=[ValueCodecProvider{}, BsonValueCodecProvider{}, DBRefCodecProvider{}, DBObjectCodecProvider{}, DocumentCodecProvider{}, CollectionCodecProvider{}, IterableCodecProvider{}, MapCodecProvider{}, GeoJsonCodecProvider{}, GridFSFileCodecProvider{}, Jsr310CodecProvider{}, JsonObjectCodecProvider{}, BsonCodecProvider{}, EnumCodecProvider{}, com.mongodb.client.model.mql.ExpressionCodecProvider@7c47f5b0, com.mongodb.Jep395RecordCodecProvider@782f208e, com.mongodb.KotlinCodecProvider@e447d2d]}, loggerSettings=LoggerSettings{maxDocumentLength=1000}, clusterSettings={hosts=[localhost:27017], srvServiceName=mongodb, mode=SINGLE, requiredClusterType=UNKNOWN, requiredReplicaSetName='null', serverSelector='null', clusterListeners='[]', serverSelectionTimeout='30000 ms', localThreshold='15 ms'}, socketSettings=SocketSettings{connectTimeoutMS=10000, readTimeoutMS=0, receiveBufferSize=0, proxySettings=ProxySettings{host=null, port=null, username=null, password=null}}, heartbeatSocketSettings=SocketSettings{connectTimeoutMS=10000, readTimeoutMS=10000, receiveBufferSize=0, proxySettings=ProxySettings{host=null, port=null, username=null, password=null}}, connectionPoolSettings=ConnectionPoolSettings{maxSize=100, minSize=0, maxWaitTimeMS=120000, maxConnectionLifeTimeMS=0, maxConnectionIdleTimeMS=0, maintenanceInitialDelayMS=0, maintenanceFrequencyMS=60000, connectionPoolListeners=[io.micrometer.core.instrument.binder.mongodb.MongoMetricsConnectionPoolListener@4afca05f], maxConnecting=2}, serverSettings=ServerSettings{heartbeatFrequencyMS=10000, minHeartbeatFrequencyMS=500, serverMonitoringMode=AUTO, serverListeners='[]', serverMonitorListeners='[]'}, sslSettings=SslSettings{enabled=false, invalidHostNameAllowed=false, context=null}, applicationName='null', compressorList=[], uuidRepresentation=JAVA_LEGACY, serverApi=null, autoEncryptionSettings=null, dnsClient=null, inetAddressResolver=null, contextProvider=null, timeoutMS=null} 
2025-04-28 13:36:48-435 [cluster-ClusterId{value='680fcabf593c0b51665513d6', description='null'}-localhost:27017] INFO  org.mongodb.driver.cluster - Monitor thread successfully connected to server with description ServerDescription{address=localhost:27017, type=STANDALONE, cryptd=false, state=CONNECTED, ok=true, minWireVersion=0, maxWireVersion=25, maxDocumentSize=16777216, logicalSessionTimeoutMinutes=30, roundTripTimeNanos=330795700, minRoundTripTimeNanos=0} 
2025-04-28 13:36:51-722 [main] INFO  o.s.b.a.e.web.EndpointLinksResolver - Exposing 2 endpoints beneath base path '/actuator' 
2025-04-28 13:36:53-298 [main] INFO  o.s.c.n.e.c.DiscoveryClientOptionalArgsConfiguration - Eureka HTTP Client uses RestTemplate. 
2025-04-28 13:36:53-510 [main] WARN  o.s.c.l.c.LoadBalancerCacheAutoConfiguration$LoadBalancerCaffeineWarnLogger - Spring Cloud LoadBalancer is currently working with the default cache. While this cache implementation is useful for development and tests, it's recommended to use Caffeine cache in production.You can switch to using Caffeine cache, by adding it and org.springframework.cache.caffeine.CaffeineCacheManager to the classpath. 
2025-04-28 13:36:53-923 [main] INFO  o.a.k.c.consumer.ConsumerConfig - ConsumerConfig values: 
	allow.auto.create.topics = true
	auto.commit.interval.ms = 5000
	auto.include.jmx.reporter = true
	auto.offset.reset = latest
	bootstrap.servers = [localhost:29092]
	check.crcs = true
	client.dns.lookup = use_all_dns_ips
	client.id = consumer-wallet-group-1
	client.rack = 
	connections.max.idle.ms = 540000
	default.api.timeout.ms = 60000
	enable.auto.commit = false
	enable.metrics.push = true
	exclude.internal.topics = true
	fetch.max.bytes = 52428800
	fetch.max.wait.ms = 500
	fetch.min.bytes = 1
	group.id = wallet-group
	group.instance.id = null
	group.protocol = classic
	group.remote.assignor = null
	heartbeat.interval.ms = 3000
	interceptor.classes = []
	internal.leave.group.on.close = true
	internal.throw.on.fetch.stable.offset.unsupported = false
	isolation.level = read_uncommitted
	key.deserializer = class org.apache.kafka.common.serialization.StringDeserializer
	max.partition.fetch.bytes = 1048576
	max.poll.interval.ms = 300000
	max.poll.records = 500
	metadata.max.age.ms = 300000
	metadata.recovery.strategy = none
	metric.reporters = []
	metrics.num.samples = 2
	metrics.recording.level = INFO
	metrics.sample.window.ms = 30000
	partition.assignment.strategy = [class org.apache.kafka.clients.consumer.RangeAssignor, class org.apache.kafka.clients.consumer.CooperativeStickyAssignor]
	receive.buffer.bytes = 65536
	reconnect.backoff.max.ms = 1000
	reconnect.backoff.ms = 50
	request.timeout.ms = 30000
	retry.backoff.max.ms = 1000
	retry.backoff.ms = 100
	sasl.client.callback.handler.class = null
	sasl.jaas.config = null
	sasl.kerberos.kinit.cmd = /usr/bin/kinit
	sasl.kerberos.min.time.before.relogin = 60000
	sasl.kerberos.service.name = null
	sasl.kerberos.ticket.renew.jitter = 0.05
	sasl.kerberos.ticket.renew.window.factor = 0.8
	sasl.login.callback.handler.class = null
	sasl.login.class = null
	sasl.login.connect.timeout.ms = null
	sasl.login.read.timeout.ms = null
	sasl.login.refresh.buffer.seconds = 300
	sasl.login.refresh.min.period.seconds = 60
	sasl.login.refresh.window.factor = 0.8
	sasl.login.refresh.window.jitter = 0.05
	sasl.login.retry.backoff.max.ms = 10000
	sasl.login.retry.backoff.ms = 100
	sasl.mechanism = GSSAPI
	sasl.oauthbearer.clock.skew.seconds = 30
	sasl.oauthbearer.expected.audience = null
	sasl.oauthbearer.expected.issuer = null
	sasl.oauthbearer.jwks.endpoint.refresh.ms = 3600000
	sasl.oauthbearer.jwks.endpoint.retry.backoff.max.ms = 10000
	sasl.oauthbearer.jwks.endpoint.retry.backoff.ms = 100
	sasl.oauthbearer.jwks.endpoint.url = null
	sasl.oauthbearer.scope.claim.name = scope
	sasl.oauthbearer.sub.claim.name = sub
	sasl.oauthbearer.token.endpoint.url = null
	security.protocol = PLAINTEXT
	security.providers = null
	send.buffer.bytes = 131072
	session.timeout.ms = 45000
	socket.connection.setup.timeout.max.ms = 30000
	socket.connection.setup.timeout.ms = 10000
	ssl.cipher.suites = null
	ssl.enabled.protocols = [TLSv1.2, TLSv1.3]
	ssl.endpoint.identification.algorithm = https
	ssl.engine.factory.class = null
	ssl.key.password = null
	ssl.keymanager.algorithm = SunX509
	ssl.keystore.certificate.chain = null
	ssl.keystore.key = null
	ssl.keystore.location = null
	ssl.keystore.password = null
	ssl.keystore.type = JKS
	ssl.protocol = TLSv1.3
	ssl.provider = null
	ssl.secure.random.implementation = null
	ssl.trustmanager.algorithm = PKIX
	ssl.truststore.certificates = null
	ssl.truststore.location = null
	ssl.truststore.password = null
	ssl.truststore.type = JKS
	value.deserializer = class org.apache.kafka.common.serialization.StringDeserializer
 
2025-04-28 13:36:54-150 [main] INFO  o.a.k.c.t.i.KafkaMetricsCollector - initializing Kafka metrics collector 
2025-04-28 13:36:54-591 [main] INFO  o.a.kafka.common.utils.AppInfoParser - Kafka version: 3.8.1 
2025-04-28 13:36:54-596 [main] INFO  o.a.kafka.common.utils.AppInfoParser - Kafka commitId: 70d6ff42debf7e17 
2025-04-28 13:36:54-597 [main] INFO  o.a.kafka.common.utils.AppInfoParser - Kafka startTimeMs: 1745865414586 
2025-04-28 13:36:54-609 [main] INFO  o.a.k.c.c.i.LegacyKafkaConsumer - [Consumer clientId=consumer-wallet-group-1, groupId=wallet-group] Subscribed to topic(s): wallet-response 
2025-04-28 13:36:54-693 [main] INFO  o.s.c.n.eureka.InstanceInfoFactory - Setting initial instance status as: STARTING 
2025-04-28 13:36:54-786 [main] INFO  c.netflix.discovery.DiscoveryClient - Initializing Eureka in region us-east-1 
2025-04-28 13:36:54-804 [main] INFO  c.n.d.s.r.aws.ConfigClusterResolver - Resolving eureka endpoints via configuration 
2025-04-28 13:36:54-839 [main] INFO  c.netflix.discovery.DiscoveryClient - Disable delta property : false 
2025-04-28 13:36:54-840 [main] INFO  c.netflix.discovery.DiscoveryClient - Single vip registry refresh property : null 
2025-04-28 13:36:54-840 [main] INFO  c.netflix.discovery.DiscoveryClient - Force full registry fetch : false 
2025-04-28 13:36:54-840 [main] INFO  c.netflix.discovery.DiscoveryClient - Application is null : false 
2025-04-28 13:36:54-840 [main] INFO  c.netflix.discovery.DiscoveryClient - Registered Applications size is zero : true 
2025-04-28 13:36:54-840 [main] INFO  c.netflix.discovery.DiscoveryClient - Application version is -1: true 
2025-04-28 13:36:54-841 [main] INFO  c.netflix.discovery.DiscoveryClient - Getting all instance registry info from the eureka server 
2025-04-28 13:36:55-724 [repliesContainer-0-C-1] INFO  o.apache.kafka.clients.NetworkClient - [Consumer clientId=consumer-wallet-group-1, groupId=wallet-group] Node -1 disconnected. 
2025-04-28 13:36:55-729 [repliesContainer-0-C-1] WARN  o.apache.kafka.clients.NetworkClient - [Consumer clientId=consumer-wallet-group-1, groupId=wallet-group] Connection to node -1 (localhost/127.0.0.1:29092) could not be established. Node may not be available. 
2025-04-28 13:36:55-730 [repliesContainer-0-C-1] WARN  o.apache.kafka.clients.NetworkClient - [Consumer clientId=consumer-wallet-group-1, groupId=wallet-group] Bootstrap broker localhost:29092 (id: -1 rack: null) disconnected 
2025-04-28 13:36:55-867 [repliesContainer-0-C-1] INFO  o.apache.kafka.clients.NetworkClient - [Consumer clientId=consumer-wallet-group-1, groupId=wallet-group] Node -1 disconnected. 
2025-04-28 13:36:55-868 [repliesContainer-0-C-1] WARN  o.apache.kafka.clients.NetworkClient - [Consumer clientId=consumer-wallet-group-1, groupId=wallet-group] Connection to node -1 (localhost/127.0.0.1:29092) could not be established. Node may not be available. 
2025-04-28 13:36:55-869 [repliesContainer-0-C-1] WARN  o.apache.kafka.clients.NetworkClient - [Consumer clientId=consumer-wallet-group-1, groupId=wallet-group] Bootstrap broker localhost:29092 (id: -1 rack: null) disconnected 
2025-04-28 13:36:55-882 [main] INFO  c.netflix.discovery.DiscoveryClient - The response status is 200 
2025-04-28 13:36:55-890 [main] INFO  c.netflix.discovery.DiscoveryClient - Starting heartbeat executor: renew interval is: 30 
2025-04-28 13:36:55-896 [main] INFO  c.n.discovery.InstanceInfoReplicator - InstanceInfoReplicator onDemand update allowed rate per min is 4 
2025-04-28 13:36:55-900 [main] INFO  c.netflix.discovery.DiscoveryClient - Discovery Client initialized at timestamp 1745865415899 with initial instances count: 5 
2025-04-28 13:36:55-906 [main] INFO  o.s.c.n.e.s.EurekaServiceRegistry - Registering application WALLET-BOOTCOIN-API with eureka with status UP 
2025-04-28 13:36:55-908 [main] INFO  c.netflix.discovery.DiscoveryClient - Saw local status change event StatusChangeEvent [timestamp=1745865415908, current=UP, previous=STARTING] 
2025-04-28 13:36:55-913 [DiscoveryClient-InstanceInfoReplicator-%d] INFO  c.netflix.discovery.DiscoveryClient - DiscoveryClient_WALLET-BOOTCOIN-API/wallet-bootcoin-api:8805: registering service... 
2025-04-28 13:36:55-913 [main] INFO  o.a.k.c.consumer.ConsumerConfig - ConsumerConfig values: 
	allow.auto.create.topics = true
	auto.commit.interval.ms = 5000
	auto.include.jmx.reporter = true
	auto.offset.reset = latest
	bootstrap.servers = [localhost:29092]
	check.crcs = true
	client.dns.lookup = use_all_dns_ips
	client.id = consumer-wallet-group-2
	client.rack = 
	connections.max.idle.ms = 540000
	default.api.timeout.ms = 60000
	enable.auto.commit = false
	enable.metrics.push = true
	exclude.internal.topics = true
	fetch.max.bytes = 52428800
	fetch.max.wait.ms = 500
	fetch.min.bytes = 1
	group.id = wallet-group
	group.instance.id = null
	group.protocol = classic
	group.remote.assignor = null
	heartbeat.interval.ms = 3000
	interceptor.classes = []
	internal.leave.group.on.close = true
	internal.throw.on.fetch.stable.offset.unsupported = false
	isolation.level = read_uncommitted
	key.deserializer = class org.apache.kafka.common.serialization.StringDeserializer
	max.partition.fetch.bytes = 1048576
	max.poll.interval.ms = 300000
	max.poll.records = 500
	metadata.max.age.ms = 300000
	metadata.recovery.strategy = none
	metric.reporters = []
	metrics.num.samples = 2
	metrics.recording.level = INFO
	metrics.sample.window.ms = 30000
	partition.assignment.strategy = [class org.apache.kafka.clients.consumer.RangeAssignor, class org.apache.kafka.clients.consumer.CooperativeStickyAssignor]
	receive.buffer.bytes = 65536
	reconnect.backoff.max.ms = 1000
	reconnect.backoff.ms = 50
	request.timeout.ms = 30000
	retry.backoff.max.ms = 1000
	retry.backoff.ms = 100
	sasl.client.callback.handler.class = null
	sasl.jaas.config = null
	sasl.kerberos.kinit.cmd = /usr/bin/kinit
	sasl.kerberos.min.time.before.relogin = 60000
	sasl.kerberos.service.name = null
	sasl.kerberos.ticket.renew.jitter = 0.05
	sasl.kerberos.ticket.renew.window.factor = 0.8
	sasl.login.callback.handler.class = null
	sasl.login.class = null
	sasl.login.connect.timeout.ms = null
	sasl.login.read.timeout.ms = null
	sasl.login.refresh.buffer.seconds = 300
	sasl.login.refresh.min.period.seconds = 60
	sasl.login.refresh.window.factor = 0.8
	sasl.login.refresh.window.jitter = 0.05
	sasl.login.retry.backoff.max.ms = 10000
	sasl.login.retry.backoff.ms = 100
	sasl.mechanism = GSSAPI
	sasl.oauthbearer.clock.skew.seconds = 30
	sasl.oauthbearer.expected.audience = null
	sasl.oauthbearer.expected.issuer = null
	sasl.oauthbearer.jwks.endpoint.refresh.ms = 3600000
	sasl.oauthbearer.jwks.endpoint.retry.backoff.max.ms = 10000
	sasl.oauthbearer.jwks.endpoint.retry.backoff.ms = 100
	sasl.oauthbearer.jwks.endpoint.url = null
	sasl.oauthbearer.scope.claim.name = scope
	sasl.oauthbearer.sub.claim.name = sub
	sasl.oauthbearer.token.endpoint.url = null
	security.protocol = PLAINTEXT
	security.providers = null
	send.buffer.bytes = 131072
	session.timeout.ms = 45000
	socket.connection.setup.timeout.max.ms = 30000
	socket.connection.setup.timeout.ms = 10000
	ssl.cipher.suites = null
	ssl.enabled.protocols = [TLSv1.2, TLSv1.3]
	ssl.endpoint.identification.algorithm = https
	ssl.engine.factory.class = null
	ssl.key.password = null
	ssl.keymanager.algorithm = SunX509
	ssl.keystore.certificate.chain = null
	ssl.keystore.key = null
	ssl.keystore.location = null
	ssl.keystore.password = null
	ssl.keystore.type = JKS
	ssl.protocol = TLSv1.3
	ssl.provider = null
	ssl.secure.random.implementation = null
	ssl.trustmanager.algorithm = PKIX
	ssl.truststore.certificates = null
	ssl.truststore.location = null
	ssl.truststore.password = null
	ssl.truststore.type = JKS
	value.deserializer = class org.apache.kafka.common.serialization.StringDeserializer
 
2025-04-28 13:36:55-915 [main] INFO  o.a.k.c.t.i.KafkaMetricsCollector - initializing Kafka metrics collector 
2025-04-28 13:36:55-936 [main] INFO  o.a.kafka.common.utils.AppInfoParser - Kafka version: 3.8.1 
2025-04-28 13:36:55-936 [main] INFO  o.a.kafka.common.utils.AppInfoParser - Kafka commitId: 70d6ff42debf7e17 
2025-04-28 13:36:55-937 [main] INFO  o.a.kafka.common.utils.AppInfoParser - Kafka startTimeMs: 1745865415936 
2025-04-28 13:36:55-939 [main] INFO  o.a.k.c.c.i.LegacyKafkaConsumer - [Consumer clientId=consumer-wallet-group-2, groupId=wallet-group] Subscribed to topic(s): wallet-bootcoin-request 
2025-04-28 13:36:55-949 [main] INFO  o.a.k.c.consumer.ConsumerConfig - ConsumerConfig values: 
	allow.auto.create.topics = true
	auto.commit.interval.ms = 5000
	auto.include.jmx.reporter = true
	auto.offset.reset = latest
	bootstrap.servers = [localhost:29092]
	check.crcs = true
	client.dns.lookup = use_all_dns_ips
	client.id = consumer-wallet-group-3
	client.rack = 
	connections.max.idle.ms = 540000
	default.api.timeout.ms = 60000
	enable.auto.commit = false
	enable.metrics.push = true
	exclude.internal.topics = true
	fetch.max.bytes = 52428800
	fetch.max.wait.ms = 500
	fetch.min.bytes = 1
	group.id = wallet-group
	group.instance.id = null
	group.protocol = classic
	group.remote.assignor = null
	heartbeat.interval.ms = 3000
	interceptor.classes = []
	internal.leave.group.on.close = true
	internal.throw.on.fetch.stable.offset.unsupported = false
	isolation.level = read_uncommitted
	key.deserializer = class org.apache.kafka.common.serialization.StringDeserializer
	max.partition.fetch.bytes = 1048576
	max.poll.interval.ms = 300000
	max.poll.records = 500
	metadata.max.age.ms = 300000
	metadata.recovery.strategy = none
	metric.reporters = []
	metrics.num.samples = 2
	metrics.recording.level = INFO
	metrics.sample.window.ms = 30000
	partition.assignment.strategy = [class org.apache.kafka.clients.consumer.RangeAssignor, class org.apache.kafka.clients.consumer.CooperativeStickyAssignor]
	receive.buffer.bytes = 65536
	reconnect.backoff.max.ms = 1000
	reconnect.backoff.ms = 50
	request.timeout.ms = 30000
	retry.backoff.max.ms = 1000
	retry.backoff.ms = 100
	sasl.client.callback.handler.class = null
	sasl.jaas.config = null
	sasl.kerberos.kinit.cmd = /usr/bin/kinit
	sasl.kerberos.min.time.before.relogin = 60000
	sasl.kerberos.service.name = null
	sasl.kerberos.ticket.renew.jitter = 0.05
	sasl.kerberos.ticket.renew.window.factor = 0.8
	sasl.login.callback.handler.class = null
	sasl.login.class = null
	sasl.login.connect.timeout.ms = null
	sasl.login.read.timeout.ms = null
	sasl.login.refresh.buffer.seconds = 300
	sasl.login.refresh.min.period.seconds = 60
	sasl.login.refresh.window.factor = 0.8
	sasl.login.refresh.window.jitter = 0.05
	sasl.login.retry.backoff.max.ms = 10000
	sasl.login.retry.backoff.ms = 100
	sasl.mechanism = GSSAPI
	sasl.oauthbearer.clock.skew.seconds = 30
	sasl.oauthbearer.expected.audience = null
	sasl.oauthbearer.expected.issuer = null
	sasl.oauthbearer.jwks.endpoint.refresh.ms = 3600000
	sasl.oauthbearer.jwks.endpoint.retry.backoff.max.ms = 10000
	sasl.oauthbearer.jwks.endpoint.retry.backoff.ms = 100
	sasl.oauthbearer.jwks.endpoint.url = null
	sasl.oauthbearer.scope.claim.name = scope
	sasl.oauthbearer.sub.claim.name = sub
	sasl.oauthbearer.token.endpoint.url = null
	security.protocol = PLAINTEXT
	security.providers = null
	send.buffer.bytes = 131072
	session.timeout.ms = 45000
	socket.connection.setup.timeout.max.ms = 30000
	socket.connection.setup.timeout.ms = 10000
	ssl.cipher.suites = null
	ssl.enabled.protocols = [TLSv1.2, TLSv1.3]
	ssl.endpoint.identification.algorithm = https
	ssl.engine.factory.class = null
	ssl.key.password = null
	ssl.keymanager.algorithm = SunX509
	ssl.keystore.certificate.chain = null
	ssl.keystore.key = null
	ssl.keystore.location = null
	ssl.keystore.password = null
	ssl.keystore.type = JKS
	ssl.protocol = TLSv1.3
	ssl.provider = null
	ssl.secure.random.implementation = null
	ssl.trustmanager.algorithm = PKIX
	ssl.truststore.certificates = null
	ssl.truststore.location = null
	ssl.truststore.password = null
	ssl.truststore.type = JKS
	value.deserializer = class org.apache.kafka.common.serialization.StringDeserializer
 
2025-04-28 13:36:55-950 [main] INFO  o.a.k.c.t.i.KafkaMetricsCollector - initializing Kafka metrics collector 
2025-04-28 13:36:55-953 [org.springframework.kafka.KafkaListenerEndpointContainer#2-0-C-1] INFO  o.apache.kafka.clients.NetworkClient - [Consumer clientId=consumer-wallet-group-2, groupId=wallet-group] Node -1 disconnected. 
2025-04-28 13:36:55-953 [org.springframework.kafka.KafkaListenerEndpointContainer#2-0-C-1] WARN  o.apache.kafka.clients.NetworkClient - [Consumer clientId=consumer-wallet-group-2, groupId=wallet-group] Connection to node -1 (localhost/127.0.0.1:29092) could not be established. Node may not be available. 
2025-04-28 13:36:55-954 [org.springframework.kafka.KafkaListenerEndpointContainer#2-0-C-1] WARN  o.apache.kafka.clients.NetworkClient - [Consumer clientId=consumer-wallet-group-2, groupId=wallet-group] Bootstrap broker localhost:29092 (id: -1 rack: null) disconnected 
2025-04-28 13:36:55-965 [main] INFO  o.a.kafka.common.utils.AppInfoParser - Kafka version: 3.8.1 
2025-04-28 13:36:55-966 [main] INFO  o.a.kafka.common.utils.AppInfoParser - Kafka commitId: 70d6ff42debf7e17 
2025-04-28 13:36:55-966 [main] INFO  o.a.kafka.common.utils.AppInfoParser - Kafka startTimeMs: 1745865415965 
2025-04-28 13:36:55-974 [main] INFO  o.a.k.c.c.i.LegacyKafkaConsumer - [Consumer clientId=consumer-wallet-group-3, groupId=wallet-group] Subscribed to topic(s): wallet-only-create 
2025-04-28 13:36:55-980 [main] INFO  o.a.k.c.consumer.ConsumerConfig - ConsumerConfig values: 
	allow.auto.create.topics = true
	auto.commit.interval.ms = 5000
	auto.include.jmx.reporter = true
	auto.offset.reset = latest
	bootstrap.servers = [localhost:29092]
	check.crcs = true
	client.dns.lookup = use_all_dns_ips
	client.id = consumer-wallet-group-4
	client.rack = 
	connections.max.idle.ms = 540000
	default.api.timeout.ms = 60000
	enable.auto.commit = false
	enable.metrics.push = true
	exclude.internal.topics = true
	fetch.max.bytes = 52428800
	fetch.max.wait.ms = 500
	fetch.min.bytes = 1
	group.id = wallet-group
	group.instance.id = null
	group.protocol = classic
	group.remote.assignor = null
	heartbeat.interval.ms = 3000
	interceptor.classes = []
	internal.leave.group.on.close = true
	internal.throw.on.fetch.stable.offset.unsupported = false
	isolation.level = read_uncommitted
	key.deserializer = class org.apache.kafka.common.serialization.StringDeserializer
	max.partition.fetch.bytes = 1048576
	max.poll.interval.ms = 300000
	max.poll.records = 500
	metadata.max.age.ms = 300000
	metadata.recovery.strategy = none
	metric.reporters = []
	metrics.num.samples = 2
	metrics.recording.level = INFO
	metrics.sample.window.ms = 30000
	partition.assignment.strategy = [class org.apache.kafka.clients.consumer.RangeAssignor, class org.apache.kafka.clients.consumer.CooperativeStickyAssignor]
	receive.buffer.bytes = 65536
	reconnect.backoff.max.ms = 1000
	reconnect.backoff.ms = 50
	request.timeout.ms = 30000
	retry.backoff.max.ms = 1000
	retry.backoff.ms = 100
	sasl.client.callback.handler.class = null
	sasl.jaas.config = null
	sasl.kerberos.kinit.cmd = /usr/bin/kinit
	sasl.kerberos.min.time.before.relogin = 60000
	sasl.kerberos.service.name = null
	sasl.kerberos.ticket.renew.jitter = 0.05
	sasl.kerberos.ticket.renew.window.factor = 0.8
	sasl.login.callback.handler.class = null
	sasl.login.class = null
	sasl.login.connect.timeout.ms = null
	sasl.login.read.timeout.ms = null
	sasl.login.refresh.buffer.seconds = 300
	sasl.login.refresh.min.period.seconds = 60
	sasl.login.refresh.window.factor = 0.8
	sasl.login.refresh.window.jitter = 0.05
	sasl.login.retry.backoff.max.ms = 10000
	sasl.login.retry.backoff.ms = 100
	sasl.mechanism = GSSAPI
	sasl.oauthbearer.clock.skew.seconds = 30
	sasl.oauthbearer.expected.audience = null
	sasl.oauthbearer.expected.issuer = null
	sasl.oauthbearer.jwks.endpoint.refresh.ms = 3600000
	sasl.oauthbearer.jwks.endpoint.retry.backoff.max.ms = 10000
	sasl.oauthbearer.jwks.endpoint.retry.backoff.ms = 100
	sasl.oauthbearer.jwks.endpoint.url = null
	sasl.oauthbearer.scope.claim.name = scope
	sasl.oauthbearer.sub.claim.name = sub
	sasl.oauthbearer.token.endpoint.url = null
	security.protocol = PLAINTEXT
	security.providers = null
	send.buffer.bytes = 131072
	session.timeout.ms = 45000
	socket.connection.setup.timeout.max.ms = 30000
	socket.connection.setup.timeout.ms = 10000
	ssl.cipher.suites = null
	ssl.enabled.protocols = [TLSv1.2, TLSv1.3]
	ssl.endpoint.identification.algorithm = https
	ssl.engine.factory.class = null
	ssl.key.password = null
	ssl.keymanager.algorithm = SunX509
	ssl.keystore.certificate.chain = null
	ssl.keystore.key = null
	ssl.keystore.location = null
	ssl.keystore.password = null
	ssl.keystore.type = JKS
	ssl.protocol = TLSv1.3
	ssl.provider = null
	ssl.secure.random.implementation = null
	ssl.trustmanager.algorithm = PKIX
	ssl.truststore.certificates = null
	ssl.truststore.location = null
	ssl.truststore.password = null
	ssl.truststore.type = JKS
	value.deserializer = class org.apache.kafka.common.serialization.StringDeserializer
 
2025-04-28 13:36:55-981 [main] INFO  o.a.k.c.t.i.KafkaMetricsCollector - initializing Kafka metrics collector 
2025-04-28 13:36:55-983 [org.springframework.kafka.KafkaListenerEndpointContainer#0-0-C-1] INFO  o.apache.kafka.clients.NetworkClient - [Consumer clientId=consumer-wallet-group-3, groupId=wallet-group] Node -1 disconnected. 
2025-04-28 13:36:55-984 [org.springframework.kafka.KafkaListenerEndpointContainer#0-0-C-1] WARN  o.apache.kafka.clients.NetworkClient - [Consumer clientId=consumer-wallet-group-3, groupId=wallet-group] Connection to node -1 (localhost/127.0.0.1:29092) could not be established. Node may not be available. 
2025-04-28 13:36:55-986 [org.springframework.kafka.KafkaListenerEndpointContainer#0-0-C-1] WARN  o.apache.kafka.clients.NetworkClient - [Consumer clientId=consumer-wallet-group-3, groupId=wallet-group] Bootstrap broker localhost:29092 (id: -1 rack: null) disconnected 
2025-04-28 13:36:55-995 [repliesContainer-0-C-1] INFO  o.apache.kafka.clients.NetworkClient - [Consumer clientId=consumer-wallet-group-1, groupId=wallet-group] Node -1 disconnected. 
2025-04-28 13:36:55-995 [repliesContainer-0-C-1] WARN  o.apache.kafka.clients.NetworkClient - [Consumer clientId=consumer-wallet-group-1, groupId=wallet-group] Connection to node -1 (localhost/127.0.0.1:29092) could not be established. Node may not be available. 
2025-04-28 13:36:55-996 [repliesContainer-0-C-1] WARN  o.apache.kafka.clients.NetworkClient - [Consumer clientId=consumer-wallet-group-1, groupId=wallet-group] Bootstrap broker localhost:29092 (id: -1 rack: null) disconnected 
2025-04-28 13:36:55-998 [main] INFO  o.a.kafka.common.utils.AppInfoParser - Kafka version: 3.8.1 
2025-04-28 13:36:55-999 [main] INFO  o.a.kafka.common.utils.AppInfoParser - Kafka commitId: 70d6ff42debf7e17 
2025-04-28 13:36:55-999 [main] INFO  o.a.kafka.common.utils.AppInfoParser - Kafka startTimeMs: 1745865415998 
2025-04-28 13:36:56-000 [main] INFO  o.a.k.c.c.i.LegacyKafkaConsumer - [Consumer clientId=consumer-wallet-group-4, groupId=wallet-group] Subscribed to topic(s): wallet-user-request 
2025-04-28 13:36:56-011 [org.springframework.kafka.KafkaListenerEndpointContainer#1-0-C-1] INFO  o.apache.kafka.clients.NetworkClient - [Consumer clientId=consumer-wallet-group-4, groupId=wallet-group] Node -1 disconnected. 
2025-04-28 13:36:56-013 [org.springframework.kafka.KafkaListenerEndpointContainer#1-0-C-1] WARN  o.apache.kafka.clients.NetworkClient - [Consumer clientId=consumer-wallet-group-4, groupId=wallet-group] Connection to node -1 (localhost/127.0.0.1:29092) could not be established. Node may not be available. 
2025-04-28 13:36:56-014 [org.springframework.kafka.KafkaListenerEndpointContainer#1-0-C-1] WARN  o.apache.kafka.clients.NetworkClient - [Consumer clientId=consumer-wallet-group-4, groupId=wallet-group] Bootstrap broker localhost:29092 (id: -1 rack: null) disconnected 
2025-04-28 13:36:56-042 [main] INFO  c.b.w.b.a.WalletBootcoinApiApplicationTests - Started WalletBootcoinApiApplicationTests in 28.001 seconds (process running for 49.936) 
2025-04-28 13:36:56-051 [org.springframework.kafka.KafkaListenerEndpointContainer#2-0-C-1] INFO  o.apache.kafka.clients.NetworkClient - [Consumer clientId=consumer-wallet-group-2, groupId=wallet-group] Node -1 disconnected. 
2025-04-28 13:36:56-052 [org.springframework.kafka.KafkaListenerEndpointContainer#2-0-C-1] WARN  o.apache.kafka.clients.NetworkClient - [Consumer clientId=consumer-wallet-group-2, groupId=wallet-group] Connection to node -1 (localhost/127.0.0.1:29092) could not be established. Node may not be available. 
2025-04-28 13:36:56-052 [org.springframework.kafka.KafkaListenerEndpointContainer#2-0-C-1] WARN  o.apache.kafka.clients.NetworkClient - [Consumer clientId=consumer-wallet-group-2, groupId=wallet-group] Bootstrap broker localhost:29092 (id: -1 rack: null) disconnected 
2025-04-28 13:36:56-061 [DiscoveryClient-InstanceInfoReplicator-%d] INFO  c.netflix.discovery.DiscoveryClient - DiscoveryClient_WALLET-BOOTCOIN-API/wallet-bootcoin-api:8805 - registration status: 204 
2025-04-28 13:36:56-099 [org.springframework.kafka.KafkaListenerEndpointContainer#0-0-C-1] INFO  o.apache.kafka.clients.NetworkClient - [Consumer clientId=consumer-wallet-group-3, groupId=wallet-group] Node -1 disconnected. 
2025-04-28 13:36:56-100 [org.springframework.kafka.KafkaListenerEndpointContainer#0-0-C-1] WARN  o.apache.kafka.clients.NetworkClient - [Consumer clientId=consumer-wallet-group-3, groupId=wallet-group] Connection to node -1 (localhost/127.0.0.1:29092) could not be established. Node may not be available. 
2025-04-28 13:36:56-101 [org.springframework.kafka.KafkaListenerEndpointContainer#0-0-C-1] WARN  o.apache.kafka.clients.NetworkClient - [Consumer clientId=consumer-wallet-group-3, groupId=wallet-group] Bootstrap broker localhost:29092 (id: -1 rack: null) disconnected 
2025-04-28 13:36:56-109 [org.springframework.kafka.KafkaListenerEndpointContainer#1-0-C-1] INFO  o.apache.kafka.clients.NetworkClient - [Consumer clientId=consumer-wallet-group-4, groupId=wallet-group] Node -1 disconnected. 
2025-04-28 13:36:56-110 [org.springframework.kafka.KafkaListenerEndpointContainer#1-0-C-1] WARN  o.apache.kafka.clients.NetworkClient - [Consumer clientId=consumer-wallet-group-4, groupId=wallet-group] Connection to node -1 (localhost/127.0.0.1:29092) could not be established. Node may not be available. 
2025-04-28 13:36:56-110 [org.springframework.kafka.KafkaListenerEndpointContainer#1-0-C-1] WARN  o.apache.kafka.clients.NetworkClient - [Consumer clientId=consumer-wallet-group-4, groupId=wallet-group] Bootstrap broker localhost:29092 (id: -1 rack: null) disconnected 
2025-04-28 13:36:56-142 [SpringApplicationShutdownHook] INFO  o.s.c.n.e.s.EurekaServiceRegistry - Unregistering application WALLET-BOOTCOIN-API with eureka with status DOWN 
2025-04-28 13:36:56-143 [SpringApplicationShutdownHook] INFO  c.netflix.discovery.DiscoveryClient - Saw local status change event StatusChangeEvent [timestamp=1745865416143, current=DOWN, previous=UP] 
2025-04-28 13:36:56-144 [DiscoveryClient-InstanceInfoReplicator-%d] INFO  c.netflix.discovery.DiscoveryClient - DiscoveryClient_WALLET-BOOTCOIN-API/wallet-bootcoin-api:8805: registering service... 
2025-04-28 13:36:56-159 [DiscoveryClient-InstanceInfoReplicator-%d] INFO  c.netflix.discovery.DiscoveryClient - DiscoveryClient_WALLET-BOOTCOIN-API/wallet-bootcoin-api:8805 - registration status: 204 
2025-04-28 13:36:56-211 [repliesContainer-0-C-1] INFO  o.apache.kafka.clients.NetworkClient - [Consumer clientId=consumer-wallet-group-1, groupId=wallet-group] Node -1 disconnected. 
2025-04-28 13:36:56-213 [repliesContainer-0-C-1] WARN  o.apache.kafka.clients.NetworkClient - [Consumer clientId=consumer-wallet-group-1, groupId=wallet-group] Connection to node -1 (localhost/127.0.0.1:29092) could not be established. Node may not be available. 
2025-04-28 13:36:56-213 [repliesContainer-0-C-1] WARN  o.apache.kafka.clients.NetworkClient - [Consumer clientId=consumer-wallet-group-1, groupId=wallet-group] Bootstrap broker localhost:29092 (id: -1 rack: null) disconnected 
2025-04-28 13:36:56-214 [org.springframework.kafka.KafkaListenerEndpointContainer#0-0-C-1] INFO  o.apache.kafka.clients.NetworkClient - [Consumer clientId=consumer-wallet-group-3, groupId=wallet-group] Node -1 disconnected. 
2025-04-28 13:36:56-214 [org.springframework.kafka.KafkaListenerEndpointContainer#0-0-C-1] WARN  o.apache.kafka.clients.NetworkClient - [Consumer clientId=consumer-wallet-group-3, groupId=wallet-group] Connection to node -1 (localhost/127.0.0.1:29092) could not be established. Node may not be available. 
2025-04-28 13:36:56-214 [org.springframework.kafka.KafkaListenerEndpointContainer#0-0-C-1] WARN  o.apache.kafka.clients.NetworkClient - [Consumer clientId=consumer-wallet-group-3, groupId=wallet-group] Bootstrap broker localhost:29092 (id: -1 rack: null) disconnected 
2025-04-28 13:36:56-215 [org.springframework.kafka.KafkaListenerEndpointContainer#2-0-C-1] INFO  o.apache.kafka.clients.NetworkClient - [Consumer clientId=consumer-wallet-group-2, groupId=wallet-group] Node -1 disconnected. 
2025-04-28 13:36:56-215 [org.springframework.kafka.KafkaListenerEndpointContainer#2-0-C-1] WARN  o.apache.kafka.clients.NetworkClient - [Consumer clientId=consumer-wallet-group-2, groupId=wallet-group] Connection to node -1 (localhost/127.0.0.1:29092) could not be established. Node may not be available. 
2025-04-28 13:36:56-215 [org.springframework.kafka.KafkaListenerEndpointContainer#2-0-C-1] WARN  o.apache.kafka.clients.NetworkClient - [Consumer clientId=consumer-wallet-group-2, groupId=wallet-group] Bootstrap broker localhost:29092 (id: -1 rack: null) disconnected 
2025-04-28 13:36:56-216 [org.springframework.kafka.KafkaListenerEndpointContainer#1-0-C-1] INFO  o.apache.kafka.clients.NetworkClient - [Consumer clientId=consumer-wallet-group-4, groupId=wallet-group] Node -1 disconnected. 
2025-04-28 13:36:56-216 [org.springframework.kafka.KafkaListenerEndpointContainer#1-0-C-1] WARN  o.apache.kafka.clients.NetworkClient - [Consumer clientId=consumer-wallet-group-4, groupId=wallet-group] Connection to node -1 (localhost/127.0.0.1:29092) could not be established. Node may not be available. 
2025-04-28 13:36:56-217 [org.springframework.kafka.KafkaListenerEndpointContainer#1-0-C-1] WARN  o.apache.kafka.clients.NetworkClient - [Consumer clientId=consumer-wallet-group-4, groupId=wallet-group] Bootstrap broker localhost:29092 (id: -1 rack: null) disconnected 
2025-04-28 13:36:56-425 [org.springframework.kafka.KafkaListenerEndpointContainer#0-0-C-1] INFO  o.apache.kafka.clients.NetworkClient - [Consumer clientId=consumer-wallet-group-3, groupId=wallet-group] Node -1 disconnected. 
2025-04-28 13:36:56-426 [org.springframework.kafka.KafkaListenerEndpointContainer#0-0-C-1] WARN  o.apache.kafka.clients.NetworkClient - [Consumer clientId=consumer-wallet-group-3, groupId=wallet-group] Connection to node -1 (localhost/127.0.0.1:29092) could not be established. Node may not be available. 
2025-04-28 13:36:56-426 [org.springframework.kafka.KafkaListenerEndpointContainer#0-0-C-1] WARN  o.apache.kafka.clients.NetworkClient - [Consumer clientId=consumer-wallet-group-3, groupId=wallet-group] Bootstrap broker localhost:29092 (id: -1 rack: null) disconnected 
2025-04-28 13:36:56-438 [org.springframework.kafka.KafkaListenerEndpointContainer#2-0-C-1] INFO  o.apache.kafka.clients.NetworkClient - [Consumer clientId=consumer-wallet-group-2, groupId=wallet-group] Node -1 disconnected. 
2025-04-28 13:36:56-439 [org.springframework.kafka.KafkaListenerEndpointContainer#2-0-C-1] WARN  o.apache.kafka.clients.NetworkClient - [Consumer clientId=consumer-wallet-group-2, groupId=wallet-group] Connection to node -1 (localhost/127.0.0.1:29092) could not be established. Node may not be available. 
2025-04-28 13:36:56-439 [org.springframework.kafka.KafkaListenerEndpointContainer#2-0-C-1] WARN  o.apache.kafka.clients.NetworkClient - [Consumer clientId=consumer-wallet-group-2, groupId=wallet-group] Bootstrap broker localhost:29092 (id: -1 rack: null) disconnected 
2025-04-28 13:36:56-487 [org.springframework.kafka.KafkaListenerEndpointContainer#1-0-C-1] INFO  o.apache.kafka.clients.NetworkClient - [Consumer clientId=consumer-wallet-group-4, groupId=wallet-group] Node -1 disconnected. 
2025-04-28 13:36:56-489 [org.springframework.kafka.KafkaListenerEndpointContainer#1-0-C-1] WARN  o.apache.kafka.clients.NetworkClient - [Consumer clientId=consumer-wallet-group-4, groupId=wallet-group] Connection to node -1 (localhost/127.0.0.1:29092) could not be established. Node may not be available. 
2025-04-28 13:36:56-489 [org.springframework.kafka.KafkaListenerEndpointContainer#1-0-C-1] WARN  o.apache.kafka.clients.NetworkClient - [Consumer clientId=consumer-wallet-group-4, groupId=wallet-group] Bootstrap broker localhost:29092 (id: -1 rack: null) disconnected 
2025-04-28 13:36:56-553 [repliesContainer-0-C-1] INFO  o.apache.kafka.clients.NetworkClient - [Consumer clientId=consumer-wallet-group-1, groupId=wallet-group] Node -1 disconnected. 
2025-04-28 13:36:56-553 [repliesContainer-0-C-1] WARN  o.apache.kafka.clients.NetworkClient - [Consumer clientId=consumer-wallet-group-1, groupId=wallet-group] Connection to node -1 (localhost/127.0.0.1:29092) could not be established. Node may not be available. 
2025-04-28 13:36:56-554 [repliesContainer-0-C-1] WARN  o.apache.kafka.clients.NetworkClient - [Consumer clientId=consumer-wallet-group-1, groupId=wallet-group] Bootstrap broker localhost:29092 (id: -1 rack: null) disconnected 
2025-04-28 13:36:56-850 [org.springframework.kafka.KafkaListenerEndpointContainer#1-0-C-1] INFO  o.apache.kafka.clients.NetworkClient - [Consumer clientId=consumer-wallet-group-4, groupId=wallet-group] Node -1 disconnected. 
2025-04-28 13:36:56-851 [org.springframework.kafka.KafkaListenerEndpointContainer#1-0-C-1] WARN  o.apache.kafka.clients.NetworkClient - [Consumer clientId=consumer-wallet-group-4, groupId=wallet-group] Connection to node -1 (localhost/127.0.0.1:29092) could not be established. Node may not be available. 
2025-04-28 13:36:56-851 [org.springframework.kafka.KafkaListenerEndpointContainer#1-0-C-1] WARN  o.apache.kafka.clients.NetworkClient - [Consumer clientId=consumer-wallet-group-4, groupId=wallet-group] Bootstrap broker localhost:29092 (id: -1 rack: null) disconnected 
2025-04-28 13:36:56-866 [org.springframework.kafka.KafkaListenerEndpointContainer#2-0-C-1] INFO  o.apache.kafka.clients.NetworkClient - [Consumer clientId=consumer-wallet-group-2, groupId=wallet-group] Node -1 disconnected. 
2025-04-28 13:36:56-866 [org.springframework.kafka.KafkaListenerEndpointContainer#2-0-C-1] WARN  o.apache.kafka.clients.NetworkClient - [Consumer clientId=consumer-wallet-group-2, groupId=wallet-group] Connection to node -1 (localhost/127.0.0.1:29092) could not be established. Node may not be available. 
2025-04-28 13:36:56-866 [org.springframework.kafka.KafkaListenerEndpointContainer#2-0-C-1] WARN  o.apache.kafka.clients.NetworkClient - [Consumer clientId=consumer-wallet-group-2, groupId=wallet-group] Bootstrap broker localhost:29092 (id: -1 rack: null) disconnected 
2025-04-28 13:36:56-892 [repliesContainer-0-C-1] INFO  o.a.k.c.c.i.ConsumerCoordinator - [Consumer clientId=consumer-wallet-group-1, groupId=wallet-group] Resetting generation and member id due to: consumer pro-actively leaving the group 
2025-04-28 13:36:56-892 [repliesContainer-0-C-1] INFO  o.a.k.c.c.i.ConsumerCoordinator - [Consumer clientId=consumer-wallet-group-1, groupId=wallet-group] Request joining group due to: consumer pro-actively leaving the group 
2025-04-28 13:36:56-893 [repliesContainer-0-C-1] INFO  o.a.k.c.c.i.LegacyKafkaConsumer - [Consumer clientId=consumer-wallet-group-1, groupId=wallet-group] Unsubscribed all topics or patterns and assigned partitions 
2025-04-28 13:36:56-895 [repliesContainer-0-C-1] INFO  o.a.k.c.c.i.ConsumerCoordinator - [Consumer clientId=consumer-wallet-group-1, groupId=wallet-group] Resetting generation and member id due to: consumer pro-actively leaving the group 
2025-04-28 13:36:56-896 [repliesContainer-0-C-1] INFO  o.a.k.c.c.i.ConsumerCoordinator - [Consumer clientId=consumer-wallet-group-1, groupId=wallet-group] Request joining group due to: consumer pro-actively leaving the group 
2025-04-28 13:36:56-898 [org.springframework.kafka.KafkaListenerEndpointContainer#0-0-C-1] INFO  o.apache.kafka.clients.NetworkClient - [Consumer clientId=consumer-wallet-group-3, groupId=wallet-group] Node -1 disconnected. 
2025-04-28 13:36:56-899 [org.springframework.kafka.KafkaListenerEndpointContainer#0-0-C-1] WARN  o.apache.kafka.clients.NetworkClient - [Consumer clientId=consumer-wallet-group-3, groupId=wallet-group] Connection to node -1 (localhost/127.0.0.1:29092) could not be established. Node may not be available. 
2025-04-28 13:36:56-899 [org.springframework.kafka.KafkaListenerEndpointContainer#0-0-C-1] WARN  o.apache.kafka.clients.NetworkClient - [Consumer clientId=consumer-wallet-group-3, groupId=wallet-group] Bootstrap broker localhost:29092 (id: -1 rack: null) disconnected 
2025-04-28 13:36:56-902 [repliesContainer-0-C-1] INFO  o.a.kafka.common.metrics.Metrics - Metrics scheduler closed 
2025-04-28 13:36:56-902 [repliesContainer-0-C-1] INFO  o.a.kafka.common.metrics.Metrics - Closing reporter org.apache.kafka.common.metrics.JmxReporter 
2025-04-28 13:36:56-902 [repliesContainer-0-C-1] INFO  o.a.kafka.common.metrics.Metrics - Closing reporter org.apache.kafka.common.telemetry.internals.ClientTelemetryReporter 
2025-04-28 13:36:56-903 [repliesContainer-0-C-1] INFO  o.a.kafka.common.metrics.Metrics - Metrics reporters closed 
2025-04-28 13:36:56-908 [repliesContainer-0-C-1] INFO  o.a.kafka.common.utils.AppInfoParser - App info kafka.consumer for consumer-wallet-group-1 unregistered 
2025-04-28 13:36:56-909 [repliesContainer-0-C-1] INFO  o.s.k.l.KafkaMessageListenerContainer - wallet-group: Consumer stopped 
2025-04-28 13:36:56-913 [org.springframework.kafka.KafkaListenerEndpointContainer#1-0-C-1] INFO  o.a.k.c.c.i.ConsumerCoordinator - [Consumer clientId=consumer-wallet-group-4, groupId=wallet-group] Resetting generation and member id due to: consumer pro-actively leaving the group 
2025-04-28 13:36:56-913 [org.springframework.kafka.KafkaListenerEndpointContainer#0-0-C-1] INFO  o.a.k.c.c.i.ConsumerCoordinator - [Consumer clientId=consumer-wallet-group-3, groupId=wallet-group] Resetting generation and member id due to: consumer pro-actively leaving the group 
2025-04-28 13:36:56-913 [org.springframework.kafka.KafkaListenerEndpointContainer#2-0-C-1] INFO  o.a.k.c.c.i.ConsumerCoordinator - [Consumer clientId=consumer-wallet-group-2, groupId=wallet-group] Resetting generation and member id due to: consumer pro-actively leaving the group 
2025-04-28 13:36:56-913 [org.springframework.kafka.KafkaListenerEndpointContainer#1-0-C-1] INFO  o.a.k.c.c.i.ConsumerCoordinator - [Consumer clientId=consumer-wallet-group-4, groupId=wallet-group] Request joining group due to: consumer pro-actively leaving the group 
2025-04-28 13:36:56-913 [org.springframework.kafka.KafkaListenerEndpointContainer#0-0-C-1] INFO  o.a.k.c.c.i.ConsumerCoordinator - [Consumer clientId=consumer-wallet-group-3, groupId=wallet-group] Request joining group due to: consumer pro-actively leaving the group 
2025-04-28 13:36:56-913 [org.springframework.kafka.KafkaListenerEndpointContainer#2-0-C-1] INFO  o.a.k.c.c.i.ConsumerCoordinator - [Consumer clientId=consumer-wallet-group-2, groupId=wallet-group] Request joining group due to: consumer pro-actively leaving the group 
2025-04-28 13:36:56-913 [org.springframework.kafka.KafkaListenerEndpointContainer#1-0-C-1] INFO  o.a.k.c.c.i.LegacyKafkaConsumer - [Consumer clientId=consumer-wallet-group-4, groupId=wallet-group] Unsubscribed all topics or patterns and assigned partitions 
2025-04-28 13:36:56-913 [org.springframework.kafka.KafkaListenerEndpointContainer#0-0-C-1] INFO  o.a.k.c.c.i.LegacyKafkaConsumer - [Consumer clientId=consumer-wallet-group-3, groupId=wallet-group] Unsubscribed all topics or patterns and assigned partitions 
2025-04-28 13:36:56-913 [org.springframework.kafka.KafkaListenerEndpointContainer#2-0-C-1] INFO  o.a.k.c.c.i.LegacyKafkaConsumer - [Consumer clientId=consumer-wallet-group-2, groupId=wallet-group] Unsubscribed all topics or patterns and assigned partitions 
2025-04-28 13:36:56-914 [org.springframework.kafka.KafkaListenerEndpointContainer#2-0-C-1] INFO  o.a.k.c.c.i.ConsumerCoordinator - [Consumer clientId=consumer-wallet-group-2, groupId=wallet-group] Resetting generation and member id due to: consumer pro-actively leaving the group 
2025-04-28 13:36:56-914 [org.springframework.kafka.KafkaListenerEndpointContainer#1-0-C-1] INFO  o.a.k.c.c.i.ConsumerCoordinator - [Consumer clientId=consumer-wallet-group-4, groupId=wallet-group] Resetting generation and member id due to: consumer pro-actively leaving the group 
2025-04-28 13:36:56-914 [org.springframework.kafka.KafkaListenerEndpointContainer#0-0-C-1] INFO  o.a.k.c.c.i.ConsumerCoordinator - [Consumer clientId=consumer-wallet-group-3, groupId=wallet-group] Resetting generation and member id due to: consumer pro-actively leaving the group 
2025-04-28 13:36:56-914 [org.springframework.kafka.KafkaListenerEndpointContainer#2-0-C-1] INFO  o.a.k.c.c.i.ConsumerCoordinator - [Consumer clientId=consumer-wallet-group-2, groupId=wallet-group] Request joining group due to: consumer pro-actively leaving the group 
2025-04-28 13:36:56-914 [org.springframework.kafka.KafkaListenerEndpointContainer#1-0-C-1] INFO  o.a.k.c.c.i.ConsumerCoordinator - [Consumer clientId=consumer-wallet-group-4, groupId=wallet-group] Request joining group due to: consumer pro-actively leaving the group 
2025-04-28 13:36:56-914 [org.springframework.kafka.KafkaListenerEndpointContainer#0-0-C-1] INFO  o.a.k.c.c.i.ConsumerCoordinator - [Consumer clientId=consumer-wallet-group-3, groupId=wallet-group] Request joining group due to: consumer pro-actively leaving the group 
2025-04-28 13:36:56-915 [org.springframework.kafka.KafkaListenerEndpointContainer#0-0-C-1] INFO  o.a.kafka.common.metrics.Metrics - Metrics scheduler closed 
2025-04-28 13:36:56-916 [org.springframework.kafka.KafkaListenerEndpointContainer#2-0-C-1] INFO  o.a.kafka.common.metrics.Metrics - Metrics scheduler closed 
2025-04-28 13:36:56-916 [org.springframework.kafka.KafkaListenerEndpointContainer#0-0-C-1] INFO  o.a.kafka.common.metrics.Metrics - Closing reporter org.apache.kafka.common.metrics.JmxReporter 
2025-04-28 13:36:56-916 [org.springframework.kafka.KafkaListenerEndpointContainer#1-0-C-1] INFO  o.a.kafka.common.metrics.Metrics - Metrics scheduler closed 
2025-04-28 13:36:56-916 [org.springframework.kafka.KafkaListenerEndpointContainer#2-0-C-1] INFO  o.a.kafka.common.metrics.Metrics - Closing reporter org.apache.kafka.common.metrics.JmxReporter 
2025-04-28 13:36:56-916 [org.springframework.kafka.KafkaListenerEndpointContainer#0-0-C-1] INFO  o.a.kafka.common.metrics.Metrics - Closing reporter org.apache.kafka.common.telemetry.internals.ClientTelemetryReporter 
2025-04-28 13:36:56-916 [org.springframework.kafka.KafkaListenerEndpointContainer#1-0-C-1] INFO  o.a.kafka.common.metrics.Metrics - Closing reporter org.apache.kafka.common.metrics.JmxReporter 
2025-04-28 13:36:56-916 [org.springframework.kafka.KafkaListenerEndpointContainer#2-0-C-1] INFO  o.a.kafka.common.metrics.Metrics - Closing reporter org.apache.kafka.common.telemetry.internals.ClientTelemetryReporter 
2025-04-28 13:36:56-916 [org.springframework.kafka.KafkaListenerEndpointContainer#0-0-C-1] INFO  o.a.kafka.common.metrics.Metrics - Metrics reporters closed 
2025-04-28 13:36:56-916 [org.springframework.kafka.KafkaListenerEndpointContainer#1-0-C-1] INFO  o.a.kafka.common.metrics.Metrics - Closing reporter org.apache.kafka.common.telemetry.internals.ClientTelemetryReporter 
2025-04-28 13:36:56-916 [org.springframework.kafka.KafkaListenerEndpointContainer#2-0-C-1] INFO  o.a.kafka.common.metrics.Metrics - Metrics reporters closed 
2025-04-28 13:36:56-916 [org.springframework.kafka.KafkaListenerEndpointContainer#1-0-C-1] INFO  o.a.kafka.common.metrics.Metrics - Metrics reporters closed 
2025-04-28 13:36:56-924 [org.springframework.kafka.KafkaListenerEndpointContainer#2-0-C-1] INFO  o.a.kafka.common.utils.AppInfoParser - App info kafka.consumer for consumer-wallet-group-2 unregistered 
2025-04-28 13:36:56-924 [org.springframework.kafka.KafkaListenerEndpointContainer#2-0-C-1] INFO  o.s.k.l.KafkaMessageListenerContainer - wallet-group: Consumer stopped 
2025-04-28 13:36:56-925 [org.springframework.kafka.KafkaListenerEndpointContainer#1-0-C-1] INFO  o.a.kafka.common.utils.AppInfoParser - App info kafka.consumer for consumer-wallet-group-4 unregistered 
2025-04-28 13:36:56-925 [org.springframework.kafka.KafkaListenerEndpointContainer#1-0-C-1] INFO  o.s.k.l.KafkaMessageListenerContainer - wallet-group: Consumer stopped 
2025-04-28 13:36:56-926 [org.springframework.kafka.KafkaListenerEndpointContainer#0-0-C-1] INFO  o.a.kafka.common.utils.AppInfoParser - App info kafka.consumer for consumer-wallet-group-3 unregistered 
2025-04-28 13:36:56-926 [org.springframework.kafka.KafkaListenerEndpointContainer#0-0-C-1] INFO  o.s.k.l.KafkaMessageListenerContainer - wallet-group: Consumer stopped 
2025-04-28 13:36:59-032 [SpringApplicationShutdownHook] INFO  c.netflix.discovery.DiscoveryClient - Shutting down DiscoveryClient ... 
2025-04-28 13:37:02-038 [SpringApplicationShutdownHook] INFO  c.netflix.discovery.DiscoveryClient - Unregistering ... 
2025-04-28 13:37:02-065 [SpringApplicationShutdownHook] INFO  c.netflix.discovery.DiscoveryClient - DiscoveryClient_WALLET-BOOTCOIN-API/wallet-bootcoin-api:8805 - deregister  status: 200 
2025-04-28 13:37:02-065 [SpringApplicationShutdownHook] INFO  c.netflix.discovery.DiscoveryClient - Completed shut down of DiscoveryClient 
2025-04-28 16:01:06-937 [main] INFO  o.s.t.c.s.AnnotationConfigContextLoaderUtils - Could not detect default configuration classes for test class [com.bootcoin.wallet.bootcoin.api.service.WalletServiceImplTest]: WalletServiceImplTest does not declare any static, non-private, non-final, nested classes annotated with @Configuration. 
2025-04-28 16:01:11-144 [main] INFO  o.s.t.c.s.AnnotationConfigContextLoaderUtils - Could not detect default configuration classes for test class [com.bootcoin.wallet.bootcoin.api.WalletBootcoinApiApplicationTests]: WalletBootcoinApiApplicationTests does not declare any static, non-private, non-final, nested classes annotated with @Configuration. 
2025-04-28 16:01:11-399 [main] INFO  o.s.b.t.c.SpringBootTestContextBootstrapper - Found @SpringBootConfiguration com.bootcoin.wallet.bootcoin.api.WalletBootcoinApiApplication for test class com.bootcoin.wallet.bootcoin.api.WalletBootcoinApiApplicationTests 
2025-04-28 16:01:16-806 [main] INFO  c.b.w.b.a.WalletBootcoinApiApplicationTests - Starting WalletBootcoinApiApplicationTests using Java 17.0.12 with PID 12012 (started by mgarcsar in C:\Users\mgarcsar\Documents\Bootcamp\etregables\BootCoin\wallet-bootcoin-api) 
2025-04-28 16:01:16-811 [main] INFO  c.b.w.b.a.WalletBootcoinApiApplicationTests - The following 1 profile is active: "dev" 
2025-04-28 16:01:16-936 [main] INFO  o.s.c.c.c.ConfigServerConfigDataLoader - Fetching config from server at : http://config-server-bc:8888 
2025-04-28 16:01:16-942 [main] INFO  o.s.c.c.c.ConfigServerConfigDataLoader - Exception on Url - http://config-server-bc:8888:org.springframework.web.client.ResourceAccessException: I/O error on GET request for "http://config-server-bc:8888/wallet-bootcoin-api/default": config-server-bc. Will be trying the next url if available 
2025-04-28 16:01:16-943 [main] WARN  o.s.c.c.c.ConfigServerConfigDataLoader - Could not locate PropertySource ([ConfigServerConfigDataResource@5d237827 uris = array<String>['http://config-server-bc:8888'], optional = true, profiles = 'default']): I/O error on GET request for "http://config-server-bc:8888/wallet-bootcoin-api/default": config-server-bc 
2025-04-28 16:01:16-943 [main] INFO  o.s.c.c.c.ConfigServerConfigDataLoader - Fetching config from server at : http://config-server-bc:8888 
2025-04-28 16:01:16-944 [main] INFO  o.s.c.c.c.ConfigServerConfigDataLoader - Exception on Url - http://config-server-bc:8888:org.springframework.web.client.ResourceAccessException: I/O error on GET request for "http://config-server-bc:8888/wallet-bootcoin-api/dev": config-server-bc. Will be trying the next url if available 
2025-04-28 16:01:16-944 [main] WARN  o.s.c.c.c.ConfigServerConfigDataLoader - Could not locate PropertySource ([ConfigServerConfigDataResource@858bf8c uris = array<String>['http://config-server-bc:8888'], optional = true, profiles = 'dev']): I/O error on GET request for "http://config-server-bc:8888/wallet-bootcoin-api/dev": config-server-bc 
2025-04-28 16:01:16-944 [main] INFO  o.s.c.c.c.ConfigServerConfigDataLoader - Fetching config from server at : http://config-server-bc:8888 
2025-04-28 16:01:16-944 [main] INFO  o.s.c.c.c.ConfigServerConfigDataLoader - Exception on Url - http://config-server-bc:8888:org.springframework.web.client.ResourceAccessException: I/O error on GET request for "http://config-server-bc:8888/wallet-bootcoin-api/default": config-server-bc. Will be trying the next url if available 
2025-04-28 16:01:16-944 [main] WARN  o.s.c.c.c.ConfigServerConfigDataLoader - Could not locate PropertySource ([ConfigServerConfigDataResource@30c1447e uris = array<String>['http://config-server-bc:8888'], optional = true, profiles = 'default']): I/O error on GET request for "http://config-server-bc:8888/wallet-bootcoin-api/default": config-server-bc 
2025-04-28 16:01:19-598 [main] INFO  o.s.d.r.c.RepositoryConfigurationDelegate - Bootstrapping Spring Data Reactive MongoDB repositories in DEFAULT mode. 
2025-04-28 16:01:19-845 [main] INFO  o.s.d.r.c.RepositoryConfigurationDelegate - Finished Spring Data repository scanning in 236 ms. Found 1 Reactive MongoDB repository interface. 
2025-04-28 16:01:20-278 [main] INFO  o.s.cloud.context.scope.GenericScope - BeanFactory id=1e23942c-be1b-3bef-82c7-541170ebcb7d 
2025-04-28 16:01:21-684 [main] INFO  org.mongodb.driver.client - MongoClient with metadata {"driver": {"name": "mongo-java-driver|reactive-streams|spring-boot", "version": "5.2.1"}, "os": {"type": "Windows", "name": "Windows 10", "architecture": "amd64", "version": "10.0"}, "platform": "Java/Oracle Corporation/17.0.12+8-LTS-286"} created with settings MongoClientSettings{readPreference=primary, writeConcern=WriteConcern{w=null, wTimeout=null ms, journal=null}, retryWrites=true, retryReads=true, readConcern=ReadConcern{level=null}, credential=null, transportSettings=NettyTransportSettings{eventLoopGroup=io.netty.channel.nio.NioEventLoopGroup@330a0dbb, socketChannelClass=null, allocator=null, sslContext=null}, commandListeners=[io.micrometer.core.instrument.binder.mongodb.MongoMetricsCommandListener@47c81691], codecRegistry=ProvidersCodecRegistry{codecProviders=[ValueCodecProvider{}, BsonValueCodecProvider{}, DBRefCodecProvider{}, DBObjectCodecProvider{}, DocumentCodecProvider{}, CollectionCodecProvider{}, IterableCodecProvider{}, MapCodecProvider{}, GeoJsonCodecProvider{}, GridFSFileCodecProvider{}, Jsr310CodecProvider{}, JsonObjectCodecProvider{}, BsonCodecProvider{}, EnumCodecProvider{}, com.mongodb.client.model.mql.ExpressionCodecProvider@4db0d696, com.mongodb.Jep395RecordCodecProvider@a57b4bd, com.mongodb.KotlinCodecProvider@69530799]}, loggerSettings=LoggerSettings{maxDocumentLength=1000}, clusterSettings={hosts=[localhost:27017], srvServiceName=mongodb, mode=SINGLE, requiredClusterType=UNKNOWN, requiredReplicaSetName='null', serverSelector='null', clusterListeners='[]', serverSelectionTimeout='30000 ms', localThreshold='15 ms'}, socketSettings=SocketSettings{connectTimeoutMS=10000, readTimeoutMS=0, receiveBufferSize=0, proxySettings=ProxySettings{host=null, port=null, username=null, password=null}}, heartbeatSocketSettings=SocketSettings{connectTimeoutMS=10000, readTimeoutMS=10000, receiveBufferSize=0, proxySettings=ProxySettings{host=null, port=null, username=null, password=null}}, connectionPoolSettings=ConnectionPoolSettings{maxSize=100, minSize=0, maxWaitTimeMS=120000, maxConnectionLifeTimeMS=0, maxConnectionIdleTimeMS=0, maintenanceInitialDelayMS=0, maintenanceFrequencyMS=60000, connectionPoolListeners=[io.micrometer.core.instrument.binder.mongodb.MongoMetricsConnectionPoolListener@6ea8e8bc], maxConnecting=2}, serverSettings=ServerSettings{heartbeatFrequencyMS=10000, minHeartbeatFrequencyMS=500, serverMonitoringMode=AUTO, serverListeners='[]', serverMonitorListeners='[]'}, sslSettings=SslSettings{enabled=false, invalidHostNameAllowed=false, context=null}, applicationName='null', compressorList=[], uuidRepresentation=JAVA_LEGACY, serverApi=null, autoEncryptionSettings=null, dnsClient=null, inetAddressResolver=null, contextProvider=null, timeoutMS=null} 
2025-04-28 16:01:22-063 [cluster-ClusterId{value='680feca1269b016762db2581', description='null'}-localhost:27017] INFO  org.mongodb.driver.cluster - Monitor thread successfully connected to server with description ServerDescription{address=localhost:27017, type=STANDALONE, cryptd=false, state=CONNECTED, ok=true, minWireVersion=0, maxWireVersion=25, maxDocumentSize=16777216, logicalSessionTimeoutMinutes=30, roundTripTimeNanos=197450300, minRoundTripTimeNanos=0} 
2025-04-28 16:01:24-209 [main] INFO  o.s.b.a.e.web.EndpointLinksResolver - Exposing 2 endpoints beneath base path '/actuator' 
2025-04-28 16:01:25-796 [main] INFO  o.s.c.n.e.c.DiscoveryClientOptionalArgsConfiguration - Eureka HTTP Client uses RestTemplate. 
2025-04-28 16:01:26-136 [main] WARN  o.s.c.l.c.LoadBalancerCacheAutoConfiguration$LoadBalancerCaffeineWarnLogger - Spring Cloud LoadBalancer is currently working with the default cache. While this cache implementation is useful for development and tests, it's recommended to use Caffeine cache in production.You can switch to using Caffeine cache, by adding it and org.springframework.cache.caffeine.CaffeineCacheManager to the classpath. 
2025-04-28 16:01:26-754 [main] INFO  o.a.k.c.consumer.ConsumerConfig - ConsumerConfig values: 
	allow.auto.create.topics = true
	auto.commit.interval.ms = 5000
	auto.include.jmx.reporter = true
	auto.offset.reset = latest
	bootstrap.servers = [localhost:29092]
	check.crcs = true
	client.dns.lookup = use_all_dns_ips
	client.id = consumer-bootcoin-group-1
	client.rack = 
	connections.max.idle.ms = 540000
	default.api.timeout.ms = 60000
	enable.auto.commit = false
	enable.metrics.push = true
	exclude.internal.topics = true
	fetch.max.bytes = 52428800
	fetch.max.wait.ms = 500
	fetch.min.bytes = 1
	group.id = bootcoin-group
	group.instance.id = null
	group.protocol = classic
	group.remote.assignor = null
	heartbeat.interval.ms = 3000
	interceptor.classes = []
	internal.leave.group.on.close = true
	internal.throw.on.fetch.stable.offset.unsupported = false
	isolation.level = read_uncommitted
	key.deserializer = class org.apache.kafka.common.serialization.StringDeserializer
	max.partition.fetch.bytes = 1048576
	max.poll.interval.ms = 300000
	max.poll.records = 500
	metadata.max.age.ms = 300000
	metadata.recovery.strategy = none
	metric.reporters = []
	metrics.num.samples = 2
	metrics.recording.level = INFO
	metrics.sample.window.ms = 30000
	partition.assignment.strategy = [class org.apache.kafka.clients.consumer.RangeAssignor, class org.apache.kafka.clients.consumer.CooperativeStickyAssignor]
	receive.buffer.bytes = 65536
	reconnect.backoff.max.ms = 1000
	reconnect.backoff.ms = 50
	request.timeout.ms = 30000
	retry.backoff.max.ms = 1000
	retry.backoff.ms = 100
	sasl.client.callback.handler.class = null
	sasl.jaas.config = null
	sasl.kerberos.kinit.cmd = /usr/bin/kinit
	sasl.kerberos.min.time.before.relogin = 60000
	sasl.kerberos.service.name = null
	sasl.kerberos.ticket.renew.jitter = 0.05
	sasl.kerberos.ticket.renew.window.factor = 0.8
	sasl.login.callback.handler.class = null
	sasl.login.class = null
	sasl.login.connect.timeout.ms = null
	sasl.login.read.timeout.ms = null
	sasl.login.refresh.buffer.seconds = 300
	sasl.login.refresh.min.period.seconds = 60
	sasl.login.refresh.window.factor = 0.8
	sasl.login.refresh.window.jitter = 0.05
	sasl.login.retry.backoff.max.ms = 10000
	sasl.login.retry.backoff.ms = 100
	sasl.mechanism = GSSAPI
	sasl.oauthbearer.clock.skew.seconds = 30
	sasl.oauthbearer.expected.audience = null
	sasl.oauthbearer.expected.issuer = null
	sasl.oauthbearer.jwks.endpoint.refresh.ms = 3600000
	sasl.oauthbearer.jwks.endpoint.retry.backoff.max.ms = 10000
	sasl.oauthbearer.jwks.endpoint.retry.backoff.ms = 100
	sasl.oauthbearer.jwks.endpoint.url = null
	sasl.oauthbearer.scope.claim.name = scope
	sasl.oauthbearer.sub.claim.name = sub
	sasl.oauthbearer.token.endpoint.url = null
	security.protocol = PLAINTEXT
	security.providers = null
	send.buffer.bytes = 131072
	session.timeout.ms = 45000
	socket.connection.setup.timeout.max.ms = 30000
	socket.connection.setup.timeout.ms = 10000
	ssl.cipher.suites = null
	ssl.enabled.protocols = [TLSv1.2, TLSv1.3]
	ssl.endpoint.identification.algorithm = https
	ssl.engine.factory.class = null
	ssl.key.password = null
	ssl.keymanager.algorithm = SunX509
	ssl.keystore.certificate.chain = null
	ssl.keystore.key = null
	ssl.keystore.location = null
	ssl.keystore.password = null
	ssl.keystore.type = JKS
	ssl.protocol = TLSv1.3
	ssl.provider = null
	ssl.secure.random.implementation = null
	ssl.trustmanager.algorithm = PKIX
	ssl.truststore.certificates = null
	ssl.truststore.location = null
	ssl.truststore.password = null
	ssl.truststore.type = JKS
	value.deserializer = class org.apache.kafka.common.serialization.StringDeserializer
 
2025-04-28 16:01:27-031 [main] INFO  o.a.k.c.t.i.KafkaMetricsCollector - initializing Kafka metrics collector 
2025-04-28 16:01:27-710 [main] INFO  o.a.kafka.common.utils.AppInfoParser - Kafka version: 3.8.1 
2025-04-28 16:01:27-715 [main] INFO  o.a.kafka.common.utils.AppInfoParser - Kafka commitId: 70d6ff42debf7e17 
2025-04-28 16:01:27-716 [main] INFO  o.a.kafka.common.utils.AppInfoParser - Kafka startTimeMs: 1745874087701 
2025-04-28 16:01:27-728 [main] INFO  o.a.k.c.c.i.LegacyKafkaConsumer - [Consumer clientId=consumer-bootcoin-group-1, groupId=bootcoin-group] Subscribed to topic(s): wallet-bootcoin-response, wallet-user-response 
2025-04-28 16:01:27-842 [main] INFO  o.s.c.n.eureka.InstanceInfoFactory - Setting initial instance status as: STARTING 
2025-04-28 16:01:28-012 [main] INFO  c.netflix.discovery.DiscoveryClient - Initializing Eureka in region us-east-1 
2025-04-28 16:01:28-042 [main] INFO  c.n.d.s.r.aws.ConfigClusterResolver - Resolving eureka endpoints via configuration 
2025-04-28 16:01:28-105 [main] INFO  c.netflix.discovery.DiscoveryClient - Disable delta property : false 
2025-04-28 16:01:28-106 [main] INFO  c.netflix.discovery.DiscoveryClient - Single vip registry refresh property : null 
2025-04-28 16:01:28-106 [main] INFO  c.netflix.discovery.DiscoveryClient - Force full registry fetch : false 
2025-04-28 16:01:28-106 [main] INFO  c.netflix.discovery.DiscoveryClient - Application is null : false 
2025-04-28 16:01:28-106 [main] INFO  c.netflix.discovery.DiscoveryClient - Registered Applications size is zero : true 
2025-04-28 16:01:28-107 [main] INFO  c.netflix.discovery.DiscoveryClient - Application version is -1: true 
2025-04-28 16:01:28-107 [main] INFO  c.netflix.discovery.DiscoveryClient - Getting all instance registry info from the eureka server 
2025-04-28 16:01:30-121 [main] INFO  c.netflix.discovery.DiscoveryClient - The response status is 200 
2025-04-28 16:01:30-135 [main] INFO  c.netflix.discovery.DiscoveryClient - Starting heartbeat executor: renew interval is: 30 
2025-04-28 16:01:30-142 [main] INFO  c.n.discovery.InstanceInfoReplicator - InstanceInfoReplicator onDemand update allowed rate per min is 4 
2025-04-28 16:01:30-149 [main] INFO  c.netflix.discovery.DiscoveryClient - Discovery Client initialized at timestamp 1745874090148 with initial instances count: 3 
2025-04-28 16:01:30-161 [main] INFO  o.s.c.n.e.s.EurekaServiceRegistry - Registering application WALLET-BOOTCOIN-API with eureka with status UP 
2025-04-28 16:01:30-166 [main] INFO  c.netflix.discovery.DiscoveryClient - Saw local status change event StatusChangeEvent [timestamp=1745874090166, current=UP, previous=STARTING] 
2025-04-28 16:01:30-178 [main] INFO  o.a.k.c.consumer.ConsumerConfig - ConsumerConfig values: 
	allow.auto.create.topics = true
	auto.commit.interval.ms = 5000
	auto.include.jmx.reporter = true
	auto.offset.reset = latest
	bootstrap.servers = [localhost:29092]
	check.crcs = true
	client.dns.lookup = use_all_dns_ips
	client.id = consumer-bootcoin-group-2
	client.rack = 
	connections.max.idle.ms = 540000
	default.api.timeout.ms = 60000
	enable.auto.commit = false
	enable.metrics.push = true
	exclude.internal.topics = true
	fetch.max.bytes = 52428800
	fetch.max.wait.ms = 500
	fetch.min.bytes = 1
	group.id = bootcoin-group
	group.instance.id = null
	group.protocol = classic
	group.remote.assignor = null
	heartbeat.interval.ms = 3000
	interceptor.classes = []
	internal.leave.group.on.close = true
	internal.throw.on.fetch.stable.offset.unsupported = false
	isolation.level = read_uncommitted
	key.deserializer = class org.apache.kafka.common.serialization.StringDeserializer
	max.partition.fetch.bytes = 1048576
	max.poll.interval.ms = 300000
	max.poll.records = 500
	metadata.max.age.ms = 300000
	metadata.recovery.strategy = none
	metric.reporters = []
	metrics.num.samples = 2
	metrics.recording.level = INFO
	metrics.sample.window.ms = 30000
	partition.assignment.strategy = [class org.apache.kafka.clients.consumer.RangeAssignor, class org.apache.kafka.clients.consumer.CooperativeStickyAssignor]
	receive.buffer.bytes = 65536
	reconnect.backoff.max.ms = 1000
	reconnect.backoff.ms = 50
	request.timeout.ms = 30000
	retry.backoff.max.ms = 1000
	retry.backoff.ms = 100
	sasl.client.callback.handler.class = null
	sasl.jaas.config = null
	sasl.kerberos.kinit.cmd = /usr/bin/kinit
	sasl.kerberos.min.time.before.relogin = 60000
	sasl.kerberos.service.name = null
	sasl.kerberos.ticket.renew.jitter = 0.05
	sasl.kerberos.ticket.renew.window.factor = 0.8
	sasl.login.callback.handler.class = null
	sasl.login.class = null
	sasl.login.connect.timeout.ms = null
	sasl.login.read.timeout.ms = null
	sasl.login.refresh.buffer.seconds = 300
	sasl.login.refresh.min.period.seconds = 60
	sasl.login.refresh.window.factor = 0.8
	sasl.login.refresh.window.jitter = 0.05
	sasl.login.retry.backoff.max.ms = 10000
	sasl.login.retry.backoff.ms = 100
	sasl.mechanism = GSSAPI
	sasl.oauthbearer.clock.skew.seconds = 30
	sasl.oauthbearer.expected.audience = null
	sasl.oauthbearer.expected.issuer = null
	sasl.oauthbearer.jwks.endpoint.refresh.ms = 3600000
	sasl.oauthbearer.jwks.endpoint.retry.backoff.max.ms = 10000
	sasl.oauthbearer.jwks.endpoint.retry.backoff.ms = 100
	sasl.oauthbearer.jwks.endpoint.url = null
	sasl.oauthbearer.scope.claim.name = scope
	sasl.oauthbearer.sub.claim.name = sub
	sasl.oauthbearer.token.endpoint.url = null
	security.protocol = PLAINTEXT
	security.providers = null
	send.buffer.bytes = 131072
	session.timeout.ms = 45000
	socket.connection.setup.timeout.max.ms = 30000
	socket.connection.setup.timeout.ms = 10000
	ssl.cipher.suites = null
	ssl.enabled.protocols = [TLSv1.2, TLSv1.3]
	ssl.endpoint.identification.algorithm = https
	ssl.engine.factory.class = null
	ssl.key.password = null
	ssl.keymanager.algorithm = SunX509
	ssl.keystore.certificate.chain = null
	ssl.keystore.key = null
	ssl.keystore.location = null
	ssl.keystore.password = null
	ssl.keystore.type = JKS
	ssl.protocol = TLSv1.3
	ssl.provider = null
	ssl.secure.random.implementation = null
	ssl.trustmanager.algorithm = PKIX
	ssl.truststore.certificates = null
	ssl.truststore.location = null
	ssl.truststore.password = null
	ssl.truststore.type = JKS
	value.deserializer = class org.apache.kafka.common.serialization.StringDeserializer
 
2025-04-28 16:01:30-181 [main] INFO  o.a.k.c.t.i.KafkaMetricsCollector - initializing Kafka metrics collector 
2025-04-28 16:01:30-174 [DiscoveryClient-InstanceInfoReplicator-%d] INFO  c.netflix.discovery.DiscoveryClient - DiscoveryClient_WALLET-BOOTCOIN-API/wallet-bootcoin-api:8805: registering service... 
2025-04-28 16:01:30-205 [main] INFO  o.a.kafka.common.utils.AppInfoParser - Kafka version: 3.8.1 
2025-04-28 16:01:30-206 [main] INFO  o.a.kafka.common.utils.AppInfoParser - Kafka commitId: 70d6ff42debf7e17 
2025-04-28 16:01:30-206 [main] INFO  o.a.kafka.common.utils.AppInfoParser - Kafka startTimeMs: 1745874090205 
2025-04-28 16:01:30-258 [main] INFO  o.a.k.c.c.i.LegacyKafkaConsumer - [Consumer clientId=consumer-bootcoin-group-2, groupId=bootcoin-group] Subscribed to topic(s): wallet-user-request 
2025-04-28 16:01:30-278 [main] INFO  o.a.k.c.consumer.ConsumerConfig - ConsumerConfig values: 
	allow.auto.create.topics = true
	auto.commit.interval.ms = 5000
	auto.include.jmx.reporter = true
	auto.offset.reset = latest
	bootstrap.servers = [localhost:29092]
	check.crcs = true
	client.dns.lookup = use_all_dns_ips
	client.id = consumer-bootcoin-group-3
	client.rack = 
	connections.max.idle.ms = 540000
	default.api.timeout.ms = 60000
	enable.auto.commit = false
	enable.metrics.push = true
	exclude.internal.topics = true
	fetch.max.bytes = 52428800
	fetch.max.wait.ms = 500
	fetch.min.bytes = 1
	group.id = bootcoin-group
	group.instance.id = null
	group.protocol = classic
	group.remote.assignor = null
	heartbeat.interval.ms = 3000
	interceptor.classes = []
	internal.leave.group.on.close = true
	internal.throw.on.fetch.stable.offset.unsupported = false
	isolation.level = read_uncommitted
	key.deserializer = class org.apache.kafka.common.serialization.StringDeserializer
	max.partition.fetch.bytes = 1048576
	max.poll.interval.ms = 300000
	max.poll.records = 500
	metadata.max.age.ms = 300000
	metadata.recovery.strategy = none
	metric.reporters = []
	metrics.num.samples = 2
	metrics.recording.level = INFO
	metrics.sample.window.ms = 30000
	partition.assignment.strategy = [class org.apache.kafka.clients.consumer.RangeAssignor, class org.apache.kafka.clients.consumer.CooperativeStickyAssignor]
	receive.buffer.bytes = 65536
	reconnect.backoff.max.ms = 1000
	reconnect.backoff.ms = 50
	request.timeout.ms = 30000
	retry.backoff.max.ms = 1000
	retry.backoff.ms = 100
	sasl.client.callback.handler.class = null
	sasl.jaas.config = null
	sasl.kerberos.kinit.cmd = /usr/bin/kinit
	sasl.kerberos.min.time.before.relogin = 60000
	sasl.kerberos.service.name = null
	sasl.kerberos.ticket.renew.jitter = 0.05
	sasl.kerberos.ticket.renew.window.factor = 0.8
	sasl.login.callback.handler.class = null
	sasl.login.class = null
	sasl.login.connect.timeout.ms = null
	sasl.login.read.timeout.ms = null
	sasl.login.refresh.buffer.seconds = 300
	sasl.login.refresh.min.period.seconds = 60
	sasl.login.refresh.window.factor = 0.8
	sasl.login.refresh.window.jitter = 0.05
	sasl.login.retry.backoff.max.ms = 10000
	sasl.login.retry.backoff.ms = 100
	sasl.mechanism = GSSAPI
	sasl.oauthbearer.clock.skew.seconds = 30
	sasl.oauthbearer.expected.audience = null
	sasl.oauthbearer.expected.issuer = null
	sasl.oauthbearer.jwks.endpoint.refresh.ms = 3600000
	sasl.oauthbearer.jwks.endpoint.retry.backoff.max.ms = 10000
	sasl.oauthbearer.jwks.endpoint.retry.backoff.ms = 100
	sasl.oauthbearer.jwks.endpoint.url = null
	sasl.oauthbearer.scope.claim.name = scope
	sasl.oauthbearer.sub.claim.name = sub
	sasl.oauthbearer.token.endpoint.url = null
	security.protocol = PLAINTEXT
	security.providers = null
	send.buffer.bytes = 131072
	session.timeout.ms = 45000
	socket.connection.setup.timeout.max.ms = 30000
	socket.connection.setup.timeout.ms = 10000
	ssl.cipher.suites = null
	ssl.enabled.protocols = [TLSv1.2, TLSv1.3]
	ssl.endpoint.identification.algorithm = https
	ssl.engine.factory.class = null
	ssl.key.password = null
	ssl.keymanager.algorithm = SunX509
	ssl.keystore.certificate.chain = null
	ssl.keystore.key = null
	ssl.keystore.location = null
	ssl.keystore.password = null
	ssl.keystore.type = JKS
	ssl.protocol = TLSv1.3
	ssl.provider = null
	ssl.secure.random.implementation = null
	ssl.trustmanager.algorithm = PKIX
	ssl.truststore.certificates = null
	ssl.truststore.location = null
	ssl.truststore.password = null
	ssl.truststore.type = JKS
	value.deserializer = class org.apache.kafka.common.serialization.StringDeserializer
 
2025-04-28 16:01:30-281 [main] INFO  o.a.k.c.t.i.KafkaMetricsCollector - initializing Kafka metrics collector 
2025-04-28 16:01:30-300 [main] INFO  o.a.kafka.common.utils.AppInfoParser - Kafka version: 3.8.1 
2025-04-28 16:01:30-301 [main] INFO  o.a.kafka.common.utils.AppInfoParser - Kafka commitId: 70d6ff42debf7e17 
2025-04-28 16:01:30-301 [main] INFO  o.a.kafka.common.utils.AppInfoParser - Kafka startTimeMs: 1745874090300 
2025-04-28 16:01:30-302 [main] INFO  o.a.k.c.c.i.LegacyKafkaConsumer - [Consumer clientId=consumer-bootcoin-group-3, groupId=bootcoin-group] Subscribed to topic(s): wallet-bootcoin-request 
2025-04-28 16:01:30-470 [main] INFO  c.b.w.b.a.WalletBootcoinApiApplicationTests - Started WalletBootcoinApiApplicationTests in 18.428 seconds (process running for 26.484) 
2025-04-28 16:01:30-517 [DiscoveryClient-InstanceInfoReplicator-%d] INFO  c.netflix.discovery.DiscoveryClient - DiscoveryClient_WALLET-BOOTCOIN-API/wallet-bootcoin-api:8805 - registration status: 204 
2025-04-28 16:01:30-661 [repliesContainer-0-C-1] INFO  org.apache.kafka.clients.Metadata - [Consumer clientId=consumer-bootcoin-group-1, groupId=bootcoin-group] Cluster ID: pQNgvDGCTc6DWdlYtyeAyg 
2025-04-28 16:01:30-661 [org.springframework.kafka.KafkaListenerEndpointContainer#1-0-C-1] INFO  org.apache.kafka.clients.Metadata - [Consumer clientId=consumer-bootcoin-group-3, groupId=bootcoin-group] Cluster ID: pQNgvDGCTc6DWdlYtyeAyg 
2025-04-28 16:01:30-662 [org.springframework.kafka.KafkaListenerEndpointContainer#0-0-C-1] INFO  org.apache.kafka.clients.Metadata - [Consumer clientId=consumer-bootcoin-group-2, groupId=bootcoin-group] Cluster ID: pQNgvDGCTc6DWdlYtyeAyg 
2025-04-28 16:01:30-663 [repliesContainer-0-C-1] INFO  o.a.k.c.c.i.ConsumerCoordinator - [Consumer clientId=consumer-bootcoin-group-1, groupId=bootcoin-group] Discovered group coordinator localhost:29092 (id: 2147482646 rack: null) 
2025-04-28 16:01:30-663 [org.springframework.kafka.KafkaListenerEndpointContainer#0-0-C-1] INFO  o.a.k.c.c.i.ConsumerCoordinator - [Consumer clientId=consumer-bootcoin-group-2, groupId=bootcoin-group] Discovered group coordinator localhost:29092 (id: 2147482646 rack: null) 
2025-04-28 16:01:30-664 [org.springframework.kafka.KafkaListenerEndpointContainer#1-0-C-1] INFO  o.a.k.c.c.i.ConsumerCoordinator - [Consumer clientId=consumer-bootcoin-group-3, groupId=bootcoin-group] Discovered group coordinator localhost:29092 (id: 2147482646 rack: null) 
2025-04-28 16:01:30-673 [repliesContainer-0-C-1] INFO  o.a.k.c.c.i.ConsumerCoordinator - [Consumer clientId=consumer-bootcoin-group-1, groupId=bootcoin-group] (Re-)joining group 
2025-04-28 16:01:30-673 [org.springframework.kafka.KafkaListenerEndpointContainer#1-0-C-1] INFO  o.a.k.c.c.i.ConsumerCoordinator - [Consumer clientId=consumer-bootcoin-group-3, groupId=bootcoin-group] (Re-)joining group 
2025-04-28 16:01:30-674 [org.springframework.kafka.KafkaListenerEndpointContainer#0-0-C-1] INFO  o.a.k.c.c.i.ConsumerCoordinator - [Consumer clientId=consumer-bootcoin-group-2, groupId=bootcoin-group] (Re-)joining group 
2025-04-28 16:01:30-813 [org.springframework.kafka.KafkaListenerEndpointContainer#0-0-C-1] INFO  o.a.k.c.c.i.ConsumerCoordinator - [Consumer clientId=consumer-bootcoin-group-2, groupId=bootcoin-group] Request joining group due to: need to re-join with the given member-id: consumer-bootcoin-group-2-5f47e304-04c1-4502-be4b-c43cf1dc5b64 
2025-04-28 16:01:30-816 [org.springframework.kafka.KafkaListenerEndpointContainer#0-0-C-1] INFO  o.a.k.c.c.i.ConsumerCoordinator - [Consumer clientId=consumer-bootcoin-group-2, groupId=bootcoin-group] (Re-)joining group 
2025-04-28 16:01:30-818 [repliesContainer-0-C-1] INFO  o.a.k.c.c.i.ConsumerCoordinator - [Consumer clientId=consumer-bootcoin-group-1, groupId=bootcoin-group] Request joining group due to: need to re-join with the given member-id: consumer-bootcoin-group-1-c8acc99e-2211-4a94-89cb-152cb57f688c 
2025-04-28 16:01:30-819 [repliesContainer-0-C-1] INFO  o.a.k.c.c.i.ConsumerCoordinator - [Consumer clientId=consumer-bootcoin-group-1, groupId=bootcoin-group] (Re-)joining group 
2025-04-28 16:01:30-853 [org.springframework.kafka.KafkaListenerEndpointContainer#1-0-C-1] INFO  o.a.k.c.c.i.ConsumerCoordinator - [Consumer clientId=consumer-bootcoin-group-3, groupId=bootcoin-group] Request joining group due to: need to re-join with the given member-id: consumer-bootcoin-group-3-177bece2-4d4c-4ec7-8a1b-3d014ad61262 
2025-04-28 16:01:30-855 [org.springframework.kafka.KafkaListenerEndpointContainer#1-0-C-1] INFO  o.a.k.c.c.i.ConsumerCoordinator - [Consumer clientId=consumer-bootcoin-group-3, groupId=bootcoin-group] (Re-)joining group 
2025-04-28 16:01:30-920 [SpringApplicationShutdownHook] INFO  o.s.c.n.e.s.EurekaServiceRegistry - Unregistering application WALLET-BOOTCOIN-API with eureka with status DOWN 
2025-04-28 16:01:30-922 [SpringApplicationShutdownHook] INFO  c.netflix.discovery.DiscoveryClient - Saw local status change event StatusChangeEvent [timestamp=1745874090922, current=DOWN, previous=UP] 
2025-04-28 16:01:30-923 [DiscoveryClient-InstanceInfoReplicator-%d] INFO  c.netflix.discovery.DiscoveryClient - DiscoveryClient_WALLET-BOOTCOIN-API/wallet-bootcoin-api:8805: registering service... 
2025-04-28 16:01:30-946 [DiscoveryClient-InstanceInfoReplicator-%d] INFO  c.netflix.discovery.DiscoveryClient - DiscoveryClient_WALLET-BOOTCOIN-API/wallet-bootcoin-api:8805 - registration status: 204 
2025-04-28 16:01:31-897 [repliesContainer-0-C-1] INFO  o.a.k.c.c.i.ConsumerCoordinator - [Consumer clientId=consumer-bootcoin-group-1, groupId=bootcoin-group] Member consumer-bootcoin-group-1-c8acc99e-2211-4a94-89cb-152cb57f688c sending LeaveGroup request to coordinator localhost:29092 (id: 2147482646 rack: null) due to the consumer unsubscribed from all topics 
2025-04-28 16:01:31-898 [repliesContainer-0-C-1] INFO  o.a.k.c.c.i.ConsumerCoordinator - [Consumer clientId=consumer-bootcoin-group-1, groupId=bootcoin-group] Resetting generation and member id due to: consumer pro-actively leaving the group 
2025-04-28 16:01:31-898 [repliesContainer-0-C-1] INFO  o.a.k.c.c.i.ConsumerCoordinator - [Consumer clientId=consumer-bootcoin-group-1, groupId=bootcoin-group] Request joining group due to: consumer pro-actively leaving the group 
2025-04-28 16:01:31-898 [repliesContainer-0-C-1] INFO  o.a.k.c.c.i.LegacyKafkaConsumer - [Consumer clientId=consumer-bootcoin-group-1, groupId=bootcoin-group] Unsubscribed all topics or patterns and assigned partitions 
2025-04-28 16:01:31-900 [repliesContainer-0-C-1] INFO  o.a.k.c.c.i.ConsumerCoordinator - [Consumer clientId=consumer-bootcoin-group-1, groupId=bootcoin-group] Resetting generation and member id due to: consumer pro-actively leaving the group 
2025-04-28 16:01:31-900 [repliesContainer-0-C-1] INFO  o.a.k.c.c.i.ConsumerCoordinator - [Consumer clientId=consumer-bootcoin-group-1, groupId=bootcoin-group] Request joining group due to: consumer pro-actively leaving the group 
2025-04-28 16:01:32-731 [org.springframework.kafka.KafkaListenerEndpointContainer#0-0-C-1] INFO  o.a.k.c.c.i.ConsumerCoordinator - [Consumer clientId=consumer-bootcoin-group-2, groupId=bootcoin-group] Successfully joined group with generation Generation{generationId=40, memberId='consumer-bootcoin-group-2-5f47e304-04c1-4502-be4b-c43cf1dc5b64', protocol='range'} 
2025-04-28 16:01:32-732 [org.springframework.kafka.KafkaListenerEndpointContainer#1-0-C-1] INFO  o.a.k.c.c.i.ConsumerCoordinator - [Consumer clientId=consumer-bootcoin-group-3, groupId=bootcoin-group] Successfully joined group with generation Generation{generationId=40, memberId='consumer-bootcoin-group-3-177bece2-4d4c-4ec7-8a1b-3d014ad61262', protocol='range'} 
2025-04-28 16:01:32-736 [org.springframework.kafka.KafkaListenerEndpointContainer#1-0-C-1] INFO  o.a.k.c.c.i.ConsumerCoordinator - [Consumer clientId=consumer-bootcoin-group-3, groupId=bootcoin-group] SyncGroup failed: The group began another rebalance. Need to re-join the group. Sent generation was Generation{generationId=40, memberId='consumer-bootcoin-group-3-177bece2-4d4c-4ec7-8a1b-3d014ad61262', protocol='range'} 
2025-04-28 16:01:32-736 [org.springframework.kafka.KafkaListenerEndpointContainer#0-0-C-1] INFO  o.a.k.c.c.i.ConsumerCoordinator - [Consumer clientId=consumer-bootcoin-group-2, groupId=bootcoin-group] SyncGroup failed: The group began another rebalance. Need to re-join the group. Sent generation was Generation{generationId=40, memberId='consumer-bootcoin-group-2-5f47e304-04c1-4502-be4b-c43cf1dc5b64', protocol='range'} 
2025-04-28 16:01:32-737 [org.springframework.kafka.KafkaListenerEndpointContainer#1-0-C-1] INFO  o.a.k.c.c.i.ConsumerCoordinator - [Consumer clientId=consumer-bootcoin-group-3, groupId=bootcoin-group] Request joining group due to: rebalance failed due to 'The group is rebalancing, so a rejoin is needed.' (RebalanceInProgressException) 
2025-04-28 16:01:32-737 [org.springframework.kafka.KafkaListenerEndpointContainer#0-0-C-1] INFO  o.a.k.c.c.i.ConsumerCoordinator - [Consumer clientId=consumer-bootcoin-group-2, groupId=bootcoin-group] Request joining group due to: rebalance failed due to 'The group is rebalancing, so a rejoin is needed.' (RebalanceInProgressException) 
2025-04-28 16:01:32-738 [org.springframework.kafka.KafkaListenerEndpointContainer#1-0-C-1] INFO  o.a.k.c.c.i.ConsumerCoordinator - [Consumer clientId=consumer-bootcoin-group-3, groupId=bootcoin-group] (Re-)joining group 
2025-04-28 16:01:32-738 [org.springframework.kafka.KafkaListenerEndpointContainer#0-0-C-1] INFO  o.a.k.c.c.i.ConsumerCoordinator - [Consumer clientId=consumer-bootcoin-group-2, groupId=bootcoin-group] (Re-)joining group 
2025-04-28 16:01:32-738 [repliesContainer-0-C-1] INFO  o.a.kafka.common.metrics.Metrics - Metrics scheduler closed 
2025-04-28 16:01:32-739 [repliesContainer-0-C-1] INFO  o.a.kafka.common.metrics.Metrics - Closing reporter org.apache.kafka.common.metrics.JmxReporter 
2025-04-28 16:01:32-739 [repliesContainer-0-C-1] INFO  o.a.kafka.common.metrics.Metrics - Closing reporter org.apache.kafka.common.telemetry.internals.ClientTelemetryReporter 
2025-04-28 16:01:32-739 [repliesContainer-0-C-1] INFO  o.a.kafka.common.metrics.Metrics - Metrics reporters closed 
2025-04-28 16:01:32-746 [repliesContainer-0-C-1] INFO  o.a.kafka.common.utils.AppInfoParser - App info kafka.consumer for consumer-bootcoin-group-1 unregistered 
2025-04-28 16:01:32-747 [repliesContainer-0-C-1] INFO  o.s.k.l.KafkaMessageListenerContainer - bootcoin-group: Consumer stopped 
2025-04-28 16:01:32-750 [org.springframework.kafka.KafkaListenerEndpointContainer#1-0-C-1] INFO  o.a.k.c.c.i.ConsumerCoordinator - [Consumer clientId=consumer-bootcoin-group-3, groupId=bootcoin-group] Member consumer-bootcoin-group-3-177bece2-4d4c-4ec7-8a1b-3d014ad61262 sending LeaveGroup request to coordinator localhost:29092 (id: 2147482646 rack: null) due to the consumer unsubscribed from all topics 
2025-04-28 16:01:32-750 [org.springframework.kafka.KafkaListenerEndpointContainer#0-0-C-1] INFO  o.a.k.c.c.i.ConsumerCoordinator - [Consumer clientId=consumer-bootcoin-group-2, groupId=bootcoin-group] Member consumer-bootcoin-group-2-5f47e304-04c1-4502-be4b-c43cf1dc5b64 sending LeaveGroup request to coordinator localhost:29092 (id: 2147482646 rack: null) due to the consumer unsubscribed from all topics 
2025-04-28 16:01:32-750 [org.springframework.kafka.KafkaListenerEndpointContainer#1-0-C-1] INFO  o.a.k.c.c.i.ConsumerCoordinator - [Consumer clientId=consumer-bootcoin-group-3, groupId=bootcoin-group] Resetting generation and member id due to: consumer pro-actively leaving the group 
2025-04-28 16:01:32-751 [org.springframework.kafka.KafkaListenerEndpointContainer#0-0-C-1] INFO  o.a.k.c.c.i.ConsumerCoordinator - [Consumer clientId=consumer-bootcoin-group-2, groupId=bootcoin-group] Resetting generation and member id due to: consumer pro-actively leaving the group 
2025-04-28 16:01:32-751 [org.springframework.kafka.KafkaListenerEndpointContainer#1-0-C-1] INFO  o.a.k.c.c.i.ConsumerCoordinator - [Consumer clientId=consumer-bootcoin-group-3, groupId=bootcoin-group] Request joining group due to: consumer pro-actively leaving the group 
2025-04-28 16:01:32-751 [org.springframework.kafka.KafkaListenerEndpointContainer#0-0-C-1] INFO  o.a.k.c.c.i.ConsumerCoordinator - [Consumer clientId=consumer-bootcoin-group-2, groupId=bootcoin-group] Request joining group due to: consumer pro-actively leaving the group 
2025-04-28 16:01:32-751 [org.springframework.kafka.KafkaListenerEndpointContainer#1-0-C-1] INFO  o.a.k.c.c.i.LegacyKafkaConsumer - [Consumer clientId=consumer-bootcoin-group-3, groupId=bootcoin-group] Unsubscribed all topics or patterns and assigned partitions 
2025-04-28 16:01:32-751 [org.springframework.kafka.KafkaListenerEndpointContainer#0-0-C-1] INFO  o.a.k.c.c.i.LegacyKafkaConsumer - [Consumer clientId=consumer-bootcoin-group-2, groupId=bootcoin-group] Unsubscribed all topics or patterns and assigned partitions 
2025-04-28 16:01:32-751 [org.springframework.kafka.KafkaListenerEndpointContainer#0-0-C-1] INFO  o.a.k.c.c.i.ConsumerCoordinator - [Consumer clientId=consumer-bootcoin-group-2, groupId=bootcoin-group] Resetting generation and member id due to: consumer pro-actively leaving the group 
2025-04-28 16:01:32-751 [org.springframework.kafka.KafkaListenerEndpointContainer#1-0-C-1] INFO  o.a.k.c.c.i.ConsumerCoordinator - [Consumer clientId=consumer-bootcoin-group-3, groupId=bootcoin-group] Resetting generation and member id due to: consumer pro-actively leaving the group 
2025-04-28 16:01:32-751 [org.springframework.kafka.KafkaListenerEndpointContainer#0-0-C-1] INFO  o.a.k.c.c.i.ConsumerCoordinator - [Consumer clientId=consumer-bootcoin-group-2, groupId=bootcoin-group] Request joining group due to: consumer pro-actively leaving the group 
2025-04-28 16:01:32-751 [org.springframework.kafka.KafkaListenerEndpointContainer#1-0-C-1] INFO  o.a.k.c.c.i.ConsumerCoordinator - [Consumer clientId=consumer-bootcoin-group-3, groupId=bootcoin-group] Request joining group due to: consumer pro-actively leaving the group 
2025-04-28 16:01:33-006 [org.springframework.kafka.KafkaListenerEndpointContainer#1-0-C-1] INFO  o.a.kafka.common.metrics.Metrics - Metrics scheduler closed 
2025-04-28 16:01:33-006 [org.springframework.kafka.KafkaListenerEndpointContainer#0-0-C-1] INFO  o.a.kafka.common.metrics.Metrics - Metrics scheduler closed 
2025-04-28 16:01:33-006 [org.springframework.kafka.KafkaListenerEndpointContainer#1-0-C-1] INFO  o.a.kafka.common.metrics.Metrics - Closing reporter org.apache.kafka.common.metrics.JmxReporter 
2025-04-28 16:01:33-006 [org.springframework.kafka.KafkaListenerEndpointContainer#0-0-C-1] INFO  o.a.kafka.common.metrics.Metrics - Closing reporter org.apache.kafka.common.metrics.JmxReporter 
2025-04-28 16:01:33-007 [org.springframework.kafka.KafkaListenerEndpointContainer#1-0-C-1] INFO  o.a.kafka.common.metrics.Metrics - Closing reporter org.apache.kafka.common.telemetry.internals.ClientTelemetryReporter 
2025-04-28 16:01:33-007 [org.springframework.kafka.KafkaListenerEndpointContainer#1-0-C-1] INFO  o.a.kafka.common.metrics.Metrics - Metrics reporters closed 
2025-04-28 16:01:33-007 [org.springframework.kafka.KafkaListenerEndpointContainer#0-0-C-1] INFO  o.a.kafka.common.metrics.Metrics - Closing reporter org.apache.kafka.common.telemetry.internals.ClientTelemetryReporter 
2025-04-28 16:01:33-007 [org.springframework.kafka.KafkaListenerEndpointContainer#0-0-C-1] INFO  o.a.kafka.common.metrics.Metrics - Metrics reporters closed 
2025-04-28 16:01:33-014 [org.springframework.kafka.KafkaListenerEndpointContainer#1-0-C-1] INFO  o.a.kafka.common.utils.AppInfoParser - App info kafka.consumer for consumer-bootcoin-group-3 unregistered 
2025-04-28 16:01:33-015 [org.springframework.kafka.KafkaListenerEndpointContainer#1-0-C-1] INFO  o.s.k.l.KafkaMessageListenerContainer - bootcoin-group: Consumer stopped 
2025-04-28 16:01:33-015 [org.springframework.kafka.KafkaListenerEndpointContainer#0-0-C-1] INFO  o.a.kafka.common.utils.AppInfoParser - App info kafka.consumer for consumer-bootcoin-group-2 unregistered 
2025-04-28 16:01:33-015 [org.springframework.kafka.KafkaListenerEndpointContainer#0-0-C-1] INFO  o.s.k.l.KafkaMessageListenerContainer - bootcoin-group: Consumer stopped 
2025-04-28 16:01:34-846 [SpringApplicationShutdownHook] INFO  c.netflix.discovery.DiscoveryClient - Shutting down DiscoveryClient ... 
2025-04-28 16:01:37-854 [SpringApplicationShutdownHook] INFO  c.netflix.discovery.DiscoveryClient - Unregistering ... 
2025-04-28 16:01:37-872 [SpringApplicationShutdownHook] INFO  c.netflix.discovery.DiscoveryClient - DiscoveryClient_WALLET-BOOTCOIN-API/wallet-bootcoin-api:8805 - deregister  status: 200 
2025-04-28 16:01:37-873 [SpringApplicationShutdownHook] INFO  c.netflix.discovery.DiscoveryClient - Completed shut down of DiscoveryClient 
2025-04-28 16:13:00-442 [main] INFO  o.s.t.c.s.AnnotationConfigContextLoaderUtils - Could not detect default configuration classes for test class [com.bootcoin.wallet.bootcoin.api.service.WalletServiceImplTest]: WalletServiceImplTest does not declare any static, non-private, non-final, nested classes annotated with @Configuration. 
2025-04-28 16:13:05-984 [main] INFO  o.s.t.c.s.AnnotationConfigContextLoaderUtils - Could not detect default configuration classes for test class [com.bootcoin.wallet.bootcoin.api.WalletBootcoinApiApplicationTests]: WalletBootcoinApiApplicationTests does not declare any static, non-private, non-final, nested classes annotated with @Configuration. 
2025-04-28 16:13:06-286 [main] INFO  o.s.b.t.c.SpringBootTestContextBootstrapper - Found @SpringBootConfiguration com.bootcoin.wallet.bootcoin.api.WalletBootcoinApiApplication for test class com.bootcoin.wallet.bootcoin.api.WalletBootcoinApiApplicationTests 
2025-04-28 16:13:10-899 [main] INFO  c.b.w.b.a.WalletBootcoinApiApplicationTests - Starting WalletBootcoinApiApplicationTests using Java 17.0.12 with PID 24368 (started by mgarcsar in C:\Users\mgarcsar\Documents\Bootcamp\etregables\BootCoin\wallet-bootcoin-api) 
2025-04-28 16:13:10-901 [main] INFO  c.b.w.b.a.WalletBootcoinApiApplicationTests - The following 1 profile is active: "dev" 
2025-04-28 16:13:10-939 [main] INFO  o.s.c.c.c.ConfigServerConfigDataLoader - Fetching config from server at : http://config-server-bc:8888 
2025-04-28 16:13:10-940 [main] INFO  o.s.c.c.c.ConfigServerConfigDataLoader - Exception on Url - http://config-server-bc:8888:org.springframework.web.client.ResourceAccessException: I/O error on GET request for "http://config-server-bc:8888/wallet-bootcoin-api/default": config-server-bc. Will be trying the next url if available 
2025-04-28 16:13:10-940 [main] WARN  o.s.c.c.c.ConfigServerConfigDataLoader - Could not locate PropertySource ([ConfigServerConfigDataResource@5d237827 uris = array<String>['http://config-server-bc:8888'], optional = true, profiles = 'default']): I/O error on GET request for "http://config-server-bc:8888/wallet-bootcoin-api/default": config-server-bc 
2025-04-28 16:13:10-940 [main] INFO  o.s.c.c.c.ConfigServerConfigDataLoader - Fetching config from server at : http://config-server-bc:8888 
2025-04-28 16:13:10-941 [main] INFO  o.s.c.c.c.ConfigServerConfigDataLoader - Exception on Url - http://config-server-bc:8888:org.springframework.web.client.ResourceAccessException: I/O error on GET request for "http://config-server-bc:8888/wallet-bootcoin-api/dev": config-server-bc. Will be trying the next url if available 
2025-04-28 16:13:10-941 [main] WARN  o.s.c.c.c.ConfigServerConfigDataLoader - Could not locate PropertySource ([ConfigServerConfigDataResource@858bf8c uris = array<String>['http://config-server-bc:8888'], optional = true, profiles = 'dev']): I/O error on GET request for "http://config-server-bc:8888/wallet-bootcoin-api/dev": config-server-bc 
2025-04-28 16:13:10-941 [main] INFO  o.s.c.c.c.ConfigServerConfigDataLoader - Fetching config from server at : http://config-server-bc:8888 
2025-04-28 16:13:10-941 [main] INFO  o.s.c.c.c.ConfigServerConfigDataLoader - Exception on Url - http://config-server-bc:8888:org.springframework.web.client.ResourceAccessException: I/O error on GET request for "http://config-server-bc:8888/wallet-bootcoin-api/default": config-server-bc. Will be trying the next url if available 
2025-04-28 16:13:10-942 [main] WARN  o.s.c.c.c.ConfigServerConfigDataLoader - Could not locate PropertySource ([ConfigServerConfigDataResource@30c1447e uris = array<String>['http://config-server-bc:8888'], optional = true, profiles = 'default']): I/O error on GET request for "http://config-server-bc:8888/wallet-bootcoin-api/default": config-server-bc 
2025-04-28 16:13:13-420 [main] INFO  o.s.d.r.c.RepositoryConfigurationDelegate - Bootstrapping Spring Data Reactive MongoDB repositories in DEFAULT mode. 
2025-04-28 16:13:13-943 [main] INFO  o.s.d.r.c.RepositoryConfigurationDelegate - Finished Spring Data repository scanning in 503 ms. Found 1 Reactive MongoDB repository interface. 
2025-04-28 16:13:14-804 [main] INFO  o.s.cloud.context.scope.GenericScope - BeanFactory id=1e23942c-be1b-3bef-82c7-541170ebcb7d 
2025-04-28 16:13:16-669 [main] INFO  org.mongodb.driver.client - MongoClient with metadata {"driver": {"name": "mongo-java-driver|reactive-streams|spring-boot", "version": "5.2.1"}, "os": {"type": "Windows", "name": "Windows 10", "architecture": "amd64", "version": "10.0"}, "platform": "Java/Oracle Corporation/17.0.12+8-LTS-286"} created with settings MongoClientSettings{readPreference=primary, writeConcern=WriteConcern{w=null, wTimeout=null ms, journal=null}, retryWrites=true, retryReads=true, readConcern=ReadConcern{level=null}, credential=null, transportSettings=NettyTransportSettings{eventLoopGroup=io.netty.channel.nio.NioEventLoopGroup@4db0d696, socketChannelClass=null, allocator=null, sslContext=null}, commandListeners=[io.micrometer.core.instrument.binder.mongodb.MongoMetricsCommandListener@a57b4bd], codecRegistry=ProvidersCodecRegistry{codecProviders=[ValueCodecProvider{}, BsonValueCodecProvider{}, DBRefCodecProvider{}, DBObjectCodecProvider{}, DocumentCodecProvider{}, CollectionCodecProvider{}, IterableCodecProvider{}, MapCodecProvider{}, GeoJsonCodecProvider{}, GridFSFileCodecProvider{}, Jsr310CodecProvider{}, JsonObjectCodecProvider{}, BsonCodecProvider{}, EnumCodecProvider{}, com.mongodb.client.model.mql.ExpressionCodecProvider@69530799, com.mongodb.Jep395RecordCodecProvider@6ea8e8bc, com.mongodb.KotlinCodecProvider@25e79799]}, loggerSettings=LoggerSettings{maxDocumentLength=1000}, clusterSettings={hosts=[localhost:27017], srvServiceName=mongodb, mode=SINGLE, requiredClusterType=UNKNOWN, requiredReplicaSetName='null', serverSelector='null', clusterListeners='[]', serverSelectionTimeout='30000 ms', localThreshold='15 ms'}, socketSettings=SocketSettings{connectTimeoutMS=10000, readTimeoutMS=0, receiveBufferSize=0, proxySettings=ProxySettings{host=null, port=null, username=null, password=null}}, heartbeatSocketSettings=SocketSettings{connectTimeoutMS=10000, readTimeoutMS=10000, receiveBufferSize=0, proxySettings=ProxySettings{host=null, port=null, username=null, password=null}}, connectionPoolSettings=ConnectionPoolSettings{maxSize=100, minSize=0, maxWaitTimeMS=120000, maxConnectionLifeTimeMS=0, maxConnectionIdleTimeMS=0, maintenanceInitialDelayMS=0, maintenanceFrequencyMS=60000, connectionPoolListeners=[io.micrometer.core.instrument.binder.mongodb.MongoMetricsConnectionPoolListener@12a22dc4], maxConnecting=2}, serverSettings=ServerSettings{heartbeatFrequencyMS=10000, minHeartbeatFrequencyMS=500, serverMonitoringMode=AUTO, serverListeners='[]', serverMonitorListeners='[]'}, sslSettings=SslSettings{enabled=false, invalidHostNameAllowed=false, context=null}, applicationName='null', compressorList=[], uuidRepresentation=JAVA_LEGACY, serverApi=null, autoEncryptionSettings=null, dnsClient=null, inetAddressResolver=null, contextProvider=null, timeoutMS=null} 
2025-04-28 16:13:17-204 [cluster-ClusterId{value='680fef6c73cc4d726dd0151a', description='null'}-localhost:27017] INFO  org.mongodb.driver.cluster - Monitor thread successfully connected to server with description ServerDescription{address=localhost:27017, type=STANDALONE, cryptd=false, state=CONNECTED, ok=true, minWireVersion=0, maxWireVersion=25, maxDocumentSize=16777216, logicalSessionTimeoutMinutes=30, roundTripTimeNanos=255925900, minRoundTripTimeNanos=0} 
2025-04-28 16:13:19-926 [main] INFO  o.s.b.a.e.web.EndpointLinksResolver - Exposing 2 endpoints beneath base path '/actuator' 
2025-04-28 16:13:21-087 [main] INFO  o.s.c.n.e.c.DiscoveryClientOptionalArgsConfiguration - Eureka HTTP Client uses RestTemplate. 
2025-04-28 16:13:21-270 [main] WARN  o.s.c.l.c.LoadBalancerCacheAutoConfiguration$LoadBalancerCaffeineWarnLogger - Spring Cloud LoadBalancer is currently working with the default cache. While this cache implementation is useful for development and tests, it's recommended to use Caffeine cache in production.You can switch to using Caffeine cache, by adding it and org.springframework.cache.caffeine.CaffeineCacheManager to the classpath. 
2025-04-28 16:13:21-590 [main] INFO  o.a.k.c.consumer.ConsumerConfig - ConsumerConfig values: 
	allow.auto.create.topics = true
	auto.commit.interval.ms = 5000
	auto.include.jmx.reporter = true
	auto.offset.reset = latest
	bootstrap.servers = [localhost:29092]
	check.crcs = true
	client.dns.lookup = use_all_dns_ips
	client.id = consumer-bootcoin-group-1
	client.rack = 
	connections.max.idle.ms = 540000
	default.api.timeout.ms = 60000
	enable.auto.commit = false
	enable.metrics.push = true
	exclude.internal.topics = true
	fetch.max.bytes = 52428800
	fetch.max.wait.ms = 500
	fetch.min.bytes = 1
	group.id = bootcoin-group
	group.instance.id = null
	group.protocol = classic
	group.remote.assignor = null
	heartbeat.interval.ms = 3000
	interceptor.classes = []
	internal.leave.group.on.close = true
	internal.throw.on.fetch.stable.offset.unsupported = false
	isolation.level = read_uncommitted
	key.deserializer = class org.apache.kafka.common.serialization.StringDeserializer
	max.partition.fetch.bytes = 1048576
	max.poll.interval.ms = 300000
	max.poll.records = 500
	metadata.max.age.ms = 300000
	metadata.recovery.strategy = none
	metric.reporters = []
	metrics.num.samples = 2
	metrics.recording.level = INFO
	metrics.sample.window.ms = 30000
	partition.assignment.strategy = [class org.apache.kafka.clients.consumer.RangeAssignor, class org.apache.kafka.clients.consumer.CooperativeStickyAssignor]
	receive.buffer.bytes = 65536
	reconnect.backoff.max.ms = 1000
	reconnect.backoff.ms = 50
	request.timeout.ms = 30000
	retry.backoff.max.ms = 1000
	retry.backoff.ms = 100
	sasl.client.callback.handler.class = null
	sasl.jaas.config = null
	sasl.kerberos.kinit.cmd = /usr/bin/kinit
	sasl.kerberos.min.time.before.relogin = 60000
	sasl.kerberos.service.name = null
	sasl.kerberos.ticket.renew.jitter = 0.05
	sasl.kerberos.ticket.renew.window.factor = 0.8
	sasl.login.callback.handler.class = null
	sasl.login.class = null
	sasl.login.connect.timeout.ms = null
	sasl.login.read.timeout.ms = null
	sasl.login.refresh.buffer.seconds = 300
	sasl.login.refresh.min.period.seconds = 60
	sasl.login.refresh.window.factor = 0.8
	sasl.login.refresh.window.jitter = 0.05
	sasl.login.retry.backoff.max.ms = 10000
	sasl.login.retry.backoff.ms = 100
	sasl.mechanism = GSSAPI
	sasl.oauthbearer.clock.skew.seconds = 30
	sasl.oauthbearer.expected.audience = null
	sasl.oauthbearer.expected.issuer = null
	sasl.oauthbearer.jwks.endpoint.refresh.ms = 3600000
	sasl.oauthbearer.jwks.endpoint.retry.backoff.max.ms = 10000
	sasl.oauthbearer.jwks.endpoint.retry.backoff.ms = 100
	sasl.oauthbearer.jwks.endpoint.url = null
	sasl.oauthbearer.scope.claim.name = scope
	sasl.oauthbearer.sub.claim.name = sub
	sasl.oauthbearer.token.endpoint.url = null
	security.protocol = PLAINTEXT
	security.providers = null
	send.buffer.bytes = 131072
	session.timeout.ms = 45000
	socket.connection.setup.timeout.max.ms = 30000
	socket.connection.setup.timeout.ms = 10000
	ssl.cipher.suites = null
	ssl.enabled.protocols = [TLSv1.2, TLSv1.3]
	ssl.endpoint.identification.algorithm = https
	ssl.engine.factory.class = null
	ssl.key.password = null
	ssl.keymanager.algorithm = SunX509
	ssl.keystore.certificate.chain = null
	ssl.keystore.key = null
	ssl.keystore.location = null
	ssl.keystore.password = null
	ssl.keystore.type = JKS
	ssl.protocol = TLSv1.3
	ssl.provider = null
	ssl.secure.random.implementation = null
	ssl.trustmanager.algorithm = PKIX
	ssl.truststore.certificates = null
	ssl.truststore.location = null
	ssl.truststore.password = null
	ssl.truststore.type = JKS
	value.deserializer = class org.apache.kafka.common.serialization.StringDeserializer
 
2025-04-28 16:13:21-724 [main] INFO  o.a.k.c.t.i.KafkaMetricsCollector - initializing Kafka metrics collector 
2025-04-28 16:13:21-959 [main] INFO  o.a.kafka.common.utils.AppInfoParser - Kafka version: 3.8.1 
2025-04-28 16:13:21-962 [main] INFO  o.a.kafka.common.utils.AppInfoParser - Kafka commitId: 70d6ff42debf7e17 
2025-04-28 16:13:21-962 [main] INFO  o.a.kafka.common.utils.AppInfoParser - Kafka startTimeMs: 1745874801957 
2025-04-28 16:13:21-969 [main] INFO  o.a.k.c.c.i.LegacyKafkaConsumer - [Consumer clientId=consumer-bootcoin-group-1, groupId=bootcoin-group] Subscribed to topic(s): wallet-bootcoin-response, wallet-user-response 
2025-04-28 16:13:22-020 [main] INFO  o.s.c.n.eureka.InstanceInfoFactory - Setting initial instance status as: STARTING 
2025-04-28 16:13:22-080 [main] INFO  c.netflix.discovery.DiscoveryClient - Initializing Eureka in region us-east-1 
2025-04-28 16:13:22-091 [main] INFO  c.n.d.s.r.aws.ConfigClusterResolver - Resolving eureka endpoints via configuration 
2025-04-28 16:13:22-117 [main] INFO  c.netflix.discovery.DiscoveryClient - Disable delta property : false 
2025-04-28 16:13:22-117 [main] INFO  c.netflix.discovery.DiscoveryClient - Single vip registry refresh property : null 
2025-04-28 16:13:22-117 [main] INFO  c.netflix.discovery.DiscoveryClient - Force full registry fetch : false 
2025-04-28 16:13:22-118 [main] INFO  c.netflix.discovery.DiscoveryClient - Application is null : false 
2025-04-28 16:13:22-118 [main] INFO  c.netflix.discovery.DiscoveryClient - Registered Applications size is zero : true 
2025-04-28 16:13:22-118 [main] INFO  c.netflix.discovery.DiscoveryClient - Application version is -1: true 
2025-04-28 16:13:22-118 [main] INFO  c.netflix.discovery.DiscoveryClient - Getting all instance registry info from the eureka server 
2025-04-28 16:13:22-725 [main] INFO  c.netflix.discovery.DiscoveryClient - The response status is 200 
2025-04-28 16:13:22-731 [main] INFO  c.netflix.discovery.DiscoveryClient - Starting heartbeat executor: renew interval is: 30 
2025-04-28 16:13:22-735 [main] INFO  c.n.discovery.InstanceInfoReplicator - InstanceInfoReplicator onDemand update allowed rate per min is 4 
2025-04-28 16:13:22-738 [main] INFO  c.netflix.discovery.DiscoveryClient - Discovery Client initialized at timestamp 1745874802738 with initial instances count: 4 
2025-04-28 16:13:22-743 [main] INFO  o.s.c.n.e.s.EurekaServiceRegistry - Registering application WALLET-BOOTCOIN-API with eureka with status UP 
2025-04-28 16:13:22-744 [main] INFO  c.netflix.discovery.DiscoveryClient - Saw local status change event StatusChangeEvent [timestamp=1745874802744, current=UP, previous=STARTING] 
2025-04-28 16:13:22-746 [DiscoveryClient-InstanceInfoReplicator-%d] INFO  c.netflix.discovery.DiscoveryClient - DiscoveryClient_WALLET-BOOTCOIN-API/wallet-bootcoin-api:8805: registering service... 
2025-04-28 16:13:22-748 [main] INFO  o.a.k.c.consumer.ConsumerConfig - ConsumerConfig values: 
	allow.auto.create.topics = true
	auto.commit.interval.ms = 5000
	auto.include.jmx.reporter = true
	auto.offset.reset = latest
	bootstrap.servers = [localhost:29092]
	check.crcs = true
	client.dns.lookup = use_all_dns_ips
	client.id = consumer-bootcoin-group-2
	client.rack = 
	connections.max.idle.ms = 540000
	default.api.timeout.ms = 60000
	enable.auto.commit = false
	enable.metrics.push = true
	exclude.internal.topics = true
	fetch.max.bytes = 52428800
	fetch.max.wait.ms = 500
	fetch.min.bytes = 1
	group.id = bootcoin-group
	group.instance.id = null
	group.protocol = classic
	group.remote.assignor = null
	heartbeat.interval.ms = 3000
	interceptor.classes = []
	internal.leave.group.on.close = true
	internal.throw.on.fetch.stable.offset.unsupported = false
	isolation.level = read_uncommitted
	key.deserializer = class org.apache.kafka.common.serialization.StringDeserializer
	max.partition.fetch.bytes = 1048576
	max.poll.interval.ms = 300000
	max.poll.records = 500
	metadata.max.age.ms = 300000
	metadata.recovery.strategy = none
	metric.reporters = []
	metrics.num.samples = 2
	metrics.recording.level = INFO
	metrics.sample.window.ms = 30000
	partition.assignment.strategy = [class org.apache.kafka.clients.consumer.RangeAssignor, class org.apache.kafka.clients.consumer.CooperativeStickyAssignor]
	receive.buffer.bytes = 65536
	reconnect.backoff.max.ms = 1000
	reconnect.backoff.ms = 50
	request.timeout.ms = 30000
	retry.backoff.max.ms = 1000
	retry.backoff.ms = 100
	sasl.client.callback.handler.class = null
	sasl.jaas.config = null
	sasl.kerberos.kinit.cmd = /usr/bin/kinit
	sasl.kerberos.min.time.before.relogin = 60000
	sasl.kerberos.service.name = null
	sasl.kerberos.ticket.renew.jitter = 0.05
	sasl.kerberos.ticket.renew.window.factor = 0.8
	sasl.login.callback.handler.class = null
	sasl.login.class = null
	sasl.login.connect.timeout.ms = null
	sasl.login.read.timeout.ms = null
	sasl.login.refresh.buffer.seconds = 300
	sasl.login.refresh.min.period.seconds = 60
	sasl.login.refresh.window.factor = 0.8
	sasl.login.refresh.window.jitter = 0.05
	sasl.login.retry.backoff.max.ms = 10000
	sasl.login.retry.backoff.ms = 100
	sasl.mechanism = GSSAPI
	sasl.oauthbearer.clock.skew.seconds = 30
	sasl.oauthbearer.expected.audience = null
	sasl.oauthbearer.expected.issuer = null
	sasl.oauthbearer.jwks.endpoint.refresh.ms = 3600000
	sasl.oauthbearer.jwks.endpoint.retry.backoff.max.ms = 10000
	sasl.oauthbearer.jwks.endpoint.retry.backoff.ms = 100
	sasl.oauthbearer.jwks.endpoint.url = null
	sasl.oauthbearer.scope.claim.name = scope
	sasl.oauthbearer.sub.claim.name = sub
	sasl.oauthbearer.token.endpoint.url = null
	security.protocol = PLAINTEXT
	security.providers = null
	send.buffer.bytes = 131072
	session.timeout.ms = 45000
	socket.connection.setup.timeout.max.ms = 30000
	socket.connection.setup.timeout.ms = 10000
	ssl.cipher.suites = null
	ssl.enabled.protocols = [TLSv1.2, TLSv1.3]
	ssl.endpoint.identification.algorithm = https
	ssl.engine.factory.class = null
	ssl.key.password = null
	ssl.keymanager.algorithm = SunX509
	ssl.keystore.certificate.chain = null
	ssl.keystore.key = null
	ssl.keystore.location = null
	ssl.keystore.password = null
	ssl.keystore.type = JKS
	ssl.protocol = TLSv1.3
	ssl.provider = null
	ssl.secure.random.implementation = null
	ssl.trustmanager.algorithm = PKIX
	ssl.truststore.certificates = null
	ssl.truststore.location = null
	ssl.truststore.password = null
	ssl.truststore.type = JKS
	value.deserializer = class org.apache.kafka.common.serialization.StringDeserializer
 
2025-04-28 16:13:22-749 [main] INFO  o.a.k.c.t.i.KafkaMetricsCollector - initializing Kafka metrics collector 
2025-04-28 16:13:22-765 [main] INFO  o.a.kafka.common.utils.AppInfoParser - Kafka version: 3.8.1 
2025-04-28 16:13:22-765 [main] INFO  o.a.kafka.common.utils.AppInfoParser - Kafka commitId: 70d6ff42debf7e17 
2025-04-28 16:13:22-765 [main] INFO  o.a.kafka.common.utils.AppInfoParser - Kafka startTimeMs: 1745874802765 
2025-04-28 16:13:22-766 [main] INFO  o.a.k.c.c.i.LegacyKafkaConsumer - [Consumer clientId=consumer-bootcoin-group-2, groupId=bootcoin-group] Subscribed to topic(s): wallet-user-request 
2025-04-28 16:13:22-771 [main] INFO  o.a.k.c.consumer.ConsumerConfig - ConsumerConfig values: 
	allow.auto.create.topics = true
	auto.commit.interval.ms = 5000
	auto.include.jmx.reporter = true
	auto.offset.reset = latest
	bootstrap.servers = [localhost:29092]
	check.crcs = true
	client.dns.lookup = use_all_dns_ips
	client.id = consumer-bootcoin-group-3
	client.rack = 
	connections.max.idle.ms = 540000
	default.api.timeout.ms = 60000
	enable.auto.commit = false
	enable.metrics.push = true
	exclude.internal.topics = true
	fetch.max.bytes = 52428800
	fetch.max.wait.ms = 500
	fetch.min.bytes = 1
	group.id = bootcoin-group
	group.instance.id = null
	group.protocol = classic
	group.remote.assignor = null
	heartbeat.interval.ms = 3000
	interceptor.classes = []
	internal.leave.group.on.close = true
	internal.throw.on.fetch.stable.offset.unsupported = false
	isolation.level = read_uncommitted
	key.deserializer = class org.apache.kafka.common.serialization.StringDeserializer
	max.partition.fetch.bytes = 1048576
	max.poll.interval.ms = 300000
	max.poll.records = 500
	metadata.max.age.ms = 300000
	metadata.recovery.strategy = none
	metric.reporters = []
	metrics.num.samples = 2
	metrics.recording.level = INFO
	metrics.sample.window.ms = 30000
	partition.assignment.strategy = [class org.apache.kafka.clients.consumer.RangeAssignor, class org.apache.kafka.clients.consumer.CooperativeStickyAssignor]
	receive.buffer.bytes = 65536
	reconnect.backoff.max.ms = 1000
	reconnect.backoff.ms = 50
	request.timeout.ms = 30000
	retry.backoff.max.ms = 1000
	retry.backoff.ms = 100
	sasl.client.callback.handler.class = null
	sasl.jaas.config = null
	sasl.kerberos.kinit.cmd = /usr/bin/kinit
	sasl.kerberos.min.time.before.relogin = 60000
	sasl.kerberos.service.name = null
	sasl.kerberos.ticket.renew.jitter = 0.05
	sasl.kerberos.ticket.renew.window.factor = 0.8
	sasl.login.callback.handler.class = null
	sasl.login.class = null
	sasl.login.connect.timeout.ms = null
	sasl.login.read.timeout.ms = null
	sasl.login.refresh.buffer.seconds = 300
	sasl.login.refresh.min.period.seconds = 60
	sasl.login.refresh.window.factor = 0.8
	sasl.login.refresh.window.jitter = 0.05
	sasl.login.retry.backoff.max.ms = 10000
	sasl.login.retry.backoff.ms = 100
	sasl.mechanism = GSSAPI
	sasl.oauthbearer.clock.skew.seconds = 30
	sasl.oauthbearer.expected.audience = null
	sasl.oauthbearer.expected.issuer = null
	sasl.oauthbearer.jwks.endpoint.refresh.ms = 3600000
	sasl.oauthbearer.jwks.endpoint.retry.backoff.max.ms = 10000
	sasl.oauthbearer.jwks.endpoint.retry.backoff.ms = 100
	sasl.oauthbearer.jwks.endpoint.url = null
	sasl.oauthbearer.scope.claim.name = scope
	sasl.oauthbearer.sub.claim.name = sub
	sasl.oauthbearer.token.endpoint.url = null
	security.protocol = PLAINTEXT
	security.providers = null
	send.buffer.bytes = 131072
	session.timeout.ms = 45000
	socket.connection.setup.timeout.max.ms = 30000
	socket.connection.setup.timeout.ms = 10000
	ssl.cipher.suites = null
	ssl.enabled.protocols = [TLSv1.2, TLSv1.3]
	ssl.endpoint.identification.algorithm = https
	ssl.engine.factory.class = null
	ssl.key.password = null
	ssl.keymanager.algorithm = SunX509
	ssl.keystore.certificate.chain = null
	ssl.keystore.key = null
	ssl.keystore.location = null
	ssl.keystore.password = null
	ssl.keystore.type = JKS
	ssl.protocol = TLSv1.3
	ssl.provider = null
	ssl.secure.random.implementation = null
	ssl.trustmanager.algorithm = PKIX
	ssl.truststore.certificates = null
	ssl.truststore.location = null
	ssl.truststore.password = null
	ssl.truststore.type = JKS
	value.deserializer = class org.apache.kafka.common.serialization.StringDeserializer
 
2025-04-28 16:13:22-772 [main] INFO  o.a.k.c.t.i.KafkaMetricsCollector - initializing Kafka metrics collector 
2025-04-28 16:13:22-788 [main] INFO  o.a.kafka.common.utils.AppInfoParser - Kafka version: 3.8.1 
2025-04-28 16:13:22-789 [main] INFO  o.a.kafka.common.utils.AppInfoParser - Kafka commitId: 70d6ff42debf7e17 
2025-04-28 16:13:22-789 [main] INFO  o.a.kafka.common.utils.AppInfoParser - Kafka startTimeMs: 1745874802788 
2025-04-28 16:13:22-790 [main] INFO  o.a.k.c.c.i.LegacyKafkaConsumer - [Consumer clientId=consumer-bootcoin-group-3, groupId=bootcoin-group] Subscribed to topic(s): wallet-bootcoin-request 
2025-04-28 16:13:22-822 [main] INFO  c.b.w.b.a.WalletBootcoinApiApplicationTests - Started WalletBootcoinApiApplicationTests in 15.665 seconds (process running for 24.968) 
2025-04-28 16:13:22-832 [DiscoveryClient-InstanceInfoReplicator-%d] INFO  c.netflix.discovery.DiscoveryClient - DiscoveryClient_WALLET-BOOTCOIN-API/wallet-bootcoin-api:8805 - registration status: 204 
2025-04-28 16:13:22-901 [SpringApplicationShutdownHook] INFO  o.s.c.n.e.s.EurekaServiceRegistry - Unregistering application WALLET-BOOTCOIN-API with eureka with status DOWN 
2025-04-28 16:13:22-902 [SpringApplicationShutdownHook] INFO  c.netflix.discovery.DiscoveryClient - Saw local status change event StatusChangeEvent [timestamp=1745874802901, current=DOWN, previous=UP] 
2025-04-28 16:13:22-902 [DiscoveryClient-InstanceInfoReplicator-%d] INFO  c.netflix.discovery.DiscoveryClient - DiscoveryClient_WALLET-BOOTCOIN-API/wallet-bootcoin-api:8805: registering service... 
2025-04-28 16:13:22-910 [DiscoveryClient-InstanceInfoReplicator-%d] INFO  c.netflix.discovery.DiscoveryClient - DiscoveryClient_WALLET-BOOTCOIN-API/wallet-bootcoin-api:8805 - registration status: 204 
2025-04-28 16:13:23-461 [org.springframework.kafka.KafkaListenerEndpointContainer#1-0-C-1] INFO  org.apache.kafka.clients.Metadata - [Consumer clientId=consumer-bootcoin-group-3, groupId=bootcoin-group] Cluster ID: pQNgvDGCTc6DWdlYtyeAyg 
2025-04-28 16:13:23-461 [repliesContainer-0-C-1] INFO  org.apache.kafka.clients.Metadata - [Consumer clientId=consumer-bootcoin-group-1, groupId=bootcoin-group] Cluster ID: pQNgvDGCTc6DWdlYtyeAyg 
2025-04-28 16:13:23-462 [repliesContainer-0-C-1] INFO  o.a.k.c.c.i.ConsumerCoordinator - [Consumer clientId=consumer-bootcoin-group-1, groupId=bootcoin-group] Discovered group coordinator localhost:29092 (id: 2147482646 rack: null) 
2025-04-28 16:13:23-462 [org.springframework.kafka.KafkaListenerEndpointContainer#1-0-C-1] INFO  o.a.k.c.c.i.ConsumerCoordinator - [Consumer clientId=consumer-bootcoin-group-3, groupId=bootcoin-group] Discovered group coordinator localhost:29092 (id: 2147482646 rack: null) 
2025-04-28 16:13:23-465 [org.springframework.kafka.KafkaListenerEndpointContainer#0-0-C-1] INFO  org.apache.kafka.clients.Metadata - [Consumer clientId=consumer-bootcoin-group-2, groupId=bootcoin-group] Cluster ID: pQNgvDGCTc6DWdlYtyeAyg 
2025-04-28 16:13:23-465 [org.springframework.kafka.KafkaListenerEndpointContainer#0-0-C-1] INFO  o.a.k.c.c.i.ConsumerCoordinator - [Consumer clientId=consumer-bootcoin-group-2, groupId=bootcoin-group] Discovered group coordinator localhost:29092 (id: 2147482646 rack: null) 
2025-04-28 16:13:23-470 [org.springframework.kafka.KafkaListenerEndpointContainer#0-0-C-1] INFO  o.a.k.c.c.i.ConsumerCoordinator - [Consumer clientId=consumer-bootcoin-group-2, groupId=bootcoin-group] (Re-)joining group 
2025-04-28 16:13:23-470 [org.springframework.kafka.KafkaListenerEndpointContainer#1-0-C-1] INFO  o.a.k.c.c.i.ConsumerCoordinator - [Consumer clientId=consumer-bootcoin-group-3, groupId=bootcoin-group] (Re-)joining group 
2025-04-28 16:13:23-471 [repliesContainer-0-C-1] INFO  o.a.k.c.c.i.ConsumerCoordinator - [Consumer clientId=consumer-bootcoin-group-1, groupId=bootcoin-group] (Re-)joining group 
2025-04-28 16:13:23-494 [repliesContainer-0-C-1] INFO  o.a.k.c.c.i.ConsumerCoordinator - [Consumer clientId=consumer-bootcoin-group-1, groupId=bootcoin-group] Resetting generation and member id due to: consumer pro-actively leaving the group 
2025-04-28 16:13:23-494 [repliesContainer-0-C-1] INFO  o.a.k.c.c.i.ConsumerCoordinator - [Consumer clientId=consumer-bootcoin-group-1, groupId=bootcoin-group] Request joining group due to: consumer pro-actively leaving the group 
2025-04-28 16:13:23-495 [repliesContainer-0-C-1] INFO  o.a.k.c.c.i.LegacyKafkaConsumer - [Consumer clientId=consumer-bootcoin-group-1, groupId=bootcoin-group] Unsubscribed all topics or patterns and assigned partitions 
2025-04-28 16:13:23-497 [repliesContainer-0-C-1] INFO  o.a.k.c.c.i.ConsumerCoordinator - [Consumer clientId=consumer-bootcoin-group-1, groupId=bootcoin-group] Resetting generation and member id due to: consumer pro-actively leaving the group 
2025-04-28 16:13:23-498 [repliesContainer-0-C-1] INFO  o.a.k.c.c.i.ConsumerCoordinator - [Consumer clientId=consumer-bootcoin-group-1, groupId=bootcoin-group] Request joining group due to: consumer pro-actively leaving the group 
2025-04-28 16:13:23-505 [org.springframework.kafka.KafkaListenerEndpointContainer#1-0-C-1] INFO  o.a.k.c.c.i.ConsumerCoordinator - [Consumer clientId=consumer-bootcoin-group-3, groupId=bootcoin-group] Request joining group due to: need to re-join with the given member-id: consumer-bootcoin-group-3-369b31c4-214e-48ef-a7f5-2d001c76561c 
2025-04-28 16:13:23-505 [org.springframework.kafka.KafkaListenerEndpointContainer#0-0-C-1] INFO  o.a.k.c.c.i.ConsumerCoordinator - [Consumer clientId=consumer-bootcoin-group-2, groupId=bootcoin-group] Request joining group due to: need to re-join with the given member-id: consumer-bootcoin-group-2-68012a39-11a0-46b0-96f4-3ff0ce082c39 
2025-04-28 16:13:23-505 [repliesContainer-0-C-1] INFO  o.a.k.c.c.i.ConsumerCoordinator - [Consumer clientId=consumer-bootcoin-group-1, groupId=bootcoin-group] Request joining group due to: need to re-join with the given member-id: consumer-bootcoin-group-1-a271da4d-3dc9-449c-bd84-c1e755d20c71 
2025-04-28 16:13:23-505 [org.springframework.kafka.KafkaListenerEndpointContainer#0-0-C-1] INFO  o.a.k.c.c.i.ConsumerCoordinator - [Consumer clientId=consumer-bootcoin-group-2, groupId=bootcoin-group] (Re-)joining group 
2025-04-28 16:13:23-505 [org.springframework.kafka.KafkaListenerEndpointContainer#1-0-C-1] INFO  o.a.k.c.c.i.ConsumerCoordinator - [Consumer clientId=consumer-bootcoin-group-3, groupId=bootcoin-group] (Re-)joining group 
2025-04-28 16:13:23-511 [repliesContainer-0-C-1] INFO  o.a.kafka.common.metrics.Metrics - Metrics scheduler closed 
2025-04-28 16:13:23-511 [repliesContainer-0-C-1] INFO  o.a.kafka.common.metrics.Metrics - Closing reporter org.apache.kafka.common.metrics.JmxReporter 
2025-04-28 16:13:23-512 [repliesContainer-0-C-1] INFO  o.a.kafka.common.metrics.Metrics - Closing reporter org.apache.kafka.common.telemetry.internals.ClientTelemetryReporter 
2025-04-28 16:13:23-512 [repliesContainer-0-C-1] INFO  o.a.kafka.common.metrics.Metrics - Metrics reporters closed 
2025-04-28 16:13:23-518 [repliesContainer-0-C-1] INFO  o.a.kafka.common.utils.AppInfoParser - App info kafka.consumer for consumer-bootcoin-group-1 unregistered 
2025-04-28 16:13:23-519 [repliesContainer-0-C-1] INFO  o.s.k.l.KafkaMessageListenerContainer - bootcoin-group: Consumer stopped 
2025-04-28 16:13:23-522 [org.springframework.kafka.KafkaListenerEndpointContainer#1-0-C-1] INFO  o.a.k.c.c.i.ConsumerCoordinator - [Consumer clientId=consumer-bootcoin-group-3, groupId=bootcoin-group] Member consumer-bootcoin-group-3-369b31c4-214e-48ef-a7f5-2d001c76561c sending LeaveGroup request to coordinator localhost:29092 (id: 2147482646 rack: null) due to the consumer unsubscribed from all topics 
2025-04-28 16:13:23-522 [org.springframework.kafka.KafkaListenerEndpointContainer#0-0-C-1] INFO  o.a.k.c.c.i.ConsumerCoordinator - [Consumer clientId=consumer-bootcoin-group-2, groupId=bootcoin-group] Member consumer-bootcoin-group-2-68012a39-11a0-46b0-96f4-3ff0ce082c39 sending LeaveGroup request to coordinator localhost:29092 (id: 2147482646 rack: null) due to the consumer unsubscribed from all topics 
2025-04-28 16:13:23-523 [org.springframework.kafka.KafkaListenerEndpointContainer#1-0-C-1] INFO  o.a.k.c.c.i.ConsumerCoordinator - [Consumer clientId=consumer-bootcoin-group-3, groupId=bootcoin-group] Resetting generation and member id due to: consumer pro-actively leaving the group 
2025-04-28 16:13:23-523 [org.springframework.kafka.KafkaListenerEndpointContainer#0-0-C-1] INFO  o.a.k.c.c.i.ConsumerCoordinator - [Consumer clientId=consumer-bootcoin-group-2, groupId=bootcoin-group] Resetting generation and member id due to: consumer pro-actively leaving the group 
2025-04-28 16:13:23-523 [org.springframework.kafka.KafkaListenerEndpointContainer#1-0-C-1] INFO  o.a.k.c.c.i.ConsumerCoordinator - [Consumer clientId=consumer-bootcoin-group-3, groupId=bootcoin-group] Request joining group due to: consumer pro-actively leaving the group 
2025-04-28 16:13:23-523 [org.springframework.kafka.KafkaListenerEndpointContainer#0-0-C-1] INFO  o.a.k.c.c.i.ConsumerCoordinator - [Consumer clientId=consumer-bootcoin-group-2, groupId=bootcoin-group] Request joining group due to: consumer pro-actively leaving the group 
2025-04-28 16:13:23-523 [org.springframework.kafka.KafkaListenerEndpointContainer#1-0-C-1] INFO  o.a.k.c.c.i.LegacyKafkaConsumer - [Consumer clientId=consumer-bootcoin-group-3, groupId=bootcoin-group] Unsubscribed all topics or patterns and assigned partitions 
2025-04-28 16:13:23-523 [org.springframework.kafka.KafkaListenerEndpointContainer#0-0-C-1] INFO  o.a.k.c.c.i.LegacyKafkaConsumer - [Consumer clientId=consumer-bootcoin-group-2, groupId=bootcoin-group] Unsubscribed all topics or patterns and assigned partitions 
2025-04-28 16:13:23-523 [org.springframework.kafka.KafkaListenerEndpointContainer#0-0-C-1] INFO  o.a.k.c.c.i.ConsumerCoordinator - [Consumer clientId=consumer-bootcoin-group-2, groupId=bootcoin-group] Resetting generation and member id due to: consumer pro-actively leaving the group 
2025-04-28 16:13:23-523 [org.springframework.kafka.KafkaListenerEndpointContainer#1-0-C-1] INFO  o.a.k.c.c.i.ConsumerCoordinator - [Consumer clientId=consumer-bootcoin-group-3, groupId=bootcoin-group] Resetting generation and member id due to: consumer pro-actively leaving the group 
2025-04-28 16:13:23-523 [org.springframework.kafka.KafkaListenerEndpointContainer#0-0-C-1] INFO  o.a.k.c.c.i.ConsumerCoordinator - [Consumer clientId=consumer-bootcoin-group-2, groupId=bootcoin-group] Request joining group due to: consumer pro-actively leaving the group 
2025-04-28 16:13:23-524 [org.springframework.kafka.KafkaListenerEndpointContainer#1-0-C-1] INFO  o.a.k.c.c.i.ConsumerCoordinator - [Consumer clientId=consumer-bootcoin-group-3, groupId=bootcoin-group] Request joining group due to: consumer pro-actively leaving the group 
2025-04-28 16:13:25-640 [SpringApplicationShutdownHook] INFO  c.netflix.discovery.DiscoveryClient - Shutting down DiscoveryClient ... 
2025-04-28 16:13:28-643 [SpringApplicationShutdownHook] INFO  c.netflix.discovery.DiscoveryClient - Unregistering ... 
2025-04-28 16:13:28-664 [SpringApplicationShutdownHook] INFO  c.netflix.discovery.DiscoveryClient - DiscoveryClient_WALLET-BOOTCOIN-API/wallet-bootcoin-api:8805 - deregister  status: 200 
2025-04-28 16:13:28-664 [SpringApplicationShutdownHook] INFO  c.netflix.discovery.DiscoveryClient - Completed shut down of DiscoveryClient 
