2025-04-28 03:58:03-685 [main] INFO  o.s.t.c.s.AnnotationConfigContextLoaderUtils - Could not detect default configuration classes for test class [com.bootcoin.user.api.BootcoinUserApiApplicationTests]: BootcoinUserApiApplicationTests does not declare any static, non-private, non-final, nested classes annotated with @Configuration. 
2025-04-28 03:58:04-023 [main] INFO  o.s.b.t.c.SpringBootTestContextBootstrapper - Found @SpringBootConfiguration com.bootcoin.user.api.BootcoinUserApiApplication for test class com.bootcoin.user.api.BootcoinUserApiApplicationTests 
2025-04-28 03:58:08-084 [main] INFO  c.b.u.a.BootcoinUserApiApplicationTests - Starting BootcoinUserApiApplicationTests using Java 17.0.12 with PID 10516 (started by mgarcsar in C:\Users\mgarcsar\Documents\Bootcamp\etregables\BootCoin\bootcoin-user-api) 
2025-04-28 03:58:08-087 [main] INFO  c.b.u.a.BootcoinUserApiApplicationTests - The following 1 profile is active: "dev" 
2025-04-28 03:58:08-164 [main] INFO  o.s.c.c.c.ConfigServerConfigDataLoader - Fetching config from server at : http://config-server-bc:8888 
2025-04-28 03:58:08-165 [main] INFO  o.s.c.c.c.ConfigServerConfigDataLoader - Exception on Url - http://config-server-bc:8888:org.springframework.web.client.ResourceAccessException: I/O error on GET request for "http://config-server-bc:8888/bootcoin-user-api/default": config-server-bc. Will be trying the next url if available 
2025-04-28 03:58:08-165 [main] WARN  o.s.c.c.c.ConfigServerConfigDataLoader - Could not locate PropertySource ([ConfigServerConfigDataResource@7ea039b4 uris = array<String>['http://config-server-bc:8888'], optional = true, profiles = 'default']): I/O error on GET request for "http://config-server-bc:8888/bootcoin-user-api/default": config-server-bc 
2025-04-28 03:58:08-165 [main] INFO  o.s.c.c.c.ConfigServerConfigDataLoader - Fetching config from server at : http://config-server-bc:8888 
2025-04-28 03:58:08-165 [main] INFO  o.s.c.c.c.ConfigServerConfigDataLoader - Exception on Url - http://config-server-bc:8888:org.springframework.web.client.ResourceAccessException: I/O error on GET request for "http://config-server-bc:8888/bootcoin-user-api/dev": config-server-bc. Will be trying the next url if available 
2025-04-28 03:58:08-166 [main] WARN  o.s.c.c.c.ConfigServerConfigDataLoader - Could not locate PropertySource ([ConfigServerConfigDataResource@70d7a49b uris = array<String>['http://config-server-bc:8888'], optional = true, profiles = 'dev']): I/O error on GET request for "http://config-server-bc:8888/bootcoin-user-api/dev": config-server-bc 
2025-04-28 03:58:08-166 [main] INFO  o.s.c.c.c.ConfigServerConfigDataLoader - Fetching config from server at : http://config-server-bc:8888 
2025-04-28 03:58:08-166 [main] INFO  o.s.c.c.c.ConfigServerConfigDataLoader - Exception on Url - http://config-server-bc:8888:org.springframework.web.client.ResourceAccessException: I/O error on GET request for "http://config-server-bc:8888/bootcoin-user-api/default": config-server-bc. Will be trying the next url if available 
2025-04-28 03:58:08-166 [main] WARN  o.s.c.c.c.ConfigServerConfigDataLoader - Could not locate PropertySource ([ConfigServerConfigDataResource@4509b7 uris = array<String>['http://config-server-bc:8888'], optional = true, profiles = 'default']): I/O error on GET request for "http://config-server-bc:8888/bootcoin-user-api/default": config-server-bc 
2025-04-28 03:58:10-602 [main] INFO  o.s.d.r.c.RepositoryConfigurationDelegate - Bootstrapping Spring Data Reactive MongoDB repositories in DEFAULT mode. 
2025-04-28 03:58:11-470 [main] INFO  o.s.d.r.c.RepositoryConfigurationDelegate - Finished Spring Data repository scanning in 855 ms. Found 1 Reactive MongoDB repository interface. 
2025-04-28 03:58:12-057 [main] INFO  o.s.cloud.context.scope.GenericScope - BeanFactory id=38fdc953-25ca-3510-8aa0-db7918657eca 
2025-04-28 03:58:13-605 [main] INFO  org.mongodb.driver.client - MongoClient with metadata {"driver": {"name": "mongo-java-driver|reactive-streams|spring-boot", "version": "5.2.1"}, "os": {"type": "Windows", "name": "Windows 10", "architecture": "amd64", "version": "10.0"}, "platform": "Java/Oracle Corporation/17.0.12+8-LTS-286"} created with settings MongoClientSettings{readPreference=primary, writeConcern=WriteConcern{w=null, wTimeout=null ms, journal=null}, retryWrites=true, retryReads=true, readConcern=ReadConcern{level=null}, credential=null, transportSettings=NettyTransportSettings{eventLoopGroup=io.netty.channel.nio.NioEventLoopGroup@3ac5a623, socketChannelClass=null, allocator=null, sslContext=null}, commandListeners=[io.micrometer.core.instrument.binder.mongodb.MongoMetricsCommandListener@60c7726b], codecRegistry=ProvidersCodecRegistry{codecProviders=[ValueCodecProvider{}, BsonValueCodecProvider{}, DBRefCodecProvider{}, DBObjectCodecProvider{}, DocumentCodecProvider{}, CollectionCodecProvider{}, IterableCodecProvider{}, MapCodecProvider{}, GeoJsonCodecProvider{}, GridFSFileCodecProvider{}, Jsr310CodecProvider{}, JsonObjectCodecProvider{}, BsonCodecProvider{}, EnumCodecProvider{}, com.mongodb.client.model.mql.ExpressionCodecProvider@69b9a61, com.mongodb.Jep395RecordCodecProvider@bb832f0, com.mongodb.KotlinCodecProvider@1cdb691a]}, loggerSettings=LoggerSettings{maxDocumentLength=1000}, clusterSettings={hosts=[localhost:27017], srvServiceName=mongodb, mode=SINGLE, requiredClusterType=UNKNOWN, requiredReplicaSetName='null', serverSelector='null', clusterListeners='[]', serverSelectionTimeout='30000 ms', localThreshold='15 ms'}, socketSettings=SocketSettings{connectTimeoutMS=10000, readTimeoutMS=0, receiveBufferSize=0, proxySettings=ProxySettings{host=null, port=null, username=null, password=null}}, heartbeatSocketSettings=SocketSettings{connectTimeoutMS=10000, readTimeoutMS=10000, receiveBufferSize=0, proxySettings=ProxySettings{host=null, port=null, username=null, password=null}}, connectionPoolSettings=ConnectionPoolSettings{maxSize=100, minSize=0, maxWaitTimeMS=120000, maxConnectionLifeTimeMS=0, maxConnectionIdleTimeMS=0, maintenanceInitialDelayMS=0, maintenanceFrequencyMS=60000, connectionPoolListeners=[io.micrometer.core.instrument.binder.mongodb.MongoMetricsConnectionPoolListener@475414c0], maxConnecting=2}, serverSettings=ServerSettings{heartbeatFrequencyMS=10000, minHeartbeatFrequencyMS=500, serverMonitoringMode=AUTO, serverListeners='[]', serverMonitorListeners='[]'}, sslSettings=SslSettings{enabled=false, invalidHostNameAllowed=false, context=null}, applicationName='null', compressorList=[], uuidRepresentation=JAVA_LEGACY, serverApi=null, autoEncryptionSettings=null, dnsClient=null, inetAddressResolver=null, contextProvider=null, timeoutMS=null} 
2025-04-28 03:58:14-004 [cluster-ClusterId{value='680f432516cc5841a9fe8686', description='null'}-localhost:27017] INFO  org.mongodb.driver.cluster - Monitor thread successfully connected to server with description ServerDescription{address=localhost:27017, type=STANDALONE, cryptd=false, state=CONNECTED, ok=true, minWireVersion=0, maxWireVersion=25, maxDocumentSize=16777216, logicalSessionTimeoutMinutes=30, roundTripTimeNanos=206091900, minRoundTripTimeNanos=0} 
2025-04-28 03:58:15-778 [main] INFO  o.s.v.b.OptionalValidatorFactoryBean - Failed to set up a Bean Validation provider: jakarta.validation.NoProviderFoundException: Unable to create a Configuration, because no Jakarta Bean Validation provider could be found. Add a provider like Hibernate Validator (RI) to your classpath. 
2025-04-28 03:58:19-105 [main] INFO  o.s.b.a.e.web.EndpointLinksResolver - Exposing 2 endpoints beneath base path '/actuator' 
2025-04-28 03:58:20-521 [main] INFO  o.s.c.n.e.c.DiscoveryClientOptionalArgsConfiguration - Eureka HTTP Client uses RestTemplate. 
2025-04-28 03:58:20-647 [main] WARN  o.s.c.l.c.LoadBalancerCacheAutoConfiguration$LoadBalancerCaffeineWarnLogger - Spring Cloud LoadBalancer is currently working with the default cache. While this cache implementation is useful for development and tests, it's recommended to use Caffeine cache in production.You can switch to using Caffeine cache, by adding it and org.springframework.cache.caffeine.CaffeineCacheManager to the classpath. 
2025-04-28 03:58:20-936 [main] INFO  o.a.k.c.consumer.ConsumerConfig - ConsumerConfig values: 
	allow.auto.create.topics = true
	auto.commit.interval.ms = 5000
	auto.include.jmx.reporter = true
	auto.offset.reset = latest
	bootstrap.servers = [localhost:29092]
	check.crcs = true
	client.dns.lookup = use_all_dns_ips
	client.id = consumer-bootuser-group-1
	client.rack = 
	connections.max.idle.ms = 540000
	default.api.timeout.ms = 60000
	enable.auto.commit = false
	enable.metrics.push = true
	exclude.internal.topics = true
	fetch.max.bytes = 52428800
	fetch.max.wait.ms = 500
	fetch.min.bytes = 1
	group.id = bootuser-group
	group.instance.id = null
	group.protocol = classic
	group.remote.assignor = null
	heartbeat.interval.ms = 3000
	interceptor.classes = []
	internal.leave.group.on.close = true
	internal.throw.on.fetch.stable.offset.unsupported = false
	isolation.level = read_uncommitted
	key.deserializer = class org.apache.kafka.common.serialization.StringDeserializer
	max.partition.fetch.bytes = 1048576
	max.poll.interval.ms = 300000
	max.poll.records = 500
	metadata.max.age.ms = 300000
	metadata.recovery.strategy = none
	metric.reporters = []
	metrics.num.samples = 2
	metrics.recording.level = INFO
	metrics.sample.window.ms = 30000
	partition.assignment.strategy = [class org.apache.kafka.clients.consumer.RangeAssignor, class org.apache.kafka.clients.consumer.CooperativeStickyAssignor]
	receive.buffer.bytes = 65536
	reconnect.backoff.max.ms = 1000
	reconnect.backoff.ms = 50
	request.timeout.ms = 30000
	retry.backoff.max.ms = 1000
	retry.backoff.ms = 100
	sasl.client.callback.handler.class = null
	sasl.jaas.config = null
	sasl.kerberos.kinit.cmd = /usr/bin/kinit
	sasl.kerberos.min.time.before.relogin = 60000
	sasl.kerberos.service.name = null
	sasl.kerberos.ticket.renew.jitter = 0.05
	sasl.kerberos.ticket.renew.window.factor = 0.8
	sasl.login.callback.handler.class = null
	sasl.login.class = null
	sasl.login.connect.timeout.ms = null
	sasl.login.read.timeout.ms = null
	sasl.login.refresh.buffer.seconds = 300
	sasl.login.refresh.min.period.seconds = 60
	sasl.login.refresh.window.factor = 0.8
	sasl.login.refresh.window.jitter = 0.05
	sasl.login.retry.backoff.max.ms = 10000
	sasl.login.retry.backoff.ms = 100
	sasl.mechanism = GSSAPI
	sasl.oauthbearer.clock.skew.seconds = 30
	sasl.oauthbearer.expected.audience = null
	sasl.oauthbearer.expected.issuer = null
	sasl.oauthbearer.jwks.endpoint.refresh.ms = 3600000
	sasl.oauthbearer.jwks.endpoint.retry.backoff.max.ms = 10000
	sasl.oauthbearer.jwks.endpoint.retry.backoff.ms = 100
	sasl.oauthbearer.jwks.endpoint.url = null
	sasl.oauthbearer.scope.claim.name = scope
	sasl.oauthbearer.sub.claim.name = sub
	sasl.oauthbearer.token.endpoint.url = null
	security.protocol = PLAINTEXT
	security.providers = null
	send.buffer.bytes = 131072
	session.timeout.ms = 45000
	socket.connection.setup.timeout.max.ms = 30000
	socket.connection.setup.timeout.ms = 10000
	ssl.cipher.suites = null
	ssl.enabled.protocols = [TLSv1.2, TLSv1.3]
	ssl.endpoint.identification.algorithm = https
	ssl.engine.factory.class = null
	ssl.key.password = null
	ssl.keymanager.algorithm = SunX509
	ssl.keystore.certificate.chain = null
	ssl.keystore.key = null
	ssl.keystore.location = null
	ssl.keystore.password = null
	ssl.keystore.type = JKS
	ssl.protocol = TLSv1.3
	ssl.provider = null
	ssl.secure.random.implementation = null
	ssl.trustmanager.algorithm = PKIX
	ssl.truststore.certificates = null
	ssl.truststore.location = null
	ssl.truststore.password = null
	ssl.truststore.type = JKS
	value.deserializer = class org.apache.kafka.common.serialization.StringDeserializer
 
2025-04-28 03:58:21-101 [main] INFO  o.a.k.c.t.i.KafkaMetricsCollector - initializing Kafka metrics collector 
2025-04-28 03:58:21-463 [main] INFO  o.a.kafka.common.utils.AppInfoParser - Kafka version: 3.8.1 
2025-04-28 03:58:21-468 [main] INFO  o.a.kafka.common.utils.AppInfoParser - Kafka commitId: 70d6ff42debf7e17 
2025-04-28 03:58:21-469 [main] INFO  o.a.kafka.common.utils.AppInfoParser - Kafka startTimeMs: 1745830701460 
2025-04-28 03:58:21-484 [main] INFO  o.a.k.c.c.i.LegacyKafkaConsumer - [Consumer clientId=consumer-bootuser-group-1, groupId=bootuser-group] Subscribed to topic(s): bootuser-response 
2025-04-28 03:58:21-553 [main] INFO  o.s.c.n.eureka.InstanceInfoFactory - Setting initial instance status as: STARTING 
2025-04-28 03:58:21-609 [main] INFO  c.netflix.discovery.DiscoveryClient - Initializing Eureka in region us-east-1 
2025-04-28 03:58:21-618 [main] INFO  c.n.d.s.r.aws.ConfigClusterResolver - Resolving eureka endpoints via configuration 
2025-04-28 03:58:21-651 [main] INFO  c.netflix.discovery.DiscoveryClient - Disable delta property : false 
2025-04-28 03:58:21-652 [main] INFO  c.netflix.discovery.DiscoveryClient - Single vip registry refresh property : null 
2025-04-28 03:58:21-652 [main] INFO  c.netflix.discovery.DiscoveryClient - Force full registry fetch : false 
2025-04-28 03:58:21-652 [main] INFO  c.netflix.discovery.DiscoveryClient - Application is null : false 
2025-04-28 03:58:21-654 [main] INFO  c.netflix.discovery.DiscoveryClient - Registered Applications size is zero : true 
2025-04-28 03:58:21-654 [main] INFO  c.netflix.discovery.DiscoveryClient - Application version is -1: true 
2025-04-28 03:58:21-654 [main] INFO  c.netflix.discovery.DiscoveryClient - Getting all instance registry info from the eureka server 
2025-04-28 03:58:22-401 [main] INFO  c.netflix.discovery.DiscoveryClient - The response status is 200 
2025-04-28 03:58:22-405 [main] INFO  c.netflix.discovery.DiscoveryClient - Starting heartbeat executor: renew interval is: 30 
2025-04-28 03:58:22-410 [main] INFO  c.n.discovery.InstanceInfoReplicator - InstanceInfoReplicator onDemand update allowed rate per min is 4 
2025-04-28 03:58:22-414 [main] INFO  c.netflix.discovery.DiscoveryClient - Discovery Client initialized at timestamp 1745830702413 with initial instances count: 1 
2025-04-28 03:58:22-420 [main] INFO  o.s.c.n.e.s.EurekaServiceRegistry - Registering application BOOTCOIN-USER-API with eureka with status UP 
2025-04-28 03:58:22-422 [main] INFO  c.netflix.discovery.DiscoveryClient - Saw local status change event StatusChangeEvent [timestamp=1745830702422, current=UP, previous=STARTING] 
2025-04-28 03:58:22-426 [DiscoveryClient-InstanceInfoReplicator-%d] INFO  c.netflix.discovery.DiscoveryClient - DiscoveryClient_BOOTCOIN-USER-API/bootcoin-user-api:8817: registering service... 
2025-04-28 03:58:22-428 [main] INFO  o.a.k.c.consumer.ConsumerConfig - ConsumerConfig values: 
	allow.auto.create.topics = true
	auto.commit.interval.ms = 5000
	auto.include.jmx.reporter = true
	auto.offset.reset = latest
	bootstrap.servers = [localhost:29092]
	check.crcs = true
	client.dns.lookup = use_all_dns_ips
	client.id = consumer-bootuser-group-2
	client.rack = 
	connections.max.idle.ms = 540000
	default.api.timeout.ms = 60000
	enable.auto.commit = false
	enable.metrics.push = true
	exclude.internal.topics = true
	fetch.max.bytes = 52428800
	fetch.max.wait.ms = 500
	fetch.min.bytes = 1
	group.id = bootuser-group
	group.instance.id = null
	group.protocol = classic
	group.remote.assignor = null
	heartbeat.interval.ms = 3000
	interceptor.classes = []
	internal.leave.group.on.close = true
	internal.throw.on.fetch.stable.offset.unsupported = false
	isolation.level = read_uncommitted
	key.deserializer = class org.apache.kafka.common.serialization.StringDeserializer
	max.partition.fetch.bytes = 1048576
	max.poll.interval.ms = 300000
	max.poll.records = 500
	metadata.max.age.ms = 300000
	metadata.recovery.strategy = none
	metric.reporters = []
	metrics.num.samples = 2
	metrics.recording.level = INFO
	metrics.sample.window.ms = 30000
	partition.assignment.strategy = [class org.apache.kafka.clients.consumer.RangeAssignor, class org.apache.kafka.clients.consumer.CooperativeStickyAssignor]
	receive.buffer.bytes = 65536
	reconnect.backoff.max.ms = 1000
	reconnect.backoff.ms = 50
	request.timeout.ms = 30000
	retry.backoff.max.ms = 1000
	retry.backoff.ms = 100
	sasl.client.callback.handler.class = null
	sasl.jaas.config = null
	sasl.kerberos.kinit.cmd = /usr/bin/kinit
	sasl.kerberos.min.time.before.relogin = 60000
	sasl.kerberos.service.name = null
	sasl.kerberos.ticket.renew.jitter = 0.05
	sasl.kerberos.ticket.renew.window.factor = 0.8
	sasl.login.callback.handler.class = null
	sasl.login.class = null
	sasl.login.connect.timeout.ms = null
	sasl.login.read.timeout.ms = null
	sasl.login.refresh.buffer.seconds = 300
	sasl.login.refresh.min.period.seconds = 60
	sasl.login.refresh.window.factor = 0.8
	sasl.login.refresh.window.jitter = 0.05
	sasl.login.retry.backoff.max.ms = 10000
	sasl.login.retry.backoff.ms = 100
	sasl.mechanism = GSSAPI
	sasl.oauthbearer.clock.skew.seconds = 30
	sasl.oauthbearer.expected.audience = null
	sasl.oauthbearer.expected.issuer = null
	sasl.oauthbearer.jwks.endpoint.refresh.ms = 3600000
	sasl.oauthbearer.jwks.endpoint.retry.backoff.max.ms = 10000
	sasl.oauthbearer.jwks.endpoint.retry.backoff.ms = 100
	sasl.oauthbearer.jwks.endpoint.url = null
	sasl.oauthbearer.scope.claim.name = scope
	sasl.oauthbearer.sub.claim.name = sub
	sasl.oauthbearer.token.endpoint.url = null
	security.protocol = PLAINTEXT
	security.providers = null
	send.buffer.bytes = 131072
	session.timeout.ms = 45000
	socket.connection.setup.timeout.max.ms = 30000
	socket.connection.setup.timeout.ms = 10000
	ssl.cipher.suites = null
	ssl.enabled.protocols = [TLSv1.2, TLSv1.3]
	ssl.endpoint.identification.algorithm = https
	ssl.engine.factory.class = null
	ssl.key.password = null
	ssl.keymanager.algorithm = SunX509
	ssl.keystore.certificate.chain = null
	ssl.keystore.key = null
	ssl.keystore.location = null
	ssl.keystore.password = null
	ssl.keystore.type = JKS
	ssl.protocol = TLSv1.3
	ssl.provider = null
	ssl.secure.random.implementation = null
	ssl.trustmanager.algorithm = PKIX
	ssl.truststore.certificates = null
	ssl.truststore.location = null
	ssl.truststore.password = null
	ssl.truststore.type = JKS
	value.deserializer = class org.apache.kafka.common.serialization.StringDeserializer
 
2025-04-28 03:58:22-430 [main] INFO  o.a.k.c.t.i.KafkaMetricsCollector - initializing Kafka metrics collector 
2025-04-28 03:58:22-451 [main] INFO  o.a.kafka.common.utils.AppInfoParser - Kafka version: 3.8.1 
2025-04-28 03:58:22-452 [main] INFO  o.a.kafka.common.utils.AppInfoParser - Kafka commitId: 70d6ff42debf7e17 
2025-04-28 03:58:22-452 [main] INFO  o.a.kafka.common.utils.AppInfoParser - Kafka startTimeMs: 1745830702451 
2025-04-28 03:58:22-453 [main] INFO  o.a.k.c.c.i.LegacyKafkaConsumer - [Consumer clientId=consumer-bootuser-group-2, groupId=bootuser-group] Subscribed to topic(s): user-request 
2025-04-28 03:58:22-461 [main] INFO  o.a.k.c.consumer.ConsumerConfig - ConsumerConfig values: 
	allow.auto.create.topics = true
	auto.commit.interval.ms = 5000
	auto.include.jmx.reporter = true
	auto.offset.reset = latest
	bootstrap.servers = [localhost:29092]
	check.crcs = true
	client.dns.lookup = use_all_dns_ips
	client.id = consumer-bootuser-group-3
	client.rack = 
	connections.max.idle.ms = 540000
	default.api.timeout.ms = 60000
	enable.auto.commit = false
	enable.metrics.push = true
	exclude.internal.topics = true
	fetch.max.bytes = 52428800
	fetch.max.wait.ms = 500
	fetch.min.bytes = 1
	group.id = bootuser-group
	group.instance.id = null
	group.protocol = classic
	group.remote.assignor = null
	heartbeat.interval.ms = 3000
	interceptor.classes = []
	internal.leave.group.on.close = true
	internal.throw.on.fetch.stable.offset.unsupported = false
	isolation.level = read_uncommitted
	key.deserializer = class org.apache.kafka.common.serialization.StringDeserializer
	max.partition.fetch.bytes = 1048576
	max.poll.interval.ms = 300000
	max.poll.records = 500
	metadata.max.age.ms = 300000
	metadata.recovery.strategy = none
	metric.reporters = []
	metrics.num.samples = 2
	metrics.recording.level = INFO
	metrics.sample.window.ms = 30000
	partition.assignment.strategy = [class org.apache.kafka.clients.consumer.RangeAssignor, class org.apache.kafka.clients.consumer.CooperativeStickyAssignor]
	receive.buffer.bytes = 65536
	reconnect.backoff.max.ms = 1000
	reconnect.backoff.ms = 50
	request.timeout.ms = 30000
	retry.backoff.max.ms = 1000
	retry.backoff.ms = 100
	sasl.client.callback.handler.class = null
	sasl.jaas.config = null
	sasl.kerberos.kinit.cmd = /usr/bin/kinit
	sasl.kerberos.min.time.before.relogin = 60000
	sasl.kerberos.service.name = null
	sasl.kerberos.ticket.renew.jitter = 0.05
	sasl.kerberos.ticket.renew.window.factor = 0.8
	sasl.login.callback.handler.class = null
	sasl.login.class = null
	sasl.login.connect.timeout.ms = null
	sasl.login.read.timeout.ms = null
	sasl.login.refresh.buffer.seconds = 300
	sasl.login.refresh.min.period.seconds = 60
	sasl.login.refresh.window.factor = 0.8
	sasl.login.refresh.window.jitter = 0.05
	sasl.login.retry.backoff.max.ms = 10000
	sasl.login.retry.backoff.ms = 100
	sasl.mechanism = GSSAPI
	sasl.oauthbearer.clock.skew.seconds = 30
	sasl.oauthbearer.expected.audience = null
	sasl.oauthbearer.expected.issuer = null
	sasl.oauthbearer.jwks.endpoint.refresh.ms = 3600000
	sasl.oauthbearer.jwks.endpoint.retry.backoff.max.ms = 10000
	sasl.oauthbearer.jwks.endpoint.retry.backoff.ms = 100
	sasl.oauthbearer.jwks.endpoint.url = null
	sasl.oauthbearer.scope.claim.name = scope
	sasl.oauthbearer.sub.claim.name = sub
	sasl.oauthbearer.token.endpoint.url = null
	security.protocol = PLAINTEXT
	security.providers = null
	send.buffer.bytes = 131072
	session.timeout.ms = 45000
	socket.connection.setup.timeout.max.ms = 30000
	socket.connection.setup.timeout.ms = 10000
	ssl.cipher.suites = null
	ssl.enabled.protocols = [TLSv1.2, TLSv1.3]
	ssl.endpoint.identification.algorithm = https
	ssl.engine.factory.class = null
	ssl.key.password = null
	ssl.keymanager.algorithm = SunX509
	ssl.keystore.certificate.chain = null
	ssl.keystore.key = null
	ssl.keystore.location = null
	ssl.keystore.password = null
	ssl.keystore.type = JKS
	ssl.protocol = TLSv1.3
	ssl.provider = null
	ssl.secure.random.implementation = null
	ssl.trustmanager.algorithm = PKIX
	ssl.truststore.certificates = null
	ssl.truststore.location = null
	ssl.truststore.password = null
	ssl.truststore.type = JKS
	value.deserializer = class org.apache.kafka.common.serialization.StringDeserializer
 
2025-04-28 03:58:22-463 [main] INFO  o.a.k.c.t.i.KafkaMetricsCollector - initializing Kafka metrics collector 
2025-04-28 03:58:22-487 [main] INFO  o.a.kafka.common.utils.AppInfoParser - Kafka version: 3.8.1 
2025-04-28 03:58:22-488 [main] INFO  o.a.kafka.common.utils.AppInfoParser - Kafka commitId: 70d6ff42debf7e17 
2025-04-28 03:58:22-488 [main] INFO  o.a.kafka.common.utils.AppInfoParser - Kafka startTimeMs: 1745830702487 
2025-04-28 03:58:22-489 [main] INFO  o.a.k.c.c.i.LegacyKafkaConsumer - [Consumer clientId=consumer-bootuser-group-3, groupId=bootuser-group] Subscribed to topic(s): bootuser-request 
2025-04-28 03:58:22-575 [main] INFO  c.b.u.a.BootcoinUserApiApplicationTests - Started BootcoinUserApiApplicationTests in 17.775 seconds (process running for 22.174) 
2025-04-28 03:58:22-608 [DiscoveryClient-InstanceInfoReplicator-%d] INFO  c.netflix.discovery.DiscoveryClient - DiscoveryClient_BOOTCOIN-USER-API/bootcoin-user-api:8817 - registration status: 204 
2025-04-28 03:58:22-680 [org.springframework.kafka.KafkaListenerEndpointContainer#1-0-C-1] INFO  org.apache.kafka.clients.Metadata - [Consumer clientId=consumer-bootuser-group-3, groupId=bootuser-group] Cluster ID: eM8hw9H_Q8WFdJx99fFtRA 
2025-04-28 03:58:22-680 [repliesContainer-0-C-1] INFO  org.apache.kafka.clients.Metadata - [Consumer clientId=consumer-bootuser-group-1, groupId=bootuser-group] Cluster ID: eM8hw9H_Q8WFdJx99fFtRA 
2025-04-28 03:58:22-681 [org.springframework.kafka.KafkaListenerEndpointContainer#0-0-C-1] INFO  org.apache.kafka.clients.Metadata - [Consumer clientId=consumer-bootuser-group-2, groupId=bootuser-group] Cluster ID: eM8hw9H_Q8WFdJx99fFtRA 
2025-04-28 03:58:22-682 [org.springframework.kafka.KafkaListenerEndpointContainer#1-0-C-1] INFO  o.a.k.c.c.i.ConsumerCoordinator - [Consumer clientId=consumer-bootuser-group-3, groupId=bootuser-group] Discovered group coordinator localhost:29092 (id: 2147482646 rack: null) 
2025-04-28 03:58:22-682 [repliesContainer-0-C-1] INFO  o.a.k.c.c.i.ConsumerCoordinator - [Consumer clientId=consumer-bootuser-group-1, groupId=bootuser-group] Discovered group coordinator localhost:29092 (id: 2147482646 rack: null) 
2025-04-28 03:58:22-682 [org.springframework.kafka.KafkaListenerEndpointContainer#0-0-C-1] INFO  o.a.k.c.c.i.ConsumerCoordinator - [Consumer clientId=consumer-bootuser-group-2, groupId=bootuser-group] Discovered group coordinator localhost:29092 (id: 2147482646 rack: null) 
2025-04-28 03:58:22-691 [org.springframework.kafka.KafkaListenerEndpointContainer#0-0-C-1] INFO  o.a.k.c.c.i.ConsumerCoordinator - [Consumer clientId=consumer-bootuser-group-2, groupId=bootuser-group] (Re-)joining group 
2025-04-28 03:58:22-691 [repliesContainer-0-C-1] INFO  o.a.k.c.c.i.ConsumerCoordinator - [Consumer clientId=consumer-bootuser-group-1, groupId=bootuser-group] (Re-)joining group 
2025-04-28 03:58:22-701 [org.springframework.kafka.KafkaListenerEndpointContainer#1-0-C-1] INFO  o.a.k.c.c.i.ConsumerCoordinator - [Consumer clientId=consumer-bootuser-group-3, groupId=bootuser-group] (Re-)joining group 
2025-04-28 03:58:22-752 [org.springframework.kafka.KafkaListenerEndpointContainer#0-0-C-1] INFO  o.a.k.c.c.i.ConsumerCoordinator - [Consumer clientId=consumer-bootuser-group-2, groupId=bootuser-group] Request joining group due to: need to re-join with the given member-id: consumer-bootuser-group-2-b9d4bba8-0e66-40ba-b259-fb18450364ee 
2025-04-28 03:58:22-754 [org.springframework.kafka.KafkaListenerEndpointContainer#0-0-C-1] INFO  o.a.k.c.c.i.ConsumerCoordinator - [Consumer clientId=consumer-bootuser-group-2, groupId=bootuser-group] (Re-)joining group 
2025-04-28 03:58:22-754 [repliesContainer-0-C-1] INFO  o.a.k.c.c.i.ConsumerCoordinator - [Consumer clientId=consumer-bootuser-group-1, groupId=bootuser-group] Request joining group due to: need to re-join with the given member-id: consumer-bootuser-group-1-905ab8ce-38af-46ad-b94a-fa8856596c8a 
2025-04-28 03:58:22-756 [repliesContainer-0-C-1] INFO  o.a.k.c.c.i.ConsumerCoordinator - [Consumer clientId=consumer-bootuser-group-1, groupId=bootuser-group] (Re-)joining group 
2025-04-28 03:58:22-763 [org.springframework.kafka.KafkaListenerEndpointContainer#1-0-C-1] INFO  o.a.k.c.c.i.ConsumerCoordinator - [Consumer clientId=consumer-bootuser-group-3, groupId=bootuser-group] Request joining group due to: need to re-join with the given member-id: consumer-bootuser-group-3-dc9e4348-38d1-4bfa-99f7-c7ecbc540855 
2025-04-28 03:58:22-766 [org.springframework.kafka.KafkaListenerEndpointContainer#1-0-C-1] INFO  o.a.k.c.c.i.ConsumerCoordinator - [Consumer clientId=consumer-bootuser-group-3, groupId=bootuser-group] (Re-)joining group 
2025-04-28 03:58:22-769 [repliesContainer-0-C-1] INFO  o.a.k.c.c.i.ConsumerCoordinator - [Consumer clientId=consumer-bootuser-group-1, groupId=bootuser-group] Successfully joined group with generation Generation{generationId=21, memberId='consumer-bootuser-group-1-905ab8ce-38af-46ad-b94a-fa8856596c8a', protocol='range'} 
2025-04-28 03:58:22-770 [org.springframework.kafka.KafkaListenerEndpointContainer#0-0-C-1] INFO  o.a.k.c.c.i.ConsumerCoordinator - [Consumer clientId=consumer-bootuser-group-2, groupId=bootuser-group] Successfully joined group with generation Generation{generationId=21, memberId='consumer-bootuser-group-2-b9d4bba8-0e66-40ba-b259-fb18450364ee', protocol='range'} 
2025-04-28 03:58:22-787 [org.springframework.kafka.KafkaListenerEndpointContainer#0-0-C-1] INFO  o.a.k.c.c.i.ConsumerCoordinator - [Consumer clientId=consumer-bootuser-group-2, groupId=bootuser-group] SyncGroup failed: The group began another rebalance. Need to re-join the group. Sent generation was Generation{generationId=21, memberId='consumer-bootuser-group-2-b9d4bba8-0e66-40ba-b259-fb18450364ee', protocol='range'} 
2025-04-28 03:58:22-788 [org.springframework.kafka.KafkaListenerEndpointContainer#0-0-C-1] INFO  o.a.k.c.c.i.ConsumerCoordinator - [Consumer clientId=consumer-bootuser-group-2, groupId=bootuser-group] Request joining group due to: rebalance failed due to 'The group is rebalancing, so a rejoin is needed.' (RebalanceInProgressException) 
2025-04-28 03:58:22-788 [org.springframework.kafka.KafkaListenerEndpointContainer#0-0-C-1] INFO  o.a.k.c.c.i.ConsumerCoordinator - [Consumer clientId=consumer-bootuser-group-2, groupId=bootuser-group] (Re-)joining group 
2025-04-28 03:58:22-821 [repliesContainer-0-C-1] INFO  o.a.k.c.c.i.ConsumerCoordinator - [Consumer clientId=consumer-bootuser-group-1, groupId=bootuser-group] Finished assignment for group at generation 21: {consumer-bootuser-group-1-905ab8ce-38af-46ad-b94a-fa8856596c8a=Assignment(partitions=[bootuser-response-0]), consumer-bootuser-group-2-b9d4bba8-0e66-40ba-b259-fb18450364ee=Assignment(partitions=[user-request-0])} 
2025-04-28 03:58:22-835 [repliesContainer-0-C-1] INFO  o.a.k.c.c.i.ConsumerCoordinator - [Consumer clientId=consumer-bootuser-group-1, groupId=bootuser-group] SyncGroup failed: The group began another rebalance. Need to re-join the group. Sent generation was Generation{generationId=21, memberId='consumer-bootuser-group-1-905ab8ce-38af-46ad-b94a-fa8856596c8a', protocol='range'} 
2025-04-28 03:58:22-836 [repliesContainer-0-C-1] INFO  o.a.k.c.c.i.ConsumerCoordinator - [Consumer clientId=consumer-bootuser-group-1, groupId=bootuser-group] Request joining group due to: rebalance failed due to 'The group is rebalancing, so a rejoin is needed.' (RebalanceInProgressException) 
2025-04-28 03:58:22-837 [repliesContainer-0-C-1] INFO  o.a.k.c.c.i.ConsumerCoordinator - [Consumer clientId=consumer-bootuser-group-1, groupId=bootuser-group] (Re-)joining group 
2025-04-28 03:58:22-844 [org.springframework.kafka.KafkaListenerEndpointContainer#1-0-C-1] INFO  o.a.k.c.c.i.ConsumerCoordinator - [Consumer clientId=consumer-bootuser-group-3, groupId=bootuser-group] Successfully joined group with generation Generation{generationId=22, memberId='consumer-bootuser-group-3-dc9e4348-38d1-4bfa-99f7-c7ecbc540855', protocol='range'} 
2025-04-28 03:58:22-844 [repliesContainer-0-C-1] INFO  o.a.k.c.c.i.ConsumerCoordinator - [Consumer clientId=consumer-bootuser-group-1, groupId=bootuser-group] Successfully joined group with generation Generation{generationId=22, memberId='consumer-bootuser-group-1-905ab8ce-38af-46ad-b94a-fa8856596c8a', protocol='range'} 
2025-04-28 03:58:22-844 [org.springframework.kafka.KafkaListenerEndpointContainer#0-0-C-1] INFO  o.a.k.c.c.i.ConsumerCoordinator - [Consumer clientId=consumer-bootuser-group-2, groupId=bootuser-group] Successfully joined group with generation Generation{generationId=22, memberId='consumer-bootuser-group-2-b9d4bba8-0e66-40ba-b259-fb18450364ee', protocol='range'} 
2025-04-28 03:58:22-850 [repliesContainer-0-C-1] INFO  o.a.k.c.c.i.ConsumerCoordinator - [Consumer clientId=consumer-bootuser-group-1, groupId=bootuser-group] Finished assignment for group at generation 22: {consumer-bootuser-group-1-905ab8ce-38af-46ad-b94a-fa8856596c8a=Assignment(partitions=[bootuser-response-0]), consumer-bootuser-group-3-dc9e4348-38d1-4bfa-99f7-c7ecbc540855=Assignment(partitions=[bootuser-request-0]), consumer-bootuser-group-2-b9d4bba8-0e66-40ba-b259-fb18450364ee=Assignment(partitions=[user-request-0])} 
2025-04-28 03:58:22-856 [org.springframework.kafka.KafkaListenerEndpointContainer#1-0-C-1] INFO  o.a.k.c.c.i.ConsumerCoordinator - [Consumer clientId=consumer-bootuser-group-3, groupId=bootuser-group] Successfully synced group in generation Generation{generationId=22, memberId='consumer-bootuser-group-3-dc9e4348-38d1-4bfa-99f7-c7ecbc540855', protocol='range'} 
2025-04-28 03:58:22-856 [org.springframework.kafka.KafkaListenerEndpointContainer#0-0-C-1] INFO  o.a.k.c.c.i.ConsumerCoordinator - [Consumer clientId=consumer-bootuser-group-2, groupId=bootuser-group] Successfully synced group in generation Generation{generationId=22, memberId='consumer-bootuser-group-2-b9d4bba8-0e66-40ba-b259-fb18450364ee', protocol='range'} 
2025-04-28 03:58:22-858 [org.springframework.kafka.KafkaListenerEndpointContainer#1-0-C-1] INFO  o.a.k.c.c.i.ConsumerCoordinator - [Consumer clientId=consumer-bootuser-group-3, groupId=bootuser-group] Notifying assignor about the new Assignment(partitions=[bootuser-request-0]) 
2025-04-28 03:58:22-859 [org.springframework.kafka.KafkaListenerEndpointContainer#0-0-C-1] INFO  o.a.k.c.c.i.ConsumerCoordinator - [Consumer clientId=consumer-bootuser-group-2, groupId=bootuser-group] Notifying assignor about the new Assignment(partitions=[user-request-0]) 
2025-04-28 03:58:22-859 [repliesContainer-0-C-1] INFO  o.a.k.c.c.i.ConsumerCoordinator - [Consumer clientId=consumer-bootuser-group-1, groupId=bootuser-group] Successfully synced group in generation Generation{generationId=22, memberId='consumer-bootuser-group-1-905ab8ce-38af-46ad-b94a-fa8856596c8a', protocol='range'} 
2025-04-28 03:58:22-860 [repliesContainer-0-C-1] INFO  o.a.k.c.c.i.ConsumerCoordinator - [Consumer clientId=consumer-bootuser-group-1, groupId=bootuser-group] Notifying assignor about the new Assignment(partitions=[bootuser-response-0]) 
2025-04-28 03:58:22-868 [repliesContainer-0-C-1] INFO  o.a.k.c.c.i.ConsumerRebalanceListenerInvoker - [Consumer clientId=consumer-bootuser-group-1, groupId=bootuser-group] Adding newly assigned partitions: bootuser-response-0 
2025-04-28 03:58:22-868 [org.springframework.kafka.KafkaListenerEndpointContainer#1-0-C-1] INFO  o.a.k.c.c.i.ConsumerRebalanceListenerInvoker - [Consumer clientId=consumer-bootuser-group-3, groupId=bootuser-group] Adding newly assigned partitions: bootuser-request-0 
2025-04-28 03:58:22-868 [org.springframework.kafka.KafkaListenerEndpointContainer#0-0-C-1] INFO  o.a.k.c.c.i.ConsumerRebalanceListenerInvoker - [Consumer clientId=consumer-bootuser-group-2, groupId=bootuser-group] Adding newly assigned partitions: user-request-0 
2025-04-28 03:58:22-899 [org.springframework.kafka.KafkaListenerEndpointContainer#0-0-C-1] INFO  o.a.k.c.c.internals.ConsumerUtils - Setting offset for partition user-request-0 to the committed offset FetchPosition{offset=0, offsetEpoch=Optional.empty, currentLeader=LeaderAndEpoch{leader=Optional[localhost:29092 (id: 1001 rack: null)], epoch=0}} 
2025-04-28 03:58:22-899 [repliesContainer-0-C-1] INFO  o.a.k.c.c.internals.ConsumerUtils - Setting offset for partition bootuser-response-0 to the committed offset FetchPosition{offset=0, offsetEpoch=Optional.empty, currentLeader=LeaderAndEpoch{leader=Optional[localhost:29092 (id: 1001 rack: null)], epoch=0}} 
2025-04-28 03:58:22-899 [org.springframework.kafka.KafkaListenerEndpointContainer#1-0-C-1] INFO  o.a.k.c.c.internals.ConsumerUtils - Setting offset for partition bootuser-request-0 to the committed offset FetchPosition{offset=5, offsetEpoch=Optional.empty, currentLeader=LeaderAndEpoch{leader=Optional[localhost:29092 (id: 1001 rack: null)], epoch=0}} 
2025-04-28 03:58:22-904 [org.springframework.kafka.KafkaListenerEndpointContainer#1-0-C-1] INFO  o.s.k.l.KafkaMessageListenerContainer - bootuser-group: partitions assigned: [bootuser-request-0] 
2025-04-28 03:58:22-904 [org.springframework.kafka.KafkaListenerEndpointContainer#0-0-C-1] INFO  o.s.k.l.KafkaMessageListenerContainer - bootuser-group: partitions assigned: [user-request-0] 
2025-04-28 03:58:22-904 [repliesContainer-0-C-1] INFO  o.s.k.l.ConcurrentMessageListenerContainer - bootuser-group: partitions assigned: [bootuser-response-0] 
2025-04-28 03:58:24-806 [SpringApplicationShutdownHook] INFO  o.s.c.n.e.s.EurekaServiceRegistry - Unregistering application BOOTCOIN-USER-API with eureka with status DOWN 
2025-04-28 03:58:24-806 [SpringApplicationShutdownHook] INFO  c.netflix.discovery.DiscoveryClient - Saw local status change event StatusChangeEvent [timestamp=1745830704806, current=DOWN, previous=UP] 
2025-04-28 03:58:24-807 [DiscoveryClient-InstanceInfoReplicator-%d] INFO  c.netflix.discovery.DiscoveryClient - DiscoveryClient_BOOTCOIN-USER-API/bootcoin-user-api:8817: registering service... 
2025-04-28 03:58:24-828 [DiscoveryClient-InstanceInfoReplicator-%d] INFO  c.netflix.discovery.DiscoveryClient - DiscoveryClient_BOOTCOIN-USER-API/bootcoin-user-api:8817 - registration status: 204 
2025-04-28 03:58:25-617 [repliesContainer-0-C-1] INFO  o.a.k.c.c.i.ConsumerRebalanceListenerInvoker - [Consumer clientId=consumer-bootuser-group-1, groupId=bootuser-group] Revoke previously assigned partitions bootuser-response-0 
2025-04-28 03:58:25-619 [repliesContainer-0-C-1] INFO  o.s.k.l.ConcurrentMessageListenerContainer - bootuser-group: partitions revoked: [bootuser-response-0] 
2025-04-28 03:58:25-620 [repliesContainer-0-C-1] INFO  o.a.k.c.c.i.ConsumerCoordinator - [Consumer clientId=consumer-bootuser-group-1, groupId=bootuser-group] Member consumer-bootuser-group-1-905ab8ce-38af-46ad-b94a-fa8856596c8a sending LeaveGroup request to coordinator localhost:29092 (id: 2147482646 rack: null) due to the consumer unsubscribed from all topics 
2025-04-28 03:58:25-621 [repliesContainer-0-C-1] INFO  o.a.k.c.c.i.ConsumerCoordinator - [Consumer clientId=consumer-bootuser-group-1, groupId=bootuser-group] Resetting generation and member id due to: consumer pro-actively leaving the group 
2025-04-28 03:58:25-622 [repliesContainer-0-C-1] INFO  o.a.k.c.c.i.ConsumerCoordinator - [Consumer clientId=consumer-bootuser-group-1, groupId=bootuser-group] Request joining group due to: consumer pro-actively leaving the group 
2025-04-28 03:58:25-622 [repliesContainer-0-C-1] INFO  o.a.k.c.c.i.LegacyKafkaConsumer - [Consumer clientId=consumer-bootuser-group-1, groupId=bootuser-group] Unsubscribed all topics or patterns and assigned partitions 
2025-04-28 03:58:25-624 [repliesContainer-0-C-1] INFO  o.a.k.c.c.i.ConsumerCoordinator - [Consumer clientId=consumer-bootuser-group-1, groupId=bootuser-group] Resetting generation and member id due to: consumer pro-actively leaving the group 
2025-04-28 03:58:25-624 [repliesContainer-0-C-1] INFO  o.a.k.c.c.i.ConsumerCoordinator - [Consumer clientId=consumer-bootuser-group-1, groupId=bootuser-group] Request joining group due to: consumer pro-actively leaving the group 
2025-04-28 03:58:25-862 [org.springframework.kafka.KafkaListenerEndpointContainer#0-0-C-1] INFO  o.a.k.c.c.i.ConsumerCoordinator - [Consumer clientId=consumer-bootuser-group-2, groupId=bootuser-group] Request joining group due to: group is already rebalancing 
2025-04-28 03:58:25-862 [org.springframework.kafka.KafkaListenerEndpointContainer#1-0-C-1] INFO  o.a.k.c.c.i.ConsumerCoordinator - [Consumer clientId=consumer-bootuser-group-3, groupId=bootuser-group] Request joining group due to: group is already rebalancing 
2025-04-28 03:58:25-864 [org.springframework.kafka.KafkaListenerEndpointContainer#0-0-C-1] INFO  o.a.k.c.c.i.ConsumerRebalanceListenerInvoker - [Consumer clientId=consumer-bootuser-group-2, groupId=bootuser-group] Revoke previously assigned partitions user-request-0 
2025-04-28 03:58:25-864 [org.springframework.kafka.KafkaListenerEndpointContainer#1-0-C-1] INFO  o.a.k.c.c.i.ConsumerRebalanceListenerInvoker - [Consumer clientId=consumer-bootuser-group-3, groupId=bootuser-group] Revoke previously assigned partitions bootuser-request-0 
2025-04-28 03:58:25-865 [org.springframework.kafka.KafkaListenerEndpointContainer#0-0-C-1] INFO  o.s.k.l.KafkaMessageListenerContainer - bootuser-group: partitions revoked: [user-request-0] 
2025-04-28 03:58:25-865 [org.springframework.kafka.KafkaListenerEndpointContainer#1-0-C-1] INFO  o.s.k.l.KafkaMessageListenerContainer - bootuser-group: partitions revoked: [bootuser-request-0] 
2025-04-28 03:58:25-866 [org.springframework.kafka.KafkaListenerEndpointContainer#0-0-C-1] INFO  o.a.k.c.c.i.ConsumerCoordinator - [Consumer clientId=consumer-bootuser-group-2, groupId=bootuser-group] (Re-)joining group 
2025-04-28 03:58:25-866 [org.springframework.kafka.KafkaListenerEndpointContainer#1-0-C-1] INFO  o.a.k.c.c.i.ConsumerCoordinator - [Consumer clientId=consumer-bootuser-group-3, groupId=bootuser-group] (Re-)joining group 
2025-04-28 03:58:25-875 [org.springframework.kafka.KafkaListenerEndpointContainer#1-0-C-1] INFO  o.a.k.c.c.i.ConsumerCoordinator - [Consumer clientId=consumer-bootuser-group-3, groupId=bootuser-group] Successfully joined group with generation Generation{generationId=23, memberId='consumer-bootuser-group-3-dc9e4348-38d1-4bfa-99f7-c7ecbc540855', protocol='range'} 
2025-04-28 03:58:25-875 [org.springframework.kafka.KafkaListenerEndpointContainer#0-0-C-1] INFO  o.a.k.c.c.i.ConsumerCoordinator - [Consumer clientId=consumer-bootuser-group-2, groupId=bootuser-group] Successfully joined group with generation Generation{generationId=23, memberId='consumer-bootuser-group-2-b9d4bba8-0e66-40ba-b259-fb18450364ee', protocol='range'} 
2025-04-28 03:58:26-008 [org.springframework.kafka.KafkaListenerEndpointContainer#1-0-C-1] INFO  o.a.k.c.c.i.ConsumerCoordinator - [Consumer clientId=consumer-bootuser-group-3, groupId=bootuser-group] Finished assignment for group at generation 23: {consumer-bootuser-group-3-dc9e4348-38d1-4bfa-99f7-c7ecbc540855=Assignment(partitions=[bootuser-request-0]), consumer-bootuser-group-2-b9d4bba8-0e66-40ba-b259-fb18450364ee=Assignment(partitions=[user-request-0])} 
2025-04-28 03:58:26-013 [repliesContainer-0-C-1] INFO  o.a.kafka.common.metrics.Metrics - Metrics scheduler closed 
2025-04-28 03:58:26-014 [repliesContainer-0-C-1] INFO  o.a.kafka.common.metrics.Metrics - Closing reporter org.apache.kafka.common.metrics.JmxReporter 
2025-04-28 03:58:26-014 [repliesContainer-0-C-1] INFO  o.a.kafka.common.metrics.Metrics - Closing reporter org.apache.kafka.common.telemetry.internals.ClientTelemetryReporter 
2025-04-28 03:58:26-015 [repliesContainer-0-C-1] INFO  o.a.kafka.common.metrics.Metrics - Metrics reporters closed 
2025-04-28 03:58:26-024 [org.springframework.kafka.KafkaListenerEndpointContainer#0-0-C-1] INFO  o.a.k.c.c.i.ConsumerCoordinator - [Consumer clientId=consumer-bootuser-group-2, groupId=bootuser-group] Successfully synced group in generation Generation{generationId=23, memberId='consumer-bootuser-group-2-b9d4bba8-0e66-40ba-b259-fb18450364ee', protocol='range'} 
2025-04-28 03:58:26-024 [org.springframework.kafka.KafkaListenerEndpointContainer#1-0-C-1] INFO  o.a.k.c.c.i.ConsumerCoordinator - [Consumer clientId=consumer-bootuser-group-3, groupId=bootuser-group] Successfully synced group in generation Generation{generationId=23, memberId='consumer-bootuser-group-3-dc9e4348-38d1-4bfa-99f7-c7ecbc540855', protocol='range'} 
2025-04-28 03:58:26-024 [org.springframework.kafka.KafkaListenerEndpointContainer#0-0-C-1] INFO  o.a.k.c.c.i.ConsumerCoordinator - [Consumer clientId=consumer-bootuser-group-2, groupId=bootuser-group] Notifying assignor about the new Assignment(partitions=[user-request-0]) 
2025-04-28 03:58:26-025 [org.springframework.kafka.KafkaListenerEndpointContainer#1-0-C-1] INFO  o.a.k.c.c.i.ConsumerCoordinator - [Consumer clientId=consumer-bootuser-group-3, groupId=bootuser-group] Notifying assignor about the new Assignment(partitions=[bootuser-request-0]) 
2025-04-28 03:58:26-026 [org.springframework.kafka.KafkaListenerEndpointContainer#0-0-C-1] INFO  o.a.k.c.c.i.ConsumerRebalanceListenerInvoker - [Consumer clientId=consumer-bootuser-group-2, groupId=bootuser-group] Adding newly assigned partitions: user-request-0 
2025-04-28 03:58:26-027 [org.springframework.kafka.KafkaListenerEndpointContainer#1-0-C-1] INFO  o.a.k.c.c.i.ConsumerRebalanceListenerInvoker - [Consumer clientId=consumer-bootuser-group-3, groupId=bootuser-group] Adding newly assigned partitions: bootuser-request-0 
2025-04-28 03:58:26-040 [repliesContainer-0-C-1] INFO  o.a.kafka.common.utils.AppInfoParser - App info kafka.consumer for consumer-bootuser-group-1 unregistered 
2025-04-28 03:58:26-041 [org.springframework.kafka.KafkaListenerEndpointContainer#0-0-C-1] INFO  o.a.k.c.c.internals.ConsumerUtils - Setting offset for partition user-request-0 to the committed offset FetchPosition{offset=0, offsetEpoch=Optional.empty, currentLeader=LeaderAndEpoch{leader=Optional[localhost:29092 (id: 1001 rack: null)], epoch=0}} 
2025-04-28 03:58:26-041 [org.springframework.kafka.KafkaListenerEndpointContainer#1-0-C-1] INFO  o.a.k.c.c.internals.ConsumerUtils - Setting offset for partition bootuser-request-0 to the committed offset FetchPosition{offset=5, offsetEpoch=Optional.empty, currentLeader=LeaderAndEpoch{leader=Optional[localhost:29092 (id: 1001 rack: null)], epoch=0}} 
2025-04-28 03:58:26-042 [repliesContainer-0-C-1] INFO  o.s.k.l.KafkaMessageListenerContainer - bootuser-group: Consumer stopped 
2025-04-28 03:58:26-043 [org.springframework.kafka.KafkaListenerEndpointContainer#0-0-C-1] INFO  o.s.k.l.KafkaMessageListenerContainer - bootuser-group: partitions assigned: [user-request-0] 
2025-04-28 03:58:26-044 [org.springframework.kafka.KafkaListenerEndpointContainer#1-0-C-1] INFO  o.s.k.l.KafkaMessageListenerContainer - bootuser-group: partitions assigned: [bootuser-request-0] 
2025-04-28 03:58:26-052 [org.springframework.kafka.KafkaListenerEndpointContainer#1-0-C-1] INFO  o.a.k.c.c.i.ConsumerRebalanceListenerInvoker - [Consumer clientId=consumer-bootuser-group-3, groupId=bootuser-group] Revoke previously assigned partitions bootuser-request-0 
2025-04-28 03:58:26-052 [org.springframework.kafka.KafkaListenerEndpointContainer#0-0-C-1] INFO  o.a.k.c.c.i.ConsumerRebalanceListenerInvoker - [Consumer clientId=consumer-bootuser-group-2, groupId=bootuser-group] Revoke previously assigned partitions user-request-0 
2025-04-28 03:58:26-055 [org.springframework.kafka.KafkaListenerEndpointContainer#1-0-C-1] INFO  o.s.k.l.KafkaMessageListenerContainer - bootuser-group: partitions revoked: [bootuser-request-0] 
2025-04-28 03:58:26-055 [org.springframework.kafka.KafkaListenerEndpointContainer#0-0-C-1] INFO  o.s.k.l.KafkaMessageListenerContainer - bootuser-group: partitions revoked: [user-request-0] 
2025-04-28 03:58:26-056 [org.springframework.kafka.KafkaListenerEndpointContainer#0-0-C-1] INFO  o.a.k.c.c.i.ConsumerCoordinator - [Consumer clientId=consumer-bootuser-group-2, groupId=bootuser-group] Member consumer-bootuser-group-2-b9d4bba8-0e66-40ba-b259-fb18450364ee sending LeaveGroup request to coordinator localhost:29092 (id: 2147482646 rack: null) due to the consumer unsubscribed from all topics 
2025-04-28 03:58:26-056 [org.springframework.kafka.KafkaListenerEndpointContainer#1-0-C-1] INFO  o.a.k.c.c.i.ConsumerCoordinator - [Consumer clientId=consumer-bootuser-group-3, groupId=bootuser-group] Member consumer-bootuser-group-3-dc9e4348-38d1-4bfa-99f7-c7ecbc540855 sending LeaveGroup request to coordinator localhost:29092 (id: 2147482646 rack: null) due to the consumer unsubscribed from all topics 
2025-04-28 03:58:26-057 [org.springframework.kafka.KafkaListenerEndpointContainer#0-0-C-1] INFO  o.a.k.c.c.i.ConsumerCoordinator - [Consumer clientId=consumer-bootuser-group-2, groupId=bootuser-group] Resetting generation and member id due to: consumer pro-actively leaving the group 
2025-04-28 03:58:26-058 [org.springframework.kafka.KafkaListenerEndpointContainer#1-0-C-1] INFO  o.a.k.c.c.i.ConsumerCoordinator - [Consumer clientId=consumer-bootuser-group-3, groupId=bootuser-group] Resetting generation and member id due to: consumer pro-actively leaving the group 
2025-04-28 03:58:26-058 [org.springframework.kafka.KafkaListenerEndpointContainer#0-0-C-1] INFO  o.a.k.c.c.i.ConsumerCoordinator - [Consumer clientId=consumer-bootuser-group-2, groupId=bootuser-group] Request joining group due to: consumer pro-actively leaving the group 
2025-04-28 03:58:26-058 [org.springframework.kafka.KafkaListenerEndpointContainer#1-0-C-1] INFO  o.a.k.c.c.i.ConsumerCoordinator - [Consumer clientId=consumer-bootuser-group-3, groupId=bootuser-group] Request joining group due to: consumer pro-actively leaving the group 
2025-04-28 03:58:26-058 [org.springframework.kafka.KafkaListenerEndpointContainer#0-0-C-1] INFO  o.a.k.c.c.i.LegacyKafkaConsumer - [Consumer clientId=consumer-bootuser-group-2, groupId=bootuser-group] Unsubscribed all topics or patterns and assigned partitions 
2025-04-28 03:58:26-058 [org.springframework.kafka.KafkaListenerEndpointContainer#1-0-C-1] INFO  o.a.k.c.c.i.LegacyKafkaConsumer - [Consumer clientId=consumer-bootuser-group-3, groupId=bootuser-group] Unsubscribed all topics or patterns and assigned partitions 
2025-04-28 03:58:26-059 [org.springframework.kafka.KafkaListenerEndpointContainer#0-0-C-1] INFO  o.a.k.c.c.i.ConsumerCoordinator - [Consumer clientId=consumer-bootuser-group-2, groupId=bootuser-group] Resetting generation and member id due to: consumer pro-actively leaving the group 
2025-04-28 03:58:26-059 [org.springframework.kafka.KafkaListenerEndpointContainer#1-0-C-1] INFO  o.a.k.c.c.i.ConsumerCoordinator - [Consumer clientId=consumer-bootuser-group-3, groupId=bootuser-group] Resetting generation and member id due to: consumer pro-actively leaving the group 
2025-04-28 03:58:26-059 [org.springframework.kafka.KafkaListenerEndpointContainer#0-0-C-1] INFO  o.a.k.c.c.i.ConsumerCoordinator - [Consumer clientId=consumer-bootuser-group-2, groupId=bootuser-group] Request joining group due to: consumer pro-actively leaving the group 
2025-04-28 03:58:26-060 [org.springframework.kafka.KafkaListenerEndpointContainer#1-0-C-1] INFO  o.a.k.c.c.i.ConsumerCoordinator - [Consumer clientId=consumer-bootuser-group-3, groupId=bootuser-group] Request joining group due to: consumer pro-actively leaving the group 
2025-04-28 03:58:26-556 [org.springframework.kafka.KafkaListenerEndpointContainer#0-0-C-1] INFO  o.a.kafka.common.metrics.Metrics - Metrics scheduler closed 
2025-04-28 03:58:26-556 [org.springframework.kafka.KafkaListenerEndpointContainer#1-0-C-1] INFO  o.a.kafka.common.metrics.Metrics - Metrics scheduler closed 
2025-04-28 03:58:26-557 [org.springframework.kafka.KafkaListenerEndpointContainer#0-0-C-1] INFO  o.a.kafka.common.metrics.Metrics - Closing reporter org.apache.kafka.common.metrics.JmxReporter 
2025-04-28 03:58:26-557 [org.springframework.kafka.KafkaListenerEndpointContainer#1-0-C-1] INFO  o.a.kafka.common.metrics.Metrics - Closing reporter org.apache.kafka.common.metrics.JmxReporter 
2025-04-28 03:58:26-558 [org.springframework.kafka.KafkaListenerEndpointContainer#0-0-C-1] INFO  o.a.kafka.common.metrics.Metrics - Closing reporter org.apache.kafka.common.telemetry.internals.ClientTelemetryReporter 
2025-04-28 03:58:26-558 [org.springframework.kafka.KafkaListenerEndpointContainer#1-0-C-1] INFO  o.a.kafka.common.metrics.Metrics - Closing reporter org.apache.kafka.common.telemetry.internals.ClientTelemetryReporter 
2025-04-28 03:58:26-558 [org.springframework.kafka.KafkaListenerEndpointContainer#0-0-C-1] INFO  o.a.kafka.common.metrics.Metrics - Metrics reporters closed 
2025-04-28 03:58:26-558 [org.springframework.kafka.KafkaListenerEndpointContainer#1-0-C-1] INFO  o.a.kafka.common.metrics.Metrics - Metrics reporters closed 
2025-04-28 03:58:26-573 [org.springframework.kafka.KafkaListenerEndpointContainer#1-0-C-1] INFO  o.a.kafka.common.utils.AppInfoParser - App info kafka.consumer for consumer-bootuser-group-3 unregistered 
2025-04-28 03:58:26-574 [org.springframework.kafka.KafkaListenerEndpointContainer#1-0-C-1] INFO  o.s.k.l.KafkaMessageListenerContainer - bootuser-group: Consumer stopped 
2025-04-28 03:58:26-574 [org.springframework.kafka.KafkaListenerEndpointContainer#0-0-C-1] INFO  o.a.kafka.common.utils.AppInfoParser - App info kafka.consumer for consumer-bootuser-group-2 unregistered 
2025-04-28 03:58:26-575 [org.springframework.kafka.KafkaListenerEndpointContainer#0-0-C-1] INFO  o.s.k.l.KafkaMessageListenerContainer - bootuser-group: Consumer stopped 
2025-04-28 03:58:28-219 [SpringApplicationShutdownHook] INFO  c.netflix.discovery.DiscoveryClient - Shutting down DiscoveryClient ... 
2025-04-28 03:58:31-229 [SpringApplicationShutdownHook] INFO  c.netflix.discovery.DiscoveryClient - Unregistering ... 
2025-04-28 03:58:31-253 [SpringApplicationShutdownHook] INFO  c.netflix.discovery.DiscoveryClient - DiscoveryClient_BOOTCOIN-USER-API/bootcoin-user-api:8817 - deregister  status: 200 
2025-04-28 03:58:31-254 [SpringApplicationShutdownHook] INFO  c.netflix.discovery.DiscoveryClient - Completed shut down of DiscoveryClient 
2025-04-28 09:51:08-460 [main] INFO  o.s.t.c.s.AnnotationConfigContextLoaderUtils - Could not detect default configuration classes for test class [com.bootcoin.user.api.BootcoinUserApiApplicationTests]: BootcoinUserApiApplicationTests does not declare any static, non-private, non-final, nested classes annotated with @Configuration. 
2025-04-28 09:51:08-850 [main] INFO  o.s.b.t.c.SpringBootTestContextBootstrapper - Found @SpringBootConfiguration com.bootcoin.user.api.BootcoinUserApiApplication for test class com.bootcoin.user.api.BootcoinUserApiApplicationTests 
2025-04-28 09:51:13-382 [main] INFO  c.b.u.a.BootcoinUserApiApplicationTests - Starting BootcoinUserApiApplicationTests using Java 17.0.12 with PID 22020 (started by mgarcsar in C:\Users\mgarcsar\Documents\Bootcamp\etregables\BootCoin\bootcoin-user-api) 
2025-04-28 09:51:13-384 [main] INFO  c.b.u.a.BootcoinUserApiApplicationTests - The following 1 profile is active: "dev" 
2025-04-28 09:51:13-464 [main] INFO  o.s.c.c.c.ConfigServerConfigDataLoader - Fetching config from server at : http://config-server-bc:8888 
2025-04-28 09:51:13-465 [main] INFO  o.s.c.c.c.ConfigServerConfigDataLoader - Exception on Url - http://config-server-bc:8888:org.springframework.web.client.ResourceAccessException: I/O error on GET request for "http://config-server-bc:8888/bootcoin-user-api/default": config-server-bc. Will be trying the next url if available 
2025-04-28 09:51:13-465 [main] WARN  o.s.c.c.c.ConfigServerConfigDataLoader - Could not locate PropertySource ([ConfigServerConfigDataResource@3e1897d uris = array<String>['http://config-server-bc:8888'], optional = true, profiles = 'default']): I/O error on GET request for "http://config-server-bc:8888/bootcoin-user-api/default": config-server-bc 
2025-04-28 09:51:13-465 [main] INFO  o.s.c.c.c.ConfigServerConfigDataLoader - Fetching config from server at : http://config-server-bc:8888 
2025-04-28 09:51:13-465 [main] INFO  o.s.c.c.c.ConfigServerConfigDataLoader - Exception on Url - http://config-server-bc:8888:org.springframework.web.client.ResourceAccessException: I/O error on GET request for "http://config-server-bc:8888/bootcoin-user-api/dev": config-server-bc. Will be trying the next url if available 
2025-04-28 09:51:13-465 [main] WARN  o.s.c.c.c.ConfigServerConfigDataLoader - Could not locate PropertySource ([ConfigServerConfigDataResource@53d2f0ec uris = array<String>['http://config-server-bc:8888'], optional = true, profiles = 'dev']): I/O error on GET request for "http://config-server-bc:8888/bootcoin-user-api/dev": config-server-bc 
2025-04-28 09:51:13-466 [main] INFO  o.s.c.c.c.ConfigServerConfigDataLoader - Fetching config from server at : http://config-server-bc:8888 
2025-04-28 09:51:13-466 [main] INFO  o.s.c.c.c.ConfigServerConfigDataLoader - Exception on Url - http://config-server-bc:8888:org.springframework.web.client.ResourceAccessException: I/O error on GET request for "http://config-server-bc:8888/bootcoin-user-api/default": config-server-bc. Will be trying the next url if available 
2025-04-28 09:51:13-466 [main] WARN  o.s.c.c.c.ConfigServerConfigDataLoader - Could not locate PropertySource ([ConfigServerConfigDataResource@560be8c0 uris = array<String>['http://config-server-bc:8888'], optional = true, profiles = 'default']): I/O error on GET request for "http://config-server-bc:8888/bootcoin-user-api/default": config-server-bc 
2025-04-28 09:51:15-768 [main] INFO  o.s.d.r.c.RepositoryConfigurationDelegate - Bootstrapping Spring Data Reactive MongoDB repositories in DEFAULT mode. 
2025-04-28 09:51:16-512 [main] INFO  o.s.d.r.c.RepositoryConfigurationDelegate - Finished Spring Data repository scanning in 716 ms. Found 1 Reactive MongoDB repository interface. 
2025-04-28 09:51:17-073 [main] INFO  o.s.cloud.context.scope.GenericScope - BeanFactory id=38fdc953-25ca-3510-8aa0-db7918657eca 
2025-04-28 09:51:18-512 [main] INFO  org.mongodb.driver.client - MongoClient with metadata {"driver": {"name": "mongo-java-driver|reactive-streams|spring-boot", "version": "5.2.1"}, "os": {"type": "Windows", "name": "Windows 10", "architecture": "amd64", "version": "10.0"}, "platform": "Java/Oracle Corporation/17.0.12+8-LTS-286"} created with settings MongoClientSettings{readPreference=primary, writeConcern=WriteConcern{w=null, wTimeout=null ms, journal=null}, retryWrites=true, retryReads=true, readConcern=ReadConcern{level=null}, credential=null, transportSettings=NettyTransportSettings{eventLoopGroup=io.netty.channel.nio.NioEventLoopGroup@3479e14e, socketChannelClass=null, allocator=null, sslContext=null}, commandListeners=[io.micrometer.core.instrument.binder.mongodb.MongoMetricsCommandListener@4aa037e6], codecRegistry=ProvidersCodecRegistry{codecProviders=[ValueCodecProvider{}, BsonValueCodecProvider{}, DBRefCodecProvider{}, DBObjectCodecProvider{}, DocumentCodecProvider{}, CollectionCodecProvider{}, IterableCodecProvider{}, MapCodecProvider{}, GeoJsonCodecProvider{}, GridFSFileCodecProvider{}, Jsr310CodecProvider{}, JsonObjectCodecProvider{}, BsonCodecProvider{}, EnumCodecProvider{}, com.mongodb.client.model.mql.ExpressionCodecProvider@1abd92c6, com.mongodb.Jep395RecordCodecProvider@7c44c38b, com.mongodb.KotlinCodecProvider@74c2edc]}, loggerSettings=LoggerSettings{maxDocumentLength=1000}, clusterSettings={hosts=[localhost:27017], srvServiceName=mongodb, mode=SINGLE, requiredClusterType=UNKNOWN, requiredReplicaSetName='null', serverSelector='null', clusterListeners='[]', serverSelectionTimeout='30000 ms', localThreshold='15 ms'}, socketSettings=SocketSettings{connectTimeoutMS=10000, readTimeoutMS=0, receiveBufferSize=0, proxySettings=ProxySettings{host=null, port=null, username=null, password=null}}, heartbeatSocketSettings=SocketSettings{connectTimeoutMS=10000, readTimeoutMS=10000, receiveBufferSize=0, proxySettings=ProxySettings{host=null, port=null, username=null, password=null}}, connectionPoolSettings=ConnectionPoolSettings{maxSize=100, minSize=0, maxWaitTimeMS=120000, maxConnectionLifeTimeMS=0, maxConnectionIdleTimeMS=0, maintenanceInitialDelayMS=0, maintenanceFrequencyMS=60000, connectionPoolListeners=[io.micrometer.core.instrument.binder.mongodb.MongoMetricsConnectionPoolListener@4c9836d4], maxConnecting=2}, serverSettings=ServerSettings{heartbeatFrequencyMS=10000, minHeartbeatFrequencyMS=500, serverMonitoringMode=AUTO, serverListeners='[]', serverMonitorListeners='[]'}, sslSettings=SslSettings{enabled=false, invalidHostNameAllowed=false, context=null}, applicationName='null', compressorList=[], uuidRepresentation=JAVA_LEGACY, serverApi=null, autoEncryptionSettings=null, dnsClient=null, inetAddressResolver=null, contextProvider=null, timeoutMS=null} 
2025-04-28 09:51:18-980 [cluster-ClusterId{value='680f95e6ce586b219482d89f', description='null'}-localhost:27017] INFO  org.mongodb.driver.cluster - Monitor thread successfully connected to server with description ServerDescription{address=localhost:27017, type=STANDALONE, cryptd=false, state=CONNECTED, ok=true, minWireVersion=0, maxWireVersion=25, maxDocumentSize=16777216, logicalSessionTimeoutMinutes=30, roundTripTimeNanos=192594900, minRoundTripTimeNanos=0} 
2025-04-28 09:51:20-807 [main] INFO  o.s.v.b.OptionalValidatorFactoryBean - Failed to set up a Bean Validation provider: jakarta.validation.NoProviderFoundException: Unable to create a Configuration, because no Jakarta Bean Validation provider could be found. Add a provider like Hibernate Validator (RI) to your classpath. 
2025-04-28 09:51:22-927 [main] INFO  o.s.b.a.e.web.EndpointLinksResolver - Exposing 2 endpoints beneath base path '/actuator' 
2025-04-28 09:51:23-908 [main] INFO  o.s.c.n.e.c.DiscoveryClientOptionalArgsConfiguration - Eureka HTTP Client uses RestTemplate. 
2025-04-28 09:51:24-015 [main] WARN  o.s.c.l.c.LoadBalancerCacheAutoConfiguration$LoadBalancerCaffeineWarnLogger - Spring Cloud LoadBalancer is currently working with the default cache. While this cache implementation is useful for development and tests, it's recommended to use Caffeine cache in production.You can switch to using Caffeine cache, by adding it and org.springframework.cache.caffeine.CaffeineCacheManager to the classpath. 
2025-04-28 09:51:24-286 [main] INFO  o.a.k.c.consumer.ConsumerConfig - ConsumerConfig values: 
	allow.auto.create.topics = true
	auto.commit.interval.ms = 5000
	auto.include.jmx.reporter = true
	auto.offset.reset = latest
	bootstrap.servers = [localhost:29092]
	check.crcs = true
	client.dns.lookup = use_all_dns_ips
	client.id = consumer-bootuser-group-1
	client.rack = 
	connections.max.idle.ms = 540000
	default.api.timeout.ms = 60000
	enable.auto.commit = false
	enable.metrics.push = true
	exclude.internal.topics = true
	fetch.max.bytes = 52428800
	fetch.max.wait.ms = 500
	fetch.min.bytes = 1
	group.id = bootuser-group
	group.instance.id = null
	group.protocol = classic
	group.remote.assignor = null
	heartbeat.interval.ms = 3000
	interceptor.classes = []
	internal.leave.group.on.close = true
	internal.throw.on.fetch.stable.offset.unsupported = false
	isolation.level = read_uncommitted
	key.deserializer = class org.apache.kafka.common.serialization.StringDeserializer
	max.partition.fetch.bytes = 1048576
	max.poll.interval.ms = 300000
	max.poll.records = 500
	metadata.max.age.ms = 300000
	metadata.recovery.strategy = none
	metric.reporters = []
	metrics.num.samples = 2
	metrics.recording.level = INFO
	metrics.sample.window.ms = 30000
	partition.assignment.strategy = [class org.apache.kafka.clients.consumer.RangeAssignor, class org.apache.kafka.clients.consumer.CooperativeStickyAssignor]
	receive.buffer.bytes = 65536
	reconnect.backoff.max.ms = 1000
	reconnect.backoff.ms = 50
	request.timeout.ms = 30000
	retry.backoff.max.ms = 1000
	retry.backoff.ms = 100
	sasl.client.callback.handler.class = null
	sasl.jaas.config = null
	sasl.kerberos.kinit.cmd = /usr/bin/kinit
	sasl.kerberos.min.time.before.relogin = 60000
	sasl.kerberos.service.name = null
	sasl.kerberos.ticket.renew.jitter = 0.05
	sasl.kerberos.ticket.renew.window.factor = 0.8
	sasl.login.callback.handler.class = null
	sasl.login.class = null
	sasl.login.connect.timeout.ms = null
	sasl.login.read.timeout.ms = null
	sasl.login.refresh.buffer.seconds = 300
	sasl.login.refresh.min.period.seconds = 60
	sasl.login.refresh.window.factor = 0.8
	sasl.login.refresh.window.jitter = 0.05
	sasl.login.retry.backoff.max.ms = 10000
	sasl.login.retry.backoff.ms = 100
	sasl.mechanism = GSSAPI
	sasl.oauthbearer.clock.skew.seconds = 30
	sasl.oauthbearer.expected.audience = null
	sasl.oauthbearer.expected.issuer = null
	sasl.oauthbearer.jwks.endpoint.refresh.ms = 3600000
	sasl.oauthbearer.jwks.endpoint.retry.backoff.max.ms = 10000
	sasl.oauthbearer.jwks.endpoint.retry.backoff.ms = 100
	sasl.oauthbearer.jwks.endpoint.url = null
	sasl.oauthbearer.scope.claim.name = scope
	sasl.oauthbearer.sub.claim.name = sub
	sasl.oauthbearer.token.endpoint.url = null
	security.protocol = PLAINTEXT
	security.providers = null
	send.buffer.bytes = 131072
	session.timeout.ms = 45000
	socket.connection.setup.timeout.max.ms = 30000
	socket.connection.setup.timeout.ms = 10000
	ssl.cipher.suites = null
	ssl.enabled.protocols = [TLSv1.2, TLSv1.3]
	ssl.endpoint.identification.algorithm = https
	ssl.engine.factory.class = null
	ssl.key.password = null
	ssl.keymanager.algorithm = SunX509
	ssl.keystore.certificate.chain = null
	ssl.keystore.key = null
	ssl.keystore.location = null
	ssl.keystore.password = null
	ssl.keystore.type = JKS
	ssl.protocol = TLSv1.3
	ssl.provider = null
	ssl.secure.random.implementation = null
	ssl.trustmanager.algorithm = PKIX
	ssl.truststore.certificates = null
	ssl.truststore.location = null
	ssl.truststore.password = null
	ssl.truststore.type = JKS
	value.deserializer = class org.apache.kafka.common.serialization.StringDeserializer
 
2025-04-28 09:51:24-409 [main] INFO  o.a.k.c.t.i.KafkaMetricsCollector - initializing Kafka metrics collector 
2025-04-28 09:51:24-640 [main] INFO  o.a.kafka.common.utils.AppInfoParser - Kafka version: 3.8.1 
2025-04-28 09:51:24-642 [main] INFO  o.a.kafka.common.utils.AppInfoParser - Kafka commitId: 70d6ff42debf7e17 
2025-04-28 09:51:24-642 [main] INFO  o.a.kafka.common.utils.AppInfoParser - Kafka startTimeMs: 1745851884637 
2025-04-28 09:51:24-648 [main] INFO  o.a.k.c.c.i.LegacyKafkaConsumer - [Consumer clientId=consumer-bootuser-group-1, groupId=bootuser-group] Subscribed to topic(s): bootuser-response 
2025-04-28 09:51:24-695 [main] INFO  o.s.c.n.eureka.InstanceInfoFactory - Setting initial instance status as: STARTING 
2025-04-28 09:51:24-749 [main] INFO  c.netflix.discovery.DiscoveryClient - Initializing Eureka in region us-east-1 
2025-04-28 09:51:24-763 [main] INFO  c.n.d.s.r.aws.ConfigClusterResolver - Resolving eureka endpoints via configuration 
2025-04-28 09:51:24-782 [main] INFO  c.netflix.discovery.DiscoveryClient - Disable delta property : false 
2025-04-28 09:51:24-783 [main] INFO  c.netflix.discovery.DiscoveryClient - Single vip registry refresh property : null 
2025-04-28 09:51:24-783 [main] INFO  c.netflix.discovery.DiscoveryClient - Force full registry fetch : false 
2025-04-28 09:51:24-783 [main] INFO  c.netflix.discovery.DiscoveryClient - Application is null : false 
2025-04-28 09:51:24-783 [main] INFO  c.netflix.discovery.DiscoveryClient - Registered Applications size is zero : true 
2025-04-28 09:51:24-783 [main] INFO  c.netflix.discovery.DiscoveryClient - Application version is -1: true 
2025-04-28 09:51:24-783 [main] INFO  c.netflix.discovery.DiscoveryClient - Getting all instance registry info from the eureka server 
2025-04-28 09:51:25-315 [repliesContainer-0-C-1] INFO  o.apache.kafka.clients.NetworkClient - [Consumer clientId=consumer-bootuser-group-1, groupId=bootuser-group] Node -1 disconnected. 
2025-04-28 09:51:25-318 [repliesContainer-0-C-1] WARN  o.apache.kafka.clients.NetworkClient - [Consumer clientId=consumer-bootuser-group-1, groupId=bootuser-group] Connection to node -1 (localhost/127.0.0.1:29092) could not be established. Node may not be available. 
2025-04-28 09:51:25-318 [repliesContainer-0-C-1] WARN  o.apache.kafka.clients.NetworkClient - [Consumer clientId=consumer-bootuser-group-1, groupId=bootuser-group] Bootstrap broker localhost:29092 (id: -1 rack: null) disconnected 
2025-04-28 09:51:25-420 [repliesContainer-0-C-1] INFO  o.apache.kafka.clients.NetworkClient - [Consumer clientId=consumer-bootuser-group-1, groupId=bootuser-group] Node -1 disconnected. 
2025-04-28 09:51:25-421 [repliesContainer-0-C-1] WARN  o.apache.kafka.clients.NetworkClient - [Consumer clientId=consumer-bootuser-group-1, groupId=bootuser-group] Connection to node -1 (localhost/127.0.0.1:29092) could not be established. Node may not be available. 
2025-04-28 09:51:25-422 [repliesContainer-0-C-1] WARN  o.apache.kafka.clients.NetworkClient - [Consumer clientId=consumer-bootuser-group-1, groupId=bootuser-group] Bootstrap broker localhost:29092 (id: -1 rack: null) disconnected 
2025-04-28 09:51:25-424 [main] INFO  c.netflix.discovery.DiscoveryClient - The response status is 200 
2025-04-28 09:51:25-429 [main] INFO  c.netflix.discovery.DiscoveryClient - Starting heartbeat executor: renew interval is: 30 
2025-04-28 09:51:25-434 [main] INFO  c.n.discovery.InstanceInfoReplicator - InstanceInfoReplicator onDemand update allowed rate per min is 4 
2025-04-28 09:51:25-438 [main] INFO  c.netflix.discovery.DiscoveryClient - Discovery Client initialized at timestamp 1745851885437 with initial instances count: 6 
2025-04-28 09:51:25-443 [main] INFO  o.s.c.n.e.s.EurekaServiceRegistry - Registering application BOOTCOIN-USER-API with eureka with status UP 
2025-04-28 09:51:25-444 [main] INFO  c.netflix.discovery.DiscoveryClient - Saw local status change event StatusChangeEvent [timestamp=1745851885444, current=UP, previous=STARTING] 
2025-04-28 09:51:25-448 [DiscoveryClient-InstanceInfoReplicator-%d] INFO  c.netflix.discovery.DiscoveryClient - DiscoveryClient_BOOTCOIN-USER-API/bootcoin-user-api:8817: registering service... 
2025-04-28 09:51:25-448 [main] INFO  o.a.k.c.consumer.ConsumerConfig - ConsumerConfig values: 
	allow.auto.create.topics = true
	auto.commit.interval.ms = 5000
	auto.include.jmx.reporter = true
	auto.offset.reset = latest
	bootstrap.servers = [localhost:29092]
	check.crcs = true
	client.dns.lookup = use_all_dns_ips
	client.id = consumer-bootuser-group-2
	client.rack = 
	connections.max.idle.ms = 540000
	default.api.timeout.ms = 60000
	enable.auto.commit = false
	enable.metrics.push = true
	exclude.internal.topics = true
	fetch.max.bytes = 52428800
	fetch.max.wait.ms = 500
	fetch.min.bytes = 1
	group.id = bootuser-group
	group.instance.id = null
	group.protocol = classic
	group.remote.assignor = null
	heartbeat.interval.ms = 3000
	interceptor.classes = []
	internal.leave.group.on.close = true
	internal.throw.on.fetch.stable.offset.unsupported = false
	isolation.level = read_uncommitted
	key.deserializer = class org.apache.kafka.common.serialization.StringDeserializer
	max.partition.fetch.bytes = 1048576
	max.poll.interval.ms = 300000
	max.poll.records = 500
	metadata.max.age.ms = 300000
	metadata.recovery.strategy = none
	metric.reporters = []
	metrics.num.samples = 2
	metrics.recording.level = INFO
	metrics.sample.window.ms = 30000
	partition.assignment.strategy = [class org.apache.kafka.clients.consumer.RangeAssignor, class org.apache.kafka.clients.consumer.CooperativeStickyAssignor]
	receive.buffer.bytes = 65536
	reconnect.backoff.max.ms = 1000
	reconnect.backoff.ms = 50
	request.timeout.ms = 30000
	retry.backoff.max.ms = 1000
	retry.backoff.ms = 100
	sasl.client.callback.handler.class = null
	sasl.jaas.config = null
	sasl.kerberos.kinit.cmd = /usr/bin/kinit
	sasl.kerberos.min.time.before.relogin = 60000
	sasl.kerberos.service.name = null
	sasl.kerberos.ticket.renew.jitter = 0.05
	sasl.kerberos.ticket.renew.window.factor = 0.8
	sasl.login.callback.handler.class = null
	sasl.login.class = null
	sasl.login.connect.timeout.ms = null
	sasl.login.read.timeout.ms = null
	sasl.login.refresh.buffer.seconds = 300
	sasl.login.refresh.min.period.seconds = 60
	sasl.login.refresh.window.factor = 0.8
	sasl.login.refresh.window.jitter = 0.05
	sasl.login.retry.backoff.max.ms = 10000
	sasl.login.retry.backoff.ms = 100
	sasl.mechanism = GSSAPI
	sasl.oauthbearer.clock.skew.seconds = 30
	sasl.oauthbearer.expected.audience = null
	sasl.oauthbearer.expected.issuer = null
	sasl.oauthbearer.jwks.endpoint.refresh.ms = 3600000
	sasl.oauthbearer.jwks.endpoint.retry.backoff.max.ms = 10000
	sasl.oauthbearer.jwks.endpoint.retry.backoff.ms = 100
	sasl.oauthbearer.jwks.endpoint.url = null
	sasl.oauthbearer.scope.claim.name = scope
	sasl.oauthbearer.sub.claim.name = sub
	sasl.oauthbearer.token.endpoint.url = null
	security.protocol = PLAINTEXT
	security.providers = null
	send.buffer.bytes = 131072
	session.timeout.ms = 45000
	socket.connection.setup.timeout.max.ms = 30000
	socket.connection.setup.timeout.ms = 10000
	ssl.cipher.suites = null
	ssl.enabled.protocols = [TLSv1.2, TLSv1.3]
	ssl.endpoint.identification.algorithm = https
	ssl.engine.factory.class = null
	ssl.key.password = null
	ssl.keymanager.algorithm = SunX509
	ssl.keystore.certificate.chain = null
	ssl.keystore.key = null
	ssl.keystore.location = null
	ssl.keystore.password = null
	ssl.keystore.type = JKS
	ssl.protocol = TLSv1.3
	ssl.provider = null
	ssl.secure.random.implementation = null
	ssl.trustmanager.algorithm = PKIX
	ssl.truststore.certificates = null
	ssl.truststore.location = null
	ssl.truststore.password = null
	ssl.truststore.type = JKS
	value.deserializer = class org.apache.kafka.common.serialization.StringDeserializer
 
2025-04-28 09:51:25-449 [main] INFO  o.a.k.c.t.i.KafkaMetricsCollector - initializing Kafka metrics collector 
2025-04-28 09:51:25-471 [main] INFO  o.a.kafka.common.utils.AppInfoParser - Kafka version: 3.8.1 
2025-04-28 09:51:25-472 [main] INFO  o.a.kafka.common.utils.AppInfoParser - Kafka commitId: 70d6ff42debf7e17 
2025-04-28 09:51:25-472 [main] INFO  o.a.kafka.common.utils.AppInfoParser - Kafka startTimeMs: 1745851885471 
2025-04-28 09:51:25-473 [main] INFO  o.a.k.c.c.i.LegacyKafkaConsumer - [Consumer clientId=consumer-bootuser-group-2, groupId=bootuser-group] Subscribed to topic(s): bootuser-request 
2025-04-28 09:51:25-479 [main] INFO  o.a.k.c.consumer.ConsumerConfig - ConsumerConfig values: 
	allow.auto.create.topics = true
	auto.commit.interval.ms = 5000
	auto.include.jmx.reporter = true
	auto.offset.reset = latest
	bootstrap.servers = [localhost:29092]
	check.crcs = true
	client.dns.lookup = use_all_dns_ips
	client.id = consumer-bootuser-group-3
	client.rack = 
	connections.max.idle.ms = 540000
	default.api.timeout.ms = 60000
	enable.auto.commit = false
	enable.metrics.push = true
	exclude.internal.topics = true
	fetch.max.bytes = 52428800
	fetch.max.wait.ms = 500
	fetch.min.bytes = 1
	group.id = bootuser-group
	group.instance.id = null
	group.protocol = classic
	group.remote.assignor = null
	heartbeat.interval.ms = 3000
	interceptor.classes = []
	internal.leave.group.on.close = true
	internal.throw.on.fetch.stable.offset.unsupported = false
	isolation.level = read_uncommitted
	key.deserializer = class org.apache.kafka.common.serialization.StringDeserializer
	max.partition.fetch.bytes = 1048576
	max.poll.interval.ms = 300000
	max.poll.records = 500
	metadata.max.age.ms = 300000
	metadata.recovery.strategy = none
	metric.reporters = []
	metrics.num.samples = 2
	metrics.recording.level = INFO
	metrics.sample.window.ms = 30000
	partition.assignment.strategy = [class org.apache.kafka.clients.consumer.RangeAssignor, class org.apache.kafka.clients.consumer.CooperativeStickyAssignor]
	receive.buffer.bytes = 65536
	reconnect.backoff.max.ms = 1000
	reconnect.backoff.ms = 50
	request.timeout.ms = 30000
	retry.backoff.max.ms = 1000
	retry.backoff.ms = 100
	sasl.client.callback.handler.class = null
	sasl.jaas.config = null
	sasl.kerberos.kinit.cmd = /usr/bin/kinit
	sasl.kerberos.min.time.before.relogin = 60000
	sasl.kerberos.service.name = null
	sasl.kerberos.ticket.renew.jitter = 0.05
	sasl.kerberos.ticket.renew.window.factor = 0.8
	sasl.login.callback.handler.class = null
	sasl.login.class = null
	sasl.login.connect.timeout.ms = null
	sasl.login.read.timeout.ms = null
	sasl.login.refresh.buffer.seconds = 300
	sasl.login.refresh.min.period.seconds = 60
	sasl.login.refresh.window.factor = 0.8
	sasl.login.refresh.window.jitter = 0.05
	sasl.login.retry.backoff.max.ms = 10000
	sasl.login.retry.backoff.ms = 100
	sasl.mechanism = GSSAPI
	sasl.oauthbearer.clock.skew.seconds = 30
	sasl.oauthbearer.expected.audience = null
	sasl.oauthbearer.expected.issuer = null
	sasl.oauthbearer.jwks.endpoint.refresh.ms = 3600000
	sasl.oauthbearer.jwks.endpoint.retry.backoff.max.ms = 10000
	sasl.oauthbearer.jwks.endpoint.retry.backoff.ms = 100
	sasl.oauthbearer.jwks.endpoint.url = null
	sasl.oauthbearer.scope.claim.name = scope
	sasl.oauthbearer.sub.claim.name = sub
	sasl.oauthbearer.token.endpoint.url = null
	security.protocol = PLAINTEXT
	security.providers = null
	send.buffer.bytes = 131072
	session.timeout.ms = 45000
	socket.connection.setup.timeout.max.ms = 30000
	socket.connection.setup.timeout.ms = 10000
	ssl.cipher.suites = null
	ssl.enabled.protocols = [TLSv1.2, TLSv1.3]
	ssl.endpoint.identification.algorithm = https
	ssl.engine.factory.class = null
	ssl.key.password = null
	ssl.keymanager.algorithm = SunX509
	ssl.keystore.certificate.chain = null
	ssl.keystore.key = null
	ssl.keystore.location = null
	ssl.keystore.password = null
	ssl.keystore.type = JKS
	ssl.protocol = TLSv1.3
	ssl.provider = null
	ssl.secure.random.implementation = null
	ssl.trustmanager.algorithm = PKIX
	ssl.truststore.certificates = null
	ssl.truststore.location = null
	ssl.truststore.password = null
	ssl.truststore.type = JKS
	value.deserializer = class org.apache.kafka.common.serialization.StringDeserializer
 
2025-04-28 09:51:25-481 [main] INFO  o.a.k.c.t.i.KafkaMetricsCollector - initializing Kafka metrics collector 
2025-04-28 09:51:25-482 [org.springframework.kafka.KafkaListenerEndpointContainer#0-0-C-1] INFO  o.apache.kafka.clients.NetworkClient - [Consumer clientId=consumer-bootuser-group-2, groupId=bootuser-group] Node -1 disconnected. 
2025-04-28 09:51:25-482 [org.springframework.kafka.KafkaListenerEndpointContainer#0-0-C-1] WARN  o.apache.kafka.clients.NetworkClient - [Consumer clientId=consumer-bootuser-group-2, groupId=bootuser-group] Connection to node -1 (localhost/127.0.0.1:29092) could not be established. Node may not be available. 
2025-04-28 09:51:25-483 [org.springframework.kafka.KafkaListenerEndpointContainer#0-0-C-1] WARN  o.apache.kafka.clients.NetworkClient - [Consumer clientId=consumer-bootuser-group-2, groupId=bootuser-group] Bootstrap broker localhost:29092 (id: -1 rack: null) disconnected 
2025-04-28 09:51:25-495 [main] INFO  o.a.kafka.common.utils.AppInfoParser - Kafka version: 3.8.1 
2025-04-28 09:51:25-496 [main] INFO  o.a.kafka.common.utils.AppInfoParser - Kafka commitId: 70d6ff42debf7e17 
2025-04-28 09:51:25-496 [main] INFO  o.a.kafka.common.utils.AppInfoParser - Kafka startTimeMs: 1745851885495 
2025-04-28 09:51:25-497 [main] INFO  o.a.k.c.c.i.LegacyKafkaConsumer - [Consumer clientId=consumer-bootuser-group-3, groupId=bootuser-group] Subscribed to topic(s): user-request 
2025-04-28 09:51:25-503 [org.springframework.kafka.KafkaListenerEndpointContainer#1-0-C-1] INFO  o.apache.kafka.clients.NetworkClient - [Consumer clientId=consumer-bootuser-group-3, groupId=bootuser-group] Node -1 disconnected. 
2025-04-28 09:51:25-504 [org.springframework.kafka.KafkaListenerEndpointContainer#1-0-C-1] WARN  o.apache.kafka.clients.NetworkClient - [Consumer clientId=consumer-bootuser-group-3, groupId=bootuser-group] Connection to node -1 (localhost/127.0.0.1:29092) could not be established. Node may not be available. 
2025-04-28 09:51:25-504 [org.springframework.kafka.KafkaListenerEndpointContainer#1-0-C-1] WARN  o.apache.kafka.clients.NetworkClient - [Consumer clientId=consumer-bootuser-group-3, groupId=bootuser-group] Bootstrap broker localhost:29092 (id: -1 rack: null) disconnected 
2025-04-28 09:51:25-531 [main] INFO  c.b.u.a.BootcoinUserApiApplicationTests - Started BootcoinUserApiApplicationTests in 15.8 seconds (process running for 19.847) 
2025-04-28 09:51:25-549 [repliesContainer-0-C-1] INFO  o.apache.kafka.clients.NetworkClient - [Consumer clientId=consumer-bootuser-group-1, groupId=bootuser-group] Node -1 disconnected. 
2025-04-28 09:51:25-551 [repliesContainer-0-C-1] WARN  o.apache.kafka.clients.NetworkClient - [Consumer clientId=consumer-bootuser-group-1, groupId=bootuser-group] Connection to node -1 (localhost/127.0.0.1:29092) could not be established. Node may not be available. 
2025-04-28 09:51:25-551 [repliesContainer-0-C-1] WARN  o.apache.kafka.clients.NetworkClient - [Consumer clientId=consumer-bootuser-group-1, groupId=bootuser-group] Bootstrap broker localhost:29092 (id: -1 rack: null) disconnected 
2025-04-28 09:51:25-565 [DiscoveryClient-InstanceInfoReplicator-%d] INFO  c.netflix.discovery.DiscoveryClient - DiscoveryClient_BOOTCOIN-USER-API/bootcoin-user-api:8817 - registration status: 204 
2025-04-28 09:51:25-579 [org.springframework.kafka.KafkaListenerEndpointContainer#0-0-C-1] INFO  o.apache.kafka.clients.NetworkClient - [Consumer clientId=consumer-bootuser-group-2, groupId=bootuser-group] Node -1 disconnected. 
2025-04-28 09:51:25-580 [org.springframework.kafka.KafkaListenerEndpointContainer#0-0-C-1] WARN  o.apache.kafka.clients.NetworkClient - [Consumer clientId=consumer-bootuser-group-2, groupId=bootuser-group] Connection to node -1 (localhost/127.0.0.1:29092) could not be established. Node may not be available. 
2025-04-28 09:51:25-581 [org.springframework.kafka.KafkaListenerEndpointContainer#0-0-C-1] WARN  o.apache.kafka.clients.NetworkClient - [Consumer clientId=consumer-bootuser-group-2, groupId=bootuser-group] Bootstrap broker localhost:29092 (id: -1 rack: null) disconnected 
2025-04-28 09:51:25-593 [org.springframework.kafka.KafkaListenerEndpointContainer#1-0-C-1] INFO  o.apache.kafka.clients.NetworkClient - [Consumer clientId=consumer-bootuser-group-3, groupId=bootuser-group] Node -1 disconnected. 
2025-04-28 09:51:25-594 [org.springframework.kafka.KafkaListenerEndpointContainer#1-0-C-1] WARN  o.apache.kafka.clients.NetworkClient - [Consumer clientId=consumer-bootuser-group-3, groupId=bootuser-group] Connection to node -1 (localhost/127.0.0.1:29092) could not be established. Node may not be available. 
2025-04-28 09:51:25-594 [org.springframework.kafka.KafkaListenerEndpointContainer#1-0-C-1] WARN  o.apache.kafka.clients.NetworkClient - [Consumer clientId=consumer-bootuser-group-3, groupId=bootuser-group] Bootstrap broker localhost:29092 (id: -1 rack: null) disconnected 
2025-04-28 09:51:25-719 [repliesContainer-0-C-1] INFO  o.apache.kafka.clients.NetworkClient - [Consumer clientId=consumer-bootuser-group-1, groupId=bootuser-group] Node -1 disconnected. 
2025-04-28 09:51:25-720 [repliesContainer-0-C-1] WARN  o.apache.kafka.clients.NetworkClient - [Consumer clientId=consumer-bootuser-group-1, groupId=bootuser-group] Connection to node -1 (localhost/127.0.0.1:29092) could not be established. Node may not be available. 
2025-04-28 09:51:25-720 [repliesContainer-0-C-1] WARN  o.apache.kafka.clients.NetworkClient - [Consumer clientId=consumer-bootuser-group-1, groupId=bootuser-group] Bootstrap broker localhost:29092 (id: -1 rack: null) disconnected 
2025-04-28 09:51:25-749 [org.springframework.kafka.KafkaListenerEndpointContainer#0-0-C-1] INFO  o.apache.kafka.clients.NetworkClient - [Consumer clientId=consumer-bootuser-group-2, groupId=bootuser-group] Node -1 disconnected. 
2025-04-28 09:51:25-750 [org.springframework.kafka.KafkaListenerEndpointContainer#0-0-C-1] WARN  o.apache.kafka.clients.NetworkClient - [Consumer clientId=consumer-bootuser-group-2, groupId=bootuser-group] Connection to node -1 (localhost/127.0.0.1:29092) could not be established. Node may not be available. 
2025-04-28 09:51:25-750 [org.springframework.kafka.KafkaListenerEndpointContainer#1-0-C-1] INFO  o.apache.kafka.clients.NetworkClient - [Consumer clientId=consumer-bootuser-group-3, groupId=bootuser-group] Node -1 disconnected. 
2025-04-28 09:51:25-750 [org.springframework.kafka.KafkaListenerEndpointContainer#0-0-C-1] WARN  o.apache.kafka.clients.NetworkClient - [Consumer clientId=consumer-bootuser-group-2, groupId=bootuser-group] Bootstrap broker localhost:29092 (id: -1 rack: null) disconnected 
2025-04-28 09:51:25-750 [org.springframework.kafka.KafkaListenerEndpointContainer#1-0-C-1] WARN  o.apache.kafka.clients.NetworkClient - [Consumer clientId=consumer-bootuser-group-3, groupId=bootuser-group] Connection to node -1 (localhost/127.0.0.1:29092) could not be established. Node may not be available. 
2025-04-28 09:51:25-751 [org.springframework.kafka.KafkaListenerEndpointContainer#1-0-C-1] WARN  o.apache.kafka.clients.NetworkClient - [Consumer clientId=consumer-bootuser-group-3, groupId=bootuser-group] Bootstrap broker localhost:29092 (id: -1 rack: null) disconnected 
2025-04-28 09:51:25-966 [org.springframework.kafka.KafkaListenerEndpointContainer#0-0-C-1] INFO  o.apache.kafka.clients.NetworkClient - [Consumer clientId=consumer-bootuser-group-2, groupId=bootuser-group] Node -1 disconnected. 
2025-04-28 09:51:25-966 [org.springframework.kafka.KafkaListenerEndpointContainer#1-0-C-1] INFO  o.apache.kafka.clients.NetworkClient - [Consumer clientId=consumer-bootuser-group-3, groupId=bootuser-group] Node -1 disconnected. 
2025-04-28 09:51:25-966 [org.springframework.kafka.KafkaListenerEndpointContainer#0-0-C-1] WARN  o.apache.kafka.clients.NetworkClient - [Consumer clientId=consumer-bootuser-group-2, groupId=bootuser-group] Connection to node -1 (localhost/127.0.0.1:29092) could not be established. Node may not be available. 
2025-04-28 09:51:25-966 [org.springframework.kafka.KafkaListenerEndpointContainer#1-0-C-1] WARN  o.apache.kafka.clients.NetworkClient - [Consumer clientId=consumer-bootuser-group-3, groupId=bootuser-group] Connection to node -1 (localhost/127.0.0.1:29092) could not be established. Node may not be available. 
2025-04-28 09:51:25-966 [org.springframework.kafka.KafkaListenerEndpointContainer#0-0-C-1] WARN  o.apache.kafka.clients.NetworkClient - [Consumer clientId=consumer-bootuser-group-2, groupId=bootuser-group] Bootstrap broker localhost:29092 (id: -1 rack: null) disconnected 
2025-04-28 09:51:25-967 [org.springframework.kafka.KafkaListenerEndpointContainer#1-0-C-1] WARN  o.apache.kafka.clients.NetworkClient - [Consumer clientId=consumer-bootuser-group-3, groupId=bootuser-group] Bootstrap broker localhost:29092 (id: -1 rack: null) disconnected 
2025-04-28 09:51:26-198 [repliesContainer-0-C-1] INFO  o.apache.kafka.clients.NetworkClient - [Consumer clientId=consumer-bootuser-group-1, groupId=bootuser-group] Node -1 disconnected. 
2025-04-28 09:51:26-199 [repliesContainer-0-C-1] WARN  o.apache.kafka.clients.NetworkClient - [Consumer clientId=consumer-bootuser-group-1, groupId=bootuser-group] Connection to node -1 (localhost/127.0.0.1:29092) could not be established. Node may not be available. 
2025-04-28 09:51:26-199 [repliesContainer-0-C-1] WARN  o.apache.kafka.clients.NetworkClient - [Consumer clientId=consumer-bootuser-group-1, groupId=bootuser-group] Bootstrap broker localhost:29092 (id: -1 rack: null) disconnected 
2025-04-28 09:51:26-338 [org.springframework.kafka.KafkaListenerEndpointContainer#0-0-C-1] INFO  o.apache.kafka.clients.NetworkClient - [Consumer clientId=consumer-bootuser-group-2, groupId=bootuser-group] Node -1 disconnected. 
2025-04-28 09:51:26-339 [org.springframework.kafka.KafkaListenerEndpointContainer#0-0-C-1] WARN  o.apache.kafka.clients.NetworkClient - [Consumer clientId=consumer-bootuser-group-2, groupId=bootuser-group] Connection to node -1 (localhost/127.0.0.1:29092) could not be established. Node may not be available. 
2025-04-28 09:51:26-339 [org.springframework.kafka.KafkaListenerEndpointContainer#0-0-C-1] WARN  o.apache.kafka.clients.NetworkClient - [Consumer clientId=consumer-bootuser-group-2, groupId=bootuser-group] Bootstrap broker localhost:29092 (id: -1 rack: null) disconnected 
2025-04-28 09:51:26-463 [org.springframework.kafka.KafkaListenerEndpointContainer#1-0-C-1] INFO  o.apache.kafka.clients.NetworkClient - [Consumer clientId=consumer-bootuser-group-3, groupId=bootuser-group] Node -1 disconnected. 
2025-04-28 09:51:26-464 [org.springframework.kafka.KafkaListenerEndpointContainer#1-0-C-1] WARN  o.apache.kafka.clients.NetworkClient - [Consumer clientId=consumer-bootuser-group-3, groupId=bootuser-group] Connection to node -1 (localhost/127.0.0.1:29092) could not be established. Node may not be available. 
2025-04-28 09:51:26-464 [org.springframework.kafka.KafkaListenerEndpointContainer#1-0-C-1] WARN  o.apache.kafka.clients.NetworkClient - [Consumer clientId=consumer-bootuser-group-3, groupId=bootuser-group] Bootstrap broker localhost:29092 (id: -1 rack: null) disconnected 
2025-04-28 09:51:26-992 [SpringApplicationShutdownHook] INFO  o.s.c.n.e.s.EurekaServiceRegistry - Unregistering application BOOTCOIN-USER-API with eureka with status DOWN 
2025-04-28 09:51:26-993 [SpringApplicationShutdownHook] INFO  c.netflix.discovery.DiscoveryClient - Saw local status change event StatusChangeEvent [timestamp=1745851886993, current=DOWN, previous=UP] 
2025-04-28 09:51:26-994 [DiscoveryClient-InstanceInfoReplicator-%d] INFO  c.netflix.discovery.DiscoveryClient - DiscoveryClient_BOOTCOIN-USER-API/bootcoin-user-api:8817: registering service... 
2025-04-28 09:51:27-005 [DiscoveryClient-InstanceInfoReplicator-%d] INFO  c.netflix.discovery.DiscoveryClient - DiscoveryClient_BOOTCOIN-USER-API/bootcoin-user-api:8817 - registration status: 204 
2025-04-28 09:51:27-125 [org.springframework.kafka.KafkaListenerEndpointContainer#0-0-C-1] INFO  o.apache.kafka.clients.NetworkClient - [Consumer clientId=consumer-bootuser-group-2, groupId=bootuser-group] Node -1 disconnected. 
2025-04-28 09:51:27-125 [org.springframework.kafka.KafkaListenerEndpointContainer#0-0-C-1] WARN  o.apache.kafka.clients.NetworkClient - [Consumer clientId=consumer-bootuser-group-2, groupId=bootuser-group] Connection to node -1 (localhost/127.0.0.1:29092) could not be established. Node may not be available. 
2025-04-28 09:51:27-126 [org.springframework.kafka.KafkaListenerEndpointContainer#0-0-C-1] WARN  o.apache.kafka.clients.NetworkClient - [Consumer clientId=consumer-bootuser-group-2, groupId=bootuser-group] Bootstrap broker localhost:29092 (id: -1 rack: null) disconnected 
2025-04-28 09:51:27-159 [repliesContainer-0-C-1] INFO  o.apache.kafka.clients.NetworkClient - [Consumer clientId=consumer-bootuser-group-1, groupId=bootuser-group] Node -1 disconnected. 
2025-04-28 09:51:27-159 [repliesContainer-0-C-1] WARN  o.apache.kafka.clients.NetworkClient - [Consumer clientId=consumer-bootuser-group-1, groupId=bootuser-group] Connection to node -1 (localhost/127.0.0.1:29092) could not be established. Node may not be available. 
2025-04-28 09:51:27-159 [repliesContainer-0-C-1] WARN  o.apache.kafka.clients.NetworkClient - [Consumer clientId=consumer-bootuser-group-1, groupId=bootuser-group] Bootstrap broker localhost:29092 (id: -1 rack: null) disconnected 
2025-04-28 09:51:27-225 [org.springframework.kafka.KafkaListenerEndpointContainer#1-0-C-1] INFO  o.apache.kafka.clients.NetworkClient - [Consumer clientId=consumer-bootuser-group-3, groupId=bootuser-group] Node -1 disconnected. 
2025-04-28 09:51:27-225 [org.springframework.kafka.KafkaListenerEndpointContainer#1-0-C-1] WARN  o.apache.kafka.clients.NetworkClient - [Consumer clientId=consumer-bootuser-group-3, groupId=bootuser-group] Connection to node -1 (localhost/127.0.0.1:29092) could not be established. Node may not be available. 
2025-04-28 09:51:27-226 [org.springframework.kafka.KafkaListenerEndpointContainer#1-0-C-1] WARN  o.apache.kafka.clients.NetworkClient - [Consumer clientId=consumer-bootuser-group-3, groupId=bootuser-group] Bootstrap broker localhost:29092 (id: -1 rack: null) disconnected 
2025-04-28 09:51:27-690 [repliesContainer-0-C-1] INFO  o.a.k.c.c.i.ConsumerCoordinator - [Consumer clientId=consumer-bootuser-group-1, groupId=bootuser-group] Resetting generation and member id due to: consumer pro-actively leaving the group 
2025-04-28 09:51:27-691 [repliesContainer-0-C-1] INFO  o.a.k.c.c.i.ConsumerCoordinator - [Consumer clientId=consumer-bootuser-group-1, groupId=bootuser-group] Request joining group due to: consumer pro-actively leaving the group 
2025-04-28 09:51:27-691 [repliesContainer-0-C-1] INFO  o.a.k.c.c.i.LegacyKafkaConsumer - [Consumer clientId=consumer-bootuser-group-1, groupId=bootuser-group] Unsubscribed all topics or patterns and assigned partitions 
2025-04-28 09:51:27-694 [repliesContainer-0-C-1] INFO  o.a.k.c.c.i.ConsumerCoordinator - [Consumer clientId=consumer-bootuser-group-1, groupId=bootuser-group] Resetting generation and member id due to: consumer pro-actively leaving the group 
2025-04-28 09:51:27-694 [repliesContainer-0-C-1] INFO  o.a.k.c.c.i.ConsumerCoordinator - [Consumer clientId=consumer-bootuser-group-1, groupId=bootuser-group] Request joining group due to: consumer pro-actively leaving the group 
2025-04-28 09:51:27-699 [repliesContainer-0-C-1] INFO  o.a.kafka.common.metrics.Metrics - Metrics scheduler closed 
2025-04-28 09:51:27-699 [repliesContainer-0-C-1] INFO  o.a.kafka.common.metrics.Metrics - Closing reporter org.apache.kafka.common.metrics.JmxReporter 
2025-04-28 09:51:27-700 [repliesContainer-0-C-1] INFO  o.a.kafka.common.metrics.Metrics - Closing reporter org.apache.kafka.common.telemetry.internals.ClientTelemetryReporter 
2025-04-28 09:51:27-700 [repliesContainer-0-C-1] INFO  o.a.kafka.common.metrics.Metrics - Metrics reporters closed 
2025-04-28 09:51:27-705 [repliesContainer-0-C-1] INFO  o.a.kafka.common.utils.AppInfoParser - App info kafka.consumer for consumer-bootuser-group-1 unregistered 
2025-04-28 09:51:27-706 [repliesContainer-0-C-1] INFO  o.s.k.l.KafkaMessageListenerContainer - bootuser-group: Consumer stopped 
2025-04-28 09:51:27-709 [org.springframework.kafka.KafkaListenerEndpointContainer#1-0-C-1] INFO  o.a.k.c.c.i.ConsumerCoordinator - [Consumer clientId=consumer-bootuser-group-3, groupId=bootuser-group] Resetting generation and member id due to: consumer pro-actively leaving the group 
2025-04-28 09:51:27-709 [org.springframework.kafka.KafkaListenerEndpointContainer#0-0-C-1] INFO  o.a.k.c.c.i.ConsumerCoordinator - [Consumer clientId=consumer-bootuser-group-2, groupId=bootuser-group] Resetting generation and member id due to: consumer pro-actively leaving the group 
2025-04-28 09:51:27-709 [org.springframework.kafka.KafkaListenerEndpointContainer#1-0-C-1] INFO  o.a.k.c.c.i.ConsumerCoordinator - [Consumer clientId=consumer-bootuser-group-3, groupId=bootuser-group] Request joining group due to: consumer pro-actively leaving the group 
2025-04-28 09:51:27-710 [org.springframework.kafka.KafkaListenerEndpointContainer#0-0-C-1] INFO  o.a.k.c.c.i.ConsumerCoordinator - [Consumer clientId=consumer-bootuser-group-2, groupId=bootuser-group] Request joining group due to: consumer pro-actively leaving the group 
2025-04-28 09:51:27-710 [org.springframework.kafka.KafkaListenerEndpointContainer#1-0-C-1] INFO  o.a.k.c.c.i.LegacyKafkaConsumer - [Consumer clientId=consumer-bootuser-group-3, groupId=bootuser-group] Unsubscribed all topics or patterns and assigned partitions 
2025-04-28 09:51:27-710 [org.springframework.kafka.KafkaListenerEndpointContainer#0-0-C-1] INFO  o.a.k.c.c.i.LegacyKafkaConsumer - [Consumer clientId=consumer-bootuser-group-2, groupId=bootuser-group] Unsubscribed all topics or patterns and assigned partitions 
2025-04-28 09:51:27-710 [org.springframework.kafka.KafkaListenerEndpointContainer#0-0-C-1] INFO  o.a.k.c.c.i.ConsumerCoordinator - [Consumer clientId=consumer-bootuser-group-2, groupId=bootuser-group] Resetting generation and member id due to: consumer pro-actively leaving the group 
2025-04-28 09:51:27-710 [org.springframework.kafka.KafkaListenerEndpointContainer#1-0-C-1] INFO  o.a.k.c.c.i.ConsumerCoordinator - [Consumer clientId=consumer-bootuser-group-3, groupId=bootuser-group] Resetting generation and member id due to: consumer pro-actively leaving the group 
2025-04-28 09:51:27-710 [org.springframework.kafka.KafkaListenerEndpointContainer#0-0-C-1] INFO  o.a.k.c.c.i.ConsumerCoordinator - [Consumer clientId=consumer-bootuser-group-2, groupId=bootuser-group] Request joining group due to: consumer pro-actively leaving the group 
2025-04-28 09:51:27-710 [org.springframework.kafka.KafkaListenerEndpointContainer#1-0-C-1] INFO  o.a.k.c.c.i.ConsumerCoordinator - [Consumer clientId=consumer-bootuser-group-3, groupId=bootuser-group] Request joining group due to: consumer pro-actively leaving the group 
2025-04-28 09:51:27-711 [org.springframework.kafka.KafkaListenerEndpointContainer#0-0-C-1] INFO  o.a.kafka.common.metrics.Metrics - Metrics scheduler closed 
2025-04-28 09:51:27-712 [org.springframework.kafka.KafkaListenerEndpointContainer#1-0-C-1] INFO  o.a.kafka.common.metrics.Metrics - Metrics scheduler closed 
2025-04-28 09:51:27-712 [org.springframework.kafka.KafkaListenerEndpointContainer#0-0-C-1] INFO  o.a.kafka.common.metrics.Metrics - Closing reporter org.apache.kafka.common.metrics.JmxReporter 
2025-04-28 09:51:27-712 [org.springframework.kafka.KafkaListenerEndpointContainer#1-0-C-1] INFO  o.a.kafka.common.metrics.Metrics - Closing reporter org.apache.kafka.common.metrics.JmxReporter 
2025-04-28 09:51:27-712 [org.springframework.kafka.KafkaListenerEndpointContainer#0-0-C-1] INFO  o.a.kafka.common.metrics.Metrics - Closing reporter org.apache.kafka.common.telemetry.internals.ClientTelemetryReporter 
2025-04-28 09:51:27-712 [org.springframework.kafka.KafkaListenerEndpointContainer#1-0-C-1] INFO  o.a.kafka.common.metrics.Metrics - Closing reporter org.apache.kafka.common.telemetry.internals.ClientTelemetryReporter 
2025-04-28 09:51:27-712 [org.springframework.kafka.KafkaListenerEndpointContainer#0-0-C-1] INFO  o.a.kafka.common.metrics.Metrics - Metrics reporters closed 
2025-04-28 09:51:27-712 [org.springframework.kafka.KafkaListenerEndpointContainer#1-0-C-1] INFO  o.a.kafka.common.metrics.Metrics - Metrics reporters closed 
2025-04-28 09:51:27-717 [org.springframework.kafka.KafkaListenerEndpointContainer#0-0-C-1] INFO  o.a.kafka.common.utils.AppInfoParser - App info kafka.consumer for consumer-bootuser-group-2 unregistered 
2025-04-28 09:51:27-718 [org.springframework.kafka.KafkaListenerEndpointContainer#0-0-C-1] INFO  o.s.k.l.KafkaMessageListenerContainer - bootuser-group: Consumer stopped 
2025-04-28 09:51:27-718 [org.springframework.kafka.KafkaListenerEndpointContainer#1-0-C-1] INFO  o.a.kafka.common.utils.AppInfoParser - App info kafka.consumer for consumer-bootuser-group-3 unregistered 
2025-04-28 09:51:27-719 [org.springframework.kafka.KafkaListenerEndpointContainer#1-0-C-1] INFO  o.s.k.l.KafkaMessageListenerContainer - bootuser-group: Consumer stopped 
2025-04-28 09:51:29-858 [SpringApplicationShutdownHook] INFO  c.netflix.discovery.DiscoveryClient - Shutting down DiscoveryClient ... 
2025-04-28 09:51:32-862 [SpringApplicationShutdownHook] INFO  c.netflix.discovery.DiscoveryClient - Unregistering ... 
2025-04-28 09:51:32-885 [SpringApplicationShutdownHook] INFO  c.netflix.discovery.DiscoveryClient - DiscoveryClient_BOOTCOIN-USER-API/bootcoin-user-api:8817 - deregister  status: 200 
2025-04-28 09:51:32-885 [SpringApplicationShutdownHook] INFO  c.netflix.discovery.DiscoveryClient - Completed shut down of DiscoveryClient 
2025-04-28 12:02:01-708 [main] INFO  o.s.t.c.s.AnnotationConfigContextLoaderUtils - Could not detect default configuration classes for test class [com.bootcoin.user.api.BootcoinUserApiApplicationTests]: BootcoinUserApiApplicationTests does not declare any static, non-private, non-final, nested classes annotated with @Configuration. 
2025-04-28 12:02:01-997 [main] INFO  o.s.b.t.c.SpringBootTestContextBootstrapper - Found @SpringBootConfiguration com.bootcoin.user.api.BootcoinUserApiApplication for test class com.bootcoin.user.api.BootcoinUserApiApplicationTests 
2025-04-28 12:02:06-412 [main] INFO  c.b.u.a.BootcoinUserApiApplicationTests - Starting BootcoinUserApiApplicationTests using Java 17.0.12 with PID 25032 (started by mgarcsar in C:\Users\mgarcsar\Documents\Bootcamp\etregables\BootCoin\bootcoin-user-api) 
2025-04-28 12:02:06-414 [main] INFO  c.b.u.a.BootcoinUserApiApplicationTests - The following 1 profile is active: "dev" 
2025-04-28 12:02:06-481 [main] INFO  o.s.c.c.c.ConfigServerConfigDataLoader - Fetching config from server at : http://config-server-bc:8888 
2025-04-28 12:02:06-482 [main] INFO  o.s.c.c.c.ConfigServerConfigDataLoader - Exception on Url - http://config-server-bc:8888:org.springframework.web.client.ResourceAccessException: I/O error on GET request for "http://config-server-bc:8888/bootcoin-user-api/default": config-server-bc. Will be trying the next url if available 
2025-04-28 12:02:06-482 [main] WARN  o.s.c.c.c.ConfigServerConfigDataLoader - Could not locate PropertySource ([ConfigServerConfigDataResource@3e1897d uris = array<String>['http://config-server-bc:8888'], optional = true, profiles = 'default']): I/O error on GET request for "http://config-server-bc:8888/bootcoin-user-api/default": config-server-bc 
2025-04-28 12:02:06-482 [main] INFO  o.s.c.c.c.ConfigServerConfigDataLoader - Fetching config from server at : http://config-server-bc:8888 
2025-04-28 12:02:06-482 [main] INFO  o.s.c.c.c.ConfigServerConfigDataLoader - Exception on Url - http://config-server-bc:8888:org.springframework.web.client.ResourceAccessException: I/O error on GET request for "http://config-server-bc:8888/bootcoin-user-api/dev": config-server-bc. Will be trying the next url if available 
2025-04-28 12:02:06-482 [main] WARN  o.s.c.c.c.ConfigServerConfigDataLoader - Could not locate PropertySource ([ConfigServerConfigDataResource@53d2f0ec uris = array<String>['http://config-server-bc:8888'], optional = true, profiles = 'dev']): I/O error on GET request for "http://config-server-bc:8888/bootcoin-user-api/dev": config-server-bc 
2025-04-28 12:02:06-482 [main] INFO  o.s.c.c.c.ConfigServerConfigDataLoader - Fetching config from server at : http://config-server-bc:8888 
2025-04-28 12:02:06-482 [main] INFO  o.s.c.c.c.ConfigServerConfigDataLoader - Exception on Url - http://config-server-bc:8888:org.springframework.web.client.ResourceAccessException: I/O error on GET request for "http://config-server-bc:8888/bootcoin-user-api/default": config-server-bc. Will be trying the next url if available 
2025-04-28 12:02:06-482 [main] WARN  o.s.c.c.c.ConfigServerConfigDataLoader - Could not locate PropertySource ([ConfigServerConfigDataResource@560be8c0 uris = array<String>['http://config-server-bc:8888'], optional = true, profiles = 'default']): I/O error on GET request for "http://config-server-bc:8888/bootcoin-user-api/default": config-server-bc 
2025-04-28 12:02:08-434 [main] INFO  o.s.d.r.c.RepositoryConfigurationDelegate - Bootstrapping Spring Data Reactive MongoDB repositories in DEFAULT mode. 
2025-04-28 12:02:09-249 [main] INFO  o.s.d.r.c.RepositoryConfigurationDelegate - Finished Spring Data repository scanning in 804 ms. Found 1 Reactive MongoDB repository interface. 
2025-04-28 12:02:10-160 [main] INFO  o.s.cloud.context.scope.GenericScope - BeanFactory id=38fdc953-25ca-3510-8aa0-db7918657eca 
2025-04-28 12:02:12-079 [main] INFO  org.mongodb.driver.client - MongoClient with metadata {"driver": {"name": "mongo-java-driver|reactive-streams|spring-boot", "version": "5.2.1"}, "os": {"type": "Windows", "name": "Windows 10", "architecture": "amd64", "version": "10.0"}, "platform": "Java/Oracle Corporation/17.0.12+8-LTS-286"} created with settings MongoClientSettings{readPreference=primary, writeConcern=WriteConcern{w=null, wTimeout=null ms, journal=null}, retryWrites=true, retryReads=true, readConcern=ReadConcern{level=null}, credential=null, transportSettings=NettyTransportSettings{eventLoopGroup=io.netty.channel.nio.NioEventLoopGroup@1a183473, socketChannelClass=null, allocator=null, sslContext=null}, commandListeners=[io.micrometer.core.instrument.binder.mongodb.MongoMetricsCommandListener@2d7956fb], codecRegistry=ProvidersCodecRegistry{codecProviders=[ValueCodecProvider{}, BsonValueCodecProvider{}, DBRefCodecProvider{}, DBObjectCodecProvider{}, DocumentCodecProvider{}, CollectionCodecProvider{}, IterableCodecProvider{}, MapCodecProvider{}, GeoJsonCodecProvider{}, GridFSFileCodecProvider{}, Jsr310CodecProvider{}, JsonObjectCodecProvider{}, BsonCodecProvider{}, EnumCodecProvider{}, com.mongodb.client.model.mql.ExpressionCodecProvider@5d869991, com.mongodb.Jep395RecordCodecProvider@597880b1, com.mongodb.KotlinCodecProvider@2989c41]}, loggerSettings=LoggerSettings{maxDocumentLength=1000}, clusterSettings={hosts=[localhost:27017], srvServiceName=mongodb, mode=SINGLE, requiredClusterType=UNKNOWN, requiredReplicaSetName='null', serverSelector='null', clusterListeners='[]', serverSelectionTimeout='30000 ms', localThreshold='15 ms'}, socketSettings=SocketSettings{connectTimeoutMS=10000, readTimeoutMS=0, receiveBufferSize=0, proxySettings=ProxySettings{host=null, port=null, username=null, password=null}}, heartbeatSocketSettings=SocketSettings{connectTimeoutMS=10000, readTimeoutMS=10000, receiveBufferSize=0, proxySettings=ProxySettings{host=null, port=null, username=null, password=null}}, connectionPoolSettings=ConnectionPoolSettings{maxSize=100, minSize=0, maxWaitTimeMS=120000, maxConnectionLifeTimeMS=0, maxConnectionIdleTimeMS=0, maintenanceInitialDelayMS=0, maintenanceFrequencyMS=60000, connectionPoolListeners=[io.micrometer.core.instrument.binder.mongodb.MongoMetricsConnectionPoolListener@65b1dc67], maxConnecting=2}, serverSettings=ServerSettings{heartbeatFrequencyMS=10000, minHeartbeatFrequencyMS=500, serverMonitoringMode=AUTO, serverListeners='[]', serverMonitorListeners='[]'}, sslSettings=SslSettings{enabled=false, invalidHostNameAllowed=false, context=null}, applicationName='null', compressorList=[], uuidRepresentation=JAVA_LEGACY, serverApi=null, autoEncryptionSettings=null, dnsClient=null, inetAddressResolver=null, contextProvider=null, timeoutMS=null} 
2025-04-28 12:02:12-686 [cluster-ClusterId{value='680fb49367200270087494ae', description='null'}-localhost:27017] INFO  org.mongodb.driver.cluster - Monitor thread successfully connected to server with description ServerDescription{address=localhost:27017, type=STANDALONE, cryptd=false, state=CONNECTED, ok=true, minWireVersion=0, maxWireVersion=25, maxDocumentSize=16777216, logicalSessionTimeoutMinutes=30, roundTripTimeNanos=140348800, minRoundTripTimeNanos=0} 
2025-04-28 12:02:14-471 [main] INFO  o.s.v.b.OptionalValidatorFactoryBean - Failed to set up a Bean Validation provider: jakarta.validation.NoProviderFoundException: Unable to create a Configuration, because no Jakarta Bean Validation provider could be found. Add a provider like Hibernate Validator (RI) to your classpath. 
2025-04-28 12:02:17-175 [main] INFO  o.s.b.a.e.web.EndpointLinksResolver - Exposing 2 endpoints beneath base path '/actuator' 
2025-04-28 12:02:17-904 [main] INFO  o.s.c.n.e.c.DiscoveryClientOptionalArgsConfiguration - Eureka HTTP Client uses RestTemplate. 
2025-04-28 12:02:17-984 [main] WARN  o.s.c.l.c.LoadBalancerCacheAutoConfiguration$LoadBalancerCaffeineWarnLogger - Spring Cloud LoadBalancer is currently working with the default cache. While this cache implementation is useful for development and tests, it's recommended to use Caffeine cache in production.You can switch to using Caffeine cache, by adding it and org.springframework.cache.caffeine.CaffeineCacheManager to the classpath. 
2025-04-28 12:02:18-147 [main] INFO  o.a.k.c.consumer.ConsumerConfig - ConsumerConfig values: 
	allow.auto.create.topics = true
	auto.commit.interval.ms = 5000
	auto.include.jmx.reporter = true
	auto.offset.reset = latest
	bootstrap.servers = [localhost:29092]
	check.crcs = true
	client.dns.lookup = use_all_dns_ips
	client.id = consumer-bootuser-group-1
	client.rack = 
	connections.max.idle.ms = 540000
	default.api.timeout.ms = 60000
	enable.auto.commit = false
	enable.metrics.push = true
	exclude.internal.topics = true
	fetch.max.bytes = 52428800
	fetch.max.wait.ms = 500
	fetch.min.bytes = 1
	group.id = bootuser-group
	group.instance.id = null
	group.protocol = classic
	group.remote.assignor = null
	heartbeat.interval.ms = 3000
	interceptor.classes = []
	internal.leave.group.on.close = true
	internal.throw.on.fetch.stable.offset.unsupported = false
	isolation.level = read_uncommitted
	key.deserializer = class org.apache.kafka.common.serialization.StringDeserializer
	max.partition.fetch.bytes = 1048576
	max.poll.interval.ms = 300000
	max.poll.records = 500
	metadata.max.age.ms = 300000
	metadata.recovery.strategy = none
	metric.reporters = []
	metrics.num.samples = 2
	metrics.recording.level = INFO
	metrics.sample.window.ms = 30000
	partition.assignment.strategy = [class org.apache.kafka.clients.consumer.RangeAssignor, class org.apache.kafka.clients.consumer.CooperativeStickyAssignor]
	receive.buffer.bytes = 65536
	reconnect.backoff.max.ms = 1000
	reconnect.backoff.ms = 50
	request.timeout.ms = 30000
	retry.backoff.max.ms = 1000
	retry.backoff.ms = 100
	sasl.client.callback.handler.class = null
	sasl.jaas.config = null
	sasl.kerberos.kinit.cmd = /usr/bin/kinit
	sasl.kerberos.min.time.before.relogin = 60000
	sasl.kerberos.service.name = null
	sasl.kerberos.ticket.renew.jitter = 0.05
	sasl.kerberos.ticket.renew.window.factor = 0.8
	sasl.login.callback.handler.class = null
	sasl.login.class = null
	sasl.login.connect.timeout.ms = null
	sasl.login.read.timeout.ms = null
	sasl.login.refresh.buffer.seconds = 300
	sasl.login.refresh.min.period.seconds = 60
	sasl.login.refresh.window.factor = 0.8
	sasl.login.refresh.window.jitter = 0.05
	sasl.login.retry.backoff.max.ms = 10000
	sasl.login.retry.backoff.ms = 100
	sasl.mechanism = GSSAPI
	sasl.oauthbearer.clock.skew.seconds = 30
	sasl.oauthbearer.expected.audience = null
	sasl.oauthbearer.expected.issuer = null
	sasl.oauthbearer.jwks.endpoint.refresh.ms = 3600000
	sasl.oauthbearer.jwks.endpoint.retry.backoff.max.ms = 10000
	sasl.oauthbearer.jwks.endpoint.retry.backoff.ms = 100
	sasl.oauthbearer.jwks.endpoint.url = null
	sasl.oauthbearer.scope.claim.name = scope
	sasl.oauthbearer.sub.claim.name = sub
	sasl.oauthbearer.token.endpoint.url = null
	security.protocol = PLAINTEXT
	security.providers = null
	send.buffer.bytes = 131072
	session.timeout.ms = 45000
	socket.connection.setup.timeout.max.ms = 30000
	socket.connection.setup.timeout.ms = 10000
	ssl.cipher.suites = null
	ssl.enabled.protocols = [TLSv1.2, TLSv1.3]
	ssl.endpoint.identification.algorithm = https
	ssl.engine.factory.class = null
	ssl.key.password = null
	ssl.keymanager.algorithm = SunX509
	ssl.keystore.certificate.chain = null
	ssl.keystore.key = null
	ssl.keystore.location = null
	ssl.keystore.password = null
	ssl.keystore.type = JKS
	ssl.protocol = TLSv1.3
	ssl.provider = null
	ssl.secure.random.implementation = null
	ssl.trustmanager.algorithm = PKIX
	ssl.truststore.certificates = null
	ssl.truststore.location = null
	ssl.truststore.password = null
	ssl.truststore.type = JKS
	value.deserializer = class org.apache.kafka.common.serialization.StringDeserializer
 
2025-04-28 12:02:18-252 [main] INFO  o.a.k.c.t.i.KafkaMetricsCollector - initializing Kafka metrics collector 
2025-04-28 12:02:18-456 [main] INFO  o.a.kafka.common.utils.AppInfoParser - Kafka version: 3.8.1 
2025-04-28 12:02:18-458 [main] INFO  o.a.kafka.common.utils.AppInfoParser - Kafka commitId: 70d6ff42debf7e17 
2025-04-28 12:02:18-458 [main] INFO  o.a.kafka.common.utils.AppInfoParser - Kafka startTimeMs: 1745859738454 
2025-04-28 12:02:18-464 [main] INFO  o.a.k.c.c.i.LegacyKafkaConsumer - [Consumer clientId=consumer-bootuser-group-1, groupId=bootuser-group] Subscribed to topic(s): bootuser-response 
2025-04-28 12:02:18-501 [main] INFO  o.s.c.n.eureka.InstanceInfoFactory - Setting initial instance status as: STARTING 
2025-04-28 12:02:18-548 [main] INFO  c.netflix.discovery.DiscoveryClient - Initializing Eureka in region us-east-1 
2025-04-28 12:02:18-554 [main] INFO  c.n.d.s.r.aws.ConfigClusterResolver - Resolving eureka endpoints via configuration 
2025-04-28 12:02:18-567 [main] INFO  c.netflix.discovery.DiscoveryClient - Disable delta property : false 
2025-04-28 12:02:18-567 [main] INFO  c.netflix.discovery.DiscoveryClient - Single vip registry refresh property : null 
2025-04-28 12:02:18-568 [main] INFO  c.netflix.discovery.DiscoveryClient - Force full registry fetch : false 
2025-04-28 12:02:18-568 [main] INFO  c.netflix.discovery.DiscoveryClient - Application is null : false 
2025-04-28 12:02:18-568 [main] INFO  c.netflix.discovery.DiscoveryClient - Registered Applications size is zero : true 
2025-04-28 12:02:18-568 [main] INFO  c.netflix.discovery.DiscoveryClient - Application version is -1: true 
2025-04-28 12:02:18-568 [main] INFO  c.netflix.discovery.DiscoveryClient - Getting all instance registry info from the eureka server 
2025-04-28 12:02:18-957 [repliesContainer-0-C-1] INFO  o.apache.kafka.clients.NetworkClient - [Consumer clientId=consumer-bootuser-group-1, groupId=bootuser-group] Node -1 disconnected. 
2025-04-28 12:02:18-958 [repliesContainer-0-C-1] WARN  o.apache.kafka.clients.NetworkClient - [Consumer clientId=consumer-bootuser-group-1, groupId=bootuser-group] Connection to node -1 (localhost/127.0.0.1:29092) could not be established. Node may not be available. 
2025-04-28 12:02:18-959 [repliesContainer-0-C-1] WARN  o.apache.kafka.clients.NetworkClient - [Consumer clientId=consumer-bootuser-group-1, groupId=bootuser-group] Bootstrap broker localhost:29092 (id: -1 rack: null) disconnected 
2025-04-28 12:02:19-008 [main] INFO  c.netflix.discovery.DiscoveryClient - The response status is 200 
2025-04-28 12:02:19-011 [main] INFO  c.netflix.discovery.DiscoveryClient - Starting heartbeat executor: renew interval is: 30 
2025-04-28 12:02:19-014 [main] INFO  c.n.discovery.InstanceInfoReplicator - InstanceInfoReplicator onDemand update allowed rate per min is 4 
2025-04-28 12:02:19-017 [main] INFO  c.netflix.discovery.DiscoveryClient - Discovery Client initialized at timestamp 1745859739017 with initial instances count: 6 
2025-04-28 12:02:19-022 [main] INFO  o.s.c.n.e.s.EurekaServiceRegistry - Registering application BOOTCOIN-USER-API with eureka with status UP 
2025-04-28 12:02:19-022 [main] INFO  c.netflix.discovery.DiscoveryClient - Saw local status change event StatusChangeEvent [timestamp=1745859739022, current=UP, previous=STARTING] 
2025-04-28 12:02:19-025 [main] INFO  o.a.k.c.consumer.ConsumerConfig - ConsumerConfig values: 
	allow.auto.create.topics = true
	auto.commit.interval.ms = 5000
	auto.include.jmx.reporter = true
	auto.offset.reset = latest
	bootstrap.servers = [localhost:29092]
	check.crcs = true
	client.dns.lookup = use_all_dns_ips
	client.id = consumer-bootuser-group-2
	client.rack = 
	connections.max.idle.ms = 540000
	default.api.timeout.ms = 60000
	enable.auto.commit = false
	enable.metrics.push = true
	exclude.internal.topics = true
	fetch.max.bytes = 52428800
	fetch.max.wait.ms = 500
	fetch.min.bytes = 1
	group.id = bootuser-group
	group.instance.id = null
	group.protocol = classic
	group.remote.assignor = null
	heartbeat.interval.ms = 3000
	interceptor.classes = []
	internal.leave.group.on.close = true
	internal.throw.on.fetch.stable.offset.unsupported = false
	isolation.level = read_uncommitted
	key.deserializer = class org.apache.kafka.common.serialization.StringDeserializer
	max.partition.fetch.bytes = 1048576
	max.poll.interval.ms = 300000
	max.poll.records = 500
	metadata.max.age.ms = 300000
	metadata.recovery.strategy = none
	metric.reporters = []
	metrics.num.samples = 2
	metrics.recording.level = INFO
	metrics.sample.window.ms = 30000
	partition.assignment.strategy = [class org.apache.kafka.clients.consumer.RangeAssignor, class org.apache.kafka.clients.consumer.CooperativeStickyAssignor]
	receive.buffer.bytes = 65536
	reconnect.backoff.max.ms = 1000
	reconnect.backoff.ms = 50
	request.timeout.ms = 30000
	retry.backoff.max.ms = 1000
	retry.backoff.ms = 100
	sasl.client.callback.handler.class = null
	sasl.jaas.config = null
	sasl.kerberos.kinit.cmd = /usr/bin/kinit
	sasl.kerberos.min.time.before.relogin = 60000
	sasl.kerberos.service.name = null
	sasl.kerberos.ticket.renew.jitter = 0.05
	sasl.kerberos.ticket.renew.window.factor = 0.8
	sasl.login.callback.handler.class = null
	sasl.login.class = null
	sasl.login.connect.timeout.ms = null
	sasl.login.read.timeout.ms = null
	sasl.login.refresh.buffer.seconds = 300
	sasl.login.refresh.min.period.seconds = 60
	sasl.login.refresh.window.factor = 0.8
	sasl.login.refresh.window.jitter = 0.05
	sasl.login.retry.backoff.max.ms = 10000
	sasl.login.retry.backoff.ms = 100
	sasl.mechanism = GSSAPI
	sasl.oauthbearer.clock.skew.seconds = 30
	sasl.oauthbearer.expected.audience = null
	sasl.oauthbearer.expected.issuer = null
	sasl.oauthbearer.jwks.endpoint.refresh.ms = 3600000
	sasl.oauthbearer.jwks.endpoint.retry.backoff.max.ms = 10000
	sasl.oauthbearer.jwks.endpoint.retry.backoff.ms = 100
	sasl.oauthbearer.jwks.endpoint.url = null
	sasl.oauthbearer.scope.claim.name = scope
	sasl.oauthbearer.sub.claim.name = sub
	sasl.oauthbearer.token.endpoint.url = null
	security.protocol = PLAINTEXT
	security.providers = null
	send.buffer.bytes = 131072
	session.timeout.ms = 45000
	socket.connection.setup.timeout.max.ms = 30000
	socket.connection.setup.timeout.ms = 10000
	ssl.cipher.suites = null
	ssl.enabled.protocols = [TLSv1.2, TLSv1.3]
	ssl.endpoint.identification.algorithm = https
	ssl.engine.factory.class = null
	ssl.key.password = null
	ssl.keymanager.algorithm = SunX509
	ssl.keystore.certificate.chain = null
	ssl.keystore.key = null
	ssl.keystore.location = null
	ssl.keystore.password = null
	ssl.keystore.type = JKS
	ssl.protocol = TLSv1.3
	ssl.provider = null
	ssl.secure.random.implementation = null
	ssl.trustmanager.algorithm = PKIX
	ssl.truststore.certificates = null
	ssl.truststore.location = null
	ssl.truststore.password = null
	ssl.truststore.type = JKS
	value.deserializer = class org.apache.kafka.common.serialization.StringDeserializer
 
2025-04-28 12:02:19-025 [DiscoveryClient-InstanceInfoReplicator-%d] INFO  c.netflix.discovery.DiscoveryClient - DiscoveryClient_BOOTCOIN-USER-API/bootcoin-user-api:8817: registering service... 
2025-04-28 12:02:19-026 [main] INFO  o.a.k.c.t.i.KafkaMetricsCollector - initializing Kafka metrics collector 
2025-04-28 12:02:19-036 [main] INFO  o.a.kafka.common.utils.AppInfoParser - Kafka version: 3.8.1 
2025-04-28 12:02:19-036 [main] INFO  o.a.kafka.common.utils.AppInfoParser - Kafka commitId: 70d6ff42debf7e17 
2025-04-28 12:02:19-036 [main] INFO  o.a.kafka.common.utils.AppInfoParser - Kafka startTimeMs: 1745859739036 
2025-04-28 12:02:19-037 [main] INFO  o.a.k.c.c.i.LegacyKafkaConsumer - [Consumer clientId=consumer-bootuser-group-2, groupId=bootuser-group] Subscribed to topic(s): user-request 
2025-04-28 12:02:19-041 [main] INFO  o.a.k.c.consumer.ConsumerConfig - ConsumerConfig values: 
	allow.auto.create.topics = true
	auto.commit.interval.ms = 5000
	auto.include.jmx.reporter = true
	auto.offset.reset = latest
	bootstrap.servers = [localhost:29092]
	check.crcs = true
	client.dns.lookup = use_all_dns_ips
	client.id = consumer-bootuser-group-3
	client.rack = 
	connections.max.idle.ms = 540000
	default.api.timeout.ms = 60000
	enable.auto.commit = false
	enable.metrics.push = true
	exclude.internal.topics = true
	fetch.max.bytes = 52428800
	fetch.max.wait.ms = 500
	fetch.min.bytes = 1
	group.id = bootuser-group
	group.instance.id = null
	group.protocol = classic
	group.remote.assignor = null
	heartbeat.interval.ms = 3000
	interceptor.classes = []
	internal.leave.group.on.close = true
	internal.throw.on.fetch.stable.offset.unsupported = false
	isolation.level = read_uncommitted
	key.deserializer = class org.apache.kafka.common.serialization.StringDeserializer
	max.partition.fetch.bytes = 1048576
	max.poll.interval.ms = 300000
	max.poll.records = 500
	metadata.max.age.ms = 300000
	metadata.recovery.strategy = none
	metric.reporters = []
	metrics.num.samples = 2
	metrics.recording.level = INFO
	metrics.sample.window.ms = 30000
	partition.assignment.strategy = [class org.apache.kafka.clients.consumer.RangeAssignor, class org.apache.kafka.clients.consumer.CooperativeStickyAssignor]
	receive.buffer.bytes = 65536
	reconnect.backoff.max.ms = 1000
	reconnect.backoff.ms = 50
	request.timeout.ms = 30000
	retry.backoff.max.ms = 1000
	retry.backoff.ms = 100
	sasl.client.callback.handler.class = null
	sasl.jaas.config = null
	sasl.kerberos.kinit.cmd = /usr/bin/kinit
	sasl.kerberos.min.time.before.relogin = 60000
	sasl.kerberos.service.name = null
	sasl.kerberos.ticket.renew.jitter = 0.05
	sasl.kerberos.ticket.renew.window.factor = 0.8
	sasl.login.callback.handler.class = null
	sasl.login.class = null
	sasl.login.connect.timeout.ms = null
	sasl.login.read.timeout.ms = null
	sasl.login.refresh.buffer.seconds = 300
	sasl.login.refresh.min.period.seconds = 60
	sasl.login.refresh.window.factor = 0.8
	sasl.login.refresh.window.jitter = 0.05
	sasl.login.retry.backoff.max.ms = 10000
	sasl.login.retry.backoff.ms = 100
	sasl.mechanism = GSSAPI
	sasl.oauthbearer.clock.skew.seconds = 30
	sasl.oauthbearer.expected.audience = null
	sasl.oauthbearer.expected.issuer = null
	sasl.oauthbearer.jwks.endpoint.refresh.ms = 3600000
	sasl.oauthbearer.jwks.endpoint.retry.backoff.max.ms = 10000
	sasl.oauthbearer.jwks.endpoint.retry.backoff.ms = 100
	sasl.oauthbearer.jwks.endpoint.url = null
	sasl.oauthbearer.scope.claim.name = scope
	sasl.oauthbearer.sub.claim.name = sub
	sasl.oauthbearer.token.endpoint.url = null
	security.protocol = PLAINTEXT
	security.providers = null
	send.buffer.bytes = 131072
	session.timeout.ms = 45000
	socket.connection.setup.timeout.max.ms = 30000
	socket.connection.setup.timeout.ms = 10000
	ssl.cipher.suites = null
	ssl.enabled.protocols = [TLSv1.2, TLSv1.3]
	ssl.endpoint.identification.algorithm = https
	ssl.engine.factory.class = null
	ssl.key.password = null
	ssl.keymanager.algorithm = SunX509
	ssl.keystore.certificate.chain = null
	ssl.keystore.key = null
	ssl.keystore.location = null
	ssl.keystore.password = null
	ssl.keystore.type = JKS
	ssl.protocol = TLSv1.3
	ssl.provider = null
	ssl.secure.random.implementation = null
	ssl.trustmanager.algorithm = PKIX
	ssl.truststore.certificates = null
	ssl.truststore.location = null
	ssl.truststore.password = null
	ssl.truststore.type = JKS
	value.deserializer = class org.apache.kafka.common.serialization.StringDeserializer
 
2025-04-28 12:02:19-042 [main] INFO  o.a.k.c.t.i.KafkaMetricsCollector - initializing Kafka metrics collector 
2025-04-28 12:02:19-043 [org.springframework.kafka.KafkaListenerEndpointContainer#0-0-C-1] INFO  o.apache.kafka.clients.NetworkClient - [Consumer clientId=consumer-bootuser-group-2, groupId=bootuser-group] Node -1 disconnected. 
2025-04-28 12:02:19-043 [org.springframework.kafka.KafkaListenerEndpointContainer#0-0-C-1] WARN  o.apache.kafka.clients.NetworkClient - [Consumer clientId=consumer-bootuser-group-2, groupId=bootuser-group] Connection to node -1 (localhost/127.0.0.1:29092) could not be established. Node may not be available. 
2025-04-28 12:02:19-044 [org.springframework.kafka.KafkaListenerEndpointContainer#0-0-C-1] WARN  o.apache.kafka.clients.NetworkClient - [Consumer clientId=consumer-bootuser-group-2, groupId=bootuser-group] Bootstrap broker localhost:29092 (id: -1 rack: null) disconnected 
2025-04-28 12:02:19-055 [main] INFO  o.a.kafka.common.utils.AppInfoParser - Kafka version: 3.8.1 
2025-04-28 12:02:19-056 [main] INFO  o.a.kafka.common.utils.AppInfoParser - Kafka commitId: 70d6ff42debf7e17 
2025-04-28 12:02:19-056 [main] INFO  o.a.kafka.common.utils.AppInfoParser - Kafka startTimeMs: 1745859739055 
2025-04-28 12:02:19-057 [main] INFO  o.a.k.c.c.i.LegacyKafkaConsumer - [Consumer clientId=consumer-bootuser-group-3, groupId=bootuser-group] Subscribed to topic(s): bootuser-request 
2025-04-28 12:02:19-064 [org.springframework.kafka.KafkaListenerEndpointContainer#1-0-C-1] INFO  o.apache.kafka.clients.NetworkClient - [Consumer clientId=consumer-bootuser-group-3, groupId=bootuser-group] Node -1 disconnected. 
2025-04-28 12:02:19-065 [org.springframework.kafka.KafkaListenerEndpointContainer#1-0-C-1] WARN  o.apache.kafka.clients.NetworkClient - [Consumer clientId=consumer-bootuser-group-3, groupId=bootuser-group] Connection to node -1 (localhost/127.0.0.1:29092) could not be established. Node may not be available. 
2025-04-28 12:02:19-065 [org.springframework.kafka.KafkaListenerEndpointContainer#1-0-C-1] WARN  o.apache.kafka.clients.NetworkClient - [Consumer clientId=consumer-bootuser-group-3, groupId=bootuser-group] Bootstrap broker localhost:29092 (id: -1 rack: null) disconnected 
2025-04-28 12:02:19-082 [repliesContainer-0-C-1] INFO  o.apache.kafka.clients.NetworkClient - [Consumer clientId=consumer-bootuser-group-1, groupId=bootuser-group] Node -1 disconnected. 
2025-04-28 12:02:19-083 [repliesContainer-0-C-1] WARN  o.apache.kafka.clients.NetworkClient - [Consumer clientId=consumer-bootuser-group-1, groupId=bootuser-group] Connection to node -1 (localhost/127.0.0.1:29092) could not be established. Node may not be available. 
2025-04-28 12:02:19-083 [repliesContainer-0-C-1] WARN  o.apache.kafka.clients.NetworkClient - [Consumer clientId=consumer-bootuser-group-1, groupId=bootuser-group] Bootstrap broker localhost:29092 (id: -1 rack: null) disconnected 
2025-04-28 12:02:19-092 [main] INFO  c.b.u.a.BootcoinUserApiApplicationTests - Started BootcoinUserApiApplicationTests in 16.44 seconds (process running for 19.29) 
2025-04-28 12:02:19-110 [DiscoveryClient-InstanceInfoReplicator-%d] INFO  c.netflix.discovery.DiscoveryClient - DiscoveryClient_BOOTCOIN-USER-API/bootcoin-user-api:8817 - registration status: 204 
2025-04-28 12:02:19-145 [org.springframework.kafka.KafkaListenerEndpointContainer#0-0-C-1] INFO  o.apache.kafka.clients.NetworkClient - [Consumer clientId=consumer-bootuser-group-2, groupId=bootuser-group] Node -1 disconnected. 
2025-04-28 12:02:19-145 [org.springframework.kafka.KafkaListenerEndpointContainer#0-0-C-1] WARN  o.apache.kafka.clients.NetworkClient - [Consumer clientId=consumer-bootuser-group-2, groupId=bootuser-group] Connection to node -1 (localhost/127.0.0.1:29092) could not be established. Node may not be available. 
2025-04-28 12:02:19-145 [org.springframework.kafka.KafkaListenerEndpointContainer#0-0-C-1] WARN  o.apache.kafka.clients.NetworkClient - [Consumer clientId=consumer-bootuser-group-2, groupId=bootuser-group] Bootstrap broker localhost:29092 (id: -1 rack: null) disconnected 
2025-04-28 12:02:19-184 [org.springframework.kafka.KafkaListenerEndpointContainer#1-0-C-1] INFO  o.apache.kafka.clients.NetworkClient - [Consumer clientId=consumer-bootuser-group-3, groupId=bootuser-group] Node -1 disconnected. 
2025-04-28 12:02:19-184 [org.springframework.kafka.KafkaListenerEndpointContainer#1-0-C-1] WARN  o.apache.kafka.clients.NetworkClient - [Consumer clientId=consumer-bootuser-group-3, groupId=bootuser-group] Connection to node -1 (localhost/127.0.0.1:29092) could not be established. Node may not be available. 
2025-04-28 12:02:19-185 [org.springframework.kafka.KafkaListenerEndpointContainer#1-0-C-1] WARN  o.apache.kafka.clients.NetworkClient - [Consumer clientId=consumer-bootuser-group-3, groupId=bootuser-group] Bootstrap broker localhost:29092 (id: -1 rack: null) disconnected 
2025-04-28 12:02:19-186 [repliesContainer-0-C-1] INFO  o.apache.kafka.clients.NetworkClient - [Consumer clientId=consumer-bootuser-group-1, groupId=bootuser-group] Node -1 disconnected. 
2025-04-28 12:02:19-187 [repliesContainer-0-C-1] WARN  o.apache.kafka.clients.NetworkClient - [Consumer clientId=consumer-bootuser-group-1, groupId=bootuser-group] Connection to node -1 (localhost/127.0.0.1:29092) could not be established. Node may not be available. 
2025-04-28 12:02:19-187 [repliesContainer-0-C-1] WARN  o.apache.kafka.clients.NetworkClient - [Consumer clientId=consumer-bootuser-group-1, groupId=bootuser-group] Bootstrap broker localhost:29092 (id: -1 rack: null) disconnected 
2025-04-28 12:02:19-263 [org.springframework.kafka.KafkaListenerEndpointContainer#0-0-C-1] INFO  o.apache.kafka.clients.NetworkClient - [Consumer clientId=consumer-bootuser-group-2, groupId=bootuser-group] Node -1 disconnected. 
2025-04-28 12:02:19-263 [org.springframework.kafka.KafkaListenerEndpointContainer#0-0-C-1] WARN  o.apache.kafka.clients.NetworkClient - [Consumer clientId=consumer-bootuser-group-2, groupId=bootuser-group] Connection to node -1 (localhost/127.0.0.1:29092) could not be established. Node may not be available. 
2025-04-28 12:02:19-263 [org.springframework.kafka.KafkaListenerEndpointContainer#0-0-C-1] WARN  o.apache.kafka.clients.NetworkClient - [Consumer clientId=consumer-bootuser-group-2, groupId=bootuser-group] Bootstrap broker localhost:29092 (id: -1 rack: null) disconnected 
2025-04-28 12:02:19-308 [org.springframework.kafka.KafkaListenerEndpointContainer#1-0-C-1] INFO  o.apache.kafka.clients.NetworkClient - [Consumer clientId=consumer-bootuser-group-3, groupId=bootuser-group] Node -1 disconnected. 
2025-04-28 12:02:19-308 [org.springframework.kafka.KafkaListenerEndpointContainer#1-0-C-1] WARN  o.apache.kafka.clients.NetworkClient - [Consumer clientId=consumer-bootuser-group-3, groupId=bootuser-group] Connection to node -1 (localhost/127.0.0.1:29092) could not be established. Node may not be available. 
2025-04-28 12:02:19-308 [org.springframework.kafka.KafkaListenerEndpointContainer#1-0-C-1] WARN  o.apache.kafka.clients.NetworkClient - [Consumer clientId=consumer-bootuser-group-3, groupId=bootuser-group] Bootstrap broker localhost:29092 (id: -1 rack: null) disconnected 
2025-04-28 12:02:19-386 [repliesContainer-0-C-1] INFO  o.apache.kafka.clients.NetworkClient - [Consumer clientId=consumer-bootuser-group-1, groupId=bootuser-group] Node -1 disconnected. 
2025-04-28 12:02:19-387 [repliesContainer-0-C-1] WARN  o.apache.kafka.clients.NetworkClient - [Consumer clientId=consumer-bootuser-group-1, groupId=bootuser-group] Connection to node -1 (localhost/127.0.0.1:29092) could not be established. Node may not be available. 
2025-04-28 12:02:19-387 [repliesContainer-0-C-1] WARN  o.apache.kafka.clients.NetworkClient - [Consumer clientId=consumer-bootuser-group-1, groupId=bootuser-group] Bootstrap broker localhost:29092 (id: -1 rack: null) disconnected 
2025-04-28 12:02:19-542 [org.springframework.kafka.KafkaListenerEndpointContainer#1-0-C-1] INFO  o.apache.kafka.clients.NetworkClient - [Consumer clientId=consumer-bootuser-group-3, groupId=bootuser-group] Node -1 disconnected. 
2025-04-28 12:02:19-543 [org.springframework.kafka.KafkaListenerEndpointContainer#1-0-C-1] WARN  o.apache.kafka.clients.NetworkClient - [Consumer clientId=consumer-bootuser-group-3, groupId=bootuser-group] Connection to node -1 (localhost/127.0.0.1:29092) could not be established. Node may not be available. 
2025-04-28 12:02:19-544 [org.springframework.kafka.KafkaListenerEndpointContainer#1-0-C-1] WARN  o.apache.kafka.clients.NetworkClient - [Consumer clientId=consumer-bootuser-group-3, groupId=bootuser-group] Bootstrap broker localhost:29092 (id: -1 rack: null) disconnected 
2025-04-28 12:02:19-544 [org.springframework.kafka.KafkaListenerEndpointContainer#0-0-C-1] INFO  o.apache.kafka.clients.NetworkClient - [Consumer clientId=consumer-bootuser-group-2, groupId=bootuser-group] Node -1 disconnected. 
2025-04-28 12:02:19-544 [org.springframework.kafka.KafkaListenerEndpointContainer#0-0-C-1] WARN  o.apache.kafka.clients.NetworkClient - [Consumer clientId=consumer-bootuser-group-2, groupId=bootuser-group] Connection to node -1 (localhost/127.0.0.1:29092) could not be established. Node may not be available. 
2025-04-28 12:02:19-544 [org.springframework.kafka.KafkaListenerEndpointContainer#0-0-C-1] WARN  o.apache.kafka.clients.NetworkClient - [Consumer clientId=consumer-bootuser-group-2, groupId=bootuser-group] Bootstrap broker localhost:29092 (id: -1 rack: null) disconnected 
2025-04-28 12:02:19-822 [repliesContainer-0-C-1] INFO  o.apache.kafka.clients.NetworkClient - [Consumer clientId=consumer-bootuser-group-1, groupId=bootuser-group] Node -1 disconnected. 
2025-04-28 12:02:19-822 [repliesContainer-0-C-1] WARN  o.apache.kafka.clients.NetworkClient - [Consumer clientId=consumer-bootuser-group-1, groupId=bootuser-group] Connection to node -1 (localhost/127.0.0.1:29092) could not be established. Node may not be available. 
2025-04-28 12:02:19-823 [repliesContainer-0-C-1] WARN  o.apache.kafka.clients.NetworkClient - [Consumer clientId=consumer-bootuser-group-1, groupId=bootuser-group] Bootstrap broker localhost:29092 (id: -1 rack: null) disconnected 
2025-04-28 12:02:19-977 [org.springframework.kafka.KafkaListenerEndpointContainer#0-0-C-1] INFO  o.apache.kafka.clients.NetworkClient - [Consumer clientId=consumer-bootuser-group-2, groupId=bootuser-group] Node -1 disconnected. 
2025-04-28 12:02:19-977 [org.springframework.kafka.KafkaListenerEndpointContainer#1-0-C-1] INFO  o.apache.kafka.clients.NetworkClient - [Consumer clientId=consumer-bootuser-group-3, groupId=bootuser-group] Node -1 disconnected. 
2025-04-28 12:02:19-978 [org.springframework.kafka.KafkaListenerEndpointContainer#0-0-C-1] WARN  o.apache.kafka.clients.NetworkClient - [Consumer clientId=consumer-bootuser-group-2, groupId=bootuser-group] Connection to node -1 (localhost/127.0.0.1:29092) could not be established. Node may not be available. 
2025-04-28 12:02:19-978 [org.springframework.kafka.KafkaListenerEndpointContainer#1-0-C-1] WARN  o.apache.kafka.clients.NetworkClient - [Consumer clientId=consumer-bootuser-group-3, groupId=bootuser-group] Connection to node -1 (localhost/127.0.0.1:29092) could not be established. Node may not be available. 
2025-04-28 12:02:19-978 [org.springframework.kafka.KafkaListenerEndpointContainer#0-0-C-1] WARN  o.apache.kafka.clients.NetworkClient - [Consumer clientId=consumer-bootuser-group-2, groupId=bootuser-group] Bootstrap broker localhost:29092 (id: -1 rack: null) disconnected 
2025-04-28 12:02:19-978 [org.springframework.kafka.KafkaListenerEndpointContainer#1-0-C-1] WARN  o.apache.kafka.clients.NetworkClient - [Consumer clientId=consumer-bootuser-group-3, groupId=bootuser-group] Bootstrap broker localhost:29092 (id: -1 rack: null) disconnected 
2025-04-28 12:02:20-161 [SpringApplicationShutdownHook] INFO  o.s.c.n.e.s.EurekaServiceRegistry - Unregistering application BOOTCOIN-USER-API with eureka with status DOWN 
2025-04-28 12:02:20-162 [SpringApplicationShutdownHook] INFO  c.netflix.discovery.DiscoveryClient - Saw local status change event StatusChangeEvent [timestamp=1745859740162, current=DOWN, previous=UP] 
2025-04-28 12:02:20-162 [DiscoveryClient-InstanceInfoReplicator-%d] INFO  c.netflix.discovery.DiscoveryClient - DiscoveryClient_BOOTCOIN-USER-API/bootcoin-user-api:8817: registering service... 
2025-04-28 12:02:20-170 [DiscoveryClient-InstanceInfoReplicator-%d] INFO  c.netflix.discovery.DiscoveryClient - DiscoveryClient_BOOTCOIN-USER-API/bootcoin-user-api:8817 - registration status: 204 
2025-04-28 12:02:20-615 [repliesContainer-0-C-1] INFO  o.a.k.c.c.i.ConsumerCoordinator - [Consumer clientId=consumer-bootuser-group-1, groupId=bootuser-group] Resetting generation and member id due to: consumer pro-actively leaving the group 
2025-04-28 12:02:20-615 [repliesContainer-0-C-1] INFO  o.a.k.c.c.i.ConsumerCoordinator - [Consumer clientId=consumer-bootuser-group-1, groupId=bootuser-group] Request joining group due to: consumer pro-actively leaving the group 
2025-04-28 12:02:20-616 [repliesContainer-0-C-1] INFO  o.a.k.c.c.i.LegacyKafkaConsumer - [Consumer clientId=consumer-bootuser-group-1, groupId=bootuser-group] Unsubscribed all topics or patterns and assigned partitions 
2025-04-28 12:02:20-618 [repliesContainer-0-C-1] INFO  o.a.k.c.c.i.ConsumerCoordinator - [Consumer clientId=consumer-bootuser-group-1, groupId=bootuser-group] Resetting generation and member id due to: consumer pro-actively leaving the group 
2025-04-28 12:02:20-619 [repliesContainer-0-C-1] INFO  o.a.k.c.c.i.ConsumerCoordinator - [Consumer clientId=consumer-bootuser-group-1, groupId=bootuser-group] Request joining group due to: consumer pro-actively leaving the group 
2025-04-28 12:02:20-624 [repliesContainer-0-C-1] INFO  o.a.kafka.common.metrics.Metrics - Metrics scheduler closed 
2025-04-28 12:02:20-625 [repliesContainer-0-C-1] INFO  o.a.kafka.common.metrics.Metrics - Closing reporter org.apache.kafka.common.metrics.JmxReporter 
2025-04-28 12:02:20-625 [repliesContainer-0-C-1] INFO  o.a.kafka.common.metrics.Metrics - Closing reporter org.apache.kafka.common.telemetry.internals.ClientTelemetryReporter 
2025-04-28 12:02:20-625 [repliesContainer-0-C-1] INFO  o.a.kafka.common.metrics.Metrics - Metrics reporters closed 
2025-04-28 12:02:20-629 [repliesContainer-0-C-1] INFO  o.a.kafka.common.utils.AppInfoParser - App info kafka.consumer for consumer-bootuser-group-1 unregistered 
2025-04-28 12:02:20-630 [repliesContainer-0-C-1] INFO  o.s.k.l.KafkaMessageListenerContainer - bootuser-group: Consumer stopped 
2025-04-28 12:02:20-632 [org.springframework.kafka.KafkaListenerEndpointContainer#1-0-C-1] INFO  o.a.k.c.c.i.ConsumerCoordinator - [Consumer clientId=consumer-bootuser-group-3, groupId=bootuser-group] Resetting generation and member id due to: consumer pro-actively leaving the group 
2025-04-28 12:02:20-632 [org.springframework.kafka.KafkaListenerEndpointContainer#0-0-C-1] INFO  o.a.k.c.c.i.ConsumerCoordinator - [Consumer clientId=consumer-bootuser-group-2, groupId=bootuser-group] Resetting generation and member id due to: consumer pro-actively leaving the group 
2025-04-28 12:02:20-633 [org.springframework.kafka.KafkaListenerEndpointContainer#1-0-C-1] INFO  o.a.k.c.c.i.ConsumerCoordinator - [Consumer clientId=consumer-bootuser-group-3, groupId=bootuser-group] Request joining group due to: consumer pro-actively leaving the group 
2025-04-28 12:02:20-633 [org.springframework.kafka.KafkaListenerEndpointContainer#0-0-C-1] INFO  o.a.k.c.c.i.ConsumerCoordinator - [Consumer clientId=consumer-bootuser-group-2, groupId=bootuser-group] Request joining group due to: consumer pro-actively leaving the group 
2025-04-28 12:02:20-633 [org.springframework.kafka.KafkaListenerEndpointContainer#1-0-C-1] INFO  o.a.k.c.c.i.LegacyKafkaConsumer - [Consumer clientId=consumer-bootuser-group-3, groupId=bootuser-group] Unsubscribed all topics or patterns and assigned partitions 
2025-04-28 12:02:20-633 [org.springframework.kafka.KafkaListenerEndpointContainer#0-0-C-1] INFO  o.a.k.c.c.i.LegacyKafkaConsumer - [Consumer clientId=consumer-bootuser-group-2, groupId=bootuser-group] Unsubscribed all topics or patterns and assigned partitions 
2025-04-28 12:02:20-633 [org.springframework.kafka.KafkaListenerEndpointContainer#0-0-C-1] INFO  o.a.k.c.c.i.ConsumerCoordinator - [Consumer clientId=consumer-bootuser-group-2, groupId=bootuser-group] Resetting generation and member id due to: consumer pro-actively leaving the group 
2025-04-28 12:02:20-633 [org.springframework.kafka.KafkaListenerEndpointContainer#1-0-C-1] INFO  o.a.k.c.c.i.ConsumerCoordinator - [Consumer clientId=consumer-bootuser-group-3, groupId=bootuser-group] Resetting generation and member id due to: consumer pro-actively leaving the group 
2025-04-28 12:02:20-633 [org.springframework.kafka.KafkaListenerEndpointContainer#0-0-C-1] INFO  o.a.k.c.c.i.ConsumerCoordinator - [Consumer clientId=consumer-bootuser-group-2, groupId=bootuser-group] Request joining group due to: consumer pro-actively leaving the group 
2025-04-28 12:02:20-633 [org.springframework.kafka.KafkaListenerEndpointContainer#1-0-C-1] INFO  o.a.k.c.c.i.ConsumerCoordinator - [Consumer clientId=consumer-bootuser-group-3, groupId=bootuser-group] Request joining group due to: consumer pro-actively leaving the group 
2025-04-28 12:02:20-634 [org.springframework.kafka.KafkaListenerEndpointContainer#1-0-C-1] INFO  o.a.kafka.common.metrics.Metrics - Metrics scheduler closed 
2025-04-28 12:02:20-634 [org.springframework.kafka.KafkaListenerEndpointContainer#0-0-C-1] INFO  o.a.kafka.common.metrics.Metrics - Metrics scheduler closed 
2025-04-28 12:02:20-634 [org.springframework.kafka.KafkaListenerEndpointContainer#1-0-C-1] INFO  o.a.kafka.common.metrics.Metrics - Closing reporter org.apache.kafka.common.metrics.JmxReporter 
2025-04-28 12:02:20-634 [org.springframework.kafka.KafkaListenerEndpointContainer#0-0-C-1] INFO  o.a.kafka.common.metrics.Metrics - Closing reporter org.apache.kafka.common.metrics.JmxReporter 
2025-04-28 12:02:20-634 [org.springframework.kafka.KafkaListenerEndpointContainer#1-0-C-1] INFO  o.a.kafka.common.metrics.Metrics - Closing reporter org.apache.kafka.common.telemetry.internals.ClientTelemetryReporter 
2025-04-28 12:02:20-635 [org.springframework.kafka.KafkaListenerEndpointContainer#0-0-C-1] INFO  o.a.kafka.common.metrics.Metrics - Closing reporter org.apache.kafka.common.telemetry.internals.ClientTelemetryReporter 
2025-04-28 12:02:20-635 [org.springframework.kafka.KafkaListenerEndpointContainer#1-0-C-1] INFO  o.a.kafka.common.metrics.Metrics - Metrics reporters closed 
2025-04-28 12:02:20-635 [org.springframework.kafka.KafkaListenerEndpointContainer#0-0-C-1] INFO  o.a.kafka.common.metrics.Metrics - Metrics reporters closed 
2025-04-28 12:02:20-640 [org.springframework.kafka.KafkaListenerEndpointContainer#1-0-C-1] INFO  o.a.kafka.common.utils.AppInfoParser - App info kafka.consumer for consumer-bootuser-group-3 unregistered 
2025-04-28 12:02:20-640 [org.springframework.kafka.KafkaListenerEndpointContainer#1-0-C-1] INFO  o.s.k.l.KafkaMessageListenerContainer - bootuser-group: Consumer stopped 
2025-04-28 12:02:20-640 [org.springframework.kafka.KafkaListenerEndpointContainer#0-0-C-1] INFO  o.a.kafka.common.utils.AppInfoParser - App info kafka.consumer for consumer-bootuser-group-2 unregistered 
2025-04-28 12:02:20-641 [org.springframework.kafka.KafkaListenerEndpointContainer#0-0-C-1] INFO  o.s.k.l.KafkaMessageListenerContainer - bootuser-group: Consumer stopped 
2025-04-28 12:02:22-751 [SpringApplicationShutdownHook] INFO  c.netflix.discovery.DiscoveryClient - Shutting down DiscoveryClient ... 
2025-04-28 12:02:25-765 [SpringApplicationShutdownHook] INFO  c.netflix.discovery.DiscoveryClient - Unregistering ... 
2025-04-28 12:02:25-785 [SpringApplicationShutdownHook] INFO  c.netflix.discovery.DiscoveryClient - DiscoveryClient_BOOTCOIN-USER-API/bootcoin-user-api:8817 - deregister  status: 200 
2025-04-28 12:02:25-786 [SpringApplicationShutdownHook] INFO  c.netflix.discovery.DiscoveryClient - Completed shut down of DiscoveryClient 
2025-04-28 12:16:03-052 [main] INFO  o.s.t.c.s.AnnotationConfigContextLoaderUtils - Could not detect default configuration classes for test class [com.bootcoin.user.api.BootcoinUserApiApplicationTests]: BootcoinUserApiApplicationTests does not declare any static, non-private, non-final, nested classes annotated with @Configuration. 
2025-04-28 12:16:03-813 [main] INFO  o.s.b.t.c.SpringBootTestContextBootstrapper - Found @SpringBootConfiguration com.bootcoin.user.api.BootcoinUserApiApplication for test class com.bootcoin.user.api.BootcoinUserApiApplicationTests 
2025-04-28 12:16:08-420 [main] INFO  c.b.u.a.BootcoinUserApiApplicationTests - Starting BootcoinUserApiApplicationTests using Java 17.0.12 with PID 2648 (started by mgarcsar in C:\Users\mgarcsar\Documents\Bootcamp\etregables\BootCoin\bootcoin-user-api) 
2025-04-28 12:16:08-422 [main] INFO  c.b.u.a.BootcoinUserApiApplicationTests - The following 1 profile is active: "dev" 
2025-04-28 12:16:08-517 [main] INFO  o.s.c.c.c.ConfigServerConfigDataLoader - Fetching config from server at : http://config-server-bc:8888 
2025-04-28 12:16:08-518 [main] INFO  o.s.c.c.c.ConfigServerConfigDataLoader - Exception on Url - http://config-server-bc:8888:org.springframework.web.client.ResourceAccessException: I/O error on GET request for "http://config-server-bc:8888/bootcoin-user-api/default": config-server-bc. Will be trying the next url if available 
2025-04-28 12:16:08-519 [main] WARN  o.s.c.c.c.ConfigServerConfigDataLoader - Could not locate PropertySource ([ConfigServerConfigDataResource@3e1897d uris = array<String>['http://config-server-bc:8888'], optional = true, profiles = 'default']): I/O error on GET request for "http://config-server-bc:8888/bootcoin-user-api/default": config-server-bc 
2025-04-28 12:16:08-520 [main] INFO  o.s.c.c.c.ConfigServerConfigDataLoader - Fetching config from server at : http://config-server-bc:8888 
2025-04-28 12:16:08-521 [main] INFO  o.s.c.c.c.ConfigServerConfigDataLoader - Exception on Url - http://config-server-bc:8888:org.springframework.web.client.ResourceAccessException: I/O error on GET request for "http://config-server-bc:8888/bootcoin-user-api/dev": config-server-bc. Will be trying the next url if available 
2025-04-28 12:16:08-521 [main] WARN  o.s.c.c.c.ConfigServerConfigDataLoader - Could not locate PropertySource ([ConfigServerConfigDataResource@53d2f0ec uris = array<String>['http://config-server-bc:8888'], optional = true, profiles = 'dev']): I/O error on GET request for "http://config-server-bc:8888/bootcoin-user-api/dev": config-server-bc 
2025-04-28 12:16:08-521 [main] INFO  o.s.c.c.c.ConfigServerConfigDataLoader - Fetching config from server at : http://config-server-bc:8888 
2025-04-28 12:16:08-522 [main] INFO  o.s.c.c.c.ConfigServerConfigDataLoader - Exception on Url - http://config-server-bc:8888:org.springframework.web.client.ResourceAccessException: I/O error on GET request for "http://config-server-bc:8888/bootcoin-user-api/default": config-server-bc. Will be trying the next url if available 
2025-04-28 12:16:08-522 [main] WARN  o.s.c.c.c.ConfigServerConfigDataLoader - Could not locate PropertySource ([ConfigServerConfigDataResource@560be8c0 uris = array<String>['http://config-server-bc:8888'], optional = true, profiles = 'default']): I/O error on GET request for "http://config-server-bc:8888/bootcoin-user-api/default": config-server-bc 
2025-04-28 12:16:10-990 [main] INFO  o.s.d.r.c.RepositoryConfigurationDelegate - Bootstrapping Spring Data Reactive MongoDB repositories in DEFAULT mode. 
2025-04-28 12:16:11-905 [main] INFO  o.s.d.r.c.RepositoryConfigurationDelegate - Finished Spring Data repository scanning in 866 ms. Found 1 Reactive MongoDB repository interface. 
2025-04-28 12:16:12-976 [main] INFO  o.s.cloud.context.scope.GenericScope - BeanFactory id=38fdc953-25ca-3510-8aa0-db7918657eca 
2025-04-28 12:16:15-333 [main] INFO  org.mongodb.driver.client - MongoClient with metadata {"driver": {"name": "mongo-java-driver|reactive-streams|spring-boot", "version": "5.2.1"}, "os": {"type": "Windows", "name": "Windows 10", "architecture": "amd64", "version": "10.0"}, "platform": "Java/Oracle Corporation/17.0.12+8-LTS-286"} created with settings MongoClientSettings{readPreference=primary, writeConcern=WriteConcern{w=null, wTimeout=null ms, journal=null}, retryWrites=true, retryReads=true, readConcern=ReadConcern{level=null}, credential=null, transportSettings=NettyTransportSettings{eventLoopGroup=io.netty.channel.nio.NioEventLoopGroup@475414c0, socketChannelClass=null, allocator=null, sslContext=null}, commandListeners=[io.micrometer.core.instrument.binder.mongodb.MongoMetricsCommandListener@1d46d6d9], codecRegistry=ProvidersCodecRegistry{codecProviders=[ValueCodecProvider{}, BsonValueCodecProvider{}, DBRefCodecProvider{}, DBObjectCodecProvider{}, DocumentCodecProvider{}, CollectionCodecProvider{}, IterableCodecProvider{}, MapCodecProvider{}, GeoJsonCodecProvider{}, GridFSFileCodecProvider{}, Jsr310CodecProvider{}, JsonObjectCodecProvider{}, BsonCodecProvider{}, EnumCodecProvider{}, com.mongodb.client.model.mql.ExpressionCodecProvider@57235833, com.mongodb.Jep395RecordCodecProvider@10776874, com.mongodb.KotlinCodecProvider@77e28cae]}, loggerSettings=LoggerSettings{maxDocumentLength=1000}, clusterSettings={hosts=[localhost:27017], srvServiceName=mongodb, mode=SINGLE, requiredClusterType=UNKNOWN, requiredReplicaSetName='null', serverSelector='null', clusterListeners='[]', serverSelectionTimeout='30000 ms', localThreshold='15 ms'}, socketSettings=SocketSettings{connectTimeoutMS=10000, readTimeoutMS=0, receiveBufferSize=0, proxySettings=ProxySettings{host=null, port=null, username=null, password=null}}, heartbeatSocketSettings=SocketSettings{connectTimeoutMS=10000, readTimeoutMS=10000, receiveBufferSize=0, proxySettings=ProxySettings{host=null, port=null, username=null, password=null}}, connectionPoolSettings=ConnectionPoolSettings{maxSize=100, minSize=0, maxWaitTimeMS=120000, maxConnectionLifeTimeMS=0, maxConnectionIdleTimeMS=0, maintenanceInitialDelayMS=0, maintenanceFrequencyMS=60000, connectionPoolListeners=[io.micrometer.core.instrument.binder.mongodb.MongoMetricsConnectionPoolListener@5cb96c95], maxConnecting=2}, serverSettings=ServerSettings{heartbeatFrequencyMS=10000, minHeartbeatFrequencyMS=500, serverMonitoringMode=AUTO, serverListeners='[]', serverMonitorListeners='[]'}, sslSettings=SslSettings{enabled=false, invalidHostNameAllowed=false, context=null}, applicationName='null', compressorList=[], uuidRepresentation=JAVA_LEGACY, serverApi=null, autoEncryptionSettings=null, dnsClient=null, inetAddressResolver=null, contextProvider=null, timeoutMS=null} 
2025-04-28 12:16:15-728 [cluster-ClusterId{value='680fb7deda31ff4df511f553', description='null'}-localhost:27017] INFO  org.mongodb.driver.cluster - Monitor thread successfully connected to server with description ServerDescription{address=localhost:27017, type=STANDALONE, cryptd=false, state=CONNECTED, ok=true, minWireVersion=0, maxWireVersion=25, maxDocumentSize=16777216, logicalSessionTimeoutMinutes=30, roundTripTimeNanos=203740800, minRoundTripTimeNanos=0} 
2025-04-28 12:16:18-641 [main] INFO  o.s.v.b.OptionalValidatorFactoryBean - Failed to set up a Bean Validation provider: jakarta.validation.NoProviderFoundException: Unable to create a Configuration, because no Jakarta Bean Validation provider could be found. Add a provider like Hibernate Validator (RI) to your classpath. 
2025-04-28 12:16:23-073 [main] INFO  o.s.b.a.e.web.EndpointLinksResolver - Exposing 2 endpoints beneath base path '/actuator' 
2025-04-28 12:16:25-360 [main] INFO  o.s.c.n.e.c.DiscoveryClientOptionalArgsConfiguration - Eureka HTTP Client uses RestTemplate. 
2025-04-28 12:16:25-542 [main] WARN  o.s.c.l.c.LoadBalancerCacheAutoConfiguration$LoadBalancerCaffeineWarnLogger - Spring Cloud LoadBalancer is currently working with the default cache. While this cache implementation is useful for development and tests, it's recommended to use Caffeine cache in production.You can switch to using Caffeine cache, by adding it and org.springframework.cache.caffeine.CaffeineCacheManager to the classpath. 
2025-04-28 12:16:25-976 [main] INFO  o.a.k.c.consumer.ConsumerConfig - ConsumerConfig values: 
	allow.auto.create.topics = true
	auto.commit.interval.ms = 5000
	auto.include.jmx.reporter = true
	auto.offset.reset = latest
	bootstrap.servers = [localhost:29092]
	check.crcs = true
	client.dns.lookup = use_all_dns_ips
	client.id = consumer-bootuser-group-1
	client.rack = 
	connections.max.idle.ms = 540000
	default.api.timeout.ms = 60000
	enable.auto.commit = false
	enable.metrics.push = true
	exclude.internal.topics = true
	fetch.max.bytes = 52428800
	fetch.max.wait.ms = 500
	fetch.min.bytes = 1
	group.id = bootuser-group
	group.instance.id = null
	group.protocol = classic
	group.remote.assignor = null
	heartbeat.interval.ms = 3000
	interceptor.classes = []
	internal.leave.group.on.close = true
	internal.throw.on.fetch.stable.offset.unsupported = false
	isolation.level = read_uncommitted
	key.deserializer = class org.apache.kafka.common.serialization.StringDeserializer
	max.partition.fetch.bytes = 1048576
	max.poll.interval.ms = 300000
	max.poll.records = 500
	metadata.max.age.ms = 300000
	metadata.recovery.strategy = none
	metric.reporters = []
	metrics.num.samples = 2
	metrics.recording.level = INFO
	metrics.sample.window.ms = 30000
	partition.assignment.strategy = [class org.apache.kafka.clients.consumer.RangeAssignor, class org.apache.kafka.clients.consumer.CooperativeStickyAssignor]
	receive.buffer.bytes = 65536
	reconnect.backoff.max.ms = 1000
	reconnect.backoff.ms = 50
	request.timeout.ms = 30000
	retry.backoff.max.ms = 1000
	retry.backoff.ms = 100
	sasl.client.callback.handler.class = null
	sasl.jaas.config = null
	sasl.kerberos.kinit.cmd = /usr/bin/kinit
	sasl.kerberos.min.time.before.relogin = 60000
	sasl.kerberos.service.name = null
	sasl.kerberos.ticket.renew.jitter = 0.05
	sasl.kerberos.ticket.renew.window.factor = 0.8
	sasl.login.callback.handler.class = null
	sasl.login.class = null
	sasl.login.connect.timeout.ms = null
	sasl.login.read.timeout.ms = null
	sasl.login.refresh.buffer.seconds = 300
	sasl.login.refresh.min.period.seconds = 60
	sasl.login.refresh.window.factor = 0.8
	sasl.login.refresh.window.jitter = 0.05
	sasl.login.retry.backoff.max.ms = 10000
	sasl.login.retry.backoff.ms = 100
	sasl.mechanism = GSSAPI
	sasl.oauthbearer.clock.skew.seconds = 30
	sasl.oauthbearer.expected.audience = null
	sasl.oauthbearer.expected.issuer = null
	sasl.oauthbearer.jwks.endpoint.refresh.ms = 3600000
	sasl.oauthbearer.jwks.endpoint.retry.backoff.max.ms = 10000
	sasl.oauthbearer.jwks.endpoint.retry.backoff.ms = 100
	sasl.oauthbearer.jwks.endpoint.url = null
	sasl.oauthbearer.scope.claim.name = scope
	sasl.oauthbearer.sub.claim.name = sub
	sasl.oauthbearer.token.endpoint.url = null
	security.protocol = PLAINTEXT
	security.providers = null
	send.buffer.bytes = 131072
	session.timeout.ms = 45000
	socket.connection.setup.timeout.max.ms = 30000
	socket.connection.setup.timeout.ms = 10000
	ssl.cipher.suites = null
	ssl.enabled.protocols = [TLSv1.2, TLSv1.3]
	ssl.endpoint.identification.algorithm = https
	ssl.engine.factory.class = null
	ssl.key.password = null
	ssl.keymanager.algorithm = SunX509
	ssl.keystore.certificate.chain = null
	ssl.keystore.key = null
	ssl.keystore.location = null
	ssl.keystore.password = null
	ssl.keystore.type = JKS
	ssl.protocol = TLSv1.3
	ssl.provider = null
	ssl.secure.random.implementation = null
	ssl.trustmanager.algorithm = PKIX
	ssl.truststore.certificates = null
	ssl.truststore.location = null
	ssl.truststore.password = null
	ssl.truststore.type = JKS
	value.deserializer = class org.apache.kafka.common.serialization.StringDeserializer
 
2025-04-28 12:16:26-163 [main] INFO  o.a.k.c.t.i.KafkaMetricsCollector - initializing Kafka metrics collector 
2025-04-28 12:16:26-975 [main] INFO  o.a.kafka.common.utils.AppInfoParser - Kafka version: 3.8.1 
2025-04-28 12:16:26-983 [main] INFO  o.a.kafka.common.utils.AppInfoParser - Kafka commitId: 70d6ff42debf7e17 
2025-04-28 12:16:26-983 [main] INFO  o.a.kafka.common.utils.AppInfoParser - Kafka startTimeMs: 1745860586947 
2025-04-28 12:16:26-994 [main] INFO  o.a.k.c.c.i.LegacyKafkaConsumer - [Consumer clientId=consumer-bootuser-group-1, groupId=bootuser-group] Subscribed to topic(s): bootcoin-user-response 
2025-04-28 12:16:27-292 [main] INFO  o.s.c.n.eureka.InstanceInfoFactory - Setting initial instance status as: STARTING 
2025-04-28 12:16:27-435 [main] INFO  c.netflix.discovery.DiscoveryClient - Initializing Eureka in region us-east-1 
2025-04-28 12:16:27-448 [main] INFO  c.n.d.s.r.aws.ConfigClusterResolver - Resolving eureka endpoints via configuration 
2025-04-28 12:16:27-500 [main] INFO  c.netflix.discovery.DiscoveryClient - Disable delta property : false 
2025-04-28 12:16:27-501 [main] INFO  c.netflix.discovery.DiscoveryClient - Single vip registry refresh property : null 
2025-04-28 12:16:27-501 [main] INFO  c.netflix.discovery.DiscoveryClient - Force full registry fetch : false 
2025-04-28 12:16:27-502 [main] INFO  c.netflix.discovery.DiscoveryClient - Application is null : false 
2025-04-28 12:16:27-502 [main] INFO  c.netflix.discovery.DiscoveryClient - Registered Applications size is zero : true 
2025-04-28 12:16:27-502 [main] INFO  c.netflix.discovery.DiscoveryClient - Application version is -1: true 
2025-04-28 12:16:27-502 [main] INFO  c.netflix.discovery.DiscoveryClient - Getting all instance registry info from the eureka server 
2025-04-28 12:16:28-437 [repliesContainer-0-C-1] INFO  o.apache.kafka.clients.NetworkClient - [Consumer clientId=consumer-bootuser-group-1, groupId=bootuser-group] Node -1 disconnected. 
2025-04-28 12:16:28-443 [repliesContainer-0-C-1] WARN  o.apache.kafka.clients.NetworkClient - [Consumer clientId=consumer-bootuser-group-1, groupId=bootuser-group] Connection to node -1 (localhost/127.0.0.1:29092) could not be established. Node may not be available. 
2025-04-28 12:16:28-446 [repliesContainer-0-C-1] WARN  o.apache.kafka.clients.NetworkClient - [Consumer clientId=consumer-bootuser-group-1, groupId=bootuser-group] Bootstrap broker localhost:29092 (id: -1 rack: null) disconnected 
2025-04-28 12:16:28-564 [repliesContainer-0-C-1] INFO  o.apache.kafka.clients.NetworkClient - [Consumer clientId=consumer-bootuser-group-1, groupId=bootuser-group] Node -1 disconnected. 
2025-04-28 12:16:28-564 [repliesContainer-0-C-1] WARN  o.apache.kafka.clients.NetworkClient - [Consumer clientId=consumer-bootuser-group-1, groupId=bootuser-group] Connection to node -1 (localhost/127.0.0.1:29092) could not be established. Node may not be available. 
2025-04-28 12:16:28-565 [repliesContainer-0-C-1] WARN  o.apache.kafka.clients.NetworkClient - [Consumer clientId=consumer-bootuser-group-1, groupId=bootuser-group] Bootstrap broker localhost:29092 (id: -1 rack: null) disconnected 
2025-04-28 12:16:28-695 [repliesContainer-0-C-1] INFO  o.apache.kafka.clients.NetworkClient - [Consumer clientId=consumer-bootuser-group-1, groupId=bootuser-group] Node -1 disconnected. 
2025-04-28 12:16:28-697 [repliesContainer-0-C-1] WARN  o.apache.kafka.clients.NetworkClient - [Consumer clientId=consumer-bootuser-group-1, groupId=bootuser-group] Connection to node -1 (localhost/127.0.0.1:29092) could not be established. Node may not be available. 
2025-04-28 12:16:28-697 [repliesContainer-0-C-1] WARN  o.apache.kafka.clients.NetworkClient - [Consumer clientId=consumer-bootuser-group-1, groupId=bootuser-group] Bootstrap broker localhost:29092 (id: -1 rack: null) disconnected 
2025-04-28 12:16:28-924 [main] INFO  c.netflix.discovery.DiscoveryClient - The response status is 200 
2025-04-28 12:16:28-925 [repliesContainer-0-C-1] INFO  o.apache.kafka.clients.NetworkClient - [Consumer clientId=consumer-bootuser-group-1, groupId=bootuser-group] Node -1 disconnected. 
2025-04-28 12:16:28-926 [repliesContainer-0-C-1] WARN  o.apache.kafka.clients.NetworkClient - [Consumer clientId=consumer-bootuser-group-1, groupId=bootuser-group] Connection to node -1 (localhost/127.0.0.1:29092) could not be established. Node may not be available. 
2025-04-28 12:16:28-926 [repliesContainer-0-C-1] WARN  o.apache.kafka.clients.NetworkClient - [Consumer clientId=consumer-bootuser-group-1, groupId=bootuser-group] Bootstrap broker localhost:29092 (id: -1 rack: null) disconnected 
2025-04-28 12:16:28-932 [main] INFO  c.netflix.discovery.DiscoveryClient - Starting heartbeat executor: renew interval is: 30 
2025-04-28 12:16:28-939 [main] INFO  c.n.discovery.InstanceInfoReplicator - InstanceInfoReplicator onDemand update allowed rate per min is 4 
2025-04-28 12:16:28-946 [main] INFO  c.netflix.discovery.DiscoveryClient - Discovery Client initialized at timestamp 1745860588944 with initial instances count: 4 
2025-04-28 12:16:28-955 [main] INFO  o.s.c.n.e.s.EurekaServiceRegistry - Registering application BOOTCOIN-USER-API with eureka with status UP 
2025-04-28 12:16:28-957 [main] INFO  c.netflix.discovery.DiscoveryClient - Saw local status change event StatusChangeEvent [timestamp=1745860588957, current=UP, previous=STARTING] 
2025-04-28 12:16:28-963 [DiscoveryClient-InstanceInfoReplicator-%d] INFO  c.netflix.discovery.DiscoveryClient - DiscoveryClient_BOOTCOIN-USER-API/bootcoin-user-api:8817: registering service... 
2025-04-28 12:16:28-964 [main] INFO  o.a.k.c.consumer.ConsumerConfig - ConsumerConfig values: 
	allow.auto.create.topics = true
	auto.commit.interval.ms = 5000
	auto.include.jmx.reporter = true
	auto.offset.reset = latest
	bootstrap.servers = [localhost:29092]
	check.crcs = true
	client.dns.lookup = use_all_dns_ips
	client.id = consumer-bootuser-group-2
	client.rack = 
	connections.max.idle.ms = 540000
	default.api.timeout.ms = 60000
	enable.auto.commit = false
	enable.metrics.push = true
	exclude.internal.topics = true
	fetch.max.bytes = 52428800
	fetch.max.wait.ms = 500
	fetch.min.bytes = 1
	group.id = bootuser-group
	group.instance.id = null
	group.protocol = classic
	group.remote.assignor = null
	heartbeat.interval.ms = 3000
	interceptor.classes = []
	internal.leave.group.on.close = true
	internal.throw.on.fetch.stable.offset.unsupported = false
	isolation.level = read_uncommitted
	key.deserializer = class org.apache.kafka.common.serialization.StringDeserializer
	max.partition.fetch.bytes = 1048576
	max.poll.interval.ms = 300000
	max.poll.records = 500
	metadata.max.age.ms = 300000
	metadata.recovery.strategy = none
	metric.reporters = []
	metrics.num.samples = 2
	metrics.recording.level = INFO
	metrics.sample.window.ms = 30000
	partition.assignment.strategy = [class org.apache.kafka.clients.consumer.RangeAssignor, class org.apache.kafka.clients.consumer.CooperativeStickyAssignor]
	receive.buffer.bytes = 65536
	reconnect.backoff.max.ms = 1000
	reconnect.backoff.ms = 50
	request.timeout.ms = 30000
	retry.backoff.max.ms = 1000
	retry.backoff.ms = 100
	sasl.client.callback.handler.class = null
	sasl.jaas.config = null
	sasl.kerberos.kinit.cmd = /usr/bin/kinit
	sasl.kerberos.min.time.before.relogin = 60000
	sasl.kerberos.service.name = null
	sasl.kerberos.ticket.renew.jitter = 0.05
	sasl.kerberos.ticket.renew.window.factor = 0.8
	sasl.login.callback.handler.class = null
	sasl.login.class = null
	sasl.login.connect.timeout.ms = null
	sasl.login.read.timeout.ms = null
	sasl.login.refresh.buffer.seconds = 300
	sasl.login.refresh.min.period.seconds = 60
	sasl.login.refresh.window.factor = 0.8
	sasl.login.refresh.window.jitter = 0.05
	sasl.login.retry.backoff.max.ms = 10000
	sasl.login.retry.backoff.ms = 100
	sasl.mechanism = GSSAPI
	sasl.oauthbearer.clock.skew.seconds = 30
	sasl.oauthbearer.expected.audience = null
	sasl.oauthbearer.expected.issuer = null
	sasl.oauthbearer.jwks.endpoint.refresh.ms = 3600000
	sasl.oauthbearer.jwks.endpoint.retry.backoff.max.ms = 10000
	sasl.oauthbearer.jwks.endpoint.retry.backoff.ms = 100
	sasl.oauthbearer.jwks.endpoint.url = null
	sasl.oauthbearer.scope.claim.name = scope
	sasl.oauthbearer.sub.claim.name = sub
	sasl.oauthbearer.token.endpoint.url = null
	security.protocol = PLAINTEXT
	security.providers = null
	send.buffer.bytes = 131072
	session.timeout.ms = 45000
	socket.connection.setup.timeout.max.ms = 30000
	socket.connection.setup.timeout.ms = 10000
	ssl.cipher.suites = null
	ssl.enabled.protocols = [TLSv1.2, TLSv1.3]
	ssl.endpoint.identification.algorithm = https
	ssl.engine.factory.class = null
	ssl.key.password = null
	ssl.keymanager.algorithm = SunX509
	ssl.keystore.certificate.chain = null
	ssl.keystore.key = null
	ssl.keystore.location = null
	ssl.keystore.password = null
	ssl.keystore.type = JKS
	ssl.protocol = TLSv1.3
	ssl.provider = null
	ssl.secure.random.implementation = null
	ssl.trustmanager.algorithm = PKIX
	ssl.truststore.certificates = null
	ssl.truststore.location = null
	ssl.truststore.password = null
	ssl.truststore.type = JKS
	value.deserializer = class org.apache.kafka.common.serialization.StringDeserializer
 
2025-04-28 12:16:28-967 [main] INFO  o.a.k.c.t.i.KafkaMetricsCollector - initializing Kafka metrics collector 
2025-04-28 12:16:29-006 [main] INFO  o.a.kafka.common.utils.AppInfoParser - Kafka version: 3.8.1 
2025-04-28 12:16:29-007 [main] INFO  o.a.kafka.common.utils.AppInfoParser - Kafka commitId: 70d6ff42debf7e17 
2025-04-28 12:16:29-008 [main] INFO  o.a.kafka.common.utils.AppInfoParser - Kafka startTimeMs: 1745860589006 
2025-04-28 12:16:29-009 [main] INFO  o.a.k.c.c.i.LegacyKafkaConsumer - [Consumer clientId=consumer-bootuser-group-2, groupId=bootuser-group] Subscribed to topic(s): bootuser-request 
2025-04-28 12:16:29-048 [main] INFO  o.a.k.c.consumer.ConsumerConfig - ConsumerConfig values: 
	allow.auto.create.topics = true
	auto.commit.interval.ms = 5000
	auto.include.jmx.reporter = true
	auto.offset.reset = latest
	bootstrap.servers = [localhost:29092]
	check.crcs = true
	client.dns.lookup = use_all_dns_ips
	client.id = consumer-bootuser-group-3
	client.rack = 
	connections.max.idle.ms = 540000
	default.api.timeout.ms = 60000
	enable.auto.commit = false
	enable.metrics.push = true
	exclude.internal.topics = true
	fetch.max.bytes = 52428800
	fetch.max.wait.ms = 500
	fetch.min.bytes = 1
	group.id = bootuser-group
	group.instance.id = null
	group.protocol = classic
	group.remote.assignor = null
	heartbeat.interval.ms = 3000
	interceptor.classes = []
	internal.leave.group.on.close = true
	internal.throw.on.fetch.stable.offset.unsupported = false
	isolation.level = read_uncommitted
	key.deserializer = class org.apache.kafka.common.serialization.StringDeserializer
	max.partition.fetch.bytes = 1048576
	max.poll.interval.ms = 300000
	max.poll.records = 500
	metadata.max.age.ms = 300000
	metadata.recovery.strategy = none
	metric.reporters = []
	metrics.num.samples = 2
	metrics.recording.level = INFO
	metrics.sample.window.ms = 30000
	partition.assignment.strategy = [class org.apache.kafka.clients.consumer.RangeAssignor, class org.apache.kafka.clients.consumer.CooperativeStickyAssignor]
	receive.buffer.bytes = 65536
	reconnect.backoff.max.ms = 1000
	reconnect.backoff.ms = 50
	request.timeout.ms = 30000
	retry.backoff.max.ms = 1000
	retry.backoff.ms = 100
	sasl.client.callback.handler.class = null
	sasl.jaas.config = null
	sasl.kerberos.kinit.cmd = /usr/bin/kinit
	sasl.kerberos.min.time.before.relogin = 60000
	sasl.kerberos.service.name = null
	sasl.kerberos.ticket.renew.jitter = 0.05
	sasl.kerberos.ticket.renew.window.factor = 0.8
	sasl.login.callback.handler.class = null
	sasl.login.class = null
	sasl.login.connect.timeout.ms = null
	sasl.login.read.timeout.ms = null
	sasl.login.refresh.buffer.seconds = 300
	sasl.login.refresh.min.period.seconds = 60
	sasl.login.refresh.window.factor = 0.8
	sasl.login.refresh.window.jitter = 0.05
	sasl.login.retry.backoff.max.ms = 10000
	sasl.login.retry.backoff.ms = 100
	sasl.mechanism = GSSAPI
	sasl.oauthbearer.clock.skew.seconds = 30
	sasl.oauthbearer.expected.audience = null
	sasl.oauthbearer.expected.issuer = null
	sasl.oauthbearer.jwks.endpoint.refresh.ms = 3600000
	sasl.oauthbearer.jwks.endpoint.retry.backoff.max.ms = 10000
	sasl.oauthbearer.jwks.endpoint.retry.backoff.ms = 100
	sasl.oauthbearer.jwks.endpoint.url = null
	sasl.oauthbearer.scope.claim.name = scope
	sasl.oauthbearer.sub.claim.name = sub
	sasl.oauthbearer.token.endpoint.url = null
	security.protocol = PLAINTEXT
	security.providers = null
	send.buffer.bytes = 131072
	session.timeout.ms = 45000
	socket.connection.setup.timeout.max.ms = 30000
	socket.connection.setup.timeout.ms = 10000
	ssl.cipher.suites = null
	ssl.enabled.protocols = [TLSv1.2, TLSv1.3]
	ssl.endpoint.identification.algorithm = https
	ssl.engine.factory.class = null
	ssl.key.password = null
	ssl.keymanager.algorithm = SunX509
	ssl.keystore.certificate.chain = null
	ssl.keystore.key = null
	ssl.keystore.location = null
	ssl.keystore.password = null
	ssl.keystore.type = JKS
	ssl.protocol = TLSv1.3
	ssl.provider = null
	ssl.secure.random.implementation = null
	ssl.trustmanager.algorithm = PKIX
	ssl.truststore.certificates = null
	ssl.truststore.location = null
	ssl.truststore.password = null
	ssl.truststore.type = JKS
	value.deserializer = class org.apache.kafka.common.serialization.StringDeserializer
 
2025-04-28 12:16:29-048 [org.springframework.kafka.KafkaListenerEndpointContainer#0-0-C-1] INFO  o.apache.kafka.clients.NetworkClient - [Consumer clientId=consumer-bootuser-group-2, groupId=bootuser-group] Node -1 disconnected. 
2025-04-28 12:16:29-052 [org.springframework.kafka.KafkaListenerEndpointContainer#0-0-C-1] WARN  o.apache.kafka.clients.NetworkClient - [Consumer clientId=consumer-bootuser-group-2, groupId=bootuser-group] Connection to node -1 (localhost/127.0.0.1:29092) could not be established. Node may not be available. 
2025-04-28 12:16:29-053 [org.springframework.kafka.KafkaListenerEndpointContainer#0-0-C-1] WARN  o.apache.kafka.clients.NetworkClient - [Consumer clientId=consumer-bootuser-group-2, groupId=bootuser-group] Bootstrap broker localhost:29092 (id: -1 rack: null) disconnected 
2025-04-28 12:16:29-053 [main] INFO  o.a.k.c.t.i.KafkaMetricsCollector - initializing Kafka metrics collector 
2025-04-28 12:16:29-135 [main] INFO  o.a.kafka.common.utils.AppInfoParser - Kafka version: 3.8.1 
2025-04-28 12:16:29-136 [main] INFO  o.a.kafka.common.utils.AppInfoParser - Kafka commitId: 70d6ff42debf7e17 
2025-04-28 12:16:29-136 [main] INFO  o.a.kafka.common.utils.AppInfoParser - Kafka startTimeMs: 1745860589135 
2025-04-28 12:16:29-138 [main] INFO  o.a.k.c.c.i.LegacyKafkaConsumer - [Consumer clientId=consumer-bootuser-group-3, groupId=bootuser-group] Subscribed to topic(s): bootcoin-user-request 
2025-04-28 12:16:29-143 [org.springframework.kafka.KafkaListenerEndpointContainer#0-0-C-1] INFO  o.apache.kafka.clients.NetworkClient - [Consumer clientId=consumer-bootuser-group-2, groupId=bootuser-group] Node -1 disconnected. 
2025-04-28 12:16:29-144 [org.springframework.kafka.KafkaListenerEndpointContainer#0-0-C-1] WARN  o.apache.kafka.clients.NetworkClient - [Consumer clientId=consumer-bootuser-group-2, groupId=bootuser-group] Connection to node -1 (localhost/127.0.0.1:29092) could not be established. Node may not be available. 
2025-04-28 12:16:29-145 [org.springframework.kafka.KafkaListenerEndpointContainer#0-0-C-1] WARN  o.apache.kafka.clients.NetworkClient - [Consumer clientId=consumer-bootuser-group-2, groupId=bootuser-group] Bootstrap broker localhost:29092 (id: -1 rack: null) disconnected 
2025-04-28 12:16:29-152 [org.springframework.kafka.KafkaListenerEndpointContainer#1-0-C-1] INFO  o.apache.kafka.clients.NetworkClient - [Consumer clientId=consumer-bootuser-group-3, groupId=bootuser-group] Node -1 disconnected. 
2025-04-28 12:16:29-153 [org.springframework.kafka.KafkaListenerEndpointContainer#1-0-C-1] WARN  o.apache.kafka.clients.NetworkClient - [Consumer clientId=consumer-bootuser-group-3, groupId=bootuser-group] Connection to node -1 (localhost/127.0.0.1:29092) could not be established. Node may not be available. 
2025-04-28 12:16:29-153 [org.springframework.kafka.KafkaListenerEndpointContainer#1-0-C-1] WARN  o.apache.kafka.clients.NetworkClient - [Consumer clientId=consumer-bootuser-group-3, groupId=bootuser-group] Bootstrap broker localhost:29092 (id: -1 rack: null) disconnected 
2025-04-28 12:16:29-230 [main] INFO  c.b.u.a.BootcoinUserApiApplicationTests - Started BootcoinUserApiApplicationTests in 24.38 seconds (process running for 33.865) 
2025-04-28 12:16:29-262 [org.springframework.kafka.KafkaListenerEndpointContainer#1-0-C-1] INFO  o.apache.kafka.clients.NetworkClient - [Consumer clientId=consumer-bootuser-group-3, groupId=bootuser-group] Node -1 disconnected. 
2025-04-28 12:16:29-269 [org.springframework.kafka.KafkaListenerEndpointContainer#1-0-C-1] WARN  o.apache.kafka.clients.NetworkClient - [Consumer clientId=consumer-bootuser-group-3, groupId=bootuser-group] Connection to node -1 (localhost/127.0.0.1:29092) could not be established. Node may not be available. 
2025-04-28 12:16:29-269 [org.springframework.kafka.KafkaListenerEndpointContainer#0-0-C-1] INFO  o.apache.kafka.clients.NetworkClient - [Consumer clientId=consumer-bootuser-group-2, groupId=bootuser-group] Node -1 disconnected. 
2025-04-28 12:16:29-270 [org.springframework.kafka.KafkaListenerEndpointContainer#0-0-C-1] WARN  o.apache.kafka.clients.NetworkClient - [Consumer clientId=consumer-bootuser-group-2, groupId=bootuser-group] Connection to node -1 (localhost/127.0.0.1:29092) could not be established. Node may not be available. 
2025-04-28 12:16:29-270 [org.springframework.kafka.KafkaListenerEndpointContainer#0-0-C-1] WARN  o.apache.kafka.clients.NetworkClient - [Consumer clientId=consumer-bootuser-group-2, groupId=bootuser-group] Bootstrap broker localhost:29092 (id: -1 rack: null) disconnected 
2025-04-28 12:16:29-270 [org.springframework.kafka.KafkaListenerEndpointContainer#1-0-C-1] WARN  o.apache.kafka.clients.NetworkClient - [Consumer clientId=consumer-bootuser-group-3, groupId=bootuser-group] Bootstrap broker localhost:29092 (id: -1 rack: null) disconnected 
2025-04-28 12:16:29-277 [DiscoveryClient-InstanceInfoReplicator-%d] INFO  c.netflix.discovery.DiscoveryClient - DiscoveryClient_BOOTCOIN-USER-API/bootcoin-user-api:8817 - registration status: 204 
2025-04-28 12:16:29-333 [repliesContainer-0-C-1] INFO  o.apache.kafka.clients.NetworkClient - [Consumer clientId=consumer-bootuser-group-1, groupId=bootuser-group] Node -1 disconnected. 
2025-04-28 12:16:29-334 [repliesContainer-0-C-1] WARN  o.apache.kafka.clients.NetworkClient - [Consumer clientId=consumer-bootuser-group-1, groupId=bootuser-group] Connection to node -1 (localhost/127.0.0.1:29092) could not be established. Node may not be available. 
2025-04-28 12:16:29-336 [repliesContainer-0-C-1] WARN  o.apache.kafka.clients.NetworkClient - [Consumer clientId=consumer-bootuser-group-1, groupId=bootuser-group] Bootstrap broker localhost:29092 (id: -1 rack: null) disconnected 
2025-04-28 12:16:29-408 [org.springframework.kafka.KafkaListenerEndpointContainer#1-0-C-1] INFO  o.apache.kafka.clients.NetworkClient - [Consumer clientId=consumer-bootuser-group-3, groupId=bootuser-group] Node -1 disconnected. 
2025-04-28 12:16:29-409 [org.springframework.kafka.KafkaListenerEndpointContainer#1-0-C-1] WARN  o.apache.kafka.clients.NetworkClient - [Consumer clientId=consumer-bootuser-group-3, groupId=bootuser-group] Connection to node -1 (localhost/127.0.0.1:29092) could not be established. Node may not be available. 
2025-04-28 12:16:29-412 [org.springframework.kafka.KafkaListenerEndpointContainer#1-0-C-1] WARN  o.apache.kafka.clients.NetworkClient - [Consumer clientId=consumer-bootuser-group-3, groupId=bootuser-group] Bootstrap broker localhost:29092 (id: -1 rack: null) disconnected 
2025-04-28 12:16:29-531 [org.springframework.kafka.KafkaListenerEndpointContainer#0-0-C-1] INFO  o.apache.kafka.clients.NetworkClient - [Consumer clientId=consumer-bootuser-group-2, groupId=bootuser-group] Node -1 disconnected. 
2025-04-28 12:16:29-532 [org.springframework.kafka.KafkaListenerEndpointContainer#0-0-C-1] WARN  o.apache.kafka.clients.NetworkClient - [Consumer clientId=consumer-bootuser-group-2, groupId=bootuser-group] Connection to node -1 (localhost/127.0.0.1:29092) could not be established. Node may not be available. 
2025-04-28 12:16:29-532 [org.springframework.kafka.KafkaListenerEndpointContainer#0-0-C-1] WARN  o.apache.kafka.clients.NetworkClient - [Consumer clientId=consumer-bootuser-group-2, groupId=bootuser-group] Bootstrap broker localhost:29092 (id: -1 rack: null) disconnected 
2025-04-28 12:16:29-648 [org.springframework.kafka.KafkaListenerEndpointContainer#1-0-C-1] INFO  o.apache.kafka.clients.NetworkClient - [Consumer clientId=consumer-bootuser-group-3, groupId=bootuser-group] Node -1 disconnected. 
2025-04-28 12:16:29-649 [org.springframework.kafka.KafkaListenerEndpointContainer#1-0-C-1] WARN  o.apache.kafka.clients.NetworkClient - [Consumer clientId=consumer-bootuser-group-3, groupId=bootuser-group] Connection to node -1 (localhost/127.0.0.1:29092) could not be established. Node may not be available. 
2025-04-28 12:16:29-649 [org.springframework.kafka.KafkaListenerEndpointContainer#1-0-C-1] WARN  o.apache.kafka.clients.NetworkClient - [Consumer clientId=consumer-bootuser-group-3, groupId=bootuser-group] Bootstrap broker localhost:29092 (id: -1 rack: null) disconnected 
2025-04-28 12:16:29-954 [org.springframework.kafka.KafkaListenerEndpointContainer#0-0-C-1] INFO  o.apache.kafka.clients.NetworkClient - [Consumer clientId=consumer-bootuser-group-2, groupId=bootuser-group] Node -1 disconnected. 
2025-04-28 12:16:29-955 [org.springframework.kafka.KafkaListenerEndpointContainer#0-0-C-1] WARN  o.apache.kafka.clients.NetworkClient - [Consumer clientId=consumer-bootuser-group-2, groupId=bootuser-group] Connection to node -1 (localhost/127.0.0.1:29092) could not be established. Node may not be available. 
2025-04-28 12:16:29-955 [org.springframework.kafka.KafkaListenerEndpointContainer#0-0-C-1] WARN  o.apache.kafka.clients.NetworkClient - [Consumer clientId=consumer-bootuser-group-2, groupId=bootuser-group] Bootstrap broker localhost:29092 (id: -1 rack: null) disconnected 
2025-04-28 12:16:30-053 [org.springframework.kafka.KafkaListenerEndpointContainer#1-0-C-1] INFO  o.apache.kafka.clients.NetworkClient - [Consumer clientId=consumer-bootuser-group-3, groupId=bootuser-group] Node -1 disconnected. 
2025-04-28 12:16:30-054 [org.springframework.kafka.KafkaListenerEndpointContainer#1-0-C-1] WARN  o.apache.kafka.clients.NetworkClient - [Consumer clientId=consumer-bootuser-group-3, groupId=bootuser-group] Connection to node -1 (localhost/127.0.0.1:29092) could not be established. Node may not be available. 
2025-04-28 12:16:30-055 [org.springframework.kafka.KafkaListenerEndpointContainer#1-0-C-1] WARN  o.apache.kafka.clients.NetworkClient - [Consumer clientId=consumer-bootuser-group-3, groupId=bootuser-group] Bootstrap broker localhost:29092 (id: -1 rack: null) disconnected 
2025-04-28 12:16:30-293 [repliesContainer-0-C-1] INFO  o.apache.kafka.clients.NetworkClient - [Consumer clientId=consumer-bootuser-group-1, groupId=bootuser-group] Node -1 disconnected. 
2025-04-28 12:16:30-294 [repliesContainer-0-C-1] WARN  o.apache.kafka.clients.NetworkClient - [Consumer clientId=consumer-bootuser-group-1, groupId=bootuser-group] Connection to node -1 (localhost/127.0.0.1:29092) could not be established. Node may not be available. 
2025-04-28 12:16:30-294 [repliesContainer-0-C-1] WARN  o.apache.kafka.clients.NetworkClient - [Consumer clientId=consumer-bootuser-group-1, groupId=bootuser-group] Bootstrap broker localhost:29092 (id: -1 rack: null) disconnected 
2025-04-28 12:16:30-691 [org.springframework.kafka.KafkaListenerEndpointContainer#0-0-C-1] INFO  o.apache.kafka.clients.NetworkClient - [Consumer clientId=consumer-bootuser-group-2, groupId=bootuser-group] Node -1 disconnected. 
2025-04-28 12:16:30-692 [org.springframework.kafka.KafkaListenerEndpointContainer#0-0-C-1] WARN  o.apache.kafka.clients.NetworkClient - [Consumer clientId=consumer-bootuser-group-2, groupId=bootuser-group] Connection to node -1 (localhost/127.0.0.1:29092) could not be established. Node may not be available. 
2025-04-28 12:16:30-692 [org.springframework.kafka.KafkaListenerEndpointContainer#0-0-C-1] WARN  o.apache.kafka.clients.NetworkClient - [Consumer clientId=consumer-bootuser-group-2, groupId=bootuser-group] Bootstrap broker localhost:29092 (id: -1 rack: null) disconnected 
2025-04-28 12:16:30-973 [org.springframework.kafka.KafkaListenerEndpointContainer#1-0-C-1] INFO  o.apache.kafka.clients.NetworkClient - [Consumer clientId=consumer-bootuser-group-3, groupId=bootuser-group] Node -1 disconnected. 
2025-04-28 12:16:30-973 [org.springframework.kafka.KafkaListenerEndpointContainer#1-0-C-1] WARN  o.apache.kafka.clients.NetworkClient - [Consumer clientId=consumer-bootuser-group-3, groupId=bootuser-group] Connection to node -1 (localhost/127.0.0.1:29092) could not be established. Node may not be available. 
2025-04-28 12:16:30-974 [org.springframework.kafka.KafkaListenerEndpointContainer#1-0-C-1] WARN  o.apache.kafka.clients.NetworkClient - [Consumer clientId=consumer-bootuser-group-3, groupId=bootuser-group] Bootstrap broker localhost:29092 (id: -1 rack: null) disconnected 
2025-04-28 12:16:31-326 [repliesContainer-0-C-1] INFO  o.apache.kafka.clients.NetworkClient - [Consumer clientId=consumer-bootuser-group-1, groupId=bootuser-group] Node -1 disconnected. 
2025-04-28 12:16:31-328 [repliesContainer-0-C-1] WARN  o.apache.kafka.clients.NetworkClient - [Consumer clientId=consumer-bootuser-group-1, groupId=bootuser-group] Connection to node -1 (localhost/127.0.0.1:29092) could not be established. Node may not be available. 
2025-04-28 12:16:31-328 [repliesContainer-0-C-1] WARN  o.apache.kafka.clients.NetworkClient - [Consumer clientId=consumer-bootuser-group-1, groupId=bootuser-group] Bootstrap broker localhost:29092 (id: -1 rack: null) disconnected 
2025-04-28 12:16:31-572 [org.springframework.kafka.KafkaListenerEndpointContainer#0-0-C-1] INFO  o.apache.kafka.clients.NetworkClient - [Consumer clientId=consumer-bootuser-group-2, groupId=bootuser-group] Node -1 disconnected. 
2025-04-28 12:16:31-573 [org.springframework.kafka.KafkaListenerEndpointContainer#0-0-C-1] WARN  o.apache.kafka.clients.NetworkClient - [Consumer clientId=consumer-bootuser-group-2, groupId=bootuser-group] Connection to node -1 (localhost/127.0.0.1:29092) could not be established. Node may not be available. 
2025-04-28 12:16:31-573 [org.springframework.kafka.KafkaListenerEndpointContainer#0-0-C-1] WARN  o.apache.kafka.clients.NetworkClient - [Consumer clientId=consumer-bootuser-group-2, groupId=bootuser-group] Bootstrap broker localhost:29092 (id: -1 rack: null) disconnected 
2025-04-28 12:16:32-045 [org.springframework.kafka.KafkaListenerEndpointContainer#1-0-C-1] INFO  o.apache.kafka.clients.NetworkClient - [Consumer clientId=consumer-bootuser-group-3, groupId=bootuser-group] Node -1 disconnected. 
2025-04-28 12:16:32-046 [org.springframework.kafka.KafkaListenerEndpointContainer#1-0-C-1] WARN  o.apache.kafka.clients.NetworkClient - [Consumer clientId=consumer-bootuser-group-3, groupId=bootuser-group] Connection to node -1 (localhost/127.0.0.1:29092) could not be established. Node may not be available. 
2025-04-28 12:16:32-046 [org.springframework.kafka.KafkaListenerEndpointContainer#1-0-C-1] WARN  o.apache.kafka.clients.NetworkClient - [Consumer clientId=consumer-bootuser-group-3, groupId=bootuser-group] Bootstrap broker localhost:29092 (id: -1 rack: null) disconnected 
2025-04-28 12:16:32-084 [SpringApplicationShutdownHook] INFO  o.s.c.n.e.s.EurekaServiceRegistry - Unregistering application BOOTCOIN-USER-API with eureka with status DOWN 
2025-04-28 12:16:32-085 [SpringApplicationShutdownHook] INFO  c.netflix.discovery.DiscoveryClient - Saw local status change event StatusChangeEvent [timestamp=1745860592085, current=DOWN, previous=UP] 
2025-04-28 12:16:32-086 [DiscoveryClient-InstanceInfoReplicator-%d] INFO  c.netflix.discovery.DiscoveryClient - DiscoveryClient_BOOTCOIN-USER-API/bootcoin-user-api:8817: registering service... 
2025-04-28 12:16:32-103 [DiscoveryClient-InstanceInfoReplicator-%d] INFO  c.netflix.discovery.DiscoveryClient - DiscoveryClient_BOOTCOIN-USER-API/bootcoin-user-api:8817 - registration status: 204 
2025-04-28 12:16:32-598 [org.springframework.kafka.KafkaListenerEndpointContainer#0-0-C-1] INFO  o.apache.kafka.clients.NetworkClient - [Consumer clientId=consumer-bootuser-group-2, groupId=bootuser-group] Node -1 disconnected. 
2025-04-28 12:16:32-599 [org.springframework.kafka.KafkaListenerEndpointContainer#0-0-C-1] WARN  o.apache.kafka.clients.NetworkClient - [Consumer clientId=consumer-bootuser-group-2, groupId=bootuser-group] Connection to node -1 (localhost/127.0.0.1:29092) could not be established. Node may not be available. 
2025-04-28 12:16:32-599 [org.springframework.kafka.KafkaListenerEndpointContainer#0-0-C-1] WARN  o.apache.kafka.clients.NetworkClient - [Consumer clientId=consumer-bootuser-group-2, groupId=bootuser-group] Bootstrap broker localhost:29092 (id: -1 rack: null) disconnected 
2025-04-28 12:16:33-047 [org.springframework.kafka.KafkaListenerEndpointContainer#1-0-C-1] INFO  o.apache.kafka.clients.NetworkClient - [Consumer clientId=consumer-bootuser-group-3, groupId=bootuser-group] Node -1 disconnected. 
2025-04-28 12:16:33-048 [org.springframework.kafka.KafkaListenerEndpointContainer#1-0-C-1] WARN  o.apache.kafka.clients.NetworkClient - [Consumer clientId=consumer-bootuser-group-3, groupId=bootuser-group] Connection to node -1 (localhost/127.0.0.1:29092) could not be established. Node may not be available. 
2025-04-28 12:16:33-048 [org.springframework.kafka.KafkaListenerEndpointContainer#1-0-C-1] WARN  o.apache.kafka.clients.NetworkClient - [Consumer clientId=consumer-bootuser-group-3, groupId=bootuser-group] Bootstrap broker localhost:29092 (id: -1 rack: null) disconnected 
2025-04-28 12:16:33-140 [repliesContainer-0-C-1] INFO  o.apache.kafka.clients.NetworkClient - [Consumer clientId=consumer-bootuser-group-1, groupId=bootuser-group] Node -1 disconnected. 
2025-04-28 12:16:33-141 [repliesContainer-0-C-1] WARN  o.apache.kafka.clients.NetworkClient - [Consumer clientId=consumer-bootuser-group-1, groupId=bootuser-group] Connection to node -1 (localhost/127.0.0.1:29092) could not be established. Node may not be available. 
2025-04-28 12:16:33-141 [repliesContainer-0-C-1] WARN  o.apache.kafka.clients.NetworkClient - [Consumer clientId=consumer-bootuser-group-1, groupId=bootuser-group] Bootstrap broker localhost:29092 (id: -1 rack: null) disconnected 
2025-04-28 12:16:33-143 [repliesContainer-0-C-1] INFO  o.a.k.c.c.i.ConsumerCoordinator - [Consumer clientId=consumer-bootuser-group-1, groupId=bootuser-group] Resetting generation and member id due to: consumer pro-actively leaving the group 
2025-04-28 12:16:33-143 [repliesContainer-0-C-1] INFO  o.a.k.c.c.i.ConsumerCoordinator - [Consumer clientId=consumer-bootuser-group-1, groupId=bootuser-group] Request joining group due to: consumer pro-actively leaving the group 
2025-04-28 12:16:33-143 [repliesContainer-0-C-1] INFO  o.a.k.c.c.i.LegacyKafkaConsumer - [Consumer clientId=consumer-bootuser-group-1, groupId=bootuser-group] Unsubscribed all topics or patterns and assigned partitions 
2025-04-28 12:16:33-146 [repliesContainer-0-C-1] INFO  o.a.k.c.c.i.ConsumerCoordinator - [Consumer clientId=consumer-bootuser-group-1, groupId=bootuser-group] Resetting generation and member id due to: consumer pro-actively leaving the group 
2025-04-28 12:16:33-146 [repliesContainer-0-C-1] INFO  o.a.k.c.c.i.ConsumerCoordinator - [Consumer clientId=consumer-bootuser-group-1, groupId=bootuser-group] Request joining group due to: consumer pro-actively leaving the group 
2025-04-28 12:16:33-150 [repliesContainer-0-C-1] INFO  o.a.kafka.common.metrics.Metrics - Metrics scheduler closed 
2025-04-28 12:16:33-151 [repliesContainer-0-C-1] INFO  o.a.kafka.common.metrics.Metrics - Closing reporter org.apache.kafka.common.metrics.JmxReporter 
2025-04-28 12:16:33-151 [repliesContainer-0-C-1] INFO  o.a.kafka.common.metrics.Metrics - Closing reporter org.apache.kafka.common.telemetry.internals.ClientTelemetryReporter 
2025-04-28 12:16:33-151 [repliesContainer-0-C-1] INFO  o.a.kafka.common.metrics.Metrics - Metrics reporters closed 
2025-04-28 12:16:33-156 [repliesContainer-0-C-1] INFO  o.a.kafka.common.utils.AppInfoParser - App info kafka.consumer for consumer-bootuser-group-1 unregistered 
2025-04-28 12:16:33-157 [repliesContainer-0-C-1] INFO  o.s.k.l.KafkaMessageListenerContainer - bootuser-group: Consumer stopped 
2025-04-28 12:16:33-160 [org.springframework.kafka.KafkaListenerEndpointContainer#0-0-C-1] INFO  o.a.k.c.c.i.ConsumerCoordinator - [Consumer clientId=consumer-bootuser-group-2, groupId=bootuser-group] Resetting generation and member id due to: consumer pro-actively leaving the group 
2025-04-28 12:16:33-161 [org.springframework.kafka.KafkaListenerEndpointContainer#0-0-C-1] INFO  o.a.k.c.c.i.ConsumerCoordinator - [Consumer clientId=consumer-bootuser-group-2, groupId=bootuser-group] Request joining group due to: consumer pro-actively leaving the group 
2025-04-28 12:16:33-161 [org.springframework.kafka.KafkaListenerEndpointContainer#1-0-C-1] INFO  o.a.k.c.c.i.ConsumerCoordinator - [Consumer clientId=consumer-bootuser-group-3, groupId=bootuser-group] Resetting generation and member id due to: consumer pro-actively leaving the group 
2025-04-28 12:16:33-161 [org.springframework.kafka.KafkaListenerEndpointContainer#0-0-C-1] INFO  o.a.k.c.c.i.LegacyKafkaConsumer - [Consumer clientId=consumer-bootuser-group-2, groupId=bootuser-group] Unsubscribed all topics or patterns and assigned partitions 
2025-04-28 12:16:33-161 [org.springframework.kafka.KafkaListenerEndpointContainer#1-0-C-1] INFO  o.a.k.c.c.i.ConsumerCoordinator - [Consumer clientId=consumer-bootuser-group-3, groupId=bootuser-group] Request joining group due to: consumer pro-actively leaving the group 
2025-04-28 12:16:33-162 [org.springframework.kafka.KafkaListenerEndpointContainer#0-0-C-1] INFO  o.a.k.c.c.i.ConsumerCoordinator - [Consumer clientId=consumer-bootuser-group-2, groupId=bootuser-group] Resetting generation and member id due to: consumer pro-actively leaving the group 
2025-04-28 12:16:33-162 [org.springframework.kafka.KafkaListenerEndpointContainer#1-0-C-1] INFO  o.a.k.c.c.i.LegacyKafkaConsumer - [Consumer clientId=consumer-bootuser-group-3, groupId=bootuser-group] Unsubscribed all topics or patterns and assigned partitions 
2025-04-28 12:16:33-162 [org.springframework.kafka.KafkaListenerEndpointContainer#0-0-C-1] INFO  o.a.k.c.c.i.ConsumerCoordinator - [Consumer clientId=consumer-bootuser-group-2, groupId=bootuser-group] Request joining group due to: consumer pro-actively leaving the group 
2025-04-28 12:16:33-162 [org.springframework.kafka.KafkaListenerEndpointContainer#1-0-C-1] INFO  o.a.k.c.c.i.ConsumerCoordinator - [Consumer clientId=consumer-bootuser-group-3, groupId=bootuser-group] Resetting generation and member id due to: consumer pro-actively leaving the group 
2025-04-28 12:16:33-163 [org.springframework.kafka.KafkaListenerEndpointContainer#0-0-C-1] INFO  o.a.kafka.common.metrics.Metrics - Metrics scheduler closed 
2025-04-28 12:16:33-163 [org.springframework.kafka.KafkaListenerEndpointContainer#0-0-C-1] INFO  o.a.kafka.common.metrics.Metrics - Closing reporter org.apache.kafka.common.metrics.JmxReporter 
2025-04-28 12:16:33-163 [org.springframework.kafka.KafkaListenerEndpointContainer#1-0-C-1] INFO  o.a.k.c.c.i.ConsumerCoordinator - [Consumer clientId=consumer-bootuser-group-3, groupId=bootuser-group] Request joining group due to: consumer pro-actively leaving the group 
2025-04-28 12:16:33-164 [org.springframework.kafka.KafkaListenerEndpointContainer#0-0-C-1] INFO  o.a.kafka.common.metrics.Metrics - Closing reporter org.apache.kafka.common.telemetry.internals.ClientTelemetryReporter 
2025-04-28 12:16:33-164 [org.springframework.kafka.KafkaListenerEndpointContainer#0-0-C-1] INFO  o.a.kafka.common.metrics.Metrics - Metrics reporters closed 
2025-04-28 12:16:33-165 [org.springframework.kafka.KafkaListenerEndpointContainer#1-0-C-1] INFO  o.a.kafka.common.metrics.Metrics - Metrics scheduler closed 
2025-04-28 12:16:33-166 [org.springframework.kafka.KafkaListenerEndpointContainer#1-0-C-1] INFO  o.a.kafka.common.metrics.Metrics - Closing reporter org.apache.kafka.common.metrics.JmxReporter 
2025-04-28 12:16:33-166 [org.springframework.kafka.KafkaListenerEndpointContainer#1-0-C-1] INFO  o.a.kafka.common.metrics.Metrics - Closing reporter org.apache.kafka.common.telemetry.internals.ClientTelemetryReporter 
2025-04-28 12:16:33-167 [org.springframework.kafka.KafkaListenerEndpointContainer#1-0-C-1] INFO  o.a.kafka.common.metrics.Metrics - Metrics reporters closed 
2025-04-28 12:16:33-172 [org.springframework.kafka.KafkaListenerEndpointContainer#0-0-C-1] INFO  o.a.kafka.common.utils.AppInfoParser - App info kafka.consumer for consumer-bootuser-group-2 unregistered 
2025-04-28 12:16:33-173 [org.springframework.kafka.KafkaListenerEndpointContainer#0-0-C-1] INFO  o.s.k.l.KafkaMessageListenerContainer - bootuser-group: Consumer stopped 
2025-04-28 12:16:33-174 [org.springframework.kafka.KafkaListenerEndpointContainer#1-0-C-1] INFO  o.a.kafka.common.utils.AppInfoParser - App info kafka.consumer for consumer-bootuser-group-3 unregistered 
2025-04-28 12:16:33-175 [org.springframework.kafka.KafkaListenerEndpointContainer#1-0-C-1] INFO  o.s.k.l.KafkaMessageListenerContainer - bootuser-group: Consumer stopped 
2025-04-28 12:16:35-292 [SpringApplicationShutdownHook] INFO  c.netflix.discovery.DiscoveryClient - Shutting down DiscoveryClient ... 
2025-04-28 12:16:38-303 [SpringApplicationShutdownHook] INFO  c.netflix.discovery.DiscoveryClient - Unregistering ... 
2025-04-28 12:16:38-330 [SpringApplicationShutdownHook] INFO  c.netflix.discovery.DiscoveryClient - DiscoveryClient_BOOTCOIN-USER-API/bootcoin-user-api:8817 - deregister  status: 200 
2025-04-28 12:16:38-331 [SpringApplicationShutdownHook] INFO  c.netflix.discovery.DiscoveryClient - Completed shut down of DiscoveryClient 
2025-04-28 12:18:20-864 [main] INFO  o.s.t.c.s.AnnotationConfigContextLoaderUtils - Could not detect default configuration classes for test class [com.bootcoin.user.api.BootcoinUserApiApplicationTests]: BootcoinUserApiApplicationTests does not declare any static, non-private, non-final, nested classes annotated with @Configuration. 
2025-04-28 12:18:21-284 [main] INFO  o.s.b.t.c.SpringBootTestContextBootstrapper - Found @SpringBootConfiguration com.bootcoin.user.api.BootcoinUserApiApplication for test class com.bootcoin.user.api.BootcoinUserApiApplicationTests 
2025-04-28 12:18:25-956 [main] INFO  c.b.u.a.BootcoinUserApiApplicationTests - Starting BootcoinUserApiApplicationTests using Java 17.0.12 with PID 7284 (started by mgarcsar in C:\Users\mgarcsar\Documents\Bootcamp\etregables\BootCoin\bootcoin-user-api) 
2025-04-28 12:18:25-960 [main] INFO  c.b.u.a.BootcoinUserApiApplicationTests - The following 1 profile is active: "dev" 
2025-04-28 12:18:26-091 [main] INFO  o.s.c.c.c.ConfigServerConfigDataLoader - Fetching config from server at : http://config-server-bc:8888 
2025-04-28 12:18:26-092 [main] INFO  o.s.c.c.c.ConfigServerConfigDataLoader - Exception on Url - http://config-server-bc:8888:org.springframework.web.client.ResourceAccessException: I/O error on GET request for "http://config-server-bc:8888/bootcoin-user-api/default": config-server-bc. Will be trying the next url if available 
2025-04-28 12:18:26-093 [main] WARN  o.s.c.c.c.ConfigServerConfigDataLoader - Could not locate PropertySource ([ConfigServerConfigDataResource@3e1897d uris = array<String>['http://config-server-bc:8888'], optional = true, profiles = 'default']): I/O error on GET request for "http://config-server-bc:8888/bootcoin-user-api/default": config-server-bc 
2025-04-28 12:18:26-093 [main] INFO  o.s.c.c.c.ConfigServerConfigDataLoader - Fetching config from server at : http://config-server-bc:8888 
2025-04-28 12:18:26-094 [main] INFO  o.s.c.c.c.ConfigServerConfigDataLoader - Exception on Url - http://config-server-bc:8888:org.springframework.web.client.ResourceAccessException: I/O error on GET request for "http://config-server-bc:8888/bootcoin-user-api/dev": config-server-bc. Will be trying the next url if available 
2025-04-28 12:18:26-094 [main] WARN  o.s.c.c.c.ConfigServerConfigDataLoader - Could not locate PropertySource ([ConfigServerConfigDataResource@53d2f0ec uris = array<String>['http://config-server-bc:8888'], optional = true, profiles = 'dev']): I/O error on GET request for "http://config-server-bc:8888/bootcoin-user-api/dev": config-server-bc 
2025-04-28 12:18:26-095 [main] INFO  o.s.c.c.c.ConfigServerConfigDataLoader - Fetching config from server at : http://config-server-bc:8888 
2025-04-28 12:18:26-095 [main] INFO  o.s.c.c.c.ConfigServerConfigDataLoader - Exception on Url - http://config-server-bc:8888:org.springframework.web.client.ResourceAccessException: I/O error on GET request for "http://config-server-bc:8888/bootcoin-user-api/default": config-server-bc. Will be trying the next url if available 
2025-04-28 12:18:26-096 [main] WARN  o.s.c.c.c.ConfigServerConfigDataLoader - Could not locate PropertySource ([ConfigServerConfigDataResource@560be8c0 uris = array<String>['http://config-server-bc:8888'], optional = true, profiles = 'default']): I/O error on GET request for "http://config-server-bc:8888/bootcoin-user-api/default": config-server-bc 
2025-04-28 12:18:28-693 [main] INFO  o.s.d.r.c.RepositoryConfigurationDelegate - Bootstrapping Spring Data Reactive MongoDB repositories in DEFAULT mode. 
2025-04-28 12:18:29-439 [main] INFO  o.s.d.r.c.RepositoryConfigurationDelegate - Finished Spring Data repository scanning in 722 ms. Found 1 Reactive MongoDB repository interface. 
2025-04-28 12:18:30-067 [main] INFO  o.s.cloud.context.scope.GenericScope - BeanFactory id=38fdc953-25ca-3510-8aa0-db7918657eca 
2025-04-28 12:18:31-678 [main] INFO  org.mongodb.driver.client - MongoClient with metadata {"driver": {"name": "mongo-java-driver|reactive-streams|spring-boot", "version": "5.2.1"}, "os": {"type": "Windows", "name": "Windows 10", "architecture": "amd64", "version": "10.0"}, "platform": "Java/Oracle Corporation/17.0.12+8-LTS-286"} created with settings MongoClientSettings{readPreference=primary, writeConcern=WriteConcern{w=null, wTimeout=null ms, journal=null}, retryWrites=true, retryReads=true, readConcern=ReadConcern{level=null}, credential=null, transportSettings=NettyTransportSettings{eventLoopGroup=io.netty.channel.nio.NioEventLoopGroup@60c7726b, socketChannelClass=null, allocator=null, sslContext=null}, commandListeners=[io.micrometer.core.instrument.binder.mongodb.MongoMetricsCommandListener@69b9a61], codecRegistry=ProvidersCodecRegistry{codecProviders=[ValueCodecProvider{}, BsonValueCodecProvider{}, DBRefCodecProvider{}, DBObjectCodecProvider{}, DocumentCodecProvider{}, CollectionCodecProvider{}, IterableCodecProvider{}, MapCodecProvider{}, GeoJsonCodecProvider{}, GridFSFileCodecProvider{}, Jsr310CodecProvider{}, JsonObjectCodecProvider{}, BsonCodecProvider{}, EnumCodecProvider{}, com.mongodb.client.model.mql.ExpressionCodecProvider@bb832f0, com.mongodb.Jep395RecordCodecProvider@1cdb691a, com.mongodb.KotlinCodecProvider@475414c0]}, loggerSettings=LoggerSettings{maxDocumentLength=1000}, clusterSettings={hosts=[localhost:27017], srvServiceName=mongodb, mode=SINGLE, requiredClusterType=UNKNOWN, requiredReplicaSetName='null', serverSelector='null', clusterListeners='[]', serverSelectionTimeout='30000 ms', localThreshold='15 ms'}, socketSettings=SocketSettings{connectTimeoutMS=10000, readTimeoutMS=0, receiveBufferSize=0, proxySettings=ProxySettings{host=null, port=null, username=null, password=null}}, heartbeatSocketSettings=SocketSettings{connectTimeoutMS=10000, readTimeoutMS=10000, receiveBufferSize=0, proxySettings=ProxySettings{host=null, port=null, username=null, password=null}}, connectionPoolSettings=ConnectionPoolSettings{maxSize=100, minSize=0, maxWaitTimeMS=120000, maxConnectionLifeTimeMS=0, maxConnectionIdleTimeMS=0, maintenanceInitialDelayMS=0, maintenanceFrequencyMS=60000, connectionPoolListeners=[io.micrometer.core.instrument.binder.mongodb.MongoMetricsConnectionPoolListener@1d46d6d9], maxConnecting=2}, serverSettings=ServerSettings{heartbeatFrequencyMS=10000, minHeartbeatFrequencyMS=500, serverMonitoringMode=AUTO, serverListeners='[]', serverMonitorListeners='[]'}, sslSettings=SslSettings{enabled=false, invalidHostNameAllowed=false, context=null}, applicationName='null', compressorList=[], uuidRepresentation=JAVA_LEGACY, serverApi=null, autoEncryptionSettings=null, dnsClient=null, inetAddressResolver=null, contextProvider=null, timeoutMS=null} 
2025-04-28 12:18:32-058 [cluster-ClusterId{value='680fb8673a1de96fddf367c5', description='null'}-localhost:27017] INFO  org.mongodb.driver.cluster - Monitor thread successfully connected to server with description ServerDescription{address=localhost:27017, type=STANDALONE, cryptd=false, state=CONNECTED, ok=true, minWireVersion=0, maxWireVersion=25, maxDocumentSize=16777216, logicalSessionTimeoutMinutes=30, roundTripTimeNanos=206569100, minRoundTripTimeNanos=0} 
2025-04-28 12:18:33-941 [main] INFO  o.s.v.b.OptionalValidatorFactoryBean - Failed to set up a Bean Validation provider: jakarta.validation.NoProviderFoundException: Unable to create a Configuration, because no Jakarta Bean Validation provider could be found. Add a provider like Hibernate Validator (RI) to your classpath. 
2025-04-28 12:18:36-365 [main] INFO  o.s.b.a.e.web.EndpointLinksResolver - Exposing 2 endpoints beneath base path '/actuator' 
2025-04-28 12:18:37-647 [main] INFO  o.s.c.n.e.c.DiscoveryClientOptionalArgsConfiguration - Eureka HTTP Client uses RestTemplate. 
2025-04-28 12:18:37-768 [main] WARN  o.s.c.l.c.LoadBalancerCacheAutoConfiguration$LoadBalancerCaffeineWarnLogger - Spring Cloud LoadBalancer is currently working with the default cache. While this cache implementation is useful for development and tests, it's recommended to use Caffeine cache in production.You can switch to using Caffeine cache, by adding it and org.springframework.cache.caffeine.CaffeineCacheManager to the classpath. 
2025-04-28 12:18:38-049 [main] INFO  o.a.k.c.consumer.ConsumerConfig - ConsumerConfig values: 
	allow.auto.create.topics = true
	auto.commit.interval.ms = 5000
	auto.include.jmx.reporter = true
	auto.offset.reset = latest
	bootstrap.servers = [localhost:29092]
	check.crcs = true
	client.dns.lookup = use_all_dns_ips
	client.id = consumer-bootuser-group-1
	client.rack = 
	connections.max.idle.ms = 540000
	default.api.timeout.ms = 60000
	enable.auto.commit = false
	enable.metrics.push = true
	exclude.internal.topics = true
	fetch.max.bytes = 52428800
	fetch.max.wait.ms = 500
	fetch.min.bytes = 1
	group.id = bootuser-group
	group.instance.id = null
	group.protocol = classic
	group.remote.assignor = null
	heartbeat.interval.ms = 3000
	interceptor.classes = []
	internal.leave.group.on.close = true
	internal.throw.on.fetch.stable.offset.unsupported = false
	isolation.level = read_uncommitted
	key.deserializer = class org.apache.kafka.common.serialization.StringDeserializer
	max.partition.fetch.bytes = 1048576
	max.poll.interval.ms = 300000
	max.poll.records = 500
	metadata.max.age.ms = 300000
	metadata.recovery.strategy = none
	metric.reporters = []
	metrics.num.samples = 2
	metrics.recording.level = INFO
	metrics.sample.window.ms = 30000
	partition.assignment.strategy = [class org.apache.kafka.clients.consumer.RangeAssignor, class org.apache.kafka.clients.consumer.CooperativeStickyAssignor]
	receive.buffer.bytes = 65536
	reconnect.backoff.max.ms = 1000
	reconnect.backoff.ms = 50
	request.timeout.ms = 30000
	retry.backoff.max.ms = 1000
	retry.backoff.ms = 100
	sasl.client.callback.handler.class = null
	sasl.jaas.config = null
	sasl.kerberos.kinit.cmd = /usr/bin/kinit
	sasl.kerberos.min.time.before.relogin = 60000
	sasl.kerberos.service.name = null
	sasl.kerberos.ticket.renew.jitter = 0.05
	sasl.kerberos.ticket.renew.window.factor = 0.8
	sasl.login.callback.handler.class = null
	sasl.login.class = null
	sasl.login.connect.timeout.ms = null
	sasl.login.read.timeout.ms = null
	sasl.login.refresh.buffer.seconds = 300
	sasl.login.refresh.min.period.seconds = 60
	sasl.login.refresh.window.factor = 0.8
	sasl.login.refresh.window.jitter = 0.05
	sasl.login.retry.backoff.max.ms = 10000
	sasl.login.retry.backoff.ms = 100
	sasl.mechanism = GSSAPI
	sasl.oauthbearer.clock.skew.seconds = 30
	sasl.oauthbearer.expected.audience = null
	sasl.oauthbearer.expected.issuer = null
	sasl.oauthbearer.jwks.endpoint.refresh.ms = 3600000
	sasl.oauthbearer.jwks.endpoint.retry.backoff.max.ms = 10000
	sasl.oauthbearer.jwks.endpoint.retry.backoff.ms = 100
	sasl.oauthbearer.jwks.endpoint.url = null
	sasl.oauthbearer.scope.claim.name = scope
	sasl.oauthbearer.sub.claim.name = sub
	sasl.oauthbearer.token.endpoint.url = null
	security.protocol = PLAINTEXT
	security.providers = null
	send.buffer.bytes = 131072
	session.timeout.ms = 45000
	socket.connection.setup.timeout.max.ms = 30000
	socket.connection.setup.timeout.ms = 10000
	ssl.cipher.suites = null
	ssl.enabled.protocols = [TLSv1.2, TLSv1.3]
	ssl.endpoint.identification.algorithm = https
	ssl.engine.factory.class = null
	ssl.key.password = null
	ssl.keymanager.algorithm = SunX509
	ssl.keystore.certificate.chain = null
	ssl.keystore.key = null
	ssl.keystore.location = null
	ssl.keystore.password = null
	ssl.keystore.type = JKS
	ssl.protocol = TLSv1.3
	ssl.provider = null
	ssl.secure.random.implementation = null
	ssl.trustmanager.algorithm = PKIX
	ssl.truststore.certificates = null
	ssl.truststore.location = null
	ssl.truststore.password = null
	ssl.truststore.type = JKS
	value.deserializer = class org.apache.kafka.common.serialization.StringDeserializer
 
2025-04-28 12:18:38-379 [main] INFO  o.a.k.c.t.i.KafkaMetricsCollector - initializing Kafka metrics collector 
2025-04-28 12:18:38-656 [main] INFO  o.a.kafka.common.utils.AppInfoParser - Kafka version: 3.8.1 
2025-04-28 12:18:38-660 [main] INFO  o.a.kafka.common.utils.AppInfoParser - Kafka commitId: 70d6ff42debf7e17 
2025-04-28 12:18:38-660 [main] INFO  o.a.kafka.common.utils.AppInfoParser - Kafka startTimeMs: 1745860718651 
2025-04-28 12:18:38-667 [main] INFO  o.a.k.c.c.i.LegacyKafkaConsumer - [Consumer clientId=consumer-bootuser-group-1, groupId=bootuser-group] Subscribed to topic(s): bootcoin-user-response 
2025-04-28 12:18:38-723 [main] INFO  o.s.c.n.eureka.InstanceInfoFactory - Setting initial instance status as: STARTING 
2025-04-28 12:18:38-791 [main] INFO  c.netflix.discovery.DiscoveryClient - Initializing Eureka in region us-east-1 
2025-04-28 12:18:38-805 [main] INFO  c.n.d.s.r.aws.ConfigClusterResolver - Resolving eureka endpoints via configuration 
2025-04-28 12:18:38-827 [main] INFO  c.netflix.discovery.DiscoveryClient - Disable delta property : false 
2025-04-28 12:18:38-828 [main] INFO  c.netflix.discovery.DiscoveryClient - Single vip registry refresh property : null 
2025-04-28 12:18:38-828 [main] INFO  c.netflix.discovery.DiscoveryClient - Force full registry fetch : false 
2025-04-28 12:18:38-828 [main] INFO  c.netflix.discovery.DiscoveryClient - Application is null : false 
2025-04-28 12:18:38-828 [main] INFO  c.netflix.discovery.DiscoveryClient - Registered Applications size is zero : true 
2025-04-28 12:18:38-828 [main] INFO  c.netflix.discovery.DiscoveryClient - Application version is -1: true 
2025-04-28 12:18:38-829 [main] INFO  c.netflix.discovery.DiscoveryClient - Getting all instance registry info from the eureka server 
2025-04-28 12:18:39-425 [repliesContainer-0-C-1] INFO  o.apache.kafka.clients.NetworkClient - [Consumer clientId=consumer-bootuser-group-1, groupId=bootuser-group] Node -1 disconnected. 
2025-04-28 12:18:39-430 [repliesContainer-0-C-1] WARN  o.apache.kafka.clients.NetworkClient - [Consumer clientId=consumer-bootuser-group-1, groupId=bootuser-group] Connection to node -1 (localhost/127.0.0.1:29092) could not be established. Node may not be available. 
2025-04-28 12:18:39-431 [repliesContainer-0-C-1] WARN  o.apache.kafka.clients.NetworkClient - [Consumer clientId=consumer-bootuser-group-1, groupId=bootuser-group] Bootstrap broker localhost:29092 (id: -1 rack: null) disconnected 
2025-04-28 12:18:39-481 [main] INFO  c.netflix.discovery.DiscoveryClient - The response status is 200 
2025-04-28 12:18:39-485 [main] INFO  c.netflix.discovery.DiscoveryClient - Starting heartbeat executor: renew interval is: 30 
2025-04-28 12:18:39-489 [main] INFO  c.n.discovery.InstanceInfoReplicator - InstanceInfoReplicator onDemand update allowed rate per min is 4 
2025-04-28 12:18:39-492 [main] INFO  c.netflix.discovery.DiscoveryClient - Discovery Client initialized at timestamp 1745860719492 with initial instances count: 5 
2025-04-28 12:18:39-498 [main] INFO  o.s.c.n.e.s.EurekaServiceRegistry - Registering application BOOTCOIN-USER-API with eureka with status UP 
2025-04-28 12:18:39-500 [main] INFO  c.netflix.discovery.DiscoveryClient - Saw local status change event StatusChangeEvent [timestamp=1745860719500, current=UP, previous=STARTING] 
2025-04-28 12:18:39-504 [DiscoveryClient-InstanceInfoReplicator-%d] INFO  c.netflix.discovery.DiscoveryClient - DiscoveryClient_BOOTCOIN-USER-API/bootcoin-user-api:8817: registering service... 
2025-04-28 12:18:39-507 [main] INFO  o.a.k.c.consumer.ConsumerConfig - ConsumerConfig values: 
	allow.auto.create.topics = true
	auto.commit.interval.ms = 5000
	auto.include.jmx.reporter = true
	auto.offset.reset = latest
	bootstrap.servers = [localhost:29092]
	check.crcs = true
	client.dns.lookup = use_all_dns_ips
	client.id = consumer-bootuser-group-2
	client.rack = 
	connections.max.idle.ms = 540000
	default.api.timeout.ms = 60000
	enable.auto.commit = false
	enable.metrics.push = true
	exclude.internal.topics = true
	fetch.max.bytes = 52428800
	fetch.max.wait.ms = 500
	fetch.min.bytes = 1
	group.id = bootuser-group
	group.instance.id = null
	group.protocol = classic
	group.remote.assignor = null
	heartbeat.interval.ms = 3000
	interceptor.classes = []
	internal.leave.group.on.close = true
	internal.throw.on.fetch.stable.offset.unsupported = false
	isolation.level = read_uncommitted
	key.deserializer = class org.apache.kafka.common.serialization.StringDeserializer
	max.partition.fetch.bytes = 1048576
	max.poll.interval.ms = 300000
	max.poll.records = 500
	metadata.max.age.ms = 300000
	metadata.recovery.strategy = none
	metric.reporters = []
	metrics.num.samples = 2
	metrics.recording.level = INFO
	metrics.sample.window.ms = 30000
	partition.assignment.strategy = [class org.apache.kafka.clients.consumer.RangeAssignor, class org.apache.kafka.clients.consumer.CooperativeStickyAssignor]
	receive.buffer.bytes = 65536
	reconnect.backoff.max.ms = 1000
	reconnect.backoff.ms = 50
	request.timeout.ms = 30000
	retry.backoff.max.ms = 1000
	retry.backoff.ms = 100
	sasl.client.callback.handler.class = null
	sasl.jaas.config = null
	sasl.kerberos.kinit.cmd = /usr/bin/kinit
	sasl.kerberos.min.time.before.relogin = 60000
	sasl.kerberos.service.name = null
	sasl.kerberos.ticket.renew.jitter = 0.05
	sasl.kerberos.ticket.renew.window.factor = 0.8
	sasl.login.callback.handler.class = null
	sasl.login.class = null
	sasl.login.connect.timeout.ms = null
	sasl.login.read.timeout.ms = null
	sasl.login.refresh.buffer.seconds = 300
	sasl.login.refresh.min.period.seconds = 60
	sasl.login.refresh.window.factor = 0.8
	sasl.login.refresh.window.jitter = 0.05
	sasl.login.retry.backoff.max.ms = 10000
	sasl.login.retry.backoff.ms = 100
	sasl.mechanism = GSSAPI
	sasl.oauthbearer.clock.skew.seconds = 30
	sasl.oauthbearer.expected.audience = null
	sasl.oauthbearer.expected.issuer = null
	sasl.oauthbearer.jwks.endpoint.refresh.ms = 3600000
	sasl.oauthbearer.jwks.endpoint.retry.backoff.max.ms = 10000
	sasl.oauthbearer.jwks.endpoint.retry.backoff.ms = 100
	sasl.oauthbearer.jwks.endpoint.url = null
	sasl.oauthbearer.scope.claim.name = scope
	sasl.oauthbearer.sub.claim.name = sub
	sasl.oauthbearer.token.endpoint.url = null
	security.protocol = PLAINTEXT
	security.providers = null
	send.buffer.bytes = 131072
	session.timeout.ms = 45000
	socket.connection.setup.timeout.max.ms = 30000
	socket.connection.setup.timeout.ms = 10000
	ssl.cipher.suites = null
	ssl.enabled.protocols = [TLSv1.2, TLSv1.3]
	ssl.endpoint.identification.algorithm = https
	ssl.engine.factory.class = null
	ssl.key.password = null
	ssl.keymanager.algorithm = SunX509
	ssl.keystore.certificate.chain = null
	ssl.keystore.key = null
	ssl.keystore.location = null
	ssl.keystore.password = null
	ssl.keystore.type = JKS
	ssl.protocol = TLSv1.3
	ssl.provider = null
	ssl.secure.random.implementation = null
	ssl.trustmanager.algorithm = PKIX
	ssl.truststore.certificates = null
	ssl.truststore.location = null
	ssl.truststore.password = null
	ssl.truststore.type = JKS
	value.deserializer = class org.apache.kafka.common.serialization.StringDeserializer
 
2025-04-28 12:18:39-509 [main] INFO  o.a.k.c.t.i.KafkaMetricsCollector - initializing Kafka metrics collector 
2025-04-28 12:18:39-530 [repliesContainer-0-C-1] INFO  o.apache.kafka.clients.NetworkClient - [Consumer clientId=consumer-bootuser-group-1, groupId=bootuser-group] Node -1 disconnected. 
2025-04-28 12:18:39-531 [main] INFO  o.a.kafka.common.utils.AppInfoParser - Kafka version: 3.8.1 
2025-04-28 12:18:39-531 [repliesContainer-0-C-1] WARN  o.apache.kafka.clients.NetworkClient - [Consumer clientId=consumer-bootuser-group-1, groupId=bootuser-group] Connection to node -1 (localhost/127.0.0.1:29092) could not be established. Node may not be available. 
2025-04-28 12:18:39-531 [main] INFO  o.a.kafka.common.utils.AppInfoParser - Kafka commitId: 70d6ff42debf7e17 
2025-04-28 12:18:39-532 [repliesContainer-0-C-1] WARN  o.apache.kafka.clients.NetworkClient - [Consumer clientId=consumer-bootuser-group-1, groupId=bootuser-group] Bootstrap broker localhost:29092 (id: -1 rack: null) disconnected 
2025-04-28 12:18:39-532 [main] INFO  o.a.kafka.common.utils.AppInfoParser - Kafka startTimeMs: 1745860719531 
2025-04-28 12:18:39-533 [main] INFO  o.a.k.c.c.i.LegacyKafkaConsumer - [Consumer clientId=consumer-bootuser-group-2, groupId=bootuser-group] Subscribed to topic(s): bootuser-request 
2025-04-28 12:18:39-541 [main] INFO  o.a.k.c.consumer.ConsumerConfig - ConsumerConfig values: 
	allow.auto.create.topics = true
	auto.commit.interval.ms = 5000
	auto.include.jmx.reporter = true
	auto.offset.reset = latest
	bootstrap.servers = [localhost:29092]
	check.crcs = true
	client.dns.lookup = use_all_dns_ips
	client.id = consumer-bootuser-group-3
	client.rack = 
	connections.max.idle.ms = 540000
	default.api.timeout.ms = 60000
	enable.auto.commit = false
	enable.metrics.push = true
	exclude.internal.topics = true
	fetch.max.bytes = 52428800
	fetch.max.wait.ms = 500
	fetch.min.bytes = 1
	group.id = bootuser-group
	group.instance.id = null
	group.protocol = classic
	group.remote.assignor = null
	heartbeat.interval.ms = 3000
	interceptor.classes = []
	internal.leave.group.on.close = true
	internal.throw.on.fetch.stable.offset.unsupported = false
	isolation.level = read_uncommitted
	key.deserializer = class org.apache.kafka.common.serialization.StringDeserializer
	max.partition.fetch.bytes = 1048576
	max.poll.interval.ms = 300000
	max.poll.records = 500
	metadata.max.age.ms = 300000
	metadata.recovery.strategy = none
	metric.reporters = []
	metrics.num.samples = 2
	metrics.recording.level = INFO
	metrics.sample.window.ms = 30000
	partition.assignment.strategy = [class org.apache.kafka.clients.consumer.RangeAssignor, class org.apache.kafka.clients.consumer.CooperativeStickyAssignor]
	receive.buffer.bytes = 65536
	reconnect.backoff.max.ms = 1000
	reconnect.backoff.ms = 50
	request.timeout.ms = 30000
	retry.backoff.max.ms = 1000
	retry.backoff.ms = 100
	sasl.client.callback.handler.class = null
	sasl.jaas.config = null
	sasl.kerberos.kinit.cmd = /usr/bin/kinit
	sasl.kerberos.min.time.before.relogin = 60000
	sasl.kerberos.service.name = null
	sasl.kerberos.ticket.renew.jitter = 0.05
	sasl.kerberos.ticket.renew.window.factor = 0.8
	sasl.login.callback.handler.class = null
	sasl.login.class = null
	sasl.login.connect.timeout.ms = null
	sasl.login.read.timeout.ms = null
	sasl.login.refresh.buffer.seconds = 300
	sasl.login.refresh.min.period.seconds = 60
	sasl.login.refresh.window.factor = 0.8
	sasl.login.refresh.window.jitter = 0.05
	sasl.login.retry.backoff.max.ms = 10000
	sasl.login.retry.backoff.ms = 100
	sasl.mechanism = GSSAPI
	sasl.oauthbearer.clock.skew.seconds = 30
	sasl.oauthbearer.expected.audience = null
	sasl.oauthbearer.expected.issuer = null
	sasl.oauthbearer.jwks.endpoint.refresh.ms = 3600000
	sasl.oauthbearer.jwks.endpoint.retry.backoff.max.ms = 10000
	sasl.oauthbearer.jwks.endpoint.retry.backoff.ms = 100
	sasl.oauthbearer.jwks.endpoint.url = null
	sasl.oauthbearer.scope.claim.name = scope
	sasl.oauthbearer.sub.claim.name = sub
	sasl.oauthbearer.token.endpoint.url = null
	security.protocol = PLAINTEXT
	security.providers = null
	send.buffer.bytes = 131072
	session.timeout.ms = 45000
	socket.connection.setup.timeout.max.ms = 30000
	socket.connection.setup.timeout.ms = 10000
	ssl.cipher.suites = null
	ssl.enabled.protocols = [TLSv1.2, TLSv1.3]
	ssl.endpoint.identification.algorithm = https
	ssl.engine.factory.class = null
	ssl.key.password = null
	ssl.keymanager.algorithm = SunX509
	ssl.keystore.certificate.chain = null
	ssl.keystore.key = null
	ssl.keystore.location = null
	ssl.keystore.password = null
	ssl.keystore.type = JKS
	ssl.protocol = TLSv1.3
	ssl.provider = null
	ssl.secure.random.implementation = null
	ssl.trustmanager.algorithm = PKIX
	ssl.truststore.certificates = null
	ssl.truststore.location = null
	ssl.truststore.password = null
	ssl.truststore.type = JKS
	value.deserializer = class org.apache.kafka.common.serialization.StringDeserializer
 
2025-04-28 12:18:39-544 [main] INFO  o.a.k.c.t.i.KafkaMetricsCollector - initializing Kafka metrics collector 
2025-04-28 12:18:39-545 [org.springframework.kafka.KafkaListenerEndpointContainer#0-0-C-1] INFO  o.apache.kafka.clients.NetworkClient - [Consumer clientId=consumer-bootuser-group-2, groupId=bootuser-group] Node -1 disconnected. 
2025-04-28 12:18:39-546 [org.springframework.kafka.KafkaListenerEndpointContainer#0-0-C-1] WARN  o.apache.kafka.clients.NetworkClient - [Consumer clientId=consumer-bootuser-group-2, groupId=bootuser-group] Connection to node -1 (localhost/127.0.0.1:29092) could not be established. Node may not be available. 
2025-04-28 12:18:39-546 [org.springframework.kafka.KafkaListenerEndpointContainer#0-0-C-1] WARN  o.apache.kafka.clients.NetworkClient - [Consumer clientId=consumer-bootuser-group-2, groupId=bootuser-group] Bootstrap broker localhost:29092 (id: -1 rack: null) disconnected 
2025-04-28 12:18:39-562 [main] INFO  o.a.kafka.common.utils.AppInfoParser - Kafka version: 3.8.1 
2025-04-28 12:18:39-563 [main] INFO  o.a.kafka.common.utils.AppInfoParser - Kafka commitId: 70d6ff42debf7e17 
2025-04-28 12:18:39-563 [main] INFO  o.a.kafka.common.utils.AppInfoParser - Kafka startTimeMs: 1745860719562 
2025-04-28 12:18:39-564 [main] INFO  o.a.k.c.c.i.LegacyKafkaConsumer - [Consumer clientId=consumer-bootuser-group-3, groupId=bootuser-group] Subscribed to topic(s): bootcoin-user-request 
2025-04-28 12:18:39-581 [org.springframework.kafka.KafkaListenerEndpointContainer#1-0-C-1] INFO  o.apache.kafka.clients.NetworkClient - [Consumer clientId=consumer-bootuser-group-3, groupId=bootuser-group] Node -1 disconnected. 
2025-04-28 12:18:39-586 [org.springframework.kafka.KafkaListenerEndpointContainer#1-0-C-1] WARN  o.apache.kafka.clients.NetworkClient - [Consumer clientId=consumer-bootuser-group-3, groupId=bootuser-group] Connection to node -1 (localhost/127.0.0.1:29092) could not be established. Node may not be available. 
2025-04-28 12:18:39-588 [org.springframework.kafka.KafkaListenerEndpointContainer#1-0-C-1] WARN  o.apache.kafka.clients.NetworkClient - [Consumer clientId=consumer-bootuser-group-3, groupId=bootuser-group] Bootstrap broker localhost:29092 (id: -1 rack: null) disconnected 
2025-04-28 12:18:39-626 [main] INFO  c.b.u.a.BootcoinUserApiApplicationTests - Started BootcoinUserApiApplicationTests in 17.337 seconds (process running for 21.585) 
2025-04-28 12:18:39-641 [DiscoveryClient-InstanceInfoReplicator-%d] INFO  c.netflix.discovery.DiscoveryClient - DiscoveryClient_BOOTCOIN-USER-API/bootcoin-user-api:8817 - registration status: 204 
2025-04-28 12:18:39-647 [org.springframework.kafka.KafkaListenerEndpointContainer#0-0-C-1] INFO  o.apache.kafka.clients.NetworkClient - [Consumer clientId=consumer-bootuser-group-2, groupId=bootuser-group] Node -1 disconnected. 
2025-04-28 12:18:39-648 [org.springframework.kafka.KafkaListenerEndpointContainer#0-0-C-1] WARN  o.apache.kafka.clients.NetworkClient - [Consumer clientId=consumer-bootuser-group-2, groupId=bootuser-group] Connection to node -1 (localhost/127.0.0.1:29092) could not be established. Node may not be available. 
2025-04-28 12:18:39-648 [org.springframework.kafka.KafkaListenerEndpointContainer#0-0-C-1] WARN  o.apache.kafka.clients.NetworkClient - [Consumer clientId=consumer-bootuser-group-2, groupId=bootuser-group] Bootstrap broker localhost:29092 (id: -1 rack: null) disconnected 
2025-04-28 12:18:39-661 [repliesContainer-0-C-1] INFO  o.apache.kafka.clients.NetworkClient - [Consumer clientId=consumer-bootuser-group-1, groupId=bootuser-group] Node -1 disconnected. 
2025-04-28 12:18:39-661 [repliesContainer-0-C-1] WARN  o.apache.kafka.clients.NetworkClient - [Consumer clientId=consumer-bootuser-group-1, groupId=bootuser-group] Connection to node -1 (localhost/127.0.0.1:29092) could not be established. Node may not be available. 
2025-04-28 12:18:39-662 [repliesContainer-0-C-1] WARN  o.apache.kafka.clients.NetworkClient - [Consumer clientId=consumer-bootuser-group-1, groupId=bootuser-group] Bootstrap broker localhost:29092 (id: -1 rack: null) disconnected 
2025-04-28 12:18:39-712 [org.springframework.kafka.KafkaListenerEndpointContainer#1-0-C-1] INFO  o.apache.kafka.clients.NetworkClient - [Consumer clientId=consumer-bootuser-group-3, groupId=bootuser-group] Node -1 disconnected. 
2025-04-28 12:18:39-713 [org.springframework.kafka.KafkaListenerEndpointContainer#1-0-C-1] WARN  o.apache.kafka.clients.NetworkClient - [Consumer clientId=consumer-bootuser-group-3, groupId=bootuser-group] Connection to node -1 (localhost/127.0.0.1:29092) could not be established. Node may not be available. 
2025-04-28 12:18:39-714 [org.springframework.kafka.KafkaListenerEndpointContainer#1-0-C-1] WARN  o.apache.kafka.clients.NetworkClient - [Consumer clientId=consumer-bootuser-group-3, groupId=bootuser-group] Bootstrap broker localhost:29092 (id: -1 rack: null) disconnected 
2025-04-28 12:18:39-751 [org.springframework.kafka.KafkaListenerEndpointContainer#0-0-C-1] INFO  o.apache.kafka.clients.NetworkClient - [Consumer clientId=consumer-bootuser-group-2, groupId=bootuser-group] Node -1 disconnected. 
2025-04-28 12:18:39-753 [org.springframework.kafka.KafkaListenerEndpointContainer#0-0-C-1] WARN  o.apache.kafka.clients.NetworkClient - [Consumer clientId=consumer-bootuser-group-2, groupId=bootuser-group] Connection to node -1 (localhost/127.0.0.1:29092) could not be established. Node may not be available. 
2025-04-28 12:18:39-753 [org.springframework.kafka.KafkaListenerEndpointContainer#0-0-C-1] WARN  o.apache.kafka.clients.NetworkClient - [Consumer clientId=consumer-bootuser-group-2, groupId=bootuser-group] Bootstrap broker localhost:29092 (id: -1 rack: null) disconnected 
2025-04-28 12:18:39-835 [org.springframework.kafka.KafkaListenerEndpointContainer#1-0-C-1] INFO  o.apache.kafka.clients.NetworkClient - [Consumer clientId=consumer-bootuser-group-3, groupId=bootuser-group] Node -1 disconnected. 
2025-04-28 12:18:39-836 [org.springframework.kafka.KafkaListenerEndpointContainer#1-0-C-1] WARN  o.apache.kafka.clients.NetworkClient - [Consumer clientId=consumer-bootuser-group-3, groupId=bootuser-group] Connection to node -1 (localhost/127.0.0.1:29092) could not be established. Node may not be available. 
2025-04-28 12:18:39-836 [org.springframework.kafka.KafkaListenerEndpointContainer#1-0-C-1] WARN  o.apache.kafka.clients.NetworkClient - [Consumer clientId=consumer-bootuser-group-3, groupId=bootuser-group] Bootstrap broker localhost:29092 (id: -1 rack: null) disconnected 
2025-04-28 12:18:39-867 [repliesContainer-0-C-1] INFO  o.apache.kafka.clients.NetworkClient - [Consumer clientId=consumer-bootuser-group-1, groupId=bootuser-group] Node -1 disconnected. 
2025-04-28 12:18:39-867 [repliesContainer-0-C-1] WARN  o.apache.kafka.clients.NetworkClient - [Consumer clientId=consumer-bootuser-group-1, groupId=bootuser-group] Connection to node -1 (localhost/127.0.0.1:29092) could not be established. Node may not be available. 
2025-04-28 12:18:39-867 [repliesContainer-0-C-1] WARN  o.apache.kafka.clients.NetworkClient - [Consumer clientId=consumer-bootuser-group-1, groupId=bootuser-group] Bootstrap broker localhost:29092 (id: -1 rack: null) disconnected 
2025-04-28 12:18:39-960 [org.springframework.kafka.KafkaListenerEndpointContainer#0-0-C-1] INFO  o.apache.kafka.clients.NetworkClient - [Consumer clientId=consumer-bootuser-group-2, groupId=bootuser-group] Node -1 disconnected. 
2025-04-28 12:18:39-960 [org.springframework.kafka.KafkaListenerEndpointContainer#0-0-C-1] WARN  o.apache.kafka.clients.NetworkClient - [Consumer clientId=consumer-bootuser-group-2, groupId=bootuser-group] Connection to node -1 (localhost/127.0.0.1:29092) could not be established. Node may not be available. 
2025-04-28 12:18:39-961 [org.springframework.kafka.KafkaListenerEndpointContainer#0-0-C-1] WARN  o.apache.kafka.clients.NetworkClient - [Consumer clientId=consumer-bootuser-group-2, groupId=bootuser-group] Bootstrap broker localhost:29092 (id: -1 rack: null) disconnected 
2025-04-28 12:18:40-053 [org.springframework.kafka.KafkaListenerEndpointContainer#1-0-C-1] INFO  o.apache.kafka.clients.NetworkClient - [Consumer clientId=consumer-bootuser-group-3, groupId=bootuser-group] Node -1 disconnected. 
2025-04-28 12:18:40-054 [org.springframework.kafka.KafkaListenerEndpointContainer#1-0-C-1] WARN  o.apache.kafka.clients.NetworkClient - [Consumer clientId=consumer-bootuser-group-3, groupId=bootuser-group] Connection to node -1 (localhost/127.0.0.1:29092) could not be established. Node may not be available. 
2025-04-28 12:18:40-055 [org.springframework.kafka.KafkaListenerEndpointContainer#1-0-C-1] WARN  o.apache.kafka.clients.NetworkClient - [Consumer clientId=consumer-bootuser-group-3, groupId=bootuser-group] Bootstrap broker localhost:29092 (id: -1 rack: null) disconnected 
2025-04-28 12:18:40-238 [repliesContainer-0-C-1] INFO  o.apache.kafka.clients.NetworkClient - [Consumer clientId=consumer-bootuser-group-1, groupId=bootuser-group] Node -1 disconnected. 
2025-04-28 12:18:40-239 [repliesContainer-0-C-1] WARN  o.apache.kafka.clients.NetworkClient - [Consumer clientId=consumer-bootuser-group-1, groupId=bootuser-group] Connection to node -1 (localhost/127.0.0.1:29092) could not be established. Node may not be available. 
2025-04-28 12:18:40-239 [repliesContainer-0-C-1] WARN  o.apache.kafka.clients.NetworkClient - [Consumer clientId=consumer-bootuser-group-1, groupId=bootuser-group] Bootstrap broker localhost:29092 (id: -1 rack: null) disconnected 
2025-04-28 12:18:40-394 [org.springframework.kafka.KafkaListenerEndpointContainer#0-0-C-1] INFO  o.apache.kafka.clients.NetworkClient - [Consumer clientId=consumer-bootuser-group-2, groupId=bootuser-group] Node -1 disconnected. 
2025-04-28 12:18:40-394 [org.springframework.kafka.KafkaListenerEndpointContainer#0-0-C-1] WARN  o.apache.kafka.clients.NetworkClient - [Consumer clientId=consumer-bootuser-group-2, groupId=bootuser-group] Connection to node -1 (localhost/127.0.0.1:29092) could not be established. Node may not be available. 
2025-04-28 12:18:40-395 [org.springframework.kafka.KafkaListenerEndpointContainer#0-0-C-1] WARN  o.apache.kafka.clients.NetworkClient - [Consumer clientId=consumer-bootuser-group-2, groupId=bootuser-group] Bootstrap broker localhost:29092 (id: -1 rack: null) disconnected 
2025-04-28 12:18:40-458 [org.springframework.kafka.KafkaListenerEndpointContainer#1-0-C-1] INFO  o.apache.kafka.clients.NetworkClient - [Consumer clientId=consumer-bootuser-group-3, groupId=bootuser-group] Node -1 disconnected. 
2025-04-28 12:18:40-459 [org.springframework.kafka.KafkaListenerEndpointContainer#1-0-C-1] WARN  o.apache.kafka.clients.NetworkClient - [Consumer clientId=consumer-bootuser-group-3, groupId=bootuser-group] Connection to node -1 (localhost/127.0.0.1:29092) could not be established. Node may not be available. 
2025-04-28 12:18:40-459 [org.springframework.kafka.KafkaListenerEndpointContainer#1-0-C-1] WARN  o.apache.kafka.clients.NetworkClient - [Consumer clientId=consumer-bootuser-group-3, groupId=bootuser-group] Bootstrap broker localhost:29092 (id: -1 rack: null) disconnected 
2025-04-28 12:18:41-083 [repliesContainer-0-C-1] INFO  o.apache.kafka.clients.NetworkClient - [Consumer clientId=consumer-bootuser-group-1, groupId=bootuser-group] Node -1 disconnected. 
2025-04-28 12:18:41-084 [repliesContainer-0-C-1] WARN  o.apache.kafka.clients.NetworkClient - [Consumer clientId=consumer-bootuser-group-1, groupId=bootuser-group] Connection to node -1 (localhost/127.0.0.1:29092) could not be established. Node may not be available. 
2025-04-28 12:18:41-085 [repliesContainer-0-C-1] WARN  o.apache.kafka.clients.NetworkClient - [Consumer clientId=consumer-bootuser-group-1, groupId=bootuser-group] Bootstrap broker localhost:29092 (id: -1 rack: null) disconnected 
2025-04-28 12:18:41-173 [org.springframework.kafka.KafkaListenerEndpointContainer#1-0-C-1] INFO  o.apache.kafka.clients.NetworkClient - [Consumer clientId=consumer-bootuser-group-3, groupId=bootuser-group] Node -1 disconnected. 
2025-04-28 12:18:41-174 [org.springframework.kafka.KafkaListenerEndpointContainer#1-0-C-1] WARN  o.apache.kafka.clients.NetworkClient - [Consumer clientId=consumer-bootuser-group-3, groupId=bootuser-group] Connection to node -1 (localhost/127.0.0.1:29092) could not be established. Node may not be available. 
2025-04-28 12:18:41-174 [org.springframework.kafka.KafkaListenerEndpointContainer#1-0-C-1] WARN  o.apache.kafka.clients.NetworkClient - [Consumer clientId=consumer-bootuser-group-3, groupId=bootuser-group] Bootstrap broker localhost:29092 (id: -1 rack: null) disconnected 
2025-04-28 12:18:41-299 [org.springframework.kafka.KafkaListenerEndpointContainer#0-0-C-1] INFO  o.apache.kafka.clients.NetworkClient - [Consumer clientId=consumer-bootuser-group-2, groupId=bootuser-group] Node -1 disconnected. 
2025-04-28 12:18:41-301 [org.springframework.kafka.KafkaListenerEndpointContainer#0-0-C-1] WARN  o.apache.kafka.clients.NetworkClient - [Consumer clientId=consumer-bootuser-group-2, groupId=bootuser-group] Connection to node -1 (localhost/127.0.0.1:29092) could not be established. Node may not be available. 
2025-04-28 12:18:41-302 [org.springframework.kafka.KafkaListenerEndpointContainer#0-0-C-1] WARN  o.apache.kafka.clients.NetworkClient - [Consumer clientId=consumer-bootuser-group-2, groupId=bootuser-group] Bootstrap broker localhost:29092 (id: -1 rack: null) disconnected 
2025-04-28 12:18:41-661 [SpringApplicationShutdownHook] INFO  o.s.c.n.e.s.EurekaServiceRegistry - Unregistering application BOOTCOIN-USER-API with eureka with status DOWN 
2025-04-28 12:18:41-662 [SpringApplicationShutdownHook] INFO  c.netflix.discovery.DiscoveryClient - Saw local status change event StatusChangeEvent [timestamp=1745860721662, current=DOWN, previous=UP] 
2025-04-28 12:18:41-662 [DiscoveryClient-InstanceInfoReplicator-%d] INFO  c.netflix.discovery.DiscoveryClient - DiscoveryClient_BOOTCOIN-USER-API/bootcoin-user-api:8817: registering service... 
2025-04-28 12:18:41-675 [DiscoveryClient-InstanceInfoReplicator-%d] INFO  c.netflix.discovery.DiscoveryClient - DiscoveryClient_BOOTCOIN-USER-API/bootcoin-user-api:8817 - registration status: 204 
2025-04-28 12:18:42-039 [org.springframework.kafka.KafkaListenerEndpointContainer#1-0-C-1] INFO  o.apache.kafka.clients.NetworkClient - [Consumer clientId=consumer-bootuser-group-3, groupId=bootuser-group] Node -1 disconnected. 
2025-04-28 12:18:42-041 [org.springframework.kafka.KafkaListenerEndpointContainer#1-0-C-1] WARN  o.apache.kafka.clients.NetworkClient - [Consumer clientId=consumer-bootuser-group-3, groupId=bootuser-group] Connection to node -1 (localhost/127.0.0.1:29092) could not be established. Node may not be available. 
2025-04-28 12:18:42-041 [org.springframework.kafka.KafkaListenerEndpointContainer#1-0-C-1] WARN  o.apache.kafka.clients.NetworkClient - [Consumer clientId=consumer-bootuser-group-3, groupId=bootuser-group] Bootstrap broker localhost:29092 (id: -1 rack: null) disconnected 
2025-04-28 12:18:42-107 [repliesContainer-0-C-1] INFO  o.apache.kafka.clients.NetworkClient - [Consumer clientId=consumer-bootuser-group-1, groupId=bootuser-group] Node -1 disconnected. 
2025-04-28 12:18:42-107 [repliesContainer-0-C-1] WARN  o.apache.kafka.clients.NetworkClient - [Consumer clientId=consumer-bootuser-group-1, groupId=bootuser-group] Connection to node -1 (localhost/127.0.0.1:29092) could not be established. Node may not be available. 
2025-04-28 12:18:42-109 [repliesContainer-0-C-1] WARN  o.apache.kafka.clients.NetworkClient - [Consumer clientId=consumer-bootuser-group-1, groupId=bootuser-group] Bootstrap broker localhost:29092 (id: -1 rack: null) disconnected 
2025-04-28 12:18:42-357 [org.springframework.kafka.KafkaListenerEndpointContainer#0-0-C-1] INFO  o.apache.kafka.clients.NetworkClient - [Consumer clientId=consumer-bootuser-group-2, groupId=bootuser-group] Node -1 disconnected. 
2025-04-28 12:18:42-357 [org.springframework.kafka.KafkaListenerEndpointContainer#0-0-C-1] WARN  o.apache.kafka.clients.NetworkClient - [Consumer clientId=consumer-bootuser-group-2, groupId=bootuser-group] Connection to node -1 (localhost/127.0.0.1:29092) could not be established. Node may not be available. 
2025-04-28 12:18:42-358 [org.springframework.kafka.KafkaListenerEndpointContainer#0-0-C-1] WARN  o.apache.kafka.clients.NetworkClient - [Consumer clientId=consumer-bootuser-group-2, groupId=bootuser-group] Bootstrap broker localhost:29092 (id: -1 rack: null) disconnected 
2025-04-28 12:18:42-540 [repliesContainer-0-C-1] INFO  o.a.k.c.c.i.ConsumerCoordinator - [Consumer clientId=consumer-bootuser-group-1, groupId=bootuser-group] Resetting generation and member id due to: consumer pro-actively leaving the group 
2025-04-28 12:18:42-541 [repliesContainer-0-C-1] INFO  o.a.k.c.c.i.ConsumerCoordinator - [Consumer clientId=consumer-bootuser-group-1, groupId=bootuser-group] Request joining group due to: consumer pro-actively leaving the group 
2025-04-28 12:18:42-541 [repliesContainer-0-C-1] INFO  o.a.k.c.c.i.LegacyKafkaConsumer - [Consumer clientId=consumer-bootuser-group-1, groupId=bootuser-group] Unsubscribed all topics or patterns and assigned partitions 
2025-04-28 12:18:42-545 [repliesContainer-0-C-1] INFO  o.a.k.c.c.i.ConsumerCoordinator - [Consumer clientId=consumer-bootuser-group-1, groupId=bootuser-group] Resetting generation and member id due to: consumer pro-actively leaving the group 
2025-04-28 12:18:42-546 [repliesContainer-0-C-1] INFO  o.a.k.c.c.i.ConsumerCoordinator - [Consumer clientId=consumer-bootuser-group-1, groupId=bootuser-group] Request joining group due to: consumer pro-actively leaving the group 
2025-04-28 12:18:42-554 [repliesContainer-0-C-1] INFO  o.a.kafka.common.metrics.Metrics - Metrics scheduler closed 
2025-04-28 12:18:42-555 [repliesContainer-0-C-1] INFO  o.a.kafka.common.metrics.Metrics - Closing reporter org.apache.kafka.common.metrics.JmxReporter 
2025-04-28 12:18:42-555 [repliesContainer-0-C-1] INFO  o.a.kafka.common.metrics.Metrics - Closing reporter org.apache.kafka.common.telemetry.internals.ClientTelemetryReporter 
2025-04-28 12:18:42-555 [repliesContainer-0-C-1] INFO  o.a.kafka.common.metrics.Metrics - Metrics reporters closed 
2025-04-28 12:18:42-562 [repliesContainer-0-C-1] INFO  o.a.kafka.common.utils.AppInfoParser - App info kafka.consumer for consumer-bootuser-group-1 unregistered 
2025-04-28 12:18:42-565 [repliesContainer-0-C-1] INFO  o.s.k.l.KafkaMessageListenerContainer - bootuser-group: Consumer stopped 
2025-04-28 12:18:42-569 [org.springframework.kafka.KafkaListenerEndpointContainer#0-0-C-1] INFO  o.a.k.c.c.i.ConsumerCoordinator - [Consumer clientId=consumer-bootuser-group-2, groupId=bootuser-group] Resetting generation and member id due to: consumer pro-actively leaving the group 
2025-04-28 12:18:42-569 [org.springframework.kafka.KafkaListenerEndpointContainer#1-0-C-1] INFO  o.a.k.c.c.i.ConsumerCoordinator - [Consumer clientId=consumer-bootuser-group-3, groupId=bootuser-group] Resetting generation and member id due to: consumer pro-actively leaving the group 
2025-04-28 12:18:42-569 [org.springframework.kafka.KafkaListenerEndpointContainer#0-0-C-1] INFO  o.a.k.c.c.i.ConsumerCoordinator - [Consumer clientId=consumer-bootuser-group-2, groupId=bootuser-group] Request joining group due to: consumer pro-actively leaving the group 
2025-04-28 12:18:42-569 [org.springframework.kafka.KafkaListenerEndpointContainer#1-0-C-1] INFO  o.a.k.c.c.i.ConsumerCoordinator - [Consumer clientId=consumer-bootuser-group-3, groupId=bootuser-group] Request joining group due to: consumer pro-actively leaving the group 
2025-04-28 12:18:42-569 [org.springframework.kafka.KafkaListenerEndpointContainer#0-0-C-1] INFO  o.a.k.c.c.i.LegacyKafkaConsumer - [Consumer clientId=consumer-bootuser-group-2, groupId=bootuser-group] Unsubscribed all topics or patterns and assigned partitions 
2025-04-28 12:18:42-570 [org.springframework.kafka.KafkaListenerEndpointContainer#1-0-C-1] INFO  o.a.k.c.c.i.LegacyKafkaConsumer - [Consumer clientId=consumer-bootuser-group-3, groupId=bootuser-group] Unsubscribed all topics or patterns and assigned partitions 
2025-04-28 12:18:42-570 [org.springframework.kafka.KafkaListenerEndpointContainer#0-0-C-1] INFO  o.a.k.c.c.i.ConsumerCoordinator - [Consumer clientId=consumer-bootuser-group-2, groupId=bootuser-group] Resetting generation and member id due to: consumer pro-actively leaving the group 
2025-04-28 12:18:42-570 [org.springframework.kafka.KafkaListenerEndpointContainer#1-0-C-1] INFO  o.a.k.c.c.i.ConsumerCoordinator - [Consumer clientId=consumer-bootuser-group-3, groupId=bootuser-group] Resetting generation and member id due to: consumer pro-actively leaving the group 
2025-04-28 12:18:42-570 [org.springframework.kafka.KafkaListenerEndpointContainer#0-0-C-1] INFO  o.a.k.c.c.i.ConsumerCoordinator - [Consumer clientId=consumer-bootuser-group-2, groupId=bootuser-group] Request joining group due to: consumer pro-actively leaving the group 
2025-04-28 12:18:42-570 [org.springframework.kafka.KafkaListenerEndpointContainer#1-0-C-1] INFO  o.a.k.c.c.i.ConsumerCoordinator - [Consumer clientId=consumer-bootuser-group-3, groupId=bootuser-group] Request joining group due to: consumer pro-actively leaving the group 
2025-04-28 12:18:42-572 [org.springframework.kafka.KafkaListenerEndpointContainer#0-0-C-1] INFO  o.a.kafka.common.metrics.Metrics - Metrics scheduler closed 
2025-04-28 12:18:42-572 [org.springframework.kafka.KafkaListenerEndpointContainer#0-0-C-1] INFO  o.a.kafka.common.metrics.Metrics - Closing reporter org.apache.kafka.common.metrics.JmxReporter 
2025-04-28 12:18:42-572 [org.springframework.kafka.KafkaListenerEndpointContainer#0-0-C-1] INFO  o.a.kafka.common.metrics.Metrics - Closing reporter org.apache.kafka.common.telemetry.internals.ClientTelemetryReporter 
2025-04-28 12:18:42-572 [org.springframework.kafka.KafkaListenerEndpointContainer#0-0-C-1] INFO  o.a.kafka.common.metrics.Metrics - Metrics reporters closed 
2025-04-28 12:18:42-573 [org.springframework.kafka.KafkaListenerEndpointContainer#1-0-C-1] INFO  o.a.kafka.common.metrics.Metrics - Metrics scheduler closed 
2025-04-28 12:18:42-574 [org.springframework.kafka.KafkaListenerEndpointContainer#1-0-C-1] INFO  o.a.kafka.common.metrics.Metrics - Closing reporter org.apache.kafka.common.metrics.JmxReporter 
2025-04-28 12:18:42-575 [org.springframework.kafka.KafkaListenerEndpointContainer#1-0-C-1] INFO  o.a.kafka.common.metrics.Metrics - Closing reporter org.apache.kafka.common.telemetry.internals.ClientTelemetryReporter 
2025-04-28 12:18:42-575 [org.springframework.kafka.KafkaListenerEndpointContainer#1-0-C-1] INFO  o.a.kafka.common.metrics.Metrics - Metrics reporters closed 
2025-04-28 12:18:42-583 [org.springframework.kafka.KafkaListenerEndpointContainer#0-0-C-1] INFO  o.a.kafka.common.utils.AppInfoParser - App info kafka.consumer for consumer-bootuser-group-2 unregistered 
2025-04-28 12:18:42-583 [org.springframework.kafka.KafkaListenerEndpointContainer#0-0-C-1] INFO  o.s.k.l.KafkaMessageListenerContainer - bootuser-group: Consumer stopped 
2025-04-28 12:18:42-585 [org.springframework.kafka.KafkaListenerEndpointContainer#1-0-C-1] INFO  o.a.kafka.common.utils.AppInfoParser - App info kafka.consumer for consumer-bootuser-group-3 unregistered 
2025-04-28 12:18:42-586 [org.springframework.kafka.KafkaListenerEndpointContainer#1-0-C-1] INFO  o.s.k.l.KafkaMessageListenerContainer - bootuser-group: Consumer stopped 
2025-04-28 12:18:44-706 [SpringApplicationShutdownHook] INFO  c.netflix.discovery.DiscoveryClient - Shutting down DiscoveryClient ... 
2025-04-28 12:18:47-713 [SpringApplicationShutdownHook] INFO  c.netflix.discovery.DiscoveryClient - Unregistering ... 
2025-04-28 12:18:47-737 [SpringApplicationShutdownHook] INFO  c.netflix.discovery.DiscoveryClient - DiscoveryClient_BOOTCOIN-USER-API/bootcoin-user-api:8817 - deregister  status: 200 
2025-04-28 12:18:47-738 [SpringApplicationShutdownHook] INFO  c.netflix.discovery.DiscoveryClient - Completed shut down of DiscoveryClient 
2025-04-28 12:27:37-403 [main] INFO  o.s.t.c.s.AnnotationConfigContextLoaderUtils - Could not detect default configuration classes for test class [com.bootcoin.user.api.BootcoinUserApiApplicationTests]: BootcoinUserApiApplicationTests does not declare any static, non-private, non-final, nested classes annotated with @Configuration. 
2025-04-28 12:27:37-907 [main] INFO  o.s.b.t.c.SpringBootTestContextBootstrapper - Found @SpringBootConfiguration com.bootcoin.user.api.BootcoinUserApiApplication for test class com.bootcoin.user.api.BootcoinUserApiApplicationTests 
2025-04-28 12:27:43-590 [main] INFO  c.b.u.a.BootcoinUserApiApplicationTests - Starting BootcoinUserApiApplicationTests using Java 17.0.12 with PID 2760 (started by mgarcsar in C:\Users\mgarcsar\Documents\Bootcamp\etregables\BootCoin\bootcoin-user-api) 
2025-04-28 12:27:43-595 [main] INFO  c.b.u.a.BootcoinUserApiApplicationTests - The following 1 profile is active: "dev" 
2025-04-28 12:27:43-802 [main] INFO  o.s.c.c.c.ConfigServerConfigDataLoader - Fetching config from server at : http://config-server-bc:8888 
2025-04-28 12:27:43-803 [main] INFO  o.s.c.c.c.ConfigServerConfigDataLoader - Exception on Url - http://config-server-bc:8888:org.springframework.web.client.ResourceAccessException: I/O error on GET request for "http://config-server-bc:8888/bootcoin-user-api/default": config-server-bc. Will be trying the next url if available 
2025-04-28 12:27:43-804 [main] WARN  o.s.c.c.c.ConfigServerConfigDataLoader - Could not locate PropertySource ([ConfigServerConfigDataResource@3e1897d uris = array<String>['http://config-server-bc:8888'], optional = true, profiles = 'default']): I/O error on GET request for "http://config-server-bc:8888/bootcoin-user-api/default": config-server-bc 
2025-04-28 12:27:43-805 [main] INFO  o.s.c.c.c.ConfigServerConfigDataLoader - Fetching config from server at : http://config-server-bc:8888 
2025-04-28 12:27:43-806 [main] INFO  o.s.c.c.c.ConfigServerConfigDataLoader - Exception on Url - http://config-server-bc:8888:org.springframework.web.client.ResourceAccessException: I/O error on GET request for "http://config-server-bc:8888/bootcoin-user-api/dev": config-server-bc. Will be trying the next url if available 
2025-04-28 12:27:43-807 [main] WARN  o.s.c.c.c.ConfigServerConfigDataLoader - Could not locate PropertySource ([ConfigServerConfigDataResource@53d2f0ec uris = array<String>['http://config-server-bc:8888'], optional = true, profiles = 'dev']): I/O error on GET request for "http://config-server-bc:8888/bootcoin-user-api/dev": config-server-bc 
2025-04-28 12:27:43-808 [main] INFO  o.s.c.c.c.ConfigServerConfigDataLoader - Fetching config from server at : http://config-server-bc:8888 
2025-04-28 12:27:43-809 [main] INFO  o.s.c.c.c.ConfigServerConfigDataLoader - Exception on Url - http://config-server-bc:8888:org.springframework.web.client.ResourceAccessException: I/O error on GET request for "http://config-server-bc:8888/bootcoin-user-api/default": config-server-bc. Will be trying the next url if available 
2025-04-28 12:27:43-809 [main] WARN  o.s.c.c.c.ConfigServerConfigDataLoader - Could not locate PropertySource ([ConfigServerConfigDataResource@560be8c0 uris = array<String>['http://config-server-bc:8888'], optional = true, profiles = 'default']): I/O error on GET request for "http://config-server-bc:8888/bootcoin-user-api/default": config-server-bc 
2025-04-28 12:27:48-792 [main] INFO  o.s.d.r.c.RepositoryConfigurationDelegate - Bootstrapping Spring Data Reactive MongoDB repositories in DEFAULT mode. 
2025-04-28 12:27:50-775 [main] INFO  o.s.d.r.c.RepositoryConfigurationDelegate - Finished Spring Data repository scanning in 1918 ms. Found 1 Reactive MongoDB repository interface. 
2025-04-28 12:27:52-383 [main] INFO  o.s.cloud.context.scope.GenericScope - BeanFactory id=38fdc953-25ca-3510-8aa0-db7918657eca 
2025-04-28 12:27:55-728 [main] INFO  org.mongodb.driver.client - MongoClient with metadata {"driver": {"name": "mongo-java-driver|reactive-streams|spring-boot", "version": "5.2.1"}, "os": {"type": "Windows", "name": "Windows 10", "architecture": "amd64", "version": "10.0"}, "platform": "Java/Oracle Corporation/17.0.12+8-LTS-286"} created with settings MongoClientSettings{readPreference=primary, writeConcern=WriteConcern{w=null, wTimeout=null ms, journal=null}, retryWrites=true, retryReads=true, readConcern=ReadConcern{level=null}, credential=null, transportSettings=NettyTransportSettings{eventLoopGroup=io.netty.channel.nio.NioEventLoopGroup@4aa037e6, socketChannelClass=null, allocator=null, sslContext=null}, commandListeners=[io.micrometer.core.instrument.binder.mongodb.MongoMetricsCommandListener@1abd92c6], codecRegistry=ProvidersCodecRegistry{codecProviders=[ValueCodecProvider{}, BsonValueCodecProvider{}, DBRefCodecProvider{}, DBObjectCodecProvider{}, DocumentCodecProvider{}, CollectionCodecProvider{}, IterableCodecProvider{}, MapCodecProvider{}, GeoJsonCodecProvider{}, GridFSFileCodecProvider{}, Jsr310CodecProvider{}, JsonObjectCodecProvider{}, BsonCodecProvider{}, EnumCodecProvider{}, com.mongodb.client.model.mql.ExpressionCodecProvider@7c44c38b, com.mongodb.Jep395RecordCodecProvider@74c2edc, com.mongodb.KotlinCodecProvider@4c9836d4]}, loggerSettings=LoggerSettings{maxDocumentLength=1000}, clusterSettings={hosts=[localhost:27017], srvServiceName=mongodb, mode=SINGLE, requiredClusterType=UNKNOWN, requiredReplicaSetName='null', serverSelector='null', clusterListeners='[]', serverSelectionTimeout='30000 ms', localThreshold='15 ms'}, socketSettings=SocketSettings{connectTimeoutMS=10000, readTimeoutMS=0, receiveBufferSize=0, proxySettings=ProxySettings{host=null, port=null, username=null, password=null}}, heartbeatSocketSettings=SocketSettings{connectTimeoutMS=10000, readTimeoutMS=10000, receiveBufferSize=0, proxySettings=ProxySettings{host=null, port=null, username=null, password=null}}, connectionPoolSettings=ConnectionPoolSettings{maxSize=100, minSize=0, maxWaitTimeMS=120000, maxConnectionLifeTimeMS=0, maxConnectionIdleTimeMS=0, maintenanceInitialDelayMS=0, maintenanceFrequencyMS=60000, connectionPoolListeners=[io.micrometer.core.instrument.binder.mongodb.MongoMetricsConnectionPoolListener@3ac5a623], maxConnecting=2}, serverSettings=ServerSettings{heartbeatFrequencyMS=10000, minHeartbeatFrequencyMS=500, serverMonitoringMode=AUTO, serverListeners='[]', serverMonitorListeners='[]'}, sslSettings=SslSettings{enabled=false, invalidHostNameAllowed=false, context=null}, applicationName='null', compressorList=[], uuidRepresentation=JAVA_LEGACY, serverApi=null, autoEncryptionSettings=null, dnsClient=null, inetAddressResolver=null, contextProvider=null, timeoutMS=null} 
2025-04-28 12:27:56-475 [cluster-ClusterId{value='680fba9b3037782ce377dd8d', description='null'}-localhost:27017] INFO  org.mongodb.driver.cluster - Monitor thread successfully connected to server with description ServerDescription{address=localhost:27017, type=STANDALONE, cryptd=false, state=CONNECTED, ok=true, minWireVersion=0, maxWireVersion=25, maxDocumentSize=16777216, logicalSessionTimeoutMinutes=30, roundTripTimeNanos=369713800, minRoundTripTimeNanos=0} 
2025-04-28 12:28:00-613 [main] INFO  o.s.v.b.OptionalValidatorFactoryBean - Failed to set up a Bean Validation provider: jakarta.validation.NoProviderFoundException: Unable to create a Configuration, because no Jakarta Bean Validation provider could be found. Add a provider like Hibernate Validator (RI) to your classpath. 
2025-04-28 12:28:05-022 [main] INFO  o.s.b.a.e.web.EndpointLinksResolver - Exposing 2 endpoints beneath base path '/actuator' 
2025-04-28 12:28:07-402 [main] INFO  o.s.c.n.e.c.DiscoveryClientOptionalArgsConfiguration - Eureka HTTP Client uses RestTemplate. 
2025-04-28 12:28:07-620 [main] WARN  o.s.c.l.c.LoadBalancerCacheAutoConfiguration$LoadBalancerCaffeineWarnLogger - Spring Cloud LoadBalancer is currently working with the default cache. While this cache implementation is useful for development and tests, it's recommended to use Caffeine cache in production.You can switch to using Caffeine cache, by adding it and org.springframework.cache.caffeine.CaffeineCacheManager to the classpath. 
2025-04-28 12:28:08-133 [main] INFO  o.a.k.c.consumer.ConsumerConfig - ConsumerConfig values: 
	allow.auto.create.topics = true
	auto.commit.interval.ms = 5000
	auto.include.jmx.reporter = true
	auto.offset.reset = latest
	bootstrap.servers = [localhost:29092]
	check.crcs = true
	client.dns.lookup = use_all_dns_ips
	client.id = consumer-bootuser-group-1
	client.rack = 
	connections.max.idle.ms = 540000
	default.api.timeout.ms = 60000
	enable.auto.commit = false
	enable.metrics.push = true
	exclude.internal.topics = true
	fetch.max.bytes = 52428800
	fetch.max.wait.ms = 500
	fetch.min.bytes = 1
	group.id = bootuser-group
	group.instance.id = null
	group.protocol = classic
	group.remote.assignor = null
	heartbeat.interval.ms = 3000
	interceptor.classes = []
	internal.leave.group.on.close = true
	internal.throw.on.fetch.stable.offset.unsupported = false
	isolation.level = read_uncommitted
	key.deserializer = class org.apache.kafka.common.serialization.StringDeserializer
	max.partition.fetch.bytes = 1048576
	max.poll.interval.ms = 300000
	max.poll.records = 500
	metadata.max.age.ms = 300000
	metadata.recovery.strategy = none
	metric.reporters = []
	metrics.num.samples = 2
	metrics.recording.level = INFO
	metrics.sample.window.ms = 30000
	partition.assignment.strategy = [class org.apache.kafka.clients.consumer.RangeAssignor, class org.apache.kafka.clients.consumer.CooperativeStickyAssignor]
	receive.buffer.bytes = 65536
	reconnect.backoff.max.ms = 1000
	reconnect.backoff.ms = 50
	request.timeout.ms = 30000
	retry.backoff.max.ms = 1000
	retry.backoff.ms = 100
	sasl.client.callback.handler.class = null
	sasl.jaas.config = null
	sasl.kerberos.kinit.cmd = /usr/bin/kinit
	sasl.kerberos.min.time.before.relogin = 60000
	sasl.kerberos.service.name = null
	sasl.kerberos.ticket.renew.jitter = 0.05
	sasl.kerberos.ticket.renew.window.factor = 0.8
	sasl.login.callback.handler.class = null
	sasl.login.class = null
	sasl.login.connect.timeout.ms = null
	sasl.login.read.timeout.ms = null
	sasl.login.refresh.buffer.seconds = 300
	sasl.login.refresh.min.period.seconds = 60
	sasl.login.refresh.window.factor = 0.8
	sasl.login.refresh.window.jitter = 0.05
	sasl.login.retry.backoff.max.ms = 10000
	sasl.login.retry.backoff.ms = 100
	sasl.mechanism = GSSAPI
	sasl.oauthbearer.clock.skew.seconds = 30
	sasl.oauthbearer.expected.audience = null
	sasl.oauthbearer.expected.issuer = null
	sasl.oauthbearer.jwks.endpoint.refresh.ms = 3600000
	sasl.oauthbearer.jwks.endpoint.retry.backoff.max.ms = 10000
	sasl.oauthbearer.jwks.endpoint.retry.backoff.ms = 100
	sasl.oauthbearer.jwks.endpoint.url = null
	sasl.oauthbearer.scope.claim.name = scope
	sasl.oauthbearer.sub.claim.name = sub
	sasl.oauthbearer.token.endpoint.url = null
	security.protocol = PLAINTEXT
	security.providers = null
	send.buffer.bytes = 131072
	session.timeout.ms = 45000
	socket.connection.setup.timeout.max.ms = 30000
	socket.connection.setup.timeout.ms = 10000
	ssl.cipher.suites = null
	ssl.enabled.protocols = [TLSv1.2, TLSv1.3]
	ssl.endpoint.identification.algorithm = https
	ssl.engine.factory.class = null
	ssl.key.password = null
	ssl.keymanager.algorithm = SunX509
	ssl.keystore.certificate.chain = null
	ssl.keystore.key = null
	ssl.keystore.location = null
	ssl.keystore.password = null
	ssl.keystore.type = JKS
	ssl.protocol = TLSv1.3
	ssl.provider = null
	ssl.secure.random.implementation = null
	ssl.trustmanager.algorithm = PKIX
	ssl.truststore.certificates = null
	ssl.truststore.location = null
	ssl.truststore.password = null
	ssl.truststore.type = JKS
	value.deserializer = class org.apache.kafka.common.serialization.StringDeserializer
 
2025-04-28 12:28:08-473 [main] INFO  o.a.k.c.t.i.KafkaMetricsCollector - initializing Kafka metrics collector 
2025-04-28 12:28:09-121 [main] INFO  o.a.kafka.common.utils.AppInfoParser - Kafka version: 3.8.1 
2025-04-28 12:28:09-132 [main] INFO  o.a.kafka.common.utils.AppInfoParser - Kafka commitId: 70d6ff42debf7e17 
2025-04-28 12:28:09-133 [main] INFO  o.a.kafka.common.utils.AppInfoParser - Kafka startTimeMs: 1745861289112 
2025-04-28 12:28:09-156 [main] INFO  o.a.k.c.c.i.LegacyKafkaConsumer - [Consumer clientId=consumer-bootuser-group-1, groupId=bootuser-group] Subscribed to topic(s): bootcoin-user-response 
2025-04-28 12:28:09-289 [main] INFO  o.s.c.n.eureka.InstanceInfoFactory - Setting initial instance status as: STARTING 
2025-04-28 12:28:09-451 [main] INFO  c.netflix.discovery.DiscoveryClient - Initializing Eureka in region us-east-1 
2025-04-28 12:28:09-482 [main] INFO  c.n.d.s.r.aws.ConfigClusterResolver - Resolving eureka endpoints via configuration 
2025-04-28 12:28:09-540 [main] INFO  c.netflix.discovery.DiscoveryClient - Disable delta property : false 
2025-04-28 12:28:09-541 [main] INFO  c.netflix.discovery.DiscoveryClient - Single vip registry refresh property : null 
2025-04-28 12:28:09-542 [main] INFO  c.netflix.discovery.DiscoveryClient - Force full registry fetch : false 
2025-04-28 12:28:09-543 [main] INFO  c.netflix.discovery.DiscoveryClient - Application is null : false 
2025-04-28 12:28:09-544 [main] INFO  c.netflix.discovery.DiscoveryClient - Registered Applications size is zero : true 
2025-04-28 12:28:09-545 [main] INFO  c.netflix.discovery.DiscoveryClient - Application version is -1: true 
2025-04-28 12:28:09-546 [main] INFO  c.netflix.discovery.DiscoveryClient - Getting all instance registry info from the eureka server 
2025-04-28 12:28:11-080 [repliesContainer-0-C-1] INFO  o.apache.kafka.clients.NetworkClient - [Consumer clientId=consumer-bootuser-group-1, groupId=bootuser-group] Node -1 disconnected. 
2025-04-28 12:28:11-089 [repliesContainer-0-C-1] WARN  o.apache.kafka.clients.NetworkClient - [Consumer clientId=consumer-bootuser-group-1, groupId=bootuser-group] Connection to node -1 (localhost/127.0.0.1:29092) could not be established. Node may not be available. 
2025-04-28 12:28:11-091 [repliesContainer-0-C-1] WARN  o.apache.kafka.clients.NetworkClient - [Consumer clientId=consumer-bootuser-group-1, groupId=bootuser-group] Bootstrap broker localhost:29092 (id: -1 rack: null) disconnected 
2025-04-28 12:28:11-227 [repliesContainer-0-C-1] INFO  o.apache.kafka.clients.NetworkClient - [Consumer clientId=consumer-bootuser-group-1, groupId=bootuser-group] Node -1 disconnected. 
2025-04-28 12:28:11-228 [repliesContainer-0-C-1] WARN  o.apache.kafka.clients.NetworkClient - [Consumer clientId=consumer-bootuser-group-1, groupId=bootuser-group] Connection to node -1 (localhost/127.0.0.1:29092) could not be established. Node may not be available. 
2025-04-28 12:28:11-229 [repliesContainer-0-C-1] WARN  o.apache.kafka.clients.NetworkClient - [Consumer clientId=consumer-bootuser-group-1, groupId=bootuser-group] Bootstrap broker localhost:29092 (id: -1 rack: null) disconnected 
2025-04-28 12:28:11-264 [main] INFO  c.netflix.discovery.DiscoveryClient - The response status is 200 
2025-04-28 12:28:11-275 [main] INFO  c.netflix.discovery.DiscoveryClient - Starting heartbeat executor: renew interval is: 30 
2025-04-28 12:28:11-288 [main] INFO  c.n.discovery.InstanceInfoReplicator - InstanceInfoReplicator onDemand update allowed rate per min is 4 
2025-04-28 12:28:11-297 [main] INFO  c.netflix.discovery.DiscoveryClient - Discovery Client initialized at timestamp 1745861291296 with initial instances count: 6 
2025-04-28 12:28:11-314 [main] INFO  o.s.c.n.e.s.EurekaServiceRegistry - Registering application BOOTCOIN-USER-API with eureka with status UP 
2025-04-28 12:28:11-315 [main] INFO  c.netflix.discovery.DiscoveryClient - Saw local status change event StatusChangeEvent [timestamp=1745861291315, current=UP, previous=STARTING] 
2025-04-28 12:28:11-326 [DiscoveryClient-InstanceInfoReplicator-%d] INFO  c.netflix.discovery.DiscoveryClient - DiscoveryClient_BOOTCOIN-USER-API/bootcoin-user-api:8817: registering service... 
2025-04-28 12:28:11-328 [main] INFO  o.a.k.c.consumer.ConsumerConfig - ConsumerConfig values: 
	allow.auto.create.topics = true
	auto.commit.interval.ms = 5000
	auto.include.jmx.reporter = true
	auto.offset.reset = latest
	bootstrap.servers = [localhost:29092]
	check.crcs = true
	client.dns.lookup = use_all_dns_ips
	client.id = consumer-bootuser-group-2
	client.rack = 
	connections.max.idle.ms = 540000
	default.api.timeout.ms = 60000
	enable.auto.commit = false
	enable.metrics.push = true
	exclude.internal.topics = true
	fetch.max.bytes = 52428800
	fetch.max.wait.ms = 500
	fetch.min.bytes = 1
	group.id = bootuser-group
	group.instance.id = null
	group.protocol = classic
	group.remote.assignor = null
	heartbeat.interval.ms = 3000
	interceptor.classes = []
	internal.leave.group.on.close = true
	internal.throw.on.fetch.stable.offset.unsupported = false
	isolation.level = read_uncommitted
	key.deserializer = class org.apache.kafka.common.serialization.StringDeserializer
	max.partition.fetch.bytes = 1048576
	max.poll.interval.ms = 300000
	max.poll.records = 500
	metadata.max.age.ms = 300000
	metadata.recovery.strategy = none
	metric.reporters = []
	metrics.num.samples = 2
	metrics.recording.level = INFO
	metrics.sample.window.ms = 30000
	partition.assignment.strategy = [class org.apache.kafka.clients.consumer.RangeAssignor, class org.apache.kafka.clients.consumer.CooperativeStickyAssignor]
	receive.buffer.bytes = 65536
	reconnect.backoff.max.ms = 1000
	reconnect.backoff.ms = 50
	request.timeout.ms = 30000
	retry.backoff.max.ms = 1000
	retry.backoff.ms = 100
	sasl.client.callback.handler.class = null
	sasl.jaas.config = null
	sasl.kerberos.kinit.cmd = /usr/bin/kinit
	sasl.kerberos.min.time.before.relogin = 60000
	sasl.kerberos.service.name = null
	sasl.kerberos.ticket.renew.jitter = 0.05
	sasl.kerberos.ticket.renew.window.factor = 0.8
	sasl.login.callback.handler.class = null
	sasl.login.class = null
	sasl.login.connect.timeout.ms = null
	sasl.login.read.timeout.ms = null
	sasl.login.refresh.buffer.seconds = 300
	sasl.login.refresh.min.period.seconds = 60
	sasl.login.refresh.window.factor = 0.8
	sasl.login.refresh.window.jitter = 0.05
	sasl.login.retry.backoff.max.ms = 10000
	sasl.login.retry.backoff.ms = 100
	sasl.mechanism = GSSAPI
	sasl.oauthbearer.clock.skew.seconds = 30
	sasl.oauthbearer.expected.audience = null
	sasl.oauthbearer.expected.issuer = null
	sasl.oauthbearer.jwks.endpoint.refresh.ms = 3600000
	sasl.oauthbearer.jwks.endpoint.retry.backoff.max.ms = 10000
	sasl.oauthbearer.jwks.endpoint.retry.backoff.ms = 100
	sasl.oauthbearer.jwks.endpoint.url = null
	sasl.oauthbearer.scope.claim.name = scope
	sasl.oauthbearer.sub.claim.name = sub
	sasl.oauthbearer.token.endpoint.url = null
	security.protocol = PLAINTEXT
	security.providers = null
	send.buffer.bytes = 131072
	session.timeout.ms = 45000
	socket.connection.setup.timeout.max.ms = 30000
	socket.connection.setup.timeout.ms = 10000
	ssl.cipher.suites = null
	ssl.enabled.protocols = [TLSv1.2, TLSv1.3]
	ssl.endpoint.identification.algorithm = https
	ssl.engine.factory.class = null
	ssl.key.password = null
	ssl.keymanager.algorithm = SunX509
	ssl.keystore.certificate.chain = null
	ssl.keystore.key = null
	ssl.keystore.location = null
	ssl.keystore.password = null
	ssl.keystore.type = JKS
	ssl.protocol = TLSv1.3
	ssl.provider = null
	ssl.secure.random.implementation = null
	ssl.trustmanager.algorithm = PKIX
	ssl.truststore.certificates = null
	ssl.truststore.location = null
	ssl.truststore.password = null
	ssl.truststore.type = JKS
	value.deserializer = class org.apache.kafka.common.serialization.StringDeserializer
 
2025-04-28 12:28:11-332 [main] INFO  o.a.k.c.t.i.KafkaMetricsCollector - initializing Kafka metrics collector 
2025-04-28 12:28:11-366 [repliesContainer-0-C-1] INFO  o.apache.kafka.clients.NetworkClient - [Consumer clientId=consumer-bootuser-group-1, groupId=bootuser-group] Node -1 disconnected. 
2025-04-28 12:28:11-368 [repliesContainer-0-C-1] WARN  o.apache.kafka.clients.NetworkClient - [Consumer clientId=consumer-bootuser-group-1, groupId=bootuser-group] Connection to node -1 (localhost/127.0.0.1:29092) could not be established. Node may not be available. 
2025-04-28 12:28:11-369 [repliesContainer-0-C-1] WARN  o.apache.kafka.clients.NetworkClient - [Consumer clientId=consumer-bootuser-group-1, groupId=bootuser-group] Bootstrap broker localhost:29092 (id: -1 rack: null) disconnected 
2025-04-28 12:28:11-385 [main] INFO  o.a.kafka.common.utils.AppInfoParser - Kafka version: 3.8.1 
2025-04-28 12:28:11-386 [main] INFO  o.a.kafka.common.utils.AppInfoParser - Kafka commitId: 70d6ff42debf7e17 
2025-04-28 12:28:11-386 [main] INFO  o.a.kafka.common.utils.AppInfoParser - Kafka startTimeMs: 1745861291384 
2025-04-28 12:28:11-389 [main] INFO  o.a.k.c.c.i.LegacyKafkaConsumer - [Consumer clientId=consumer-bootuser-group-2, groupId=bootuser-group] Subscribed to topic(s): bootcoin-user-request 
2025-04-28 12:28:11-405 [main] INFO  o.a.k.c.consumer.ConsumerConfig - ConsumerConfig values: 
	allow.auto.create.topics = true
	auto.commit.interval.ms = 5000
	auto.include.jmx.reporter = true
	auto.offset.reset = latest
	bootstrap.servers = [localhost:29092]
	check.crcs = true
	client.dns.lookup = use_all_dns_ips
	client.id = consumer-bootuser-group-3
	client.rack = 
	connections.max.idle.ms = 540000
	default.api.timeout.ms = 60000
	enable.auto.commit = false
	enable.metrics.push = true
	exclude.internal.topics = true
	fetch.max.bytes = 52428800
	fetch.max.wait.ms = 500
	fetch.min.bytes = 1
	group.id = bootuser-group
	group.instance.id = null
	group.protocol = classic
	group.remote.assignor = null
	heartbeat.interval.ms = 3000
	interceptor.classes = []
	internal.leave.group.on.close = true
	internal.throw.on.fetch.stable.offset.unsupported = false
	isolation.level = read_uncommitted
	key.deserializer = class org.apache.kafka.common.serialization.StringDeserializer
	max.partition.fetch.bytes = 1048576
	max.poll.interval.ms = 300000
	max.poll.records = 500
	metadata.max.age.ms = 300000
	metadata.recovery.strategy = none
	metric.reporters = []
	metrics.num.samples = 2
	metrics.recording.level = INFO
	metrics.sample.window.ms = 30000
	partition.assignment.strategy = [class org.apache.kafka.clients.consumer.RangeAssignor, class org.apache.kafka.clients.consumer.CooperativeStickyAssignor]
	receive.buffer.bytes = 65536
	reconnect.backoff.max.ms = 1000
	reconnect.backoff.ms = 50
	request.timeout.ms = 30000
	retry.backoff.max.ms = 1000
	retry.backoff.ms = 100
	sasl.client.callback.handler.class = null
	sasl.jaas.config = null
	sasl.kerberos.kinit.cmd = /usr/bin/kinit
	sasl.kerberos.min.time.before.relogin = 60000
	sasl.kerberos.service.name = null
	sasl.kerberos.ticket.renew.jitter = 0.05
	sasl.kerberos.ticket.renew.window.factor = 0.8
	sasl.login.callback.handler.class = null
	sasl.login.class = null
	sasl.login.connect.timeout.ms = null
	sasl.login.read.timeout.ms = null
	sasl.login.refresh.buffer.seconds = 300
	sasl.login.refresh.min.period.seconds = 60
	sasl.login.refresh.window.factor = 0.8
	sasl.login.refresh.window.jitter = 0.05
	sasl.login.retry.backoff.max.ms = 10000
	sasl.login.retry.backoff.ms = 100
	sasl.mechanism = GSSAPI
	sasl.oauthbearer.clock.skew.seconds = 30
	sasl.oauthbearer.expected.audience = null
	sasl.oauthbearer.expected.issuer = null
	sasl.oauthbearer.jwks.endpoint.refresh.ms = 3600000
	sasl.oauthbearer.jwks.endpoint.retry.backoff.max.ms = 10000
	sasl.oauthbearer.jwks.endpoint.retry.backoff.ms = 100
	sasl.oauthbearer.jwks.endpoint.url = null
	sasl.oauthbearer.scope.claim.name = scope
	sasl.oauthbearer.sub.claim.name = sub
	sasl.oauthbearer.token.endpoint.url = null
	security.protocol = PLAINTEXT
	security.providers = null
	send.buffer.bytes = 131072
	session.timeout.ms = 45000
	socket.connection.setup.timeout.max.ms = 30000
	socket.connection.setup.timeout.ms = 10000
	ssl.cipher.suites = null
	ssl.enabled.protocols = [TLSv1.2, TLSv1.3]
	ssl.endpoint.identification.algorithm = https
	ssl.engine.factory.class = null
	ssl.key.password = null
	ssl.keymanager.algorithm = SunX509
	ssl.keystore.certificate.chain = null
	ssl.keystore.key = null
	ssl.keystore.location = null
	ssl.keystore.password = null
	ssl.keystore.type = JKS
	ssl.protocol = TLSv1.3
	ssl.provider = null
	ssl.secure.random.implementation = null
	ssl.trustmanager.algorithm = PKIX
	ssl.truststore.certificates = null
	ssl.truststore.location = null
	ssl.truststore.password = null
	ssl.truststore.type = JKS
	value.deserializer = class org.apache.kafka.common.serialization.StringDeserializer
 
2025-04-28 12:28:11-408 [main] INFO  o.a.k.c.t.i.KafkaMetricsCollector - initializing Kafka metrics collector 
2025-04-28 12:28:11-412 [org.springframework.kafka.KafkaListenerEndpointContainer#0-0-C-1] INFO  o.apache.kafka.clients.NetworkClient - [Consumer clientId=consumer-bootuser-group-2, groupId=bootuser-group] Node -1 disconnected. 
2025-04-28 12:28:11-413 [org.springframework.kafka.KafkaListenerEndpointContainer#0-0-C-1] WARN  o.apache.kafka.clients.NetworkClient - [Consumer clientId=consumer-bootuser-group-2, groupId=bootuser-group] Connection to node -1 (localhost/127.0.0.1:29092) could not be established. Node may not be available. 
2025-04-28 12:28:11-414 [org.springframework.kafka.KafkaListenerEndpointContainer#0-0-C-1] WARN  o.apache.kafka.clients.NetworkClient - [Consumer clientId=consumer-bootuser-group-2, groupId=bootuser-group] Bootstrap broker localhost:29092 (id: -1 rack: null) disconnected 
2025-04-28 12:28:11-446 [main] INFO  o.a.kafka.common.utils.AppInfoParser - Kafka version: 3.8.1 
2025-04-28 12:28:11-447 [main] INFO  o.a.kafka.common.utils.AppInfoParser - Kafka commitId: 70d6ff42debf7e17 
2025-04-28 12:28:11-447 [main] INFO  o.a.kafka.common.utils.AppInfoParser - Kafka startTimeMs: 1745861291446 
2025-04-28 12:28:11-449 [main] INFO  o.a.k.c.c.i.LegacyKafkaConsumer - [Consumer clientId=consumer-bootuser-group-3, groupId=bootuser-group] Subscribed to topic(s): bootuser-request 
2025-04-28 12:28:11-470 [org.springframework.kafka.KafkaListenerEndpointContainer#1-0-C-1] INFO  o.apache.kafka.clients.NetworkClient - [Consumer clientId=consumer-bootuser-group-3, groupId=bootuser-group] Node -1 disconnected. 
2025-04-28 12:28:11-472 [org.springframework.kafka.KafkaListenerEndpointContainer#1-0-C-1] WARN  o.apache.kafka.clients.NetworkClient - [Consumer clientId=consumer-bootuser-group-3, groupId=bootuser-group] Connection to node -1 (localhost/127.0.0.1:29092) could not be established. Node may not be available. 
2025-04-28 12:28:11-474 [org.springframework.kafka.KafkaListenerEndpointContainer#1-0-C-1] WARN  o.apache.kafka.clients.NetworkClient - [Consumer clientId=consumer-bootuser-group-3, groupId=bootuser-group] Bootstrap broker localhost:29092 (id: -1 rack: null) disconnected 
2025-04-28 12:28:11-516 [org.springframework.kafka.KafkaListenerEndpointContainer#0-0-C-1] INFO  o.apache.kafka.clients.NetworkClient - [Consumer clientId=consumer-bootuser-group-2, groupId=bootuser-group] Node -1 disconnected. 
2025-04-28 12:28:11-517 [org.springframework.kafka.KafkaListenerEndpointContainer#0-0-C-1] WARN  o.apache.kafka.clients.NetworkClient - [Consumer clientId=consumer-bootuser-group-2, groupId=bootuser-group] Connection to node -1 (localhost/127.0.0.1:29092) could not be established. Node may not be available. 
2025-04-28 12:28:11-519 [org.springframework.kafka.KafkaListenerEndpointContainer#0-0-C-1] WARN  o.apache.kafka.clients.NetworkClient - [Consumer clientId=consumer-bootuser-group-2, groupId=bootuser-group] Bootstrap broker localhost:29092 (id: -1 rack: null) disconnected 
2025-04-28 12:28:11-546 [main] INFO  c.b.u.a.BootcoinUserApiApplicationTests - Started BootcoinUserApiApplicationTests in 32.687 seconds (process running for 38.148) 
2025-04-28 12:28:11-567 [DiscoveryClient-InstanceInfoReplicator-%d] INFO  c.netflix.discovery.DiscoveryClient - DiscoveryClient_BOOTCOIN-USER-API/bootcoin-user-api:8817 - registration status: 204 
2025-04-28 12:28:11-573 [org.springframework.kafka.KafkaListenerEndpointContainer#1-0-C-1] INFO  o.apache.kafka.clients.NetworkClient - [Consumer clientId=consumer-bootuser-group-3, groupId=bootuser-group] Node -1 disconnected. 
2025-04-28 12:28:11-575 [org.springframework.kafka.KafkaListenerEndpointContainer#1-0-C-1] WARN  o.apache.kafka.clients.NetworkClient - [Consumer clientId=consumer-bootuser-group-3, groupId=bootuser-group] Connection to node -1 (localhost/127.0.0.1:29092) could not be established. Node may not be available. 
2025-04-28 12:28:11-577 [org.springframework.kafka.KafkaListenerEndpointContainer#1-0-C-1] WARN  o.apache.kafka.clients.NetworkClient - [Consumer clientId=consumer-bootuser-group-3, groupId=bootuser-group] Bootstrap broker localhost:29092 (id: -1 rack: null) disconnected 
2025-04-28 12:28:11-639 [repliesContainer-0-C-1] INFO  o.apache.kafka.clients.NetworkClient - [Consumer clientId=consumer-bootuser-group-1, groupId=bootuser-group] Node -1 disconnected. 
2025-04-28 12:28:11-639 [org.springframework.kafka.KafkaListenerEndpointContainer#0-0-C-1] INFO  o.apache.kafka.clients.NetworkClient - [Consumer clientId=consumer-bootuser-group-2, groupId=bootuser-group] Node -1 disconnected. 
2025-04-28 12:28:11-639 [repliesContainer-0-C-1] WARN  o.apache.kafka.clients.NetworkClient - [Consumer clientId=consumer-bootuser-group-1, groupId=bootuser-group] Connection to node -1 (localhost/127.0.0.1:29092) could not be established. Node may not be available. 
2025-04-28 12:28:11-640 [repliesContainer-0-C-1] WARN  o.apache.kafka.clients.NetworkClient - [Consumer clientId=consumer-bootuser-group-1, groupId=bootuser-group] Bootstrap broker localhost:29092 (id: -1 rack: null) disconnected 
2025-04-28 12:28:11-640 [org.springframework.kafka.KafkaListenerEndpointContainer#0-0-C-1] WARN  o.apache.kafka.clients.NetworkClient - [Consumer clientId=consumer-bootuser-group-2, groupId=bootuser-group] Connection to node -1 (localhost/127.0.0.1:29092) could not be established. Node may not be available. 
2025-04-28 12:28:11-641 [org.springframework.kafka.KafkaListenerEndpointContainer#0-0-C-1] WARN  o.apache.kafka.clients.NetworkClient - [Consumer clientId=consumer-bootuser-group-2, groupId=bootuser-group] Bootstrap broker localhost:29092 (id: -1 rack: null) disconnected 
2025-04-28 12:28:11-715 [org.springframework.kafka.KafkaListenerEndpointContainer#1-0-C-1] INFO  o.apache.kafka.clients.NetworkClient - [Consumer clientId=consumer-bootuser-group-3, groupId=bootuser-group] Node -1 disconnected. 
2025-04-28 12:28:11-716 [org.springframework.kafka.KafkaListenerEndpointContainer#1-0-C-1] WARN  o.apache.kafka.clients.NetworkClient - [Consumer clientId=consumer-bootuser-group-3, groupId=bootuser-group] Connection to node -1 (localhost/127.0.0.1:29092) could not be established. Node may not be available. 
2025-04-28 12:28:11-716 [org.springframework.kafka.KafkaListenerEndpointContainer#1-0-C-1] WARN  o.apache.kafka.clients.NetworkClient - [Consumer clientId=consumer-bootuser-group-3, groupId=bootuser-group] Bootstrap broker localhost:29092 (id: -1 rack: null) disconnected 
2025-04-28 12:28:11-825 [org.springframework.kafka.KafkaListenerEndpointContainer#0-0-C-1] INFO  o.apache.kafka.clients.NetworkClient - [Consumer clientId=consumer-bootuser-group-2, groupId=bootuser-group] Node -1 disconnected. 
2025-04-28 12:28:11-826 [org.springframework.kafka.KafkaListenerEndpointContainer#0-0-C-1] WARN  o.apache.kafka.clients.NetworkClient - [Consumer clientId=consumer-bootuser-group-2, groupId=bootuser-group] Connection to node -1 (localhost/127.0.0.1:29092) could not be established. Node may not be available. 
2025-04-28 12:28:11-827 [org.springframework.kafka.KafkaListenerEndpointContainer#0-0-C-1] WARN  o.apache.kafka.clients.NetworkClient - [Consumer clientId=consumer-bootuser-group-2, groupId=bootuser-group] Bootstrap broker localhost:29092 (id: -1 rack: null) disconnected 
2025-04-28 12:28:11-950 [org.springframework.kafka.KafkaListenerEndpointContainer#1-0-C-1] INFO  o.apache.kafka.clients.NetworkClient - [Consumer clientId=consumer-bootuser-group-3, groupId=bootuser-group] Node -1 disconnected. 
2025-04-28 12:28:11-950 [org.springframework.kafka.KafkaListenerEndpointContainer#1-0-C-1] WARN  o.apache.kafka.clients.NetworkClient - [Consumer clientId=consumer-bootuser-group-3, groupId=bootuser-group] Connection to node -1 (localhost/127.0.0.1:29092) could not be established. Node may not be available. 
2025-04-28 12:28:11-951 [org.springframework.kafka.KafkaListenerEndpointContainer#1-0-C-1] WARN  o.apache.kafka.clients.NetworkClient - [Consumer clientId=consumer-bootuser-group-3, groupId=bootuser-group] Bootstrap broker localhost:29092 (id: -1 rack: null) disconnected 
2025-04-28 12:28:12-102 [repliesContainer-0-C-1] INFO  o.apache.kafka.clients.NetworkClient - [Consumer clientId=consumer-bootuser-group-1, groupId=bootuser-group] Node -1 disconnected. 
2025-04-28 12:28:12-103 [repliesContainer-0-C-1] WARN  o.apache.kafka.clients.NetworkClient - [Consumer clientId=consumer-bootuser-group-1, groupId=bootuser-group] Connection to node -1 (localhost/127.0.0.1:29092) could not be established. Node may not be available. 
2025-04-28 12:28:12-104 [repliesContainer-0-C-1] WARN  o.apache.kafka.clients.NetworkClient - [Consumer clientId=consumer-bootuser-group-1, groupId=bootuser-group] Bootstrap broker localhost:29092 (id: -1 rack: null) disconnected 
2025-04-28 12:28:12-196 [org.springframework.kafka.KafkaListenerEndpointContainer#0-0-C-1] INFO  o.apache.kafka.clients.NetworkClient - [Consumer clientId=consumer-bootuser-group-2, groupId=bootuser-group] Node -1 disconnected. 
2025-04-28 12:28:12-198 [org.springframework.kafka.KafkaListenerEndpointContainer#0-0-C-1] WARN  o.apache.kafka.clients.NetworkClient - [Consumer clientId=consumer-bootuser-group-2, groupId=bootuser-group] Connection to node -1 (localhost/127.0.0.1:29092) could not be established. Node may not be available. 
2025-04-28 12:28:12-199 [org.springframework.kafka.KafkaListenerEndpointContainer#0-0-C-1] WARN  o.apache.kafka.clients.NetworkClient - [Consumer clientId=consumer-bootuser-group-2, groupId=bootuser-group] Bootstrap broker localhost:29092 (id: -1 rack: null) disconnected 
2025-04-28 12:28:12-447 [org.springframework.kafka.KafkaListenerEndpointContainer#1-0-C-1] INFO  o.apache.kafka.clients.NetworkClient - [Consumer clientId=consumer-bootuser-group-3, groupId=bootuser-group] Node -1 disconnected. 
2025-04-28 12:28:12-448 [org.springframework.kafka.KafkaListenerEndpointContainer#1-0-C-1] WARN  o.apache.kafka.clients.NetworkClient - [Consumer clientId=consumer-bootuser-group-3, groupId=bootuser-group] Connection to node -1 (localhost/127.0.0.1:29092) could not be established. Node may not be available. 
2025-04-28 12:28:12-449 [org.springframework.kafka.KafkaListenerEndpointContainer#1-0-C-1] WARN  o.apache.kafka.clients.NetworkClient - [Consumer clientId=consumer-bootuser-group-3, groupId=bootuser-group] Bootstrap broker localhost:29092 (id: -1 rack: null) disconnected 
2025-04-28 12:28:12-942 [org.springframework.kafka.KafkaListenerEndpointContainer#0-0-C-1] INFO  o.apache.kafka.clients.NetworkClient - [Consumer clientId=consumer-bootuser-group-2, groupId=bootuser-group] Node -1 disconnected. 
2025-04-28 12:28:12-942 [org.springframework.kafka.KafkaListenerEndpointContainer#0-0-C-1] WARN  o.apache.kafka.clients.NetworkClient - [Consumer clientId=consumer-bootuser-group-2, groupId=bootuser-group] Connection to node -1 (localhost/127.0.0.1:29092) could not be established. Node may not be available. 
2025-04-28 12:28:12-943 [org.springframework.kafka.KafkaListenerEndpointContainer#0-0-C-1] WARN  o.apache.kafka.clients.NetworkClient - [Consumer clientId=consumer-bootuser-group-2, groupId=bootuser-group] Bootstrap broker localhost:29092 (id: -1 rack: null) disconnected 
2025-04-28 12:28:13-035 [repliesContainer-0-C-1] INFO  o.apache.kafka.clients.NetworkClient - [Consumer clientId=consumer-bootuser-group-1, groupId=bootuser-group] Node -1 disconnected. 
2025-04-28 12:28:13-036 [repliesContainer-0-C-1] WARN  o.apache.kafka.clients.NetworkClient - [Consumer clientId=consumer-bootuser-group-1, groupId=bootuser-group] Connection to node -1 (localhost/127.0.0.1:29092) could not be established. Node may not be available. 
2025-04-28 12:28:13-038 [repliesContainer-0-C-1] WARN  o.apache.kafka.clients.NetworkClient - [Consumer clientId=consumer-bootuser-group-1, groupId=bootuser-group] Bootstrap broker localhost:29092 (id: -1 rack: null) disconnected 
2025-04-28 12:28:13-126 [org.springframework.kafka.KafkaListenerEndpointContainer#1-0-C-1] INFO  o.apache.kafka.clients.NetworkClient - [Consumer clientId=consumer-bootuser-group-3, groupId=bootuser-group] Node -1 disconnected. 
2025-04-28 12:28:13-129 [org.springframework.kafka.KafkaListenerEndpointContainer#1-0-C-1] WARN  o.apache.kafka.clients.NetworkClient - [Consumer clientId=consumer-bootuser-group-3, groupId=bootuser-group] Connection to node -1 (localhost/127.0.0.1:29092) could not be established. Node may not be available. 
2025-04-28 12:28:13-130 [org.springframework.kafka.KafkaListenerEndpointContainer#1-0-C-1] WARN  o.apache.kafka.clients.NetworkClient - [Consumer clientId=consumer-bootuser-group-3, groupId=bootuser-group] Bootstrap broker localhost:29092 (id: -1 rack: null) disconnected 
2025-04-28 12:28:13-812 [org.springframework.kafka.KafkaListenerEndpointContainer#0-0-C-1] INFO  o.apache.kafka.clients.NetworkClient - [Consumer clientId=consumer-bootuser-group-2, groupId=bootuser-group] Node -1 disconnected. 
2025-04-28 12:28:13-813 [org.springframework.kafka.KafkaListenerEndpointContainer#0-0-C-1] WARN  o.apache.kafka.clients.NetworkClient - [Consumer clientId=consumer-bootuser-group-2, groupId=bootuser-group] Connection to node -1 (localhost/127.0.0.1:29092) could not be established. Node may not be available. 
2025-04-28 12:28:13-813 [org.springframework.kafka.KafkaListenerEndpointContainer#0-0-C-1] WARN  o.apache.kafka.clients.NetworkClient - [Consumer clientId=consumer-bootuser-group-2, groupId=bootuser-group] Bootstrap broker localhost:29092 (id: -1 rack: null) disconnected 
2025-04-28 12:28:14-093 [repliesContainer-0-C-1] INFO  o.apache.kafka.clients.NetworkClient - [Consumer clientId=consumer-bootuser-group-1, groupId=bootuser-group] Node -1 disconnected. 
2025-04-28 12:28:14-094 [repliesContainer-0-C-1] WARN  o.apache.kafka.clients.NetworkClient - [Consumer clientId=consumer-bootuser-group-1, groupId=bootuser-group] Connection to node -1 (localhost/127.0.0.1:29092) could not be established. Node may not be available. 
2025-04-28 12:28:14-095 [repliesContainer-0-C-1] WARN  o.apache.kafka.clients.NetworkClient - [Consumer clientId=consumer-bootuser-group-1, groupId=bootuser-group] Bootstrap broker localhost:29092 (id: -1 rack: null) disconnected 
2025-04-28 12:28:14-191 [org.springframework.kafka.KafkaListenerEndpointContainer#1-0-C-1] INFO  o.apache.kafka.clients.NetworkClient - [Consumer clientId=consumer-bootuser-group-3, groupId=bootuser-group] Node -1 disconnected. 
2025-04-28 12:28:14-191 [org.springframework.kafka.KafkaListenerEndpointContainer#1-0-C-1] WARN  o.apache.kafka.clients.NetworkClient - [Consumer clientId=consumer-bootuser-group-3, groupId=bootuser-group] Connection to node -1 (localhost/127.0.0.1:29092) could not be established. Node may not be available. 
2025-04-28 12:28:14-191 [org.springframework.kafka.KafkaListenerEndpointContainer#1-0-C-1] WARN  o.apache.kafka.clients.NetworkClient - [Consumer clientId=consumer-bootuser-group-3, groupId=bootuser-group] Bootstrap broker localhost:29092 (id: -1 rack: null) disconnected 
2025-04-28 12:28:14-824 [org.springframework.kafka.KafkaListenerEndpointContainer#0-0-C-1] INFO  o.apache.kafka.clients.NetworkClient - [Consumer clientId=consumer-bootuser-group-2, groupId=bootuser-group] Node -1 disconnected. 
2025-04-28 12:28:14-825 [org.springframework.kafka.KafkaListenerEndpointContainer#0-0-C-1] WARN  o.apache.kafka.clients.NetworkClient - [Consumer clientId=consumer-bootuser-group-2, groupId=bootuser-group] Connection to node -1 (localhost/127.0.0.1:29092) could not be established. Node may not be available. 
2025-04-28 12:28:14-826 [org.springframework.kafka.KafkaListenerEndpointContainer#0-0-C-1] WARN  o.apache.kafka.clients.NetworkClient - [Consumer clientId=consumer-bootuser-group-2, groupId=bootuser-group] Bootstrap broker localhost:29092 (id: -1 rack: null) disconnected 
2025-04-28 12:28:15-102 [repliesContainer-0-C-1] INFO  o.apache.kafka.clients.NetworkClient - [Consumer clientId=consumer-bootuser-group-1, groupId=bootuser-group] Node -1 disconnected. 
2025-04-28 12:28:15-103 [repliesContainer-0-C-1] WARN  o.apache.kafka.clients.NetworkClient - [Consumer clientId=consumer-bootuser-group-1, groupId=bootuser-group] Connection to node -1 (localhost/127.0.0.1:29092) could not be established. Node may not be available. 
2025-04-28 12:28:15-106 [repliesContainer-0-C-1] WARN  o.apache.kafka.clients.NetworkClient - [Consumer clientId=consumer-bootuser-group-1, groupId=bootuser-group] Bootstrap broker localhost:29092 (id: -1 rack: null) disconnected 
2025-04-28 12:28:15-134 [org.springframework.kafka.KafkaListenerEndpointContainer#1-0-C-1] INFO  o.apache.kafka.clients.NetworkClient - [Consumer clientId=consumer-bootuser-group-3, groupId=bootuser-group] Node -1 disconnected. 
2025-04-28 12:28:15-135 [org.springframework.kafka.KafkaListenerEndpointContainer#1-0-C-1] WARN  o.apache.kafka.clients.NetworkClient - [Consumer clientId=consumer-bootuser-group-3, groupId=bootuser-group] Connection to node -1 (localhost/127.0.0.1:29092) could not be established. Node may not be available. 
2025-04-28 12:28:15-135 [org.springframework.kafka.KafkaListenerEndpointContainer#1-0-C-1] WARN  o.apache.kafka.clients.NetworkClient - [Consumer clientId=consumer-bootuser-group-3, groupId=bootuser-group] Bootstrap broker localhost:29092 (id: -1 rack: null) disconnected 
2025-04-28 12:28:15-303 [SpringApplicationShutdownHook] INFO  o.s.c.n.e.s.EurekaServiceRegistry - Unregistering application BOOTCOIN-USER-API with eureka with status DOWN 
2025-04-28 12:28:15-304 [SpringApplicationShutdownHook] INFO  c.netflix.discovery.DiscoveryClient - Saw local status change event StatusChangeEvent [timestamp=1745861295304, current=DOWN, previous=UP] 
2025-04-28 12:28:15-305 [DiscoveryClient-InstanceInfoReplicator-%d] INFO  c.netflix.discovery.DiscoveryClient - DiscoveryClient_BOOTCOIN-USER-API/bootcoin-user-api:8817: registering service... 
2025-04-28 12:28:15-332 [DiscoveryClient-InstanceInfoReplicator-%d] INFO  c.netflix.discovery.DiscoveryClient - DiscoveryClient_BOOTCOIN-USER-API/bootcoin-user-api:8817 - registration status: 204 
2025-04-28 12:28:15-827 [org.springframework.kafka.KafkaListenerEndpointContainer#0-0-C-1] INFO  o.apache.kafka.clients.NetworkClient - [Consumer clientId=consumer-bootuser-group-2, groupId=bootuser-group] Node -1 disconnected. 
2025-04-28 12:28:15-828 [org.springframework.kafka.KafkaListenerEndpointContainer#0-0-C-1] WARN  o.apache.kafka.clients.NetworkClient - [Consumer clientId=consumer-bootuser-group-2, groupId=bootuser-group] Connection to node -1 (localhost/127.0.0.1:29092) could not be established. Node may not be available. 
2025-04-28 12:28:15-828 [org.springframework.kafka.KafkaListenerEndpointContainer#0-0-C-1] WARN  o.apache.kafka.clients.NetworkClient - [Consumer clientId=consumer-bootuser-group-2, groupId=bootuser-group] Bootstrap broker localhost:29092 (id: -1 rack: null) disconnected 
2025-04-28 12:28:16-050 [repliesContainer-0-C-1] INFO  o.apache.kafka.clients.NetworkClient - [Consumer clientId=consumer-bootuser-group-1, groupId=bootuser-group] Node -1 disconnected. 
2025-04-28 12:28:16-051 [repliesContainer-0-C-1] WARN  o.apache.kafka.clients.NetworkClient - [Consumer clientId=consumer-bootuser-group-1, groupId=bootuser-group] Connection to node -1 (localhost/127.0.0.1:29092) could not be established. Node may not be available. 
2025-04-28 12:28:16-052 [repliesContainer-0-C-1] WARN  o.apache.kafka.clients.NetworkClient - [Consumer clientId=consumer-bootuser-group-1, groupId=bootuser-group] Bootstrap broker localhost:29092 (id: -1 rack: null) disconnected 
2025-04-28 12:28:16-142 [org.springframework.kafka.KafkaListenerEndpointContainer#1-0-C-1] INFO  o.apache.kafka.clients.NetworkClient - [Consumer clientId=consumer-bootuser-group-3, groupId=bootuser-group] Node -1 disconnected. 
2025-04-28 12:28:16-143 [org.springframework.kafka.KafkaListenerEndpointContainer#1-0-C-1] WARN  o.apache.kafka.clients.NetworkClient - [Consumer clientId=consumer-bootuser-group-3, groupId=bootuser-group] Connection to node -1 (localhost/127.0.0.1:29092) could not be established. Node may not be available. 
2025-04-28 12:28:16-144 [org.springframework.kafka.KafkaListenerEndpointContainer#1-0-C-1] WARN  o.apache.kafka.clients.NetworkClient - [Consumer clientId=consumer-bootuser-group-3, groupId=bootuser-group] Bootstrap broker localhost:29092 (id: -1 rack: null) disconnected 
2025-04-28 12:28:16-730 [repliesContainer-0-C-1] INFO  o.a.k.c.c.i.ConsumerCoordinator - [Consumer clientId=consumer-bootuser-group-1, groupId=bootuser-group] Resetting generation and member id due to: consumer pro-actively leaving the group 
2025-04-28 12:28:16-730 [repliesContainer-0-C-1] INFO  o.a.k.c.c.i.ConsumerCoordinator - [Consumer clientId=consumer-bootuser-group-1, groupId=bootuser-group] Request joining group due to: consumer pro-actively leaving the group 
2025-04-28 12:28:16-730 [repliesContainer-0-C-1] INFO  o.a.k.c.c.i.LegacyKafkaConsumer - [Consumer clientId=consumer-bootuser-group-1, groupId=bootuser-group] Unsubscribed all topics or patterns and assigned partitions 
2025-04-28 12:28:16-734 [repliesContainer-0-C-1] INFO  o.a.k.c.c.i.ConsumerCoordinator - [Consumer clientId=consumer-bootuser-group-1, groupId=bootuser-group] Resetting generation and member id due to: consumer pro-actively leaving the group 
2025-04-28 12:28:16-734 [repliesContainer-0-C-1] INFO  o.a.k.c.c.i.ConsumerCoordinator - [Consumer clientId=consumer-bootuser-group-1, groupId=bootuser-group] Request joining group due to: consumer pro-actively leaving the group 
2025-04-28 12:28:16-742 [repliesContainer-0-C-1] INFO  o.a.kafka.common.metrics.Metrics - Metrics scheduler closed 
2025-04-28 12:28:16-742 [repliesContainer-0-C-1] INFO  o.a.kafka.common.metrics.Metrics - Closing reporter org.apache.kafka.common.metrics.JmxReporter 
2025-04-28 12:28:16-743 [repliesContainer-0-C-1] INFO  o.a.kafka.common.metrics.Metrics - Closing reporter org.apache.kafka.common.telemetry.internals.ClientTelemetryReporter 
2025-04-28 12:28:16-744 [repliesContainer-0-C-1] INFO  o.a.kafka.common.metrics.Metrics - Metrics reporters closed 
2025-04-28 12:28:16-755 [repliesContainer-0-C-1] INFO  o.a.kafka.common.utils.AppInfoParser - App info kafka.consumer for consumer-bootuser-group-1 unregistered 
2025-04-28 12:28:16-757 [repliesContainer-0-C-1] INFO  o.s.k.l.KafkaMessageListenerContainer - bootuser-group: Consumer stopped 
2025-04-28 12:28:16-763 [org.springframework.kafka.KafkaListenerEndpointContainer#1-0-C-1] INFO  o.a.k.c.c.i.ConsumerCoordinator - [Consumer clientId=consumer-bootuser-group-3, groupId=bootuser-group] Resetting generation and member id due to: consumer pro-actively leaving the group 
2025-04-28 12:28:16-764 [org.springframework.kafka.KafkaListenerEndpointContainer#1-0-C-1] INFO  o.a.k.c.c.i.ConsumerCoordinator - [Consumer clientId=consumer-bootuser-group-3, groupId=bootuser-group] Request joining group due to: consumer pro-actively leaving the group 
2025-04-28 12:28:16-764 [org.springframework.kafka.KafkaListenerEndpointContainer#1-0-C-1] INFO  o.a.k.c.c.i.LegacyKafkaConsumer - [Consumer clientId=consumer-bootuser-group-3, groupId=bootuser-group] Unsubscribed all topics or patterns and assigned partitions 
2025-04-28 12:28:16-764 [org.springframework.kafka.KafkaListenerEndpointContainer#1-0-C-1] INFO  o.a.k.c.c.i.ConsumerCoordinator - [Consumer clientId=consumer-bootuser-group-3, groupId=bootuser-group] Resetting generation and member id due to: consumer pro-actively leaving the group 
2025-04-28 12:28:16-764 [org.springframework.kafka.KafkaListenerEndpointContainer#0-0-C-1] INFO  o.a.k.c.c.i.ConsumerCoordinator - [Consumer clientId=consumer-bootuser-group-2, groupId=bootuser-group] Resetting generation and member id due to: consumer pro-actively leaving the group 
2025-04-28 12:28:16-765 [org.springframework.kafka.KafkaListenerEndpointContainer#1-0-C-1] INFO  o.a.k.c.c.i.ConsumerCoordinator - [Consumer clientId=consumer-bootuser-group-3, groupId=bootuser-group] Request joining group due to: consumer pro-actively leaving the group 
2025-04-28 12:28:16-765 [org.springframework.kafka.KafkaListenerEndpointContainer#0-0-C-1] INFO  o.a.k.c.c.i.ConsumerCoordinator - [Consumer clientId=consumer-bootuser-group-2, groupId=bootuser-group] Request joining group due to: consumer pro-actively leaving the group 
2025-04-28 12:28:16-765 [org.springframework.kafka.KafkaListenerEndpointContainer#0-0-C-1] INFO  o.a.k.c.c.i.LegacyKafkaConsumer - [Consumer clientId=consumer-bootuser-group-2, groupId=bootuser-group] Unsubscribed all topics or patterns and assigned partitions 
2025-04-28 12:28:16-766 [org.springframework.kafka.KafkaListenerEndpointContainer#0-0-C-1] INFO  o.a.k.c.c.i.ConsumerCoordinator - [Consumer clientId=consumer-bootuser-group-2, groupId=bootuser-group] Resetting generation and member id due to: consumer pro-actively leaving the group 
2025-04-28 12:28:16-766 [org.springframework.kafka.KafkaListenerEndpointContainer#0-0-C-1] INFO  o.a.k.c.c.i.ConsumerCoordinator - [Consumer clientId=consumer-bootuser-group-2, groupId=bootuser-group] Request joining group due to: consumer pro-actively leaving the group 
2025-04-28 12:28:16-766 [org.springframework.kafka.KafkaListenerEndpointContainer#1-0-C-1] INFO  o.a.kafka.common.metrics.Metrics - Metrics scheduler closed 
2025-04-28 12:28:16-766 [org.springframework.kafka.KafkaListenerEndpointContainer#1-0-C-1] INFO  o.a.kafka.common.metrics.Metrics - Closing reporter org.apache.kafka.common.metrics.JmxReporter 
2025-04-28 12:28:16-767 [org.springframework.kafka.KafkaListenerEndpointContainer#1-0-C-1] INFO  o.a.kafka.common.metrics.Metrics - Closing reporter org.apache.kafka.common.telemetry.internals.ClientTelemetryReporter 
2025-04-28 12:28:16-768 [org.springframework.kafka.KafkaListenerEndpointContainer#0-0-C-1] INFO  o.a.kafka.common.metrics.Metrics - Metrics scheduler closed 
2025-04-28 12:28:16-768 [org.springframework.kafka.KafkaListenerEndpointContainer#1-0-C-1] INFO  o.a.kafka.common.metrics.Metrics - Metrics reporters closed 
2025-04-28 12:28:16-768 [org.springframework.kafka.KafkaListenerEndpointContainer#0-0-C-1] INFO  o.a.kafka.common.metrics.Metrics - Closing reporter org.apache.kafka.common.metrics.JmxReporter 
2025-04-28 12:28:16-769 [org.springframework.kafka.KafkaListenerEndpointContainer#0-0-C-1] INFO  o.a.kafka.common.metrics.Metrics - Closing reporter org.apache.kafka.common.telemetry.internals.ClientTelemetryReporter 
2025-04-28 12:28:16-769 [org.springframework.kafka.KafkaListenerEndpointContainer#0-0-C-1] INFO  o.a.kafka.common.metrics.Metrics - Metrics reporters closed 
2025-04-28 12:28:16-775 [org.springframework.kafka.KafkaListenerEndpointContainer#1-0-C-1] INFO  o.a.kafka.common.utils.AppInfoParser - App info kafka.consumer for consumer-bootuser-group-3 unregistered 
2025-04-28 12:28:16-776 [org.springframework.kafka.KafkaListenerEndpointContainer#1-0-C-1] INFO  o.s.k.l.KafkaMessageListenerContainer - bootuser-group: Consumer stopped 
2025-04-28 12:28:16-778 [org.springframework.kafka.KafkaListenerEndpointContainer#0-0-C-1] INFO  o.a.kafka.common.utils.AppInfoParser - App info kafka.consumer for consumer-bootuser-group-2 unregistered 
2025-04-28 12:28:16-779 [org.springframework.kafka.KafkaListenerEndpointContainer#0-0-C-1] INFO  o.s.k.l.KafkaMessageListenerContainer - bootuser-group: Consumer stopped 
2025-04-28 12:28:19-074 [SpringApplicationShutdownHook] INFO  c.netflix.discovery.DiscoveryClient - Shutting down DiscoveryClient ... 
2025-04-28 12:28:22-087 [SpringApplicationShutdownHook] INFO  c.netflix.discovery.DiscoveryClient - Unregistering ... 
2025-04-28 12:28:22-113 [SpringApplicationShutdownHook] INFO  c.netflix.discovery.DiscoveryClient - DiscoveryClient_BOOTCOIN-USER-API/bootcoin-user-api:8817 - deregister  status: 200 
2025-04-28 12:28:22-114 [SpringApplicationShutdownHook] INFO  c.netflix.discovery.DiscoveryClient - Completed shut down of DiscoveryClient 
2025-04-28 12:35:21-804 [main] INFO  o.s.t.c.s.AnnotationConfigContextLoaderUtils - Could not detect default configuration classes for test class [com.bootcoin.user.api.BootcoinUserApiApplicationTests]: BootcoinUserApiApplicationTests does not declare any static, non-private, non-final, nested classes annotated with @Configuration. 
2025-04-28 12:35:23-031 [main] INFO  o.s.b.t.c.SpringBootTestContextBootstrapper - Found @SpringBootConfiguration com.bootcoin.user.api.BootcoinUserApiApplication for test class com.bootcoin.user.api.BootcoinUserApiApplicationTests 
2025-04-28 12:35:28-479 [main] INFO  c.b.u.a.BootcoinUserApiApplicationTests - Starting BootcoinUserApiApplicationTests using Java 17.0.12 with PID 23288 (started by mgarcsar in C:\Users\mgarcsar\Documents\Bootcamp\etregables\BootCoin\bootcoin-user-api) 
2025-04-28 12:35:28-480 [main] INFO  c.b.u.a.BootcoinUserApiApplicationTests - The following 1 profile is active: "dev" 
2025-04-28 12:35:28-606 [main] INFO  o.s.c.c.c.ConfigServerConfigDataLoader - Fetching config from server at : http://config-server-bc:8888 
2025-04-28 12:35:28-606 [main] INFO  o.s.c.c.c.ConfigServerConfigDataLoader - Exception on Url - http://config-server-bc:8888:org.springframework.web.client.ResourceAccessException: I/O error on GET request for "http://config-server-bc:8888/bootcoin-user-api/default": config-server-bc. Will be trying the next url if available 
2025-04-28 12:35:28-607 [main] WARN  o.s.c.c.c.ConfigServerConfigDataLoader - Could not locate PropertySource ([ConfigServerConfigDataResource@3e1897d uris = array<String>['http://config-server-bc:8888'], optional = true, profiles = 'default']): I/O error on GET request for "http://config-server-bc:8888/bootcoin-user-api/default": config-server-bc 
2025-04-28 12:35:28-607 [main] INFO  o.s.c.c.c.ConfigServerConfigDataLoader - Fetching config from server at : http://config-server-bc:8888 
2025-04-28 12:35:28-607 [main] INFO  o.s.c.c.c.ConfigServerConfigDataLoader - Exception on Url - http://config-server-bc:8888:org.springframework.web.client.ResourceAccessException: I/O error on GET request for "http://config-server-bc:8888/bootcoin-user-api/dev": config-server-bc. Will be trying the next url if available 
2025-04-28 12:35:28-607 [main] WARN  o.s.c.c.c.ConfigServerConfigDataLoader - Could not locate PropertySource ([ConfigServerConfigDataResource@53d2f0ec uris = array<String>['http://config-server-bc:8888'], optional = true, profiles = 'dev']): I/O error on GET request for "http://config-server-bc:8888/bootcoin-user-api/dev": config-server-bc 
2025-04-28 12:35:28-607 [main] INFO  o.s.c.c.c.ConfigServerConfigDataLoader - Fetching config from server at : http://config-server-bc:8888 
2025-04-28 12:35:28-607 [main] INFO  o.s.c.c.c.ConfigServerConfigDataLoader - Exception on Url - http://config-server-bc:8888:org.springframework.web.client.ResourceAccessException: I/O error on GET request for "http://config-server-bc:8888/bootcoin-user-api/default": config-server-bc. Will be trying the next url if available 
2025-04-28 12:35:28-607 [main] WARN  o.s.c.c.c.ConfigServerConfigDataLoader - Could not locate PropertySource ([ConfigServerConfigDataResource@560be8c0 uris = array<String>['http://config-server-bc:8888'], optional = true, profiles = 'default']): I/O error on GET request for "http://config-server-bc:8888/bootcoin-user-api/default": config-server-bc 
2025-04-28 12:35:30-822 [main] INFO  o.s.d.r.c.RepositoryConfigurationDelegate - Bootstrapping Spring Data Reactive MongoDB repositories in DEFAULT mode. 
2025-04-28 12:35:32-719 [main] INFO  o.s.d.r.c.RepositoryConfigurationDelegate - Finished Spring Data repository scanning in 1842 ms. Found 1 Reactive MongoDB repository interface. 
2025-04-28 12:35:34-166 [main] INFO  o.s.cloud.context.scope.GenericScope - BeanFactory id=38fdc953-25ca-3510-8aa0-db7918657eca 
2025-04-28 12:35:36-559 [main] INFO  org.mongodb.driver.client - MongoClient with metadata {"driver": {"name": "mongo-java-driver|reactive-streams|spring-boot", "version": "5.2.1"}, "os": {"type": "Windows", "name": "Windows 10", "architecture": "amd64", "version": "10.0"}, "platform": "Java/Oracle Corporation/17.0.12+8-LTS-286"} created with settings MongoClientSettings{readPreference=primary, writeConcern=WriteConcern{w=null, wTimeout=null ms, journal=null}, retryWrites=true, retryReads=true, readConcern=ReadConcern{level=null}, credential=null, transportSettings=NettyTransportSettings{eventLoopGroup=io.netty.channel.nio.NioEventLoopGroup@4c9836d4, socketChannelClass=null, allocator=null, sslContext=null}, commandListeners=[io.micrometer.core.instrument.binder.mongodb.MongoMetricsCommandListener@3ac5a623], codecRegistry=ProvidersCodecRegistry{codecProviders=[ValueCodecProvider{}, BsonValueCodecProvider{}, DBRefCodecProvider{}, DBObjectCodecProvider{}, DocumentCodecProvider{}, CollectionCodecProvider{}, IterableCodecProvider{}, MapCodecProvider{}, GeoJsonCodecProvider{}, GridFSFileCodecProvider{}, Jsr310CodecProvider{}, JsonObjectCodecProvider{}, BsonCodecProvider{}, EnumCodecProvider{}, com.mongodb.client.model.mql.ExpressionCodecProvider@60c7726b, com.mongodb.Jep395RecordCodecProvider@69b9a61, com.mongodb.KotlinCodecProvider@bb832f0]}, loggerSettings=LoggerSettings{maxDocumentLength=1000}, clusterSettings={hosts=[localhost:27017], srvServiceName=mongodb, mode=SINGLE, requiredClusterType=UNKNOWN, requiredReplicaSetName='null', serverSelector='null', clusterListeners='[]', serverSelectionTimeout='30000 ms', localThreshold='15 ms'}, socketSettings=SocketSettings{connectTimeoutMS=10000, readTimeoutMS=0, receiveBufferSize=0, proxySettings=ProxySettings{host=null, port=null, username=null, password=null}}, heartbeatSocketSettings=SocketSettings{connectTimeoutMS=10000, readTimeoutMS=10000, receiveBufferSize=0, proxySettings=ProxySettings{host=null, port=null, username=null, password=null}}, connectionPoolSettings=ConnectionPoolSettings{maxSize=100, minSize=0, maxWaitTimeMS=120000, maxConnectionLifeTimeMS=0, maxConnectionIdleTimeMS=0, maintenanceInitialDelayMS=0, maintenanceFrequencyMS=60000, connectionPoolListeners=[io.micrometer.core.instrument.binder.mongodb.MongoMetricsConnectionPoolListener@1cdb691a], maxConnecting=2}, serverSettings=ServerSettings{heartbeatFrequencyMS=10000, minHeartbeatFrequencyMS=500, serverMonitoringMode=AUTO, serverListeners='[]', serverMonitorListeners='[]'}, sslSettings=SslSettings{enabled=false, invalidHostNameAllowed=false, context=null}, applicationName='null', compressorList=[], uuidRepresentation=JAVA_LEGACY, serverApi=null, autoEncryptionSettings=null, dnsClient=null, inetAddressResolver=null, contextProvider=null, timeoutMS=null} 
2025-04-28 12:35:37-194 [cluster-ClusterId{value='680fbc68f94e634aa73fd3ff', description='null'}-localhost:27017] INFO  org.mongodb.driver.cluster - Monitor thread successfully connected to server with description ServerDescription{address=localhost:27017, type=STANDALONE, cryptd=false, state=CONNECTED, ok=true, minWireVersion=0, maxWireVersion=25, maxDocumentSize=16777216, logicalSessionTimeoutMinutes=30, roundTripTimeNanos=224034000, minRoundTripTimeNanos=0} 
2025-04-28 12:35:39-621 [main] INFO  o.s.v.b.OptionalValidatorFactoryBean - Failed to set up a Bean Validation provider: jakarta.validation.NoProviderFoundException: Unable to create a Configuration, because no Jakarta Bean Validation provider could be found. Add a provider like Hibernate Validator (RI) to your classpath. 
2025-04-28 12:35:42-604 [main] INFO  o.s.b.a.e.web.EndpointLinksResolver - Exposing 2 endpoints beneath base path '/actuator' 
2025-04-28 12:35:43-462 [main] INFO  o.s.c.n.e.c.DiscoveryClientOptionalArgsConfiguration - Eureka HTTP Client uses RestTemplate. 
2025-04-28 12:35:43-558 [main] WARN  o.s.c.l.c.LoadBalancerCacheAutoConfiguration$LoadBalancerCaffeineWarnLogger - Spring Cloud LoadBalancer is currently working with the default cache. While this cache implementation is useful for development and tests, it's recommended to use Caffeine cache in production.You can switch to using Caffeine cache, by adding it and org.springframework.cache.caffeine.CaffeineCacheManager to the classpath. 
2025-04-28 12:35:43-805 [main] INFO  o.a.k.c.consumer.ConsumerConfig - ConsumerConfig values: 
	allow.auto.create.topics = true
	auto.commit.interval.ms = 5000
	auto.include.jmx.reporter = true
	auto.offset.reset = latest
	bootstrap.servers = [localhost:29092]
	check.crcs = true
	client.dns.lookup = use_all_dns_ips
	client.id = consumer-bootuser-group-1
	client.rack = 
	connections.max.idle.ms = 540000
	default.api.timeout.ms = 60000
	enable.auto.commit = false
	enable.metrics.push = true
	exclude.internal.topics = true
	fetch.max.bytes = 52428800
	fetch.max.wait.ms = 500
	fetch.min.bytes = 1
	group.id = bootuser-group
	group.instance.id = null
	group.protocol = classic
	group.remote.assignor = null
	heartbeat.interval.ms = 3000
	interceptor.classes = []
	internal.leave.group.on.close = true
	internal.throw.on.fetch.stable.offset.unsupported = false
	isolation.level = read_uncommitted
	key.deserializer = class org.apache.kafka.common.serialization.StringDeserializer
	max.partition.fetch.bytes = 1048576
	max.poll.interval.ms = 300000
	max.poll.records = 500
	metadata.max.age.ms = 300000
	metadata.recovery.strategy = none
	metric.reporters = []
	metrics.num.samples = 2
	metrics.recording.level = INFO
	metrics.sample.window.ms = 30000
	partition.assignment.strategy = [class org.apache.kafka.clients.consumer.RangeAssignor, class org.apache.kafka.clients.consumer.CooperativeStickyAssignor]
	receive.buffer.bytes = 65536
	reconnect.backoff.max.ms = 1000
	reconnect.backoff.ms = 50
	request.timeout.ms = 30000
	retry.backoff.max.ms = 1000
	retry.backoff.ms = 100
	sasl.client.callback.handler.class = null
	sasl.jaas.config = null
	sasl.kerberos.kinit.cmd = /usr/bin/kinit
	sasl.kerberos.min.time.before.relogin = 60000
	sasl.kerberos.service.name = null
	sasl.kerberos.ticket.renew.jitter = 0.05
	sasl.kerberos.ticket.renew.window.factor = 0.8
	sasl.login.callback.handler.class = null
	sasl.login.class = null
	sasl.login.connect.timeout.ms = null
	sasl.login.read.timeout.ms = null
	sasl.login.refresh.buffer.seconds = 300
	sasl.login.refresh.min.period.seconds = 60
	sasl.login.refresh.window.factor = 0.8
	sasl.login.refresh.window.jitter = 0.05
	sasl.login.retry.backoff.max.ms = 10000
	sasl.login.retry.backoff.ms = 100
	sasl.mechanism = GSSAPI
	sasl.oauthbearer.clock.skew.seconds = 30
	sasl.oauthbearer.expected.audience = null
	sasl.oauthbearer.expected.issuer = null
	sasl.oauthbearer.jwks.endpoint.refresh.ms = 3600000
	sasl.oauthbearer.jwks.endpoint.retry.backoff.max.ms = 10000
	sasl.oauthbearer.jwks.endpoint.retry.backoff.ms = 100
	sasl.oauthbearer.jwks.endpoint.url = null
	sasl.oauthbearer.scope.claim.name = scope
	sasl.oauthbearer.sub.claim.name = sub
	sasl.oauthbearer.token.endpoint.url = null
	security.protocol = PLAINTEXT
	security.providers = null
	send.buffer.bytes = 131072
	session.timeout.ms = 45000
	socket.connection.setup.timeout.max.ms = 30000
	socket.connection.setup.timeout.ms = 10000
	ssl.cipher.suites = null
	ssl.enabled.protocols = [TLSv1.2, TLSv1.3]
	ssl.endpoint.identification.algorithm = https
	ssl.engine.factory.class = null
	ssl.key.password = null
	ssl.keymanager.algorithm = SunX509
	ssl.keystore.certificate.chain = null
	ssl.keystore.key = null
	ssl.keystore.location = null
	ssl.keystore.password = null
	ssl.keystore.type = JKS
	ssl.protocol = TLSv1.3
	ssl.provider = null
	ssl.secure.random.implementation = null
	ssl.trustmanager.algorithm = PKIX
	ssl.truststore.certificates = null
	ssl.truststore.location = null
	ssl.truststore.password = null
	ssl.truststore.type = JKS
	value.deserializer = class org.apache.kafka.common.serialization.StringDeserializer
 
2025-04-28 12:35:43-946 [main] INFO  o.a.k.c.t.i.KafkaMetricsCollector - initializing Kafka metrics collector 
2025-04-28 12:35:44-192 [main] INFO  o.a.kafka.common.utils.AppInfoParser - Kafka version: 3.8.1 
2025-04-28 12:35:44-202 [main] INFO  o.a.kafka.common.utils.AppInfoParser - Kafka commitId: 70d6ff42debf7e17 
2025-04-28 12:35:44-202 [main] INFO  o.a.kafka.common.utils.AppInfoParser - Kafka startTimeMs: 1745861744189 
2025-04-28 12:35:44-210 [main] INFO  o.a.k.c.c.i.LegacyKafkaConsumer - [Consumer clientId=consumer-bootuser-group-1, groupId=bootuser-group] Subscribed to topic(s): bootcoin-user-response 
2025-04-28 12:35:44-256 [main] INFO  o.s.c.n.eureka.InstanceInfoFactory - Setting initial instance status as: STARTING 
2025-04-28 12:35:44-316 [main] INFO  c.netflix.discovery.DiscoveryClient - Initializing Eureka in region us-east-1 
2025-04-28 12:35:44-325 [main] INFO  c.n.d.s.r.aws.ConfigClusterResolver - Resolving eureka endpoints via configuration 
2025-04-28 12:35:44-348 [main] INFO  c.netflix.discovery.DiscoveryClient - Disable delta property : false 
2025-04-28 12:35:44-348 [main] INFO  c.netflix.discovery.DiscoveryClient - Single vip registry refresh property : null 
2025-04-28 12:35:44-349 [main] INFO  c.netflix.discovery.DiscoveryClient - Force full registry fetch : false 
2025-04-28 12:35:44-349 [main] INFO  c.netflix.discovery.DiscoveryClient - Application is null : false 
2025-04-28 12:35:44-349 [main] INFO  c.netflix.discovery.DiscoveryClient - Registered Applications size is zero : true 
2025-04-28 12:35:44-349 [main] INFO  c.netflix.discovery.DiscoveryClient - Application version is -1: true 
2025-04-28 12:35:44-349 [main] INFO  c.netflix.discovery.DiscoveryClient - Getting all instance registry info from the eureka server 
2025-04-28 12:35:44-859 [repliesContainer-0-C-1] INFO  o.apache.kafka.clients.NetworkClient - [Consumer clientId=consumer-bootuser-group-1, groupId=bootuser-group] Node -1 disconnected. 
2025-04-28 12:35:44-862 [repliesContainer-0-C-1] WARN  o.apache.kafka.clients.NetworkClient - [Consumer clientId=consumer-bootuser-group-1, groupId=bootuser-group] Connection to node -1 (localhost/127.0.0.1:29092) could not be established. Node may not be available. 
2025-04-28 12:35:44-863 [repliesContainer-0-C-1] WARN  o.apache.kafka.clients.NetworkClient - [Consumer clientId=consumer-bootuser-group-1, groupId=bootuser-group] Bootstrap broker localhost:29092 (id: -1 rack: null) disconnected 
2025-04-28 12:35:44-894 [main] INFO  c.netflix.discovery.DiscoveryClient - The response status is 200 
2025-04-28 12:35:44-900 [main] INFO  c.netflix.discovery.DiscoveryClient - Starting heartbeat executor: renew interval is: 30 
2025-04-28 12:35:44-905 [main] INFO  c.n.discovery.InstanceInfoReplicator - InstanceInfoReplicator onDemand update allowed rate per min is 4 
2025-04-28 12:35:44-907 [main] INFO  c.netflix.discovery.DiscoveryClient - Discovery Client initialized at timestamp 1745861744907 with initial instances count: 5 
2025-04-28 12:35:44-911 [main] INFO  o.s.c.n.e.s.EurekaServiceRegistry - Registering application BOOTCOIN-USER-API with eureka with status UP 
2025-04-28 12:35:44-913 [main] INFO  c.netflix.discovery.DiscoveryClient - Saw local status change event StatusChangeEvent [timestamp=1745861744913, current=UP, previous=STARTING] 
2025-04-28 12:35:44-916 [DiscoveryClient-InstanceInfoReplicator-%d] INFO  c.netflix.discovery.DiscoveryClient - DiscoveryClient_BOOTCOIN-USER-API/bootcoin-user-api:8817: registering service... 
2025-04-28 12:35:44-918 [main] INFO  o.a.k.c.consumer.ConsumerConfig - ConsumerConfig values: 
	allow.auto.create.topics = true
	auto.commit.interval.ms = 5000
	auto.include.jmx.reporter = true
	auto.offset.reset = latest
	bootstrap.servers = [localhost:29092]
	check.crcs = true
	client.dns.lookup = use_all_dns_ips
	client.id = consumer-bootuser-group-2
	client.rack = 
	connections.max.idle.ms = 540000
	default.api.timeout.ms = 60000
	enable.auto.commit = false
	enable.metrics.push = true
	exclude.internal.topics = true
	fetch.max.bytes = 52428800
	fetch.max.wait.ms = 500
	fetch.min.bytes = 1
	group.id = bootuser-group
	group.instance.id = null
	group.protocol = classic
	group.remote.assignor = null
	heartbeat.interval.ms = 3000
	interceptor.classes = []
	internal.leave.group.on.close = true
	internal.throw.on.fetch.stable.offset.unsupported = false
	isolation.level = read_uncommitted
	key.deserializer = class org.apache.kafka.common.serialization.StringDeserializer
	max.partition.fetch.bytes = 1048576
	max.poll.interval.ms = 300000
	max.poll.records = 500
	metadata.max.age.ms = 300000
	metadata.recovery.strategy = none
	metric.reporters = []
	metrics.num.samples = 2
	metrics.recording.level = INFO
	metrics.sample.window.ms = 30000
	partition.assignment.strategy = [class org.apache.kafka.clients.consumer.RangeAssignor, class org.apache.kafka.clients.consumer.CooperativeStickyAssignor]
	receive.buffer.bytes = 65536
	reconnect.backoff.max.ms = 1000
	reconnect.backoff.ms = 50
	request.timeout.ms = 30000
	retry.backoff.max.ms = 1000
	retry.backoff.ms = 100
	sasl.client.callback.handler.class = null
	sasl.jaas.config = null
	sasl.kerberos.kinit.cmd = /usr/bin/kinit
	sasl.kerberos.min.time.before.relogin = 60000
	sasl.kerberos.service.name = null
	sasl.kerberos.ticket.renew.jitter = 0.05
	sasl.kerberos.ticket.renew.window.factor = 0.8
	sasl.login.callback.handler.class = null
	sasl.login.class = null
	sasl.login.connect.timeout.ms = null
	sasl.login.read.timeout.ms = null
	sasl.login.refresh.buffer.seconds = 300
	sasl.login.refresh.min.period.seconds = 60
	sasl.login.refresh.window.factor = 0.8
	sasl.login.refresh.window.jitter = 0.05
	sasl.login.retry.backoff.max.ms = 10000
	sasl.login.retry.backoff.ms = 100
	sasl.mechanism = GSSAPI
	sasl.oauthbearer.clock.skew.seconds = 30
	sasl.oauthbearer.expected.audience = null
	sasl.oauthbearer.expected.issuer = null
	sasl.oauthbearer.jwks.endpoint.refresh.ms = 3600000
	sasl.oauthbearer.jwks.endpoint.retry.backoff.max.ms = 10000
	sasl.oauthbearer.jwks.endpoint.retry.backoff.ms = 100
	sasl.oauthbearer.jwks.endpoint.url = null
	sasl.oauthbearer.scope.claim.name = scope
	sasl.oauthbearer.sub.claim.name = sub
	sasl.oauthbearer.token.endpoint.url = null
	security.protocol = PLAINTEXT
	security.providers = null
	send.buffer.bytes = 131072
	session.timeout.ms = 45000
	socket.connection.setup.timeout.max.ms = 30000
	socket.connection.setup.timeout.ms = 10000
	ssl.cipher.suites = null
	ssl.enabled.protocols = [TLSv1.2, TLSv1.3]
	ssl.endpoint.identification.algorithm = https
	ssl.engine.factory.class = null
	ssl.key.password = null
	ssl.keymanager.algorithm = SunX509
	ssl.keystore.certificate.chain = null
	ssl.keystore.key = null
	ssl.keystore.location = null
	ssl.keystore.password = null
	ssl.keystore.type = JKS
	ssl.protocol = TLSv1.3
	ssl.provider = null
	ssl.secure.random.implementation = null
	ssl.trustmanager.algorithm = PKIX
	ssl.truststore.certificates = null
	ssl.truststore.location = null
	ssl.truststore.password = null
	ssl.truststore.type = JKS
	value.deserializer = class org.apache.kafka.common.serialization.StringDeserializer
 
2025-04-28 12:35:44-919 [main] INFO  o.a.k.c.t.i.KafkaMetricsCollector - initializing Kafka metrics collector 
2025-04-28 12:35:44-931 [main] INFO  o.a.kafka.common.utils.AppInfoParser - Kafka version: 3.8.1 
2025-04-28 12:35:44-932 [main] INFO  o.a.kafka.common.utils.AppInfoParser - Kafka commitId: 70d6ff42debf7e17 
2025-04-28 12:35:44-932 [main] INFO  o.a.kafka.common.utils.AppInfoParser - Kafka startTimeMs: 1745861744931 
2025-04-28 12:35:44-933 [main] INFO  o.a.k.c.c.i.LegacyKafkaConsumer - [Consumer clientId=consumer-bootuser-group-2, groupId=bootuser-group] Subscribed to topic(s): user-create-request 
2025-04-28 12:35:44-938 [main] INFO  o.a.k.c.consumer.ConsumerConfig - ConsumerConfig values: 
	allow.auto.create.topics = true
	auto.commit.interval.ms = 5000
	auto.include.jmx.reporter = true
	auto.offset.reset = latest
	bootstrap.servers = [localhost:29092]
	check.crcs = true
	client.dns.lookup = use_all_dns_ips
	client.id = consumer-bootuser-group-3
	client.rack = 
	connections.max.idle.ms = 540000
	default.api.timeout.ms = 60000
	enable.auto.commit = false
	enable.metrics.push = true
	exclude.internal.topics = true
	fetch.max.bytes = 52428800
	fetch.max.wait.ms = 500
	fetch.min.bytes = 1
	group.id = bootuser-group
	group.instance.id = null
	group.protocol = classic
	group.remote.assignor = null
	heartbeat.interval.ms = 3000
	interceptor.classes = []
	internal.leave.group.on.close = true
	internal.throw.on.fetch.stable.offset.unsupported = false
	isolation.level = read_uncommitted
	key.deserializer = class org.apache.kafka.common.serialization.StringDeserializer
	max.partition.fetch.bytes = 1048576
	max.poll.interval.ms = 300000
	max.poll.records = 500
	metadata.max.age.ms = 300000
	metadata.recovery.strategy = none
	metric.reporters = []
	metrics.num.samples = 2
	metrics.recording.level = INFO
	metrics.sample.window.ms = 30000
	partition.assignment.strategy = [class org.apache.kafka.clients.consumer.RangeAssignor, class org.apache.kafka.clients.consumer.CooperativeStickyAssignor]
	receive.buffer.bytes = 65536
	reconnect.backoff.max.ms = 1000
	reconnect.backoff.ms = 50
	request.timeout.ms = 30000
	retry.backoff.max.ms = 1000
	retry.backoff.ms = 100
	sasl.client.callback.handler.class = null
	sasl.jaas.config = null
	sasl.kerberos.kinit.cmd = /usr/bin/kinit
	sasl.kerberos.min.time.before.relogin = 60000
	sasl.kerberos.service.name = null
	sasl.kerberos.ticket.renew.jitter = 0.05
	sasl.kerberos.ticket.renew.window.factor = 0.8
	sasl.login.callback.handler.class = null
	sasl.login.class = null
	sasl.login.connect.timeout.ms = null
	sasl.login.read.timeout.ms = null
	sasl.login.refresh.buffer.seconds = 300
	sasl.login.refresh.min.period.seconds = 60
	sasl.login.refresh.window.factor = 0.8
	sasl.login.refresh.window.jitter = 0.05
	sasl.login.retry.backoff.max.ms = 10000
	sasl.login.retry.backoff.ms = 100
	sasl.mechanism = GSSAPI
	sasl.oauthbearer.clock.skew.seconds = 30
	sasl.oauthbearer.expected.audience = null
	sasl.oauthbearer.expected.issuer = null
	sasl.oauthbearer.jwks.endpoint.refresh.ms = 3600000
	sasl.oauthbearer.jwks.endpoint.retry.backoff.max.ms = 10000
	sasl.oauthbearer.jwks.endpoint.retry.backoff.ms = 100
	sasl.oauthbearer.jwks.endpoint.url = null
	sasl.oauthbearer.scope.claim.name = scope
	sasl.oauthbearer.sub.claim.name = sub
	sasl.oauthbearer.token.endpoint.url = null
	security.protocol = PLAINTEXT
	security.providers = null
	send.buffer.bytes = 131072
	session.timeout.ms = 45000
	socket.connection.setup.timeout.max.ms = 30000
	socket.connection.setup.timeout.ms = 10000
	ssl.cipher.suites = null
	ssl.enabled.protocols = [TLSv1.2, TLSv1.3]
	ssl.endpoint.identification.algorithm = https
	ssl.engine.factory.class = null
	ssl.key.password = null
	ssl.keymanager.algorithm = SunX509
	ssl.keystore.certificate.chain = null
	ssl.keystore.key = null
	ssl.keystore.location = null
	ssl.keystore.password = null
	ssl.keystore.type = JKS
	ssl.protocol = TLSv1.3
	ssl.provider = null
	ssl.secure.random.implementation = null
	ssl.trustmanager.algorithm = PKIX
	ssl.truststore.certificates = null
	ssl.truststore.location = null
	ssl.truststore.password = null
	ssl.truststore.type = JKS
	value.deserializer = class org.apache.kafka.common.serialization.StringDeserializer
 
2025-04-28 12:35:44-940 [main] INFO  o.a.k.c.t.i.KafkaMetricsCollector - initializing Kafka metrics collector 
2025-04-28 12:35:44-940 [org.springframework.kafka.KafkaListenerEndpointContainer#0-0-C-1] INFO  o.apache.kafka.clients.NetworkClient - [Consumer clientId=consumer-bootuser-group-2, groupId=bootuser-group] Node -1 disconnected. 
2025-04-28 12:35:44-941 [org.springframework.kafka.KafkaListenerEndpointContainer#0-0-C-1] WARN  o.apache.kafka.clients.NetworkClient - [Consumer clientId=consumer-bootuser-group-2, groupId=bootuser-group] Connection to node -1 (localhost/127.0.0.1:29092) could not be established. Node may not be available. 
2025-04-28 12:35:44-941 [org.springframework.kafka.KafkaListenerEndpointContainer#0-0-C-1] WARN  o.apache.kafka.clients.NetworkClient - [Consumer clientId=consumer-bootuser-group-2, groupId=bootuser-group] Bootstrap broker localhost:29092 (id: -1 rack: null) disconnected 
2025-04-28 12:35:44-950 [main] INFO  o.a.kafka.common.utils.AppInfoParser - Kafka version: 3.8.1 
2025-04-28 12:35:44-950 [main] INFO  o.a.kafka.common.utils.AppInfoParser - Kafka commitId: 70d6ff42debf7e17 
2025-04-28 12:35:44-950 [main] INFO  o.a.kafka.common.utils.AppInfoParser - Kafka startTimeMs: 1745861744950 
2025-04-28 12:35:44-951 [main] INFO  o.a.k.c.c.i.LegacyKafkaConsumer - [Consumer clientId=consumer-bootuser-group-3, groupId=bootuser-group] Subscribed to topic(s): bootuser-request 
2025-04-28 12:35:44-956 [repliesContainer-0-C-1] INFO  o.apache.kafka.clients.NetworkClient - [Consumer clientId=consumer-bootuser-group-1, groupId=bootuser-group] Node -1 disconnected. 
2025-04-28 12:35:44-956 [org.springframework.kafka.KafkaListenerEndpointContainer#1-0-C-1] INFO  o.apache.kafka.clients.NetworkClient - [Consumer clientId=consumer-bootuser-group-3, groupId=bootuser-group] Node -1 disconnected. 
2025-04-28 12:35:44-957 [repliesContainer-0-C-1] WARN  o.apache.kafka.clients.NetworkClient - [Consumer clientId=consumer-bootuser-group-1, groupId=bootuser-group] Connection to node -1 (localhost/127.0.0.1:29092) could not be established. Node may not be available. 
2025-04-28 12:35:44-957 [repliesContainer-0-C-1] WARN  o.apache.kafka.clients.NetworkClient - [Consumer clientId=consumer-bootuser-group-1, groupId=bootuser-group] Bootstrap broker localhost:29092 (id: -1 rack: null) disconnected 
2025-04-28 12:35:44-957 [org.springframework.kafka.KafkaListenerEndpointContainer#1-0-C-1] WARN  o.apache.kafka.clients.NetworkClient - [Consumer clientId=consumer-bootuser-group-3, groupId=bootuser-group] Connection to node -1 (localhost/127.0.0.1:29092) could not be established. Node may not be available. 
2025-04-28 12:35:44-958 [org.springframework.kafka.KafkaListenerEndpointContainer#1-0-C-1] WARN  o.apache.kafka.clients.NetworkClient - [Consumer clientId=consumer-bootuser-group-3, groupId=bootuser-group] Bootstrap broker localhost:29092 (id: -1 rack: null) disconnected 
2025-04-28 12:35:44-970 [main] INFO  c.b.u.a.BootcoinUserApiApplicationTests - Started BootcoinUserApiApplicationTests in 20.224 seconds (process running for 33.573) 
2025-04-28 12:35:45-009 [DiscoveryClient-InstanceInfoReplicator-%d] INFO  c.netflix.discovery.DiscoveryClient - DiscoveryClient_BOOTCOIN-USER-API/bootcoin-user-api:8817 - registration status: 204 
2025-04-28 12:35:45-055 [org.springframework.kafka.KafkaListenerEndpointContainer#0-0-C-1] INFO  o.apache.kafka.clients.NetworkClient - [Consumer clientId=consumer-bootuser-group-2, groupId=bootuser-group] Node -1 disconnected. 
2025-04-28 12:35:45-055 [org.springframework.kafka.KafkaListenerEndpointContainer#0-0-C-1] WARN  o.apache.kafka.clients.NetworkClient - [Consumer clientId=consumer-bootuser-group-2, groupId=bootuser-group] Connection to node -1 (localhost/127.0.0.1:29092) could not be established. Node may not be available. 
2025-04-28 12:35:45-056 [org.springframework.kafka.KafkaListenerEndpointContainer#0-0-C-1] WARN  o.apache.kafka.clients.NetworkClient - [Consumer clientId=consumer-bootuser-group-2, groupId=bootuser-group] Bootstrap broker localhost:29092 (id: -1 rack: null) disconnected 
2025-04-28 12:35:45-077 [org.springframework.kafka.KafkaListenerEndpointContainer#1-0-C-1] INFO  o.apache.kafka.clients.NetworkClient - [Consumer clientId=consumer-bootuser-group-3, groupId=bootuser-group] Node -1 disconnected. 
2025-04-28 12:35:45-077 [org.springframework.kafka.KafkaListenerEndpointContainer#1-0-C-1] WARN  o.apache.kafka.clients.NetworkClient - [Consumer clientId=consumer-bootuser-group-3, groupId=bootuser-group] Connection to node -1 (localhost/127.0.0.1:29092) could not be established. Node may not be available. 
2025-04-28 12:35:45-078 [org.springframework.kafka.KafkaListenerEndpointContainer#1-0-C-1] WARN  o.apache.kafka.clients.NetworkClient - [Consumer clientId=consumer-bootuser-group-3, groupId=bootuser-group] Bootstrap broker localhost:29092 (id: -1 rack: null) disconnected 
2025-04-28 12:35:45-111 [repliesContainer-0-C-1] INFO  o.apache.kafka.clients.NetworkClient - [Consumer clientId=consumer-bootuser-group-1, groupId=bootuser-group] Node -1 disconnected. 
2025-04-28 12:35:45-111 [repliesContainer-0-C-1] WARN  o.apache.kafka.clients.NetworkClient - [Consumer clientId=consumer-bootuser-group-1, groupId=bootuser-group] Connection to node -1 (localhost/127.0.0.1:29092) could not be established. Node may not be available. 
2025-04-28 12:35:45-111 [repliesContainer-0-C-1] WARN  o.apache.kafka.clients.NetworkClient - [Consumer clientId=consumer-bootuser-group-1, groupId=bootuser-group] Bootstrap broker localhost:29092 (id: -1 rack: null) disconnected 
2025-04-28 12:35:45-208 [org.springframework.kafka.KafkaListenerEndpointContainer#1-0-C-1] INFO  o.apache.kafka.clients.NetworkClient - [Consumer clientId=consumer-bootuser-group-3, groupId=bootuser-group] Node -1 disconnected. 
2025-04-28 12:35:45-211 [org.springframework.kafka.KafkaListenerEndpointContainer#1-0-C-1] WARN  o.apache.kafka.clients.NetworkClient - [Consumer clientId=consumer-bootuser-group-3, groupId=bootuser-group] Connection to node -1 (localhost/127.0.0.1:29092) could not be established. Node may not be available. 
2025-04-28 12:35:45-212 [org.springframework.kafka.KafkaListenerEndpointContainer#1-0-C-1] WARN  o.apache.kafka.clients.NetworkClient - [Consumer clientId=consumer-bootuser-group-3, groupId=bootuser-group] Bootstrap broker localhost:29092 (id: -1 rack: null) disconnected 
2025-04-28 12:35:45-222 [org.springframework.kafka.KafkaListenerEndpointContainer#0-0-C-1] INFO  o.apache.kafka.clients.NetworkClient - [Consumer clientId=consumer-bootuser-group-2, groupId=bootuser-group] Node -1 disconnected. 
2025-04-28 12:35:45-223 [org.springframework.kafka.KafkaListenerEndpointContainer#0-0-C-1] WARN  o.apache.kafka.clients.NetworkClient - [Consumer clientId=consumer-bootuser-group-2, groupId=bootuser-group] Connection to node -1 (localhost/127.0.0.1:29092) could not be established. Node may not be available. 
2025-04-28 12:35:45-223 [org.springframework.kafka.KafkaListenerEndpointContainer#0-0-C-1] WARN  o.apache.kafka.clients.NetworkClient - [Consumer clientId=consumer-bootuser-group-2, groupId=bootuser-group] Bootstrap broker localhost:29092 (id: -1 rack: null) disconnected 
2025-04-28 12:35:45-345 [repliesContainer-0-C-1] INFO  o.apache.kafka.clients.NetworkClient - [Consumer clientId=consumer-bootuser-group-1, groupId=bootuser-group] Node -1 disconnected. 
2025-04-28 12:35:45-345 [repliesContainer-0-C-1] WARN  o.apache.kafka.clients.NetworkClient - [Consumer clientId=consumer-bootuser-group-1, groupId=bootuser-group] Connection to node -1 (localhost/127.0.0.1:29092) could not be established. Node may not be available. 
2025-04-28 12:35:45-346 [repliesContainer-0-C-1] WARN  o.apache.kafka.clients.NetworkClient - [Consumer clientId=consumer-bootuser-group-1, groupId=bootuser-group] Bootstrap broker localhost:29092 (id: -1 rack: null) disconnected 
2025-04-28 12:35:45-438 [org.springframework.kafka.KafkaListenerEndpointContainer#1-0-C-1] INFO  o.apache.kafka.clients.NetworkClient - [Consumer clientId=consumer-bootuser-group-3, groupId=bootuser-group] Node -1 disconnected. 
2025-04-28 12:35:45-439 [org.springframework.kafka.KafkaListenerEndpointContainer#1-0-C-1] WARN  o.apache.kafka.clients.NetworkClient - [Consumer clientId=consumer-bootuser-group-3, groupId=bootuser-group] Connection to node -1 (localhost/127.0.0.1:29092) could not be established. Node may not be available. 
2025-04-28 12:35:45-439 [org.springframework.kafka.KafkaListenerEndpointContainer#1-0-C-1] WARN  o.apache.kafka.clients.NetworkClient - [Consumer clientId=consumer-bootuser-group-3, groupId=bootuser-group] Bootstrap broker localhost:29092 (id: -1 rack: null) disconnected 
2025-04-28 12:35:45-470 [org.springframework.kafka.KafkaListenerEndpointContainer#0-0-C-1] INFO  o.apache.kafka.clients.NetworkClient - [Consumer clientId=consumer-bootuser-group-2, groupId=bootuser-group] Node -1 disconnected. 
2025-04-28 12:35:45-471 [org.springframework.kafka.KafkaListenerEndpointContainer#0-0-C-1] WARN  o.apache.kafka.clients.NetworkClient - [Consumer clientId=consumer-bootuser-group-2, groupId=bootuser-group] Connection to node -1 (localhost/127.0.0.1:29092) could not be established. Node may not be available. 
2025-04-28 12:35:45-471 [org.springframework.kafka.KafkaListenerEndpointContainer#0-0-C-1] WARN  o.apache.kafka.clients.NetworkClient - [Consumer clientId=consumer-bootuser-group-2, groupId=bootuser-group] Bootstrap broker localhost:29092 (id: -1 rack: null) disconnected 
2025-04-28 12:35:45-779 [repliesContainer-0-C-1] INFO  o.apache.kafka.clients.NetworkClient - [Consumer clientId=consumer-bootuser-group-1, groupId=bootuser-group] Node -1 disconnected. 
2025-04-28 12:35:45-779 [repliesContainer-0-C-1] WARN  o.apache.kafka.clients.NetworkClient - [Consumer clientId=consumer-bootuser-group-1, groupId=bootuser-group] Connection to node -1 (localhost/127.0.0.1:29092) could not be established. Node may not be available. 
2025-04-28 12:35:45-779 [repliesContainer-0-C-1] WARN  o.apache.kafka.clients.NetworkClient - [Consumer clientId=consumer-bootuser-group-1, groupId=bootuser-group] Bootstrap broker localhost:29092 (id: -1 rack: null) disconnected 
2025-04-28 12:35:45-809 [org.springframework.kafka.KafkaListenerEndpointContainer#1-0-C-1] INFO  o.apache.kafka.clients.NetworkClient - [Consumer clientId=consumer-bootuser-group-3, groupId=bootuser-group] Node -1 disconnected. 
2025-04-28 12:35:45-810 [org.springframework.kafka.KafkaListenerEndpointContainer#1-0-C-1] WARN  o.apache.kafka.clients.NetworkClient - [Consumer clientId=consumer-bootuser-group-3, groupId=bootuser-group] Connection to node -1 (localhost/127.0.0.1:29092) could not be established. Node may not be available. 
2025-04-28 12:35:45-810 [org.springframework.kafka.KafkaListenerEndpointContainer#1-0-C-1] WARN  o.apache.kafka.clients.NetworkClient - [Consumer clientId=consumer-bootuser-group-3, groupId=bootuser-group] Bootstrap broker localhost:29092 (id: -1 rack: null) disconnected 
2025-04-28 12:35:45-951 [org.springframework.kafka.KafkaListenerEndpointContainer#0-0-C-1] INFO  o.apache.kafka.clients.NetworkClient - [Consumer clientId=consumer-bootuser-group-2, groupId=bootuser-group] Node -1 disconnected. 
2025-04-28 12:35:45-952 [org.springframework.kafka.KafkaListenerEndpointContainer#0-0-C-1] WARN  o.apache.kafka.clients.NetworkClient - [Consumer clientId=consumer-bootuser-group-2, groupId=bootuser-group] Connection to node -1 (localhost/127.0.0.1:29092) could not be established. Node may not be available. 
2025-04-28 12:35:45-952 [org.springframework.kafka.KafkaListenerEndpointContainer#0-0-C-1] WARN  o.apache.kafka.clients.NetworkClient - [Consumer clientId=consumer-bootuser-group-2, groupId=bootuser-group] Bootstrap broker localhost:29092 (id: -1 rack: null) disconnected 
2025-04-28 12:35:46-323 [SpringApplicationShutdownHook] INFO  o.s.c.n.e.s.EurekaServiceRegistry - Unregistering application BOOTCOIN-USER-API with eureka with status DOWN 
2025-04-28 12:35:46-323 [SpringApplicationShutdownHook] INFO  c.netflix.discovery.DiscoveryClient - Saw local status change event StatusChangeEvent [timestamp=1745861746323, current=DOWN, previous=UP] 
2025-04-28 12:35:46-323 [DiscoveryClient-InstanceInfoReplicator-%d] INFO  c.netflix.discovery.DiscoveryClient - DiscoveryClient_BOOTCOIN-USER-API/bootcoin-user-api:8817: registering service... 
2025-04-28 12:35:46-339 [DiscoveryClient-InstanceInfoReplicator-%d] INFO  c.netflix.discovery.DiscoveryClient - DiscoveryClient_BOOTCOIN-USER-API/bootcoin-user-api:8817 - registration status: 204 
2025-04-28 12:35:46-579 [org.springframework.kafka.KafkaListenerEndpointContainer#1-0-C-1] INFO  o.apache.kafka.clients.NetworkClient - [Consumer clientId=consumer-bootuser-group-3, groupId=bootuser-group] Node -1 disconnected. 
2025-04-28 12:35:46-579 [org.springframework.kafka.KafkaListenerEndpointContainer#1-0-C-1] WARN  o.apache.kafka.clients.NetworkClient - [Consumer clientId=consumer-bootuser-group-3, groupId=bootuser-group] Connection to node -1 (localhost/127.0.0.1:29092) could not be established. Node may not be available. 
2025-04-28 12:35:46-580 [org.springframework.kafka.KafkaListenerEndpointContainer#1-0-C-1] WARN  o.apache.kafka.clients.NetworkClient - [Consumer clientId=consumer-bootuser-group-3, groupId=bootuser-group] Bootstrap broker localhost:29092 (id: -1 rack: null) disconnected 
2025-04-28 12:35:46-852 [org.springframework.kafka.KafkaListenerEndpointContainer#0-0-C-1] INFO  o.apache.kafka.clients.NetworkClient - [Consumer clientId=consumer-bootuser-group-2, groupId=bootuser-group] Node -1 disconnected. 
2025-04-28 12:35:46-852 [org.springframework.kafka.KafkaListenerEndpointContainer#0-0-C-1] WARN  o.apache.kafka.clients.NetworkClient - [Consumer clientId=consumer-bootuser-group-2, groupId=bootuser-group] Connection to node -1 (localhost/127.0.0.1:29092) could not be established. Node may not be available. 
2025-04-28 12:35:46-852 [org.springframework.kafka.KafkaListenerEndpointContainer#0-0-C-1] WARN  o.apache.kafka.clients.NetworkClient - [Consumer clientId=consumer-bootuser-group-2, groupId=bootuser-group] Bootstrap broker localhost:29092 (id: -1 rack: null) disconnected 
2025-04-28 12:35:47-053 [repliesContainer-0-C-1] INFO  o.a.k.c.c.i.ConsumerCoordinator - [Consumer clientId=consumer-bootuser-group-1, groupId=bootuser-group] Resetting generation and member id due to: consumer pro-actively leaving the group 
2025-04-28 12:35:47-054 [repliesContainer-0-C-1] INFO  o.a.k.c.c.i.ConsumerCoordinator - [Consumer clientId=consumer-bootuser-group-1, groupId=bootuser-group] Request joining group due to: consumer pro-actively leaving the group 
2025-04-28 12:35:47-054 [repliesContainer-0-C-1] INFO  o.a.k.c.c.i.LegacyKafkaConsumer - [Consumer clientId=consumer-bootuser-group-1, groupId=bootuser-group] Unsubscribed all topics or patterns and assigned partitions 
2025-04-28 12:35:47-057 [repliesContainer-0-C-1] INFO  o.a.k.c.c.i.ConsumerCoordinator - [Consumer clientId=consumer-bootuser-group-1, groupId=bootuser-group] Resetting generation and member id due to: consumer pro-actively leaving the group 
2025-04-28 12:35:47-057 [repliesContainer-0-C-1] INFO  o.a.k.c.c.i.ConsumerCoordinator - [Consumer clientId=consumer-bootuser-group-1, groupId=bootuser-group] Request joining group due to: consumer pro-actively leaving the group 
2025-04-28 12:35:47-064 [repliesContainer-0-C-1] INFO  o.a.kafka.common.metrics.Metrics - Metrics scheduler closed 
2025-04-28 12:35:47-065 [repliesContainer-0-C-1] INFO  o.a.kafka.common.metrics.Metrics - Closing reporter org.apache.kafka.common.metrics.JmxReporter 
2025-04-28 12:35:47-065 [repliesContainer-0-C-1] INFO  o.a.kafka.common.metrics.Metrics - Closing reporter org.apache.kafka.common.telemetry.internals.ClientTelemetryReporter 
2025-04-28 12:35:47-065 [repliesContainer-0-C-1] INFO  o.a.kafka.common.metrics.Metrics - Metrics reporters closed 
2025-04-28 12:35:47-072 [repliesContainer-0-C-1] INFO  o.a.kafka.common.utils.AppInfoParser - App info kafka.consumer for consumer-bootuser-group-1 unregistered 
2025-04-28 12:35:47-074 [repliesContainer-0-C-1] INFO  o.s.k.l.KafkaMessageListenerContainer - bootuser-group: Consumer stopped 
2025-04-28 12:35:47-078 [org.springframework.kafka.KafkaListenerEndpointContainer#0-0-C-1] INFO  o.a.k.c.c.i.ConsumerCoordinator - [Consumer clientId=consumer-bootuser-group-2, groupId=bootuser-group] Resetting generation and member id due to: consumer pro-actively leaving the group 
2025-04-28 12:35:47-079 [org.springframework.kafka.KafkaListenerEndpointContainer#0-0-C-1] INFO  o.a.k.c.c.i.ConsumerCoordinator - [Consumer clientId=consumer-bootuser-group-2, groupId=bootuser-group] Request joining group due to: consumer pro-actively leaving the group 
2025-04-28 12:35:47-079 [org.springframework.kafka.KafkaListenerEndpointContainer#0-0-C-1] INFO  o.a.k.c.c.i.LegacyKafkaConsumer - [Consumer clientId=consumer-bootuser-group-2, groupId=bootuser-group] Unsubscribed all topics or patterns and assigned partitions 
2025-04-28 12:35:47-079 [org.springframework.kafka.KafkaListenerEndpointContainer#0-0-C-1] INFO  o.a.k.c.c.i.ConsumerCoordinator - [Consumer clientId=consumer-bootuser-group-2, groupId=bootuser-group] Resetting generation and member id due to: consumer pro-actively leaving the group 
2025-04-28 12:35:47-079 [org.springframework.kafka.KafkaListenerEndpointContainer#0-0-C-1] INFO  o.a.k.c.c.i.ConsumerCoordinator - [Consumer clientId=consumer-bootuser-group-2, groupId=bootuser-group] Request joining group due to: consumer pro-actively leaving the group 
2025-04-28 12:35:47-080 [org.springframework.kafka.KafkaListenerEndpointContainer#0-0-C-1] INFO  o.a.kafka.common.metrics.Metrics - Metrics scheduler closed 
2025-04-28 12:35:47-081 [org.springframework.kafka.KafkaListenerEndpointContainer#0-0-C-1] INFO  o.a.kafka.common.metrics.Metrics - Closing reporter org.apache.kafka.common.metrics.JmxReporter 
2025-04-28 12:35:47-081 [org.springframework.kafka.KafkaListenerEndpointContainer#0-0-C-1] INFO  o.a.kafka.common.metrics.Metrics - Closing reporter org.apache.kafka.common.telemetry.internals.ClientTelemetryReporter 
2025-04-28 12:35:47-081 [org.springframework.kafka.KafkaListenerEndpointContainer#0-0-C-1] INFO  o.a.kafka.common.metrics.Metrics - Metrics reporters closed 
2025-04-28 12:35:47-081 [org.springframework.kafka.KafkaListenerEndpointContainer#1-0-C-1] INFO  o.a.k.c.c.i.ConsumerCoordinator - [Consumer clientId=consumer-bootuser-group-3, groupId=bootuser-group] Resetting generation and member id due to: consumer pro-actively leaving the group 
2025-04-28 12:35:47-082 [org.springframework.kafka.KafkaListenerEndpointContainer#1-0-C-1] INFO  o.a.k.c.c.i.ConsumerCoordinator - [Consumer clientId=consumer-bootuser-group-3, groupId=bootuser-group] Request joining group due to: consumer pro-actively leaving the group 
2025-04-28 12:35:47-082 [org.springframework.kafka.KafkaListenerEndpointContainer#1-0-C-1] INFO  o.a.k.c.c.i.LegacyKafkaConsumer - [Consumer clientId=consumer-bootuser-group-3, groupId=bootuser-group] Unsubscribed all topics or patterns and assigned partitions 
2025-04-28 12:35:47-082 [org.springframework.kafka.KafkaListenerEndpointContainer#1-0-C-1] INFO  o.a.k.c.c.i.ConsumerCoordinator - [Consumer clientId=consumer-bootuser-group-3, groupId=bootuser-group] Resetting generation and member id due to: consumer pro-actively leaving the group 
2025-04-28 12:35:47-082 [org.springframework.kafka.KafkaListenerEndpointContainer#1-0-C-1] INFO  o.a.k.c.c.i.ConsumerCoordinator - [Consumer clientId=consumer-bootuser-group-3, groupId=bootuser-group] Request joining group due to: consumer pro-actively leaving the group 
2025-04-28 12:35:47-084 [org.springframework.kafka.KafkaListenerEndpointContainer#1-0-C-1] INFO  o.a.kafka.common.metrics.Metrics - Metrics scheduler closed 
2025-04-28 12:35:47-085 [org.springframework.kafka.KafkaListenerEndpointContainer#1-0-C-1] INFO  o.a.kafka.common.metrics.Metrics - Closing reporter org.apache.kafka.common.metrics.JmxReporter 
2025-04-28 12:35:47-086 [org.springframework.kafka.KafkaListenerEndpointContainer#1-0-C-1] INFO  o.a.kafka.common.metrics.Metrics - Closing reporter org.apache.kafka.common.telemetry.internals.ClientTelemetryReporter 
2025-04-28 12:35:47-086 [org.springframework.kafka.KafkaListenerEndpointContainer#1-0-C-1] INFO  o.a.kafka.common.metrics.Metrics - Metrics reporters closed 
2025-04-28 12:35:47-087 [org.springframework.kafka.KafkaListenerEndpointContainer#0-0-C-1] INFO  o.a.kafka.common.utils.AppInfoParser - App info kafka.consumer for consumer-bootuser-group-2 unregistered 
2025-04-28 12:35:47-087 [org.springframework.kafka.KafkaListenerEndpointContainer#0-0-C-1] INFO  o.s.k.l.KafkaMessageListenerContainer - bootuser-group: Consumer stopped 
2025-04-28 12:35:47-090 [org.springframework.kafka.KafkaListenerEndpointContainer#1-0-C-1] INFO  o.a.kafka.common.utils.AppInfoParser - App info kafka.consumer for consumer-bootuser-group-3 unregistered 
2025-04-28 12:35:47-091 [org.springframework.kafka.KafkaListenerEndpointContainer#1-0-C-1] INFO  o.s.k.l.KafkaMessageListenerContainer - bootuser-group: Consumer stopped 
2025-04-28 12:35:49-222 [SpringApplicationShutdownHook] INFO  c.netflix.discovery.DiscoveryClient - Shutting down DiscoveryClient ... 
2025-04-28 12:35:52-238 [SpringApplicationShutdownHook] INFO  c.netflix.discovery.DiscoveryClient - Unregistering ... 
2025-04-28 12:35:52-259 [SpringApplicationShutdownHook] INFO  c.netflix.discovery.DiscoveryClient - DiscoveryClient_BOOTCOIN-USER-API/bootcoin-user-api:8817 - deregister  status: 200 
2025-04-28 12:35:52-259 [SpringApplicationShutdownHook] INFO  c.netflix.discovery.DiscoveryClient - Completed shut down of DiscoveryClient 
2025-04-28 12:40:26-259 [main] INFO  o.s.t.c.s.AnnotationConfigContextLoaderUtils - Could not detect default configuration classes for test class [com.bootcoin.user.api.BootcoinUserApiApplicationTests]: BootcoinUserApiApplicationTests does not declare any static, non-private, non-final, nested classes annotated with @Configuration. 
2025-04-28 12:40:26-580 [main] INFO  o.s.b.t.c.SpringBootTestContextBootstrapper - Found @SpringBootConfiguration com.bootcoin.user.api.BootcoinUserApiApplication for test class com.bootcoin.user.api.BootcoinUserApiApplicationTests 
2025-04-28 12:40:30-645 [main] INFO  c.b.u.a.BootcoinUserApiApplicationTests - Starting BootcoinUserApiApplicationTests using Java 17.0.12 with PID 25472 (started by mgarcsar in C:\Users\mgarcsar\Documents\Bootcamp\etregables\BootCoin\bootcoin-user-api) 
2025-04-28 12:40:30-647 [main] INFO  c.b.u.a.BootcoinUserApiApplicationTests - The following 1 profile is active: "dev" 
2025-04-28 12:40:30-698 [main] INFO  o.s.c.c.c.ConfigServerConfigDataLoader - Fetching config from server at : http://config-server-bc:8888 
2025-04-28 12:40:30-698 [main] INFO  o.s.c.c.c.ConfigServerConfigDataLoader - Exception on Url - http://config-server-bc:8888:org.springframework.web.client.ResourceAccessException: I/O error on GET request for "http://config-server-bc:8888/bootcoin-user-api/default": config-server-bc. Will be trying the next url if available 
2025-04-28 12:40:30-700 [main] WARN  o.s.c.c.c.ConfigServerConfigDataLoader - Could not locate PropertySource ([ConfigServerConfigDataResource@3e1897d uris = array<String>['http://config-server-bc:8888'], optional = true, profiles = 'default']): I/O error on GET request for "http://config-server-bc:8888/bootcoin-user-api/default": config-server-bc 
2025-04-28 12:40:30-700 [main] INFO  o.s.c.c.c.ConfigServerConfigDataLoader - Fetching config from server at : http://config-server-bc:8888 
2025-04-28 12:40:30-700 [main] INFO  o.s.c.c.c.ConfigServerConfigDataLoader - Exception on Url - http://config-server-bc:8888:org.springframework.web.client.ResourceAccessException: I/O error on GET request for "http://config-server-bc:8888/bootcoin-user-api/dev": config-server-bc. Will be trying the next url if available 
2025-04-28 12:40:30-700 [main] WARN  o.s.c.c.c.ConfigServerConfigDataLoader - Could not locate PropertySource ([ConfigServerConfigDataResource@53d2f0ec uris = array<String>['http://config-server-bc:8888'], optional = true, profiles = 'dev']): I/O error on GET request for "http://config-server-bc:8888/bootcoin-user-api/dev": config-server-bc 
2025-04-28 12:40:30-700 [main] INFO  o.s.c.c.c.ConfigServerConfigDataLoader - Fetching config from server at : http://config-server-bc:8888 
2025-04-28 12:40:30-700 [main] INFO  o.s.c.c.c.ConfigServerConfigDataLoader - Exception on Url - http://config-server-bc:8888:org.springframework.web.client.ResourceAccessException: I/O error on GET request for "http://config-server-bc:8888/bootcoin-user-api/default": config-server-bc. Will be trying the next url if available 
2025-04-28 12:40:30-700 [main] WARN  o.s.c.c.c.ConfigServerConfigDataLoader - Could not locate PropertySource ([ConfigServerConfigDataResource@560be8c0 uris = array<String>['http://config-server-bc:8888'], optional = true, profiles = 'default']): I/O error on GET request for "http://config-server-bc:8888/bootcoin-user-api/default": config-server-bc 
2025-04-28 12:40:32-733 [main] INFO  o.s.d.r.c.RepositoryConfigurationDelegate - Bootstrapping Spring Data Reactive MongoDB repositories in DEFAULT mode. 
2025-04-28 12:40:33-202 [main] INFO  o.s.d.r.c.RepositoryConfigurationDelegate - Finished Spring Data repository scanning in 458 ms. Found 1 Reactive MongoDB repository interface. 
2025-04-28 12:40:33-666 [main] INFO  o.s.cloud.context.scope.GenericScope - BeanFactory id=38fdc953-25ca-3510-8aa0-db7918657eca 
2025-04-28 12:40:34-814 [main] INFO  org.mongodb.driver.client - MongoClient with metadata {"driver": {"name": "mongo-java-driver|reactive-streams|spring-boot", "version": "5.2.1"}, "os": {"type": "Windows", "name": "Windows 10", "architecture": "amd64", "version": "10.0"}, "platform": "Java/Oracle Corporation/17.0.12+8-LTS-286"} created with settings MongoClientSettings{readPreference=primary, writeConcern=WriteConcern{w=null, wTimeout=null ms, journal=null}, retryWrites=true, retryReads=true, readConcern=ReadConcern{level=null}, credential=null, transportSettings=NettyTransportSettings{eventLoopGroup=io.netty.channel.nio.NioEventLoopGroup@1abd92c6, socketChannelClass=null, allocator=null, sslContext=null}, commandListeners=[io.micrometer.core.instrument.binder.mongodb.MongoMetricsCommandListener@7c44c38b], codecRegistry=ProvidersCodecRegistry{codecProviders=[ValueCodecProvider{}, BsonValueCodecProvider{}, DBRefCodecProvider{}, DBObjectCodecProvider{}, DocumentCodecProvider{}, CollectionCodecProvider{}, IterableCodecProvider{}, MapCodecProvider{}, GeoJsonCodecProvider{}, GridFSFileCodecProvider{}, Jsr310CodecProvider{}, JsonObjectCodecProvider{}, BsonCodecProvider{}, EnumCodecProvider{}, com.mongodb.client.model.mql.ExpressionCodecProvider@74c2edc, com.mongodb.Jep395RecordCodecProvider@4c9836d4, com.mongodb.KotlinCodecProvider@3ac5a623]}, loggerSettings=LoggerSettings{maxDocumentLength=1000}, clusterSettings={hosts=[localhost:27017], srvServiceName=mongodb, mode=SINGLE, requiredClusterType=UNKNOWN, requiredReplicaSetName='null', serverSelector='null', clusterListeners='[]', serverSelectionTimeout='30000 ms', localThreshold='15 ms'}, socketSettings=SocketSettings{connectTimeoutMS=10000, readTimeoutMS=0, receiveBufferSize=0, proxySettings=ProxySettings{host=null, port=null, username=null, password=null}}, heartbeatSocketSettings=SocketSettings{connectTimeoutMS=10000, readTimeoutMS=10000, receiveBufferSize=0, proxySettings=ProxySettings{host=null, port=null, username=null, password=null}}, connectionPoolSettings=ConnectionPoolSettings{maxSize=100, minSize=0, maxWaitTimeMS=120000, maxConnectionLifeTimeMS=0, maxConnectionIdleTimeMS=0, maintenanceInitialDelayMS=0, maintenanceFrequencyMS=60000, connectionPoolListeners=[io.micrometer.core.instrument.binder.mongodb.MongoMetricsConnectionPoolListener@60c7726b], maxConnecting=2}, serverSettings=ServerSettings{heartbeatFrequencyMS=10000, minHeartbeatFrequencyMS=500, serverMonitoringMode=AUTO, serverListeners='[]', serverMonitorListeners='[]'}, sslSettings=SslSettings{enabled=false, invalidHostNameAllowed=false, context=null}, applicationName='null', compressorList=[], uuidRepresentation=JAVA_LEGACY, serverApi=null, autoEncryptionSettings=null, dnsClient=null, inetAddressResolver=null, contextProvider=null, timeoutMS=null} 
2025-04-28 12:40:35-065 [cluster-ClusterId{value='680fbd921973ce485bd34f29', description='null'}-localhost:27017] INFO  org.mongodb.driver.cluster - Monitor thread successfully connected to server with description ServerDescription{address=localhost:27017, type=STANDALONE, cryptd=false, state=CONNECTED, ok=true, minWireVersion=0, maxWireVersion=25, maxDocumentSize=16777216, logicalSessionTimeoutMinutes=30, roundTripTimeNanos=121917000, minRoundTripTimeNanos=0} 
2025-04-28 12:40:36-432 [main] INFO  o.s.v.b.OptionalValidatorFactoryBean - Failed to set up a Bean Validation provider: jakarta.validation.NoProviderFoundException: Unable to create a Configuration, because no Jakarta Bean Validation provider could be found. Add a provider like Hibernate Validator (RI) to your classpath. 
2025-04-28 12:40:42-244 [main] INFO  o.s.b.a.e.web.EndpointLinksResolver - Exposing 2 endpoints beneath base path '/actuator' 
2025-04-28 12:40:43-567 [main] INFO  o.s.c.n.e.c.DiscoveryClientOptionalArgsConfiguration - Eureka HTTP Client uses RestTemplate. 
2025-04-28 12:40:43-738 [main] WARN  o.s.c.l.c.LoadBalancerCacheAutoConfiguration$LoadBalancerCaffeineWarnLogger - Spring Cloud LoadBalancer is currently working with the default cache. While this cache implementation is useful for development and tests, it's recommended to use Caffeine cache in production.You can switch to using Caffeine cache, by adding it and org.springframework.cache.caffeine.CaffeineCacheManager to the classpath. 
2025-04-28 12:40:44-010 [main] INFO  o.a.k.c.consumer.ConsumerConfig - ConsumerConfig values: 
	allow.auto.create.topics = true
	auto.commit.interval.ms = 5000
	auto.include.jmx.reporter = true
	auto.offset.reset = latest
	bootstrap.servers = [localhost:29092]
	check.crcs = true
	client.dns.lookup = use_all_dns_ips
	client.id = consumer-bootuser-group-1
	client.rack = 
	connections.max.idle.ms = 540000
	default.api.timeout.ms = 60000
	enable.auto.commit = false
	enable.metrics.push = true
	exclude.internal.topics = true
	fetch.max.bytes = 52428800
	fetch.max.wait.ms = 500
	fetch.min.bytes = 1
	group.id = bootuser-group
	group.instance.id = null
	group.protocol = classic
	group.remote.assignor = null
	heartbeat.interval.ms = 3000
	interceptor.classes = []
	internal.leave.group.on.close = true
	internal.throw.on.fetch.stable.offset.unsupported = false
	isolation.level = read_uncommitted
	key.deserializer = class org.apache.kafka.common.serialization.StringDeserializer
	max.partition.fetch.bytes = 1048576
	max.poll.interval.ms = 300000
	max.poll.records = 500
	metadata.max.age.ms = 300000
	metadata.recovery.strategy = none
	metric.reporters = []
	metrics.num.samples = 2
	metrics.recording.level = INFO
	metrics.sample.window.ms = 30000
	partition.assignment.strategy = [class org.apache.kafka.clients.consumer.RangeAssignor, class org.apache.kafka.clients.consumer.CooperativeStickyAssignor]
	receive.buffer.bytes = 65536
	reconnect.backoff.max.ms = 1000
	reconnect.backoff.ms = 50
	request.timeout.ms = 30000
	retry.backoff.max.ms = 1000
	retry.backoff.ms = 100
	sasl.client.callback.handler.class = null
	sasl.jaas.config = null
	sasl.kerberos.kinit.cmd = /usr/bin/kinit
	sasl.kerberos.min.time.before.relogin = 60000
	sasl.kerberos.service.name = null
	sasl.kerberos.ticket.renew.jitter = 0.05
	sasl.kerberos.ticket.renew.window.factor = 0.8
	sasl.login.callback.handler.class = null
	sasl.login.class = null
	sasl.login.connect.timeout.ms = null
	sasl.login.read.timeout.ms = null
	sasl.login.refresh.buffer.seconds = 300
	sasl.login.refresh.min.period.seconds = 60
	sasl.login.refresh.window.factor = 0.8
	sasl.login.refresh.window.jitter = 0.05
	sasl.login.retry.backoff.max.ms = 10000
	sasl.login.retry.backoff.ms = 100
	sasl.mechanism = GSSAPI
	sasl.oauthbearer.clock.skew.seconds = 30
	sasl.oauthbearer.expected.audience = null
	sasl.oauthbearer.expected.issuer = null
	sasl.oauthbearer.jwks.endpoint.refresh.ms = 3600000
	sasl.oauthbearer.jwks.endpoint.retry.backoff.max.ms = 10000
	sasl.oauthbearer.jwks.endpoint.retry.backoff.ms = 100
	sasl.oauthbearer.jwks.endpoint.url = null
	sasl.oauthbearer.scope.claim.name = scope
	sasl.oauthbearer.sub.claim.name = sub
	sasl.oauthbearer.token.endpoint.url = null
	security.protocol = PLAINTEXT
	security.providers = null
	send.buffer.bytes = 131072
	session.timeout.ms = 45000
	socket.connection.setup.timeout.max.ms = 30000
	socket.connection.setup.timeout.ms = 10000
	ssl.cipher.suites = null
	ssl.enabled.protocols = [TLSv1.2, TLSv1.3]
	ssl.endpoint.identification.algorithm = https
	ssl.engine.factory.class = null
	ssl.key.password = null
	ssl.keymanager.algorithm = SunX509
	ssl.keystore.certificate.chain = null
	ssl.keystore.key = null
	ssl.keystore.location = null
	ssl.keystore.password = null
	ssl.keystore.type = JKS
	ssl.protocol = TLSv1.3
	ssl.provider = null
	ssl.secure.random.implementation = null
	ssl.trustmanager.algorithm = PKIX
	ssl.truststore.certificates = null
	ssl.truststore.location = null
	ssl.truststore.password = null
	ssl.truststore.type = JKS
	value.deserializer = class org.apache.kafka.common.serialization.StringDeserializer
 
2025-04-28 12:40:44-160 [main] INFO  o.a.k.c.t.i.KafkaMetricsCollector - initializing Kafka metrics collector 
2025-04-28 12:40:44-484 [main] INFO  o.a.kafka.common.utils.AppInfoParser - Kafka version: 3.8.1 
2025-04-28 12:40:44-490 [main] INFO  o.a.kafka.common.utils.AppInfoParser - Kafka commitId: 70d6ff42debf7e17 
2025-04-28 12:40:44-490 [main] INFO  o.a.kafka.common.utils.AppInfoParser - Kafka startTimeMs: 1745862044481 
2025-04-28 12:40:44-497 [main] INFO  o.a.k.c.c.i.LegacyKafkaConsumer - [Consumer clientId=consumer-bootuser-group-1, groupId=bootuser-group] Subscribed to topic(s): user-create-response 
2025-04-28 12:40:44-554 [main] INFO  o.s.c.n.eureka.InstanceInfoFactory - Setting initial instance status as: STARTING 
2025-04-28 12:40:44-626 [main] INFO  c.netflix.discovery.DiscoveryClient - Initializing Eureka in region us-east-1 
2025-04-28 12:40:44-638 [main] INFO  c.n.d.s.r.aws.ConfigClusterResolver - Resolving eureka endpoints via configuration 
2025-04-28 12:40:44-663 [main] INFO  c.netflix.discovery.DiscoveryClient - Disable delta property : false 
2025-04-28 12:40:44-664 [main] INFO  c.netflix.discovery.DiscoveryClient - Single vip registry refresh property : null 
2025-04-28 12:40:44-664 [main] INFO  c.netflix.discovery.DiscoveryClient - Force full registry fetch : false 
2025-04-28 12:40:44-664 [main] INFO  c.netflix.discovery.DiscoveryClient - Application is null : false 
2025-04-28 12:40:44-664 [main] INFO  c.netflix.discovery.DiscoveryClient - Registered Applications size is zero : true 
2025-04-28 12:40:44-665 [main] INFO  c.netflix.discovery.DiscoveryClient - Application version is -1: true 
2025-04-28 12:40:44-665 [main] INFO  c.netflix.discovery.DiscoveryClient - Getting all instance registry info from the eureka server 
2025-04-28 12:40:45-174 [repliesContainer-0-C-1] INFO  o.apache.kafka.clients.NetworkClient - [Consumer clientId=consumer-bootuser-group-1, groupId=bootuser-group] Node -1 disconnected. 
2025-04-28 12:40:45-176 [repliesContainer-0-C-1] WARN  o.apache.kafka.clients.NetworkClient - [Consumer clientId=consumer-bootuser-group-1, groupId=bootuser-group] Connection to node -1 (localhost/127.0.0.1:29092) could not be established. Node may not be available. 
2025-04-28 12:40:45-176 [repliesContainer-0-C-1] WARN  o.apache.kafka.clients.NetworkClient - [Consumer clientId=consumer-bootuser-group-1, groupId=bootuser-group] Bootstrap broker localhost:29092 (id: -1 rack: null) disconnected 
2025-04-28 12:40:45-249 [main] INFO  c.netflix.discovery.DiscoveryClient - The response status is 200 
2025-04-28 12:40:45-253 [main] INFO  c.netflix.discovery.DiscoveryClient - Starting heartbeat executor: renew interval is: 30 
2025-04-28 12:40:45-256 [main] INFO  c.n.discovery.InstanceInfoReplicator - InstanceInfoReplicator onDemand update allowed rate per min is 4 
2025-04-28 12:40:45-258 [main] INFO  c.netflix.discovery.DiscoveryClient - Discovery Client initialized at timestamp 1745862045258 with initial instances count: 6 
2025-04-28 12:40:45-263 [main] INFO  o.s.c.n.e.s.EurekaServiceRegistry - Registering application BOOTCOIN-USER-API with eureka with status UP 
2025-04-28 12:40:45-263 [main] INFO  c.netflix.discovery.DiscoveryClient - Saw local status change event StatusChangeEvent [timestamp=1745862045263, current=UP, previous=STARTING] 
2025-04-28 12:40:45-266 [DiscoveryClient-InstanceInfoReplicator-%d] INFO  c.netflix.discovery.DiscoveryClient - DiscoveryClient_BOOTCOIN-USER-API/bootcoin-user-api:8817: registering service... 
2025-04-28 12:40:45-267 [main] INFO  o.a.k.c.consumer.ConsumerConfig - ConsumerConfig values: 
	allow.auto.create.topics = true
	auto.commit.interval.ms = 5000
	auto.include.jmx.reporter = true
	auto.offset.reset = latest
	bootstrap.servers = [localhost:29092]
	check.crcs = true
	client.dns.lookup = use_all_dns_ips
	client.id = consumer-bootuser-group-2
	client.rack = 
	connections.max.idle.ms = 540000
	default.api.timeout.ms = 60000
	enable.auto.commit = false
	enable.metrics.push = true
	exclude.internal.topics = true
	fetch.max.bytes = 52428800
	fetch.max.wait.ms = 500
	fetch.min.bytes = 1
	group.id = bootuser-group
	group.instance.id = null
	group.protocol = classic
	group.remote.assignor = null
	heartbeat.interval.ms = 3000
	interceptor.classes = []
	internal.leave.group.on.close = true
	internal.throw.on.fetch.stable.offset.unsupported = false
	isolation.level = read_uncommitted
	key.deserializer = class org.apache.kafka.common.serialization.StringDeserializer
	max.partition.fetch.bytes = 1048576
	max.poll.interval.ms = 300000
	max.poll.records = 500
	metadata.max.age.ms = 300000
	metadata.recovery.strategy = none
	metric.reporters = []
	metrics.num.samples = 2
	metrics.recording.level = INFO
	metrics.sample.window.ms = 30000
	partition.assignment.strategy = [class org.apache.kafka.clients.consumer.RangeAssignor, class org.apache.kafka.clients.consumer.CooperativeStickyAssignor]
	receive.buffer.bytes = 65536
	reconnect.backoff.max.ms = 1000
	reconnect.backoff.ms = 50
	request.timeout.ms = 30000
	retry.backoff.max.ms = 1000
	retry.backoff.ms = 100
	sasl.client.callback.handler.class = null
	sasl.jaas.config = null
	sasl.kerberos.kinit.cmd = /usr/bin/kinit
	sasl.kerberos.min.time.before.relogin = 60000
	sasl.kerberos.service.name = null
	sasl.kerberos.ticket.renew.jitter = 0.05
	sasl.kerberos.ticket.renew.window.factor = 0.8
	sasl.login.callback.handler.class = null
	sasl.login.class = null
	sasl.login.connect.timeout.ms = null
	sasl.login.read.timeout.ms = null
	sasl.login.refresh.buffer.seconds = 300
	sasl.login.refresh.min.period.seconds = 60
	sasl.login.refresh.window.factor = 0.8
	sasl.login.refresh.window.jitter = 0.05
	sasl.login.retry.backoff.max.ms = 10000
	sasl.login.retry.backoff.ms = 100
	sasl.mechanism = GSSAPI
	sasl.oauthbearer.clock.skew.seconds = 30
	sasl.oauthbearer.expected.audience = null
	sasl.oauthbearer.expected.issuer = null
	sasl.oauthbearer.jwks.endpoint.refresh.ms = 3600000
	sasl.oauthbearer.jwks.endpoint.retry.backoff.max.ms = 10000
	sasl.oauthbearer.jwks.endpoint.retry.backoff.ms = 100
	sasl.oauthbearer.jwks.endpoint.url = null
	sasl.oauthbearer.scope.claim.name = scope
	sasl.oauthbearer.sub.claim.name = sub
	sasl.oauthbearer.token.endpoint.url = null
	security.protocol = PLAINTEXT
	security.providers = null
	send.buffer.bytes = 131072
	session.timeout.ms = 45000
	socket.connection.setup.timeout.max.ms = 30000
	socket.connection.setup.timeout.ms = 10000
	ssl.cipher.suites = null
	ssl.enabled.protocols = [TLSv1.2, TLSv1.3]
	ssl.endpoint.identification.algorithm = https
	ssl.engine.factory.class = null
	ssl.key.password = null
	ssl.keymanager.algorithm = SunX509
	ssl.keystore.certificate.chain = null
	ssl.keystore.key = null
	ssl.keystore.location = null
	ssl.keystore.password = null
	ssl.keystore.type = JKS
	ssl.protocol = TLSv1.3
	ssl.provider = null
	ssl.secure.random.implementation = null
	ssl.trustmanager.algorithm = PKIX
	ssl.truststore.certificates = null
	ssl.truststore.location = null
	ssl.truststore.password = null
	ssl.truststore.type = JKS
	value.deserializer = class org.apache.kafka.common.serialization.StringDeserializer
 
2025-04-28 12:40:45-268 [main] INFO  o.a.k.c.t.i.KafkaMetricsCollector - initializing Kafka metrics collector 
2025-04-28 12:40:45-280 [repliesContainer-0-C-1] INFO  o.apache.kafka.clients.NetworkClient - [Consumer clientId=consumer-bootuser-group-1, groupId=bootuser-group] Node -1 disconnected. 
2025-04-28 12:40:45-281 [repliesContainer-0-C-1] WARN  o.apache.kafka.clients.NetworkClient - [Consumer clientId=consumer-bootuser-group-1, groupId=bootuser-group] Connection to node -1 (localhost/127.0.0.1:29092) could not be established. Node may not be available. 
2025-04-28 12:40:45-281 [repliesContainer-0-C-1] WARN  o.apache.kafka.clients.NetworkClient - [Consumer clientId=consumer-bootuser-group-1, groupId=bootuser-group] Bootstrap broker localhost:29092 (id: -1 rack: null) disconnected 
2025-04-28 12:40:45-282 [main] INFO  o.a.kafka.common.utils.AppInfoParser - Kafka version: 3.8.1 
2025-04-28 12:40:45-283 [main] INFO  o.a.kafka.common.utils.AppInfoParser - Kafka commitId: 70d6ff42debf7e17 
2025-04-28 12:40:45-283 [main] INFO  o.a.kafka.common.utils.AppInfoParser - Kafka startTimeMs: 1745862045282 
2025-04-28 12:40:45-285 [main] INFO  o.a.k.c.c.i.LegacyKafkaConsumer - [Consumer clientId=consumer-bootuser-group-2, groupId=bootuser-group] Subscribed to topic(s): user-create-request 
2025-04-28 12:40:45-290 [main] INFO  o.a.k.c.consumer.ConsumerConfig - ConsumerConfig values: 
	allow.auto.create.topics = true
	auto.commit.interval.ms = 5000
	auto.include.jmx.reporter = true
	auto.offset.reset = latest
	bootstrap.servers = [localhost:29092]
	check.crcs = true
	client.dns.lookup = use_all_dns_ips
	client.id = consumer-bootuser-group-3
	client.rack = 
	connections.max.idle.ms = 540000
	default.api.timeout.ms = 60000
	enable.auto.commit = false
	enable.metrics.push = true
	exclude.internal.topics = true
	fetch.max.bytes = 52428800
	fetch.max.wait.ms = 500
	fetch.min.bytes = 1
	group.id = bootuser-group
	group.instance.id = null
	group.protocol = classic
	group.remote.assignor = null
	heartbeat.interval.ms = 3000
	interceptor.classes = []
	internal.leave.group.on.close = true
	internal.throw.on.fetch.stable.offset.unsupported = false
	isolation.level = read_uncommitted
	key.deserializer = class org.apache.kafka.common.serialization.StringDeserializer
	max.partition.fetch.bytes = 1048576
	max.poll.interval.ms = 300000
	max.poll.records = 500
	metadata.max.age.ms = 300000
	metadata.recovery.strategy = none
	metric.reporters = []
	metrics.num.samples = 2
	metrics.recording.level = INFO
	metrics.sample.window.ms = 30000
	partition.assignment.strategy = [class org.apache.kafka.clients.consumer.RangeAssignor, class org.apache.kafka.clients.consumer.CooperativeStickyAssignor]
	receive.buffer.bytes = 65536
	reconnect.backoff.max.ms = 1000
	reconnect.backoff.ms = 50
	request.timeout.ms = 30000
	retry.backoff.max.ms = 1000
	retry.backoff.ms = 100
	sasl.client.callback.handler.class = null
	sasl.jaas.config = null
	sasl.kerberos.kinit.cmd = /usr/bin/kinit
	sasl.kerberos.min.time.before.relogin = 60000
	sasl.kerberos.service.name = null
	sasl.kerberos.ticket.renew.jitter = 0.05
	sasl.kerberos.ticket.renew.window.factor = 0.8
	sasl.login.callback.handler.class = null
	sasl.login.class = null
	sasl.login.connect.timeout.ms = null
	sasl.login.read.timeout.ms = null
	sasl.login.refresh.buffer.seconds = 300
	sasl.login.refresh.min.period.seconds = 60
	sasl.login.refresh.window.factor = 0.8
	sasl.login.refresh.window.jitter = 0.05
	sasl.login.retry.backoff.max.ms = 10000
	sasl.login.retry.backoff.ms = 100
	sasl.mechanism = GSSAPI
	sasl.oauthbearer.clock.skew.seconds = 30
	sasl.oauthbearer.expected.audience = null
	sasl.oauthbearer.expected.issuer = null
	sasl.oauthbearer.jwks.endpoint.refresh.ms = 3600000
	sasl.oauthbearer.jwks.endpoint.retry.backoff.max.ms = 10000
	sasl.oauthbearer.jwks.endpoint.retry.backoff.ms = 100
	sasl.oauthbearer.jwks.endpoint.url = null
	sasl.oauthbearer.scope.claim.name = scope
	sasl.oauthbearer.sub.claim.name = sub
	sasl.oauthbearer.token.endpoint.url = null
	security.protocol = PLAINTEXT
	security.providers = null
	send.buffer.bytes = 131072
	session.timeout.ms = 45000
	socket.connection.setup.timeout.max.ms = 30000
	socket.connection.setup.timeout.ms = 10000
	ssl.cipher.suites = null
	ssl.enabled.protocols = [TLSv1.2, TLSv1.3]
	ssl.endpoint.identification.algorithm = https
	ssl.engine.factory.class = null
	ssl.key.password = null
	ssl.keymanager.algorithm = SunX509
	ssl.keystore.certificate.chain = null
	ssl.keystore.key = null
	ssl.keystore.location = null
	ssl.keystore.password = null
	ssl.keystore.type = JKS
	ssl.protocol = TLSv1.3
	ssl.provider = null
	ssl.secure.random.implementation = null
	ssl.trustmanager.algorithm = PKIX
	ssl.truststore.certificates = null
	ssl.truststore.location = null
	ssl.truststore.password = null
	ssl.truststore.type = JKS
	value.deserializer = class org.apache.kafka.common.serialization.StringDeserializer
 
2025-04-28 12:40:45-292 [main] INFO  o.a.k.c.t.i.KafkaMetricsCollector - initializing Kafka metrics collector 
2025-04-28 12:40:45-293 [org.springframework.kafka.KafkaListenerEndpointContainer#0-0-C-1] INFO  o.apache.kafka.clients.NetworkClient - [Consumer clientId=consumer-bootuser-group-2, groupId=bootuser-group] Node -1 disconnected. 
2025-04-28 12:40:45-293 [org.springframework.kafka.KafkaListenerEndpointContainer#0-0-C-1] WARN  o.apache.kafka.clients.NetworkClient - [Consumer clientId=consumer-bootuser-group-2, groupId=bootuser-group] Connection to node -1 (localhost/127.0.0.1:29092) could not be established. Node may not be available. 
2025-04-28 12:40:45-294 [org.springframework.kafka.KafkaListenerEndpointContainer#0-0-C-1] WARN  o.apache.kafka.clients.NetworkClient - [Consumer clientId=consumer-bootuser-group-2, groupId=bootuser-group] Bootstrap broker localhost:29092 (id: -1 rack: null) disconnected 
2025-04-28 12:40:45-304 [main] INFO  o.a.kafka.common.utils.AppInfoParser - Kafka version: 3.8.1 
2025-04-28 12:40:45-305 [main] INFO  o.a.kafka.common.utils.AppInfoParser - Kafka commitId: 70d6ff42debf7e17 
2025-04-28 12:40:45-305 [main] INFO  o.a.kafka.common.utils.AppInfoParser - Kafka startTimeMs: 1745862045304 
2025-04-28 12:40:45-306 [main] INFO  o.a.k.c.c.i.LegacyKafkaConsumer - [Consumer clientId=consumer-bootuser-group-3, groupId=bootuser-group] Subscribed to topic(s): bootuser-request 
2025-04-28 12:40:45-320 [org.springframework.kafka.KafkaListenerEndpointContainer#1-0-C-1] INFO  o.apache.kafka.clients.NetworkClient - [Consumer clientId=consumer-bootuser-group-3, groupId=bootuser-group] Node -1 disconnected. 
2025-04-28 12:40:45-321 [org.springframework.kafka.KafkaListenerEndpointContainer#1-0-C-1] WARN  o.apache.kafka.clients.NetworkClient - [Consumer clientId=consumer-bootuser-group-3, groupId=bootuser-group] Connection to node -1 (localhost/127.0.0.1:29092) could not be established. Node may not be available. 
2025-04-28 12:40:45-321 [org.springframework.kafka.KafkaListenerEndpointContainer#1-0-C-1] WARN  o.apache.kafka.clients.NetworkClient - [Consumer clientId=consumer-bootuser-group-3, groupId=bootuser-group] Bootstrap broker localhost:29092 (id: -1 rack: null) disconnected 
2025-04-28 12:40:45-349 [main] INFO  c.b.u.a.BootcoinUserApiApplicationTests - Started BootcoinUserApiApplicationTests in 17.977 seconds (process running for 21.204) 
2025-04-28 12:40:45-381 [DiscoveryClient-InstanceInfoReplicator-%d] INFO  c.netflix.discovery.DiscoveryClient - DiscoveryClient_BOOTCOIN-USER-API/bootcoin-user-api:8817 - registration status: 204 
2025-04-28 12:40:45-394 [repliesContainer-0-C-1] INFO  o.apache.kafka.clients.NetworkClient - [Consumer clientId=consumer-bootuser-group-1, groupId=bootuser-group] Node -1 disconnected. 
2025-04-28 12:40:45-395 [repliesContainer-0-C-1] WARN  o.apache.kafka.clients.NetworkClient - [Consumer clientId=consumer-bootuser-group-1, groupId=bootuser-group] Connection to node -1 (localhost/127.0.0.1:29092) could not be established. Node may not be available. 
2025-04-28 12:40:45-395 [repliesContainer-0-C-1] WARN  o.apache.kafka.clients.NetworkClient - [Consumer clientId=consumer-bootuser-group-1, groupId=bootuser-group] Bootstrap broker localhost:29092 (id: -1 rack: null) disconnected 
2025-04-28 12:40:45-400 [org.springframework.kafka.KafkaListenerEndpointContainer#0-0-C-1] INFO  o.apache.kafka.clients.NetworkClient - [Consumer clientId=consumer-bootuser-group-2, groupId=bootuser-group] Node -1 disconnected. 
2025-04-28 12:40:45-401 [org.springframework.kafka.KafkaListenerEndpointContainer#0-0-C-1] WARN  o.apache.kafka.clients.NetworkClient - [Consumer clientId=consumer-bootuser-group-2, groupId=bootuser-group] Connection to node -1 (localhost/127.0.0.1:29092) could not be established. Node may not be available. 
2025-04-28 12:40:45-401 [org.springframework.kafka.KafkaListenerEndpointContainer#0-0-C-1] WARN  o.apache.kafka.clients.NetworkClient - [Consumer clientId=consumer-bootuser-group-2, groupId=bootuser-group] Bootstrap broker localhost:29092 (id: -1 rack: null) disconnected 
2025-04-28 12:40:45-424 [org.springframework.kafka.KafkaListenerEndpointContainer#1-0-C-1] INFO  o.apache.kafka.clients.NetworkClient - [Consumer clientId=consumer-bootuser-group-3, groupId=bootuser-group] Node -1 disconnected. 
2025-04-28 12:40:45-424 [org.springframework.kafka.KafkaListenerEndpointContainer#1-0-C-1] WARN  o.apache.kafka.clients.NetworkClient - [Consumer clientId=consumer-bootuser-group-3, groupId=bootuser-group] Connection to node -1 (localhost/127.0.0.1:29092) could not be established. Node may not be available. 
2025-04-28 12:40:45-424 [org.springframework.kafka.KafkaListenerEndpointContainer#1-0-C-1] WARN  o.apache.kafka.clients.NetworkClient - [Consumer clientId=consumer-bootuser-group-3, groupId=bootuser-group] Bootstrap broker localhost:29092 (id: -1 rack: null) disconnected 
2025-04-28 12:40:45-543 [org.springframework.kafka.KafkaListenerEndpointContainer#1-0-C-1] INFO  o.apache.kafka.clients.NetworkClient - [Consumer clientId=consumer-bootuser-group-3, groupId=bootuser-group] Node -1 disconnected. 
2025-04-28 12:40:45-544 [org.springframework.kafka.KafkaListenerEndpointContainer#1-0-C-1] WARN  o.apache.kafka.clients.NetworkClient - [Consumer clientId=consumer-bootuser-group-3, groupId=bootuser-group] Connection to node -1 (localhost/127.0.0.1:29092) could not be established. Node may not be available. 
2025-04-28 12:40:45-544 [org.springframework.kafka.KafkaListenerEndpointContainer#1-0-C-1] WARN  o.apache.kafka.clients.NetworkClient - [Consumer clientId=consumer-bootuser-group-3, groupId=bootuser-group] Bootstrap broker localhost:29092 (id: -1 rack: null) disconnected 
2025-04-28 12:40:45-574 [org.springframework.kafka.KafkaListenerEndpointContainer#0-0-C-1] INFO  o.apache.kafka.clients.NetworkClient - [Consumer clientId=consumer-bootuser-group-2, groupId=bootuser-group] Node -1 disconnected. 
2025-04-28 12:40:45-575 [org.springframework.kafka.KafkaListenerEndpointContainer#0-0-C-1] WARN  o.apache.kafka.clients.NetworkClient - [Consumer clientId=consumer-bootuser-group-2, groupId=bootuser-group] Connection to node -1 (localhost/127.0.0.1:29092) could not be established. Node may not be available. 
2025-04-28 12:40:45-575 [org.springframework.kafka.KafkaListenerEndpointContainer#0-0-C-1] WARN  o.apache.kafka.clients.NetworkClient - [Consumer clientId=consumer-bootuser-group-2, groupId=bootuser-group] Bootstrap broker localhost:29092 (id: -1 rack: null) disconnected 
2025-04-28 12:40:45-635 [repliesContainer-0-C-1] INFO  o.apache.kafka.clients.NetworkClient - [Consumer clientId=consumer-bootuser-group-1, groupId=bootuser-group] Node -1 disconnected. 
2025-04-28 12:40:45-636 [repliesContainer-0-C-1] WARN  o.apache.kafka.clients.NetworkClient - [Consumer clientId=consumer-bootuser-group-1, groupId=bootuser-group] Connection to node -1 (localhost/127.0.0.1:29092) could not be established. Node may not be available. 
2025-04-28 12:40:45-636 [repliesContainer-0-C-1] WARN  o.apache.kafka.clients.NetworkClient - [Consumer clientId=consumer-bootuser-group-1, groupId=bootuser-group] Bootstrap broker localhost:29092 (id: -1 rack: null) disconnected 
2025-04-28 12:40:45-775 [org.springframework.kafka.KafkaListenerEndpointContainer#1-0-C-1] INFO  o.apache.kafka.clients.NetworkClient - [Consumer clientId=consumer-bootuser-group-3, groupId=bootuser-group] Node -1 disconnected. 
2025-04-28 12:40:45-776 [org.springframework.kafka.KafkaListenerEndpointContainer#1-0-C-1] WARN  o.apache.kafka.clients.NetworkClient - [Consumer clientId=consumer-bootuser-group-3, groupId=bootuser-group] Connection to node -1 (localhost/127.0.0.1:29092) could not be established. Node may not be available. 
2025-04-28 12:40:45-776 [org.springframework.kafka.KafkaListenerEndpointContainer#1-0-C-1] WARN  o.apache.kafka.clients.NetworkClient - [Consumer clientId=consumer-bootuser-group-3, groupId=bootuser-group] Bootstrap broker localhost:29092 (id: -1 rack: null) disconnected 
2025-04-28 12:40:45-824 [org.springframework.kafka.KafkaListenerEndpointContainer#0-0-C-1] INFO  o.apache.kafka.clients.NetworkClient - [Consumer clientId=consumer-bootuser-group-2, groupId=bootuser-group] Node -1 disconnected. 
2025-04-28 12:40:45-824 [org.springframework.kafka.KafkaListenerEndpointContainer#0-0-C-1] WARN  o.apache.kafka.clients.NetworkClient - [Consumer clientId=consumer-bootuser-group-2, groupId=bootuser-group] Connection to node -1 (localhost/127.0.0.1:29092) could not be established. Node may not be available. 
2025-04-28 12:40:45-825 [org.springframework.kafka.KafkaListenerEndpointContainer#0-0-C-1] WARN  o.apache.kafka.clients.NetworkClient - [Consumer clientId=consumer-bootuser-group-2, groupId=bootuser-group] Bootstrap broker localhost:29092 (id: -1 rack: null) disconnected 
2025-04-28 12:40:46-041 [repliesContainer-0-C-1] INFO  o.apache.kafka.clients.NetworkClient - [Consumer clientId=consumer-bootuser-group-1, groupId=bootuser-group] Node -1 disconnected. 
2025-04-28 12:40:46-041 [repliesContainer-0-C-1] WARN  o.apache.kafka.clients.NetworkClient - [Consumer clientId=consumer-bootuser-group-1, groupId=bootuser-group] Connection to node -1 (localhost/127.0.0.1:29092) could not be established. Node may not be available. 
2025-04-28 12:40:46-041 [repliesContainer-0-C-1] WARN  o.apache.kafka.clients.NetworkClient - [Consumer clientId=consumer-bootuser-group-1, groupId=bootuser-group] Bootstrap broker localhost:29092 (id: -1 rack: null) disconnected 
2025-04-28 12:40:46-197 [org.springframework.kafka.KafkaListenerEndpointContainer#0-0-C-1] INFO  o.apache.kafka.clients.NetworkClient - [Consumer clientId=consumer-bootuser-group-2, groupId=bootuser-group] Node -1 disconnected. 
2025-04-28 12:40:46-198 [org.springframework.kafka.KafkaListenerEndpointContainer#0-0-C-1] WARN  o.apache.kafka.clients.NetworkClient - [Consumer clientId=consumer-bootuser-group-2, groupId=bootuser-group] Connection to node -1 (localhost/127.0.0.1:29092) could not be established. Node may not be available. 
2025-04-28 12:40:46-198 [org.springframework.kafka.KafkaListenerEndpointContainer#0-0-C-1] WARN  o.apache.kafka.clients.NetworkClient - [Consumer clientId=consumer-bootuser-group-2, groupId=bootuser-group] Bootstrap broker localhost:29092 (id: -1 rack: null) disconnected 
2025-04-28 12:40:46-228 [org.springframework.kafka.KafkaListenerEndpointContainer#1-0-C-1] INFO  o.apache.kafka.clients.NetworkClient - [Consumer clientId=consumer-bootuser-group-3, groupId=bootuser-group] Node -1 disconnected. 
2025-04-28 12:40:46-228 [org.springframework.kafka.KafkaListenerEndpointContainer#1-0-C-1] WARN  o.apache.kafka.clients.NetworkClient - [Consumer clientId=consumer-bootuser-group-3, groupId=bootuser-group] Connection to node -1 (localhost/127.0.0.1:29092) could not be established. Node may not be available. 
2025-04-28 12:40:46-228 [org.springframework.kafka.KafkaListenerEndpointContainer#1-0-C-1] WARN  o.apache.kafka.clients.NetworkClient - [Consumer clientId=consumer-bootuser-group-3, groupId=bootuser-group] Bootstrap broker localhost:29092 (id: -1 rack: null) disconnected 
2025-04-28 12:40:46-730 [SpringApplicationShutdownHook] INFO  o.s.c.n.e.s.EurekaServiceRegistry - Unregistering application BOOTCOIN-USER-API with eureka with status DOWN 
2025-04-28 12:40:46-730 [SpringApplicationShutdownHook] INFO  c.netflix.discovery.DiscoveryClient - Saw local status change event StatusChangeEvent [timestamp=1745862046730, current=DOWN, previous=UP] 
2025-04-28 12:40:46-731 [DiscoveryClient-InstanceInfoReplicator-%d] INFO  c.netflix.discovery.DiscoveryClient - DiscoveryClient_BOOTCOIN-USER-API/bootcoin-user-api:8817: registering service... 
2025-04-28 12:40:46-737 [DiscoveryClient-InstanceInfoReplicator-%d] INFO  c.netflix.discovery.DiscoveryClient - DiscoveryClient_BOOTCOIN-USER-API/bootcoin-user-api:8817 - registration status: 204 
2025-04-28 12:40:47-007 [org.springframework.kafka.KafkaListenerEndpointContainer#0-0-C-1] INFO  o.apache.kafka.clients.NetworkClient - [Consumer clientId=consumer-bootuser-group-2, groupId=bootuser-group] Node -1 disconnected. 
2025-04-28 12:40:47-007 [org.springframework.kafka.KafkaListenerEndpointContainer#0-0-C-1] WARN  o.apache.kafka.clients.NetworkClient - [Consumer clientId=consumer-bootuser-group-2, groupId=bootuser-group] Connection to node -1 (localhost/127.0.0.1:29092) could not be established. Node may not be available. 
2025-04-28 12:40:47-007 [org.springframework.kafka.KafkaListenerEndpointContainer#0-0-C-1] WARN  o.apache.kafka.clients.NetworkClient - [Consumer clientId=consumer-bootuser-group-2, groupId=bootuser-group] Bootstrap broker localhost:29092 (id: -1 rack: null) disconnected 
2025-04-28 12:40:47-039 [org.springframework.kafka.KafkaListenerEndpointContainer#1-0-C-1] INFO  o.apache.kafka.clients.NetworkClient - [Consumer clientId=consumer-bootuser-group-3, groupId=bootuser-group] Node -1 disconnected. 
2025-04-28 12:40:47-039 [org.springframework.kafka.KafkaListenerEndpointContainer#1-0-C-1] WARN  o.apache.kafka.clients.NetworkClient - [Consumer clientId=consumer-bootuser-group-3, groupId=bootuser-group] Connection to node -1 (localhost/127.0.0.1:29092) could not be established. Node may not be available. 
2025-04-28 12:40:47-040 [repliesContainer-0-C-1] INFO  o.apache.kafka.clients.NetworkClient - [Consumer clientId=consumer-bootuser-group-1, groupId=bootuser-group] Node -1 disconnected. 
2025-04-28 12:40:47-040 [org.springframework.kafka.KafkaListenerEndpointContainer#1-0-C-1] WARN  o.apache.kafka.clients.NetworkClient - [Consumer clientId=consumer-bootuser-group-3, groupId=bootuser-group] Bootstrap broker localhost:29092 (id: -1 rack: null) disconnected 
2025-04-28 12:40:47-040 [repliesContainer-0-C-1] WARN  o.apache.kafka.clients.NetworkClient - [Consumer clientId=consumer-bootuser-group-1, groupId=bootuser-group] Connection to node -1 (localhost/127.0.0.1:29092) could not be established. Node may not be available. 
2025-04-28 12:40:47-040 [repliesContainer-0-C-1] WARN  o.apache.kafka.clients.NetworkClient - [Consumer clientId=consumer-bootuser-group-1, groupId=bootuser-group] Bootstrap broker localhost:29092 (id: -1 rack: null) disconnected 
2025-04-28 12:40:47-311 [repliesContainer-0-C-1] INFO  o.a.k.c.c.i.ConsumerCoordinator - [Consumer clientId=consumer-bootuser-group-1, groupId=bootuser-group] Resetting generation and member id due to: consumer pro-actively leaving the group 
2025-04-28 12:40:47-311 [repliesContainer-0-C-1] INFO  o.a.k.c.c.i.ConsumerCoordinator - [Consumer clientId=consumer-bootuser-group-1, groupId=bootuser-group] Request joining group due to: consumer pro-actively leaving the group 
2025-04-28 12:40:47-311 [repliesContainer-0-C-1] INFO  o.a.k.c.c.i.LegacyKafkaConsumer - [Consumer clientId=consumer-bootuser-group-1, groupId=bootuser-group] Unsubscribed all topics or patterns and assigned partitions 
2025-04-28 12:40:47-314 [repliesContainer-0-C-1] INFO  o.a.k.c.c.i.ConsumerCoordinator - [Consumer clientId=consumer-bootuser-group-1, groupId=bootuser-group] Resetting generation and member id due to: consumer pro-actively leaving the group 
2025-04-28 12:40:47-315 [repliesContainer-0-C-1] INFO  o.a.k.c.c.i.ConsumerCoordinator - [Consumer clientId=consumer-bootuser-group-1, groupId=bootuser-group] Request joining group due to: consumer pro-actively leaving the group 
2025-04-28 12:40:47-321 [repliesContainer-0-C-1] INFO  o.a.kafka.common.metrics.Metrics - Metrics scheduler closed 
2025-04-28 12:40:47-322 [repliesContainer-0-C-1] INFO  o.a.kafka.common.metrics.Metrics - Closing reporter org.apache.kafka.common.metrics.JmxReporter 
2025-04-28 12:40:47-322 [repliesContainer-0-C-1] INFO  o.a.kafka.common.metrics.Metrics - Closing reporter org.apache.kafka.common.telemetry.internals.ClientTelemetryReporter 
2025-04-28 12:40:47-322 [repliesContainer-0-C-1] INFO  o.a.kafka.common.metrics.Metrics - Metrics reporters closed 
2025-04-28 12:40:47-327 [repliesContainer-0-C-1] INFO  o.a.kafka.common.utils.AppInfoParser - App info kafka.consumer for consumer-bootuser-group-1 unregistered 
2025-04-28 12:40:47-327 [repliesContainer-0-C-1] INFO  o.s.k.l.KafkaMessageListenerContainer - bootuser-group: Consumer stopped 
2025-04-28 12:40:47-332 [org.springframework.kafka.KafkaListenerEndpointContainer#0-0-C-1] INFO  o.a.k.c.c.i.ConsumerCoordinator - [Consumer clientId=consumer-bootuser-group-2, groupId=bootuser-group] Resetting generation and member id due to: consumer pro-actively leaving the group 
2025-04-28 12:40:47-332 [org.springframework.kafka.KafkaListenerEndpointContainer#1-0-C-1] INFO  o.a.k.c.c.i.ConsumerCoordinator - [Consumer clientId=consumer-bootuser-group-3, groupId=bootuser-group] Resetting generation and member id due to: consumer pro-actively leaving the group 
2025-04-28 12:40:47-333 [org.springframework.kafka.KafkaListenerEndpointContainer#0-0-C-1] INFO  o.a.k.c.c.i.ConsumerCoordinator - [Consumer clientId=consumer-bootuser-group-2, groupId=bootuser-group] Request joining group due to: consumer pro-actively leaving the group 
2025-04-28 12:40:47-333 [org.springframework.kafka.KafkaListenerEndpointContainer#1-0-C-1] INFO  o.a.k.c.c.i.ConsumerCoordinator - [Consumer clientId=consumer-bootuser-group-3, groupId=bootuser-group] Request joining group due to: consumer pro-actively leaving the group 
2025-04-28 12:40:47-333 [org.springframework.kafka.KafkaListenerEndpointContainer#0-0-C-1] INFO  o.a.k.c.c.i.LegacyKafkaConsumer - [Consumer clientId=consumer-bootuser-group-2, groupId=bootuser-group] Unsubscribed all topics or patterns and assigned partitions 
2025-04-28 12:40:47-333 [org.springframework.kafka.KafkaListenerEndpointContainer#1-0-C-1] INFO  o.a.k.c.c.i.LegacyKafkaConsumer - [Consumer clientId=consumer-bootuser-group-3, groupId=bootuser-group] Unsubscribed all topics or patterns and assigned partitions 
2025-04-28 12:40:47-333 [org.springframework.kafka.KafkaListenerEndpointContainer#1-0-C-1] INFO  o.a.k.c.c.i.ConsumerCoordinator - [Consumer clientId=consumer-bootuser-group-3, groupId=bootuser-group] Resetting generation and member id due to: consumer pro-actively leaving the group 
2025-04-28 12:40:47-333 [org.springframework.kafka.KafkaListenerEndpointContainer#0-0-C-1] INFO  o.a.k.c.c.i.ConsumerCoordinator - [Consumer clientId=consumer-bootuser-group-2, groupId=bootuser-group] Resetting generation and member id due to: consumer pro-actively leaving the group 
2025-04-28 12:40:47-333 [org.springframework.kafka.KafkaListenerEndpointContainer#1-0-C-1] INFO  o.a.k.c.c.i.ConsumerCoordinator - [Consumer clientId=consumer-bootuser-group-3, groupId=bootuser-group] Request joining group due to: consumer pro-actively leaving the group 
2025-04-28 12:40:47-333 [org.springframework.kafka.KafkaListenerEndpointContainer#0-0-C-1] INFO  o.a.k.c.c.i.ConsumerCoordinator - [Consumer clientId=consumer-bootuser-group-2, groupId=bootuser-group] Request joining group due to: consumer pro-actively leaving the group 
2025-04-28 12:40:47-334 [org.springframework.kafka.KafkaListenerEndpointContainer#1-0-C-1] INFO  o.a.kafka.common.metrics.Metrics - Metrics scheduler closed 
2025-04-28 12:40:47-334 [org.springframework.kafka.KafkaListenerEndpointContainer#0-0-C-1] INFO  o.a.kafka.common.metrics.Metrics - Metrics scheduler closed 
2025-04-28 12:40:47-335 [org.springframework.kafka.KafkaListenerEndpointContainer#1-0-C-1] INFO  o.a.kafka.common.metrics.Metrics - Closing reporter org.apache.kafka.common.metrics.JmxReporter 
2025-04-28 12:40:47-335 [org.springframework.kafka.KafkaListenerEndpointContainer#0-0-C-1] INFO  o.a.kafka.common.metrics.Metrics - Closing reporter org.apache.kafka.common.metrics.JmxReporter 
2025-04-28 12:40:47-335 [org.springframework.kafka.KafkaListenerEndpointContainer#1-0-C-1] INFO  o.a.kafka.common.metrics.Metrics - Closing reporter org.apache.kafka.common.telemetry.internals.ClientTelemetryReporter 
2025-04-28 12:40:47-335 [org.springframework.kafka.KafkaListenerEndpointContainer#1-0-C-1] INFO  o.a.kafka.common.metrics.Metrics - Metrics reporters closed 
2025-04-28 12:40:47-335 [org.springframework.kafka.KafkaListenerEndpointContainer#0-0-C-1] INFO  o.a.kafka.common.metrics.Metrics - Closing reporter org.apache.kafka.common.telemetry.internals.ClientTelemetryReporter 
2025-04-28 12:40:47-335 [org.springframework.kafka.KafkaListenerEndpointContainer#0-0-C-1] INFO  o.a.kafka.common.metrics.Metrics - Metrics reporters closed 
2025-04-28 12:40:47-341 [org.springframework.kafka.KafkaListenerEndpointContainer#1-0-C-1] INFO  o.a.kafka.common.utils.AppInfoParser - App info kafka.consumer for consumer-bootuser-group-3 unregistered 
2025-04-28 12:40:47-342 [org.springframework.kafka.KafkaListenerEndpointContainer#1-0-C-1] INFO  o.s.k.l.KafkaMessageListenerContainer - bootuser-group: Consumer stopped 
2025-04-28 12:40:47-342 [org.springframework.kafka.KafkaListenerEndpointContainer#0-0-C-1] INFO  o.a.kafka.common.utils.AppInfoParser - App info kafka.consumer for consumer-bootuser-group-2 unregistered 
2025-04-28 12:40:47-342 [org.springframework.kafka.KafkaListenerEndpointContainer#0-0-C-1] INFO  o.s.k.l.KafkaMessageListenerContainer - bootuser-group: Consumer stopped 
2025-04-28 12:40:49-470 [SpringApplicationShutdownHook] INFO  c.netflix.discovery.DiscoveryClient - Shutting down DiscoveryClient ... 
2025-04-28 12:40:52-485 [SpringApplicationShutdownHook] INFO  c.netflix.discovery.DiscoveryClient - Unregistering ... 
2025-04-28 12:40:52-505 [SpringApplicationShutdownHook] INFO  c.netflix.discovery.DiscoveryClient - DiscoveryClient_BOOTCOIN-USER-API/bootcoin-user-api:8817 - deregister  status: 200 
2025-04-28 12:40:52-506 [SpringApplicationShutdownHook] INFO  c.netflix.discovery.DiscoveryClient - Completed shut down of DiscoveryClient 
